 
****************************************
Report : reference
Design : BriskKvAttentionTop
Version: O-2018.06-SP1
Date   : Tue Aug 11 12:18:51 2026
****************************************

Attributes:
    b - black box (unknown)
   bo - allows boundary optimization
    d - dont_touch
   mo - map_only
    h - hierarchical
    n - noncombinational
    r - removable
    s - synthetic operator
    u - contains unmapped logic

Reference          Library       Unit Area   Count    Total Area   Attributes
-----------------------------------------------------------------------------
AN2D0BWP12T30P140LVT
                   tcbn28hpcplusbwp12t30p140lvtssg0p81v125c
                                  0.672000     206    138.431998  
AN2D1BWP12T30P140LVT
                   tcbn28hpcplusbwp12t30p140lvtssg0p81v125c
                                  0.672000      75     50.399999  
AN2D2BWP12T30P140LVT
                   tcbn28hpcplusbwp12t30p140lvtssg0p81v125c
                                  0.840000      10      8.400000  
AN2D4BWP12T30P140LVT
                   tcbn28hpcplusbwp12t30p140lvtssg0p81v125c
                                  1.512000       7     10.584000  
AN2D8BWP12T30P140LVT
                   tcbn28hpcplusbwp12t30p140lvtssg0p81v125c
                                  2.520000       1      2.520000  
AN3D0BWP12T30P140LVT
                   tcbn28hpcplusbwp12t30p140lvtssg0p81v125c
                                  0.840000       7      5.880000  
AN3D1BWP12T30P140LVT
                   tcbn28hpcplusbwp12t30p140lvtssg0p81v125c
                                  0.840000       4      3.360000  
AN3D2BWP12T30P140LVT
                   tcbn28hpcplusbwp12t30p140lvtssg0p81v125c
                                  1.008000       1      1.008000  
AN4D0BWP12T30P140LVT
                   tcbn28hpcplusbwp12t30p140lvtssg0p81v125c
                                  1.008000       1      1.008000  
AO21D0BWP12T30P140LVT
                   tcbn28hpcplusbwp12t30p140lvtssg0p81v125c
                                  0.840000      14     11.760000  
AO21D1BWP12T30P140LVT
                   tcbn28hpcplusbwp12t30p140lvtssg0p81v125c
                                  0.840000      10      8.400000  
AO22D0BWP12T30P140LVT
                   tcbn28hpcplusbwp12t30p140lvtssg0p81v125c
                                  1.008000     106    106.848002  
AO22D1BWP12T30P140LVT
                   tcbn28hpcplusbwp12t30p140lvtssg0p81v125c
                                  1.176000       1      1.176000  
AO22D2BWP12T30P140LVT
                   tcbn28hpcplusbwp12t30p140lvtssg0p81v125c
                                  1.344000       1      1.344000  
AO32D0BWP12T30P140LVT
                   tcbn28hpcplusbwp12t30p140lvtssg0p81v125c
                                  1.344000       1      1.344000  
AO211D1BWP12T30P140LVT
                   tcbn28hpcplusbwp12t30p140lvtssg0p81v125c
                                  1.008000       1      1.008000  
AOI21D1BWP12T30P140LVT
                   tcbn28hpcplusbwp12t30p140lvtssg0p81v125c
                                  0.672000     518    348.095995  
AOI21D2BWP12T30P140LVT
                   tcbn28hpcplusbwp12t30p140lvtssg0p81v125c
                                  1.176000      11     12.936000  
AOI21OPTPBD1BWP12T30P140LVT
                   tcbn28hpcplusbwp12t30p140lvtssg0p81v125c
                                  1.008000      71     71.568001  
AOI21OPTPBD2BWP12T30P140LVT
                   tcbn28hpcplusbwp12t30p140lvtssg0p81v125c
                                  1.848000      32     59.136002  
AOI21OPTPBD4BWP12T30P140LVT
                   tcbn28hpcplusbwp12t30p140lvtssg0p81v125c
                                  3.528000       3     10.584000  
AOI21OPTREPBD1BWP12T30P140LVT
                   tcbn28hpcplusbwp12t30p140lvtssg0p81v125c
                                  1.008000      13     13.104000  
AOI21OPTREPBD2BWP12T30P140LVT
                   tcbn28hpcplusbwp12t30p140lvtssg0p81v125c
                                  1.848000      12     22.176001  
AOI22D1BWP12T30P140LVT
                   tcbn28hpcplusbwp12t30p140lvtssg0p81v125c
                                  0.840000     288    241.919992  
AOI22D2BWP12T30P140LVT
                   tcbn28hpcplusbwp12t30p140lvtssg0p81v125c
                                  1.512000      17     25.703999  
AOI22D4BWP12T30P140LVT
                   tcbn28hpcplusbwp12t30p140lvtssg0p81v125c
                                  3.024000       2      6.048000  
AOI22OPTPBD1BWP12T30P140LVT
                   tcbn28hpcplusbwp12t30p140lvtssg0p81v125c
                                  1.344000       8     10.752000  
AOI22OPTPBD2BWP12T30P140LVT
                   tcbn28hpcplusbwp12t30p140lvtssg0p81v125c
                                  2.520000       4     10.080000  
AOI31D1BWP12T30P140LVT
                   tcbn28hpcplusbwp12t30p140lvtssg0p81v125c
                                  0.840000      17     14.280000  
AOI31D2BWP12T30P140LVT
                   tcbn28hpcplusbwp12t30p140lvtssg0p81v125c
                                  1.512000       2      3.024000  
AOI32D0BWP12T30P140LVT
                   tcbn28hpcplusbwp12t30p140lvtssg0p81v125c
                                  1.008000      38     38.304001  
AOI211D1BWP12T30P140LVT
                   tcbn28hpcplusbwp12t30p140lvtssg0p81v125c
                                  0.840000     141    118.439996  
AOI211D2BWP12T30P140LVT
                   tcbn28hpcplusbwp12t30p140lvtssg0p81v125c
                                  1.512000       6      9.072000  
AOI211OPTREPBD1BWP12T30P140LVT
                   tcbn28hpcplusbwp12t30p140lvtssg0p81v125c
                                  1.512000      20     30.239999  
AOI211OPTREPBD2BWP12T30P140LVT
                   tcbn28hpcplusbwp12t30p140lvtssg0p81v125c
                                  2.352000      17     39.984000  
AOI211OPTREPBD4BWP12T30P140LVT
                   tcbn28hpcplusbwp12t30p140lvtssg0p81v125c
                                  4.704000       1      4.704000  
AOI221D0BWP12T30P140LVT
                   tcbn28hpcplusbwp12t30p140lvtssg0p81v125c
                                  1.008000      30     30.240000  
AOI222D1BWP12T30P140LVT
                   tcbn28hpcplusbwp12t30p140lvtssg0p81v125c
                                  1.344000       2      2.688000  
AttentionFeaturePacketizer_0   4095.671972       1   4095.671972  h, n
AttentionFeaturePacketizer_1   4095.671972       1   4095.671972  h, n
AttentionScaleUnit            56686.391385       1  56686.391385  h, n
AvOutputQuantizer              2973.767968       1   2973.767968  h, n
BUFFD0BWP12T30P140LVT
                   tcbn28hpcplusbwp12t30p140lvtssg0p81v125c
                                  0.504000       7      3.528000  
BUFFD1BWP12T30P140LVT
                   tcbn28hpcplusbwp12t30p140lvtssg0p81v125c
                                  0.504000      11      5.544000  
BUFFD2BWP12T30P140LVT
                   tcbn28hpcplusbwp12t30p140lvtssg0p81v125c
                                  0.672000      15     10.080000  
BUFFD3BWP12T30P140LVT
                   tcbn28hpcplusbwp12t30p140lvtssg0p81v125c
                                  0.840000       2      1.680000  
BUFFD4BWP12T30P140LVT
                   tcbn28hpcplusbwp12t30p140lvtssg0p81v125c
                                  1.176000       4      4.704000  
BUFFXD3BWP12T30P140LVT
                   tcbn28hpcplusbwp12t30p140lvtssg0p81v125c
                                  1.008000       7      7.056000  
BUFFXD8BWP12T30P140LVT
                   tcbn28hpcplusbwp12t30p140lvtssg0p81v125c
                                  2.184000       1      2.184000  
BUFFXD12BWP12T30P140LVT
                   tcbn28hpcplusbwp12t30p140lvtssg0p81v125c
                                  3.192000       1      3.192000  
CKMUX2D0BWP12T30P140LVT
                   tcbn28hpcplusbwp12t30p140lvtssg0p81v125c
                                  1.176000      86    101.136000  
CKND2BWP12T30P140LVT
                   tcbn28hpcplusbwp12t30p140lvtssg0p81v125c
                                  0.504000       6      3.024000  
CKND2D1BWP12T30P140LVT
                   tcbn28hpcplusbwp12t30p140lvtssg0p81v125c
                                  0.504000     335    168.840003  
CKND2D2BWP12T30P140LVT
                   tcbn28hpcplusbwp12t30p140lvtssg0p81v125c
                                  0.840000      70     58.799998  
CKND2D3BWP12T30P140LVT
                   tcbn28hpcplusbwp12t30p140lvtssg0p81v125c
                                  1.176000      25     29.400000  
CKND2D4BWP12T30P140LVT
                   tcbn28hpcplusbwp12t30p140lvtssg0p81v125c
                                  1.512000       4      6.048000  
CKND3BWP12T30P140LVT
                   tcbn28hpcplusbwp12t30p140lvtssg0p81v125c
                                  0.672000       4      2.688000  
CKND4BWP12T30P140LVT
                   tcbn28hpcplusbwp12t30p140lvtssg0p81v125c
                                  0.840000       1      0.840000  
CKND6BWP12T30P140LVT
                   tcbn28hpcplusbwp12t30p140lvtssg0p81v125c
                                  1.176000       6      7.056000  
CKND8BWP12T30P140LVT
                   tcbn28hpcplusbwp12t30p140lvtssg0p81v125c
                                  1.512000       7     10.584000  
CKXOR2D0BWP12T30P140LVT
                   tcbn28hpcplusbwp12t30p140lvtssg0p81v125c
                                  1.344000     598    803.711989  
CKXOR2D1BWP12T30P140LVT
                   tcbn28hpcplusbwp12t30p140lvtssg0p81v125c
                                  1.344000      76    102.143999  
DFCNQD1BWP12T30P140LVT
                   tcbn28hpcplusbwp12t30p140lvtssg0p81v125c
                                  3.024000       1      3.024000  n
DFD2BWP12T30P140LVT
                   tcbn28hpcplusbwp12t30p140lvtssg0p81v125c
                                  3.024000       1      3.024000  n
DFQD1BWP12T30P140LVT
                   tcbn28hpcplusbwp12t30p140lvtssg0p81v125c
                                  2.520000     874   2202.479983  n
DFQD2BWP12T30P140LVT
                   tcbn28hpcplusbwp12t30p140lvtssg0p81v125c
                                  2.520000       2      5.040000  n
DFQD4BWP12T30P140LVT
                   tcbn28hpcplusbwp12t30p140lvtssg0p81v125c
                                  3.024000       2      6.048000  n
DFQOPTMAD8BWP12T30P140LVT
                   tcbn28hpcplusbwp12t30p140lvtssg0p81v125c
                                  8.064000      10     80.640001  n
DualKvDecompressionController 39987.023739       1  39987.023739  h, n
FA1D0BWP12T30P140LVT
                   tcbn28hpcplusbwp12t30p140lvtssg0p81v125c
                                  2.856000     159    454.103992  r
FA1D1BWP12T30P140LVT
                   tcbn28hpcplusbwp12t30p140lvtssg0p81v125c
                                  2.856000      19     54.263999  r
HA1D0BWP12T30P140LVT
                   tcbn28hpcplusbwp12t30p140lvtssg0p81v125c
                                  2.184000      17     37.128000  r
IAO21D1BWP12T30P140LVT
                   tcbn28hpcplusbwp12t30p140lvtssg0p81v125c
                                  0.840000      11      9.240000  
IAO21D2BWP12T30P140LVT
                   tcbn28hpcplusbwp12t30p140lvtssg0p81v125c
                                  1.176000       2      2.352000  
IND2D0BWP12T30P140LVT
                   tcbn28hpcplusbwp12t30p140lvtssg0p81v125c
                                  0.672000       9      6.048000  
IND2D1BWP12T30P140LVT
                   tcbn28hpcplusbwp12t30p140lvtssg0p81v125c
                                  0.672000      72     48.383999  
IND2D2BWP12T30P140LVT
                   tcbn28hpcplusbwp12t30p140lvtssg0p81v125c
                                  1.008000      20     20.160000  
IND2D4BWP12T30P140LVT
                   tcbn28hpcplusbwp12t30p140lvtssg0p81v125c
                                  1.848000       2      3.696000  
IND3D1BWP12T30P140LVT
                   tcbn28hpcplusbwp12t30p140lvtssg0p81v125c
                                  0.840000      11      9.240000  
IND3D4BWP12T30P140LVT
                   tcbn28hpcplusbwp12t30p140lvtssg0p81v125c
                                  2.688000       3      8.064000  
INR2D1BWP12T30P140LVT
                   tcbn28hpcplusbwp12t30p140lvtssg0p81v125c
                                  0.672000    1210    813.119989  
INR2D2BWP12T30P140LVT
                   tcbn28hpcplusbwp12t30p140lvtssg0p81v125c
                                  1.008000     133    134.064002  
INR2D4BWP12T30P140LVT
                   tcbn28hpcplusbwp12t30p140lvtssg0p81v125c
                                  1.848000      64    118.272003  
INR2D8BWP12T30P140LVT
                   tcbn28hpcplusbwp12t30p140lvtssg0p81v125c
                                  3.528000       3     10.584000  
INR3D1BWP12T30P140LVT
                   tcbn28hpcplusbwp12t30p140lvtssg0p81v125c
                                  0.840000       4      3.360000  
INR3D2BWP12T30P140LVT
                   tcbn28hpcplusbwp12t30p140lvtssg0p81v125c
                                  1.344000       2      2.688000  
INR4D0BWP12T30P140LVT
                   tcbn28hpcplusbwp12t30p140lvtssg0p81v125c
                                  1.008000       3      3.024000  
INVD0BWP12T30P140LVT
                   tcbn28hpcplusbwp12t30p140lvtssg0p81v125c
                                  0.336000    2315    777.839990  
INVD1BWP12T30P140LVT
                   tcbn28hpcplusbwp12t30p140lvtssg0p81v125c
                                  0.336000     553    185.807997  
INVD1P25BWP12T30P140LVT
                   tcbn28hpcplusbwp12t30p140lvtssg0p81v125c
                                  0.504000      25     12.600000  
INVD2BWP12T30P140LVT
                   tcbn28hpcplusbwp12t30p140lvtssg0p81v125c
                                  0.504000     127     64.008001  
INVD2P3BWP12T30P140LVT
                   tcbn28hpcplusbwp12t30p140lvtssg0p81v125c
                                  0.672000       1      0.672000  
INVD3BWP12T30P140LVT
                   tcbn28hpcplusbwp12t30p140lvtssg0p81v125c
                                  0.672000      21     14.112000  
INVD4BWP12T30P140LVT
                   tcbn28hpcplusbwp12t30p140lvtssg0p81v125c
                                  0.840000      19     15.960000  
INVD6BWP12T30P140LVT
                   tcbn28hpcplusbwp12t30p140lvtssg0p81v125c
                                  1.176000       2      2.352000  
INVD8BWP12T30P140LVT
                   tcbn28hpcplusbwp12t30p140lvtssg0p81v125c
                                  1.512000       1      1.512000  
INVD12BWP12T30P140LVT
                   tcbn28hpcplusbwp12t30p140lvtssg0p81v125c
                                  2.184000       1      2.184000  
IOA21D0BWP12T30P140LVT
                   tcbn28hpcplusbwp12t30p140lvtssg0p81v125c
                                  0.840000      57     47.879999  
IOA21D1BWP12T30P140LVT
                   tcbn28hpcplusbwp12t30p140lvtssg0p81v125c
                                  0.840000       2      1.680000  
IOA21D2BWP12T30P140LVT
                   tcbn28hpcplusbwp12t30p140lvtssg0p81v125c
                                  1.176000       5      5.880000  
MAOI22D1BWP12T30P140LVT
                   tcbn28hpcplusbwp12t30p140lvtssg0p81v125c
                                  1.008000       1      1.008000  
MAOI222D0BWP12T30P140LVT
                   tcbn28hpcplusbwp12t30p140lvtssg0p81v125c
                                  1.008000       2      2.016000  
MOAI22D0BWP12T30P140LVT
                   tcbn28hpcplusbwp12t30p140lvtssg0p81v125c
                                  1.008000       1      1.008000  
MOAI22D1BWP12T30P140LVT
                   tcbn28hpcplusbwp12t30p140lvtssg0p81v125c
                                  1.008000       1      1.008000  
MUX2D1BWP12T30P140LVT
                   tcbn28hpcplusbwp12t30p140lvtssg0p81v125c
                                  1.344000       5      6.720000  
MUX2D2BWP12T30P140LVT
                   tcbn28hpcplusbwp12t30p140lvtssg0p81v125c
                                  1.512000       3      4.536000  
MUX2D4BWP12T30P140LVT
                   tcbn28hpcplusbwp12t30p140lvtssg0p81v125c
                                  2.352000       6     14.112000  
MUX2ND0BWP12T30P140LVT
                   tcbn28hpcplusbwp12t30p140lvtssg0p81v125c
                                  1.008000      26     26.208000  
MUX2OPTD2BWP12T30P140LVT
                   tcbn28hpcplusbwp12t30p140lvtssg0p81v125c
                                  1.512000       4      6.048000  
MUX2OPTD4BWP12T30P140LVT
                   tcbn28hpcplusbwp12t30p140lvtssg0p81v125c
                                  3.024000       3      9.072000  
MUX2OPTD6BWP12T30P140LVT
                   tcbn28hpcplusbwp12t30p140lvtssg0p81v125c
                                  4.032000       5     20.160000  
ND2D0BWP12T30P140LVT
                   tcbn28hpcplusbwp12t30p140lvtssg0p81v125c
                                  0.504000    2148   1082.592017  
ND2D1BWP12T30P140LVT
                   tcbn28hpcplusbwp12t30p140lvtssg0p81v125c
                                  0.504000     951    479.304008  
ND2D2BWP12T30P140LVT
                   tcbn28hpcplusbwp12t30p140lvtssg0p81v125c
                                  0.840000     228    191.519994  
ND2D3BWP12T30P140LVT
                   tcbn28hpcplusbwp12t30p140lvtssg0p81v125c
                                  1.176000      34     39.984000  
ND2D4BWP12T30P140LVT
                   tcbn28hpcplusbwp12t30p140lvtssg0p81v125c
                                  1.512000      26     39.311999  
ND2D8BWP12T30P140LVT
                   tcbn28hpcplusbwp12t30p140lvtssg0p81v125c
                                  2.856000       3      8.568000  
ND2OPTD6BWP12T30P140LVT
                   tcbn28hpcplusbwp12t30p140lvtssg0p81v125c
                                  2.184000      11     24.024000  
ND2OPTFAD4BWP12T30P140LVT
                   tcbn28hpcplusbwp12t30p140lvtssg0p81v125c
                                  1.848000      46     85.008002  
ND2OPTFAD6BWP12T30P140LVT
                   tcbn28hpcplusbwp12t30p140lvtssg0p81v125c
                                  2.520000       3      7.560000  
ND2OPTPAD1BWP12T30P140LVT
                   tcbn28hpcplusbwp12t30p140lvtssg0p81v125c
                                  0.840000      77     64.679998  
ND2OPTPAD2BWP12T30P140LVT
                   tcbn28hpcplusbwp12t30p140lvtssg0p81v125c
                                  1.512000      36     54.431999  
ND2OPTPAD4BWP12T30P140LVT
                   tcbn28hpcplusbwp12t30p140lvtssg0p81v125c
                                  2.856000       1      2.856000  
ND2OPTPAD6BWP12T30P140LVT
                   tcbn28hpcplusbwp12t30p140lvtssg0p81v125c
                                  3.696000       2      7.392000  
ND3D1BWP12T30P140LVT
                   tcbn28hpcplusbwp12t30p140lvtssg0p81v125c
                                  0.672000     133     89.375999  
ND3D2BWP12T30P140LVT
                   tcbn28hpcplusbwp12t30p140lvtssg0p81v125c
                                  1.176000      24     28.224000  
ND3D4BWP12T30P140LVT
                   tcbn28hpcplusbwp12t30p140lvtssg0p81v125c
                                  2.352000       1      2.352000  
ND3OPTD6BWP12T30P140LVT
                   tcbn28hpcplusbwp12t30p140lvtssg0p81v125c
                                  3.360000       2      6.720000  
ND3OPTFAD4BWP12T30P140LVT
                   tcbn28hpcplusbwp12t30p140lvtssg0p81v125c
                                  2.520000      22     55.440000  
ND3OPTFAD6BWP12T30P140LVT
                   tcbn28hpcplusbwp12t30p140lvtssg0p81v125c
                                  3.528000       2      7.056000  
ND3OPTPAD1BWP12T30P140LVT
                   tcbn28hpcplusbwp12t30p140lvtssg0p81v125c
                                  1.176000      23     27.048000  
ND3OPTPAD2BWP12T30P140LVT
                   tcbn28hpcplusbwp12t30p140lvtssg0p81v125c
                                  2.016000      26     52.416001  
ND4D1BWP12T30P140LVT
                   tcbn28hpcplusbwp12t30p140lvtssg0p81v125c
                                  0.840000      14     11.760000  
NR2D0BWP12T30P140LVT
                   tcbn28hpcplusbwp12t30p140lvtssg0p81v125c
                                  0.504000     876    441.504007  
NR2D1BWP12T30P140LVT
                   tcbn28hpcplusbwp12t30p140lvtssg0p81v125c
                                  0.504000     829    417.816007  
NR2D2BWP12T30P140LVT
                   tcbn28hpcplusbwp12t30p140lvtssg0p81v125c
                                  0.840000     120    100.799997  
NR2D3BWP12T30P140LVT
                   tcbn28hpcplusbwp12t30p140lvtssg0p81v125c
                                  1.176000      16     18.816000  
NR2D4BWP12T30P140LVT
                   tcbn28hpcplusbwp12t30p140lvtssg0p81v125c
                                  1.512000      12     18.144000  
NR2OPTD6BWP12T30P140LVT
                   tcbn28hpcplusbwp12t30p140lvtssg0p81v125c
                                  2.184000       4      8.736000  
NR2OPTD12BWP12T30P140LVT
                   tcbn28hpcplusbwp12t30p140lvtssg0p81v125c
                                  4.200000       1      4.200000  
NR2OPTFAD4BWP12T30P140LVT
                   tcbn28hpcplusbwp12t30p140lvtssg0p81v125c
                                  1.848000      14     25.872001  
NR2OPTPAD1BWP12T30P140LVT
                   tcbn28hpcplusbwp12t30p140lvtssg0p81v125c
                                  0.672000      85     57.119999  
NR2OPTPAD2BWP12T30P140LVT
                   tcbn28hpcplusbwp12t30p140lvtssg0p81v125c
                                  1.176000      50     58.800000  
NR2OPTPAD4BWP12T30P140LVT
                   tcbn28hpcplusbwp12t30p140lvtssg0p81v125c
                                  2.184000       1      2.184000  
NR2OPTPAD6BWP12T30P140LVT
                   tcbn28hpcplusbwp12t30p140lvtssg0p81v125c
                                  3.192000       1      3.192000  
NR3D0BWP12T30P140LVT
                   tcbn28hpcplusbwp12t30p140lvtssg0p81v125c
                                  0.672000      98     65.855999  
NR3D1BWP12T30P140LVT
                   tcbn28hpcplusbwp12t30p140lvtssg0p81v125c
                                  1.176000      26     30.576000  
NR3D2BWP12T30P140LVT
                   tcbn28hpcplusbwp12t30p140lvtssg0p81v125c
                                  2.352000       2      4.704000  
NR3OPTPAD1BWP12T30P140LVT
                   tcbn28hpcplusbwp12t30p140lvtssg0p81v125c
                                  1.344000      16     21.504000  
NR3OPTPAD2BWP12T30P140LVT
                   tcbn28hpcplusbwp12t30p140lvtssg0p81v125c
                                  2.184000      18     39.312000  
NR3OPTPAD6BWP12T30P140LVT
                   tcbn28hpcplusbwp12t30p140lvtssg0p81v125c
                                  4.368000       1      4.368000  
NR4D0BWP12T30P140LVT
                   tcbn28hpcplusbwp12t30p140lvtssg0p81v125c
                                  0.840000      38     31.919999  
NR4D1BWP12T30P140LVT
                   tcbn28hpcplusbwp12t30p140lvtssg0p81v125c
                                  1.512000       6      9.072000  
OA21D0BWP12T30P140LVT
                   tcbn28hpcplusbwp12t30p140lvtssg0p81v125c
                                  0.840000      44     36.959999  
OA21D1BWP12T30P140LVT
                   tcbn28hpcplusbwp12t30p140lvtssg0p81v125c
                                  0.840000       5      4.200000  
OA22D1BWP12T30P140LVT
                   tcbn28hpcplusbwp12t30p140lvtssg0p81v125c
                                  1.176000       3      3.528000  
OA31D0BWP12T30P140LVT
                   tcbn28hpcplusbwp12t30p140lvtssg0p81v125c
                                  1.008000       1      1.008000  
OA31D1BWP12T30P140LVT
                   tcbn28hpcplusbwp12t30p140lvtssg0p81v125c
                                  1.008000       1      1.008000  
OA211D0BWP12T30P140LVT
                   tcbn28hpcplusbwp12t30p140lvtssg0p81v125c
                                  1.008000      21     21.168000  
OAI21D0BWP12T30P140LVT
                   tcbn28hpcplusbwp12t30p140lvtssg0p81v125c
                                  0.672000     812    545.663993  
OAI21D1BWP12T30P140LVT
                   tcbn28hpcplusbwp12t30p140lvtssg0p81v125c
                                  0.672000     263    176.735998  
OAI21D2BWP12T30P140LVT
                   tcbn28hpcplusbwp12t30p140lvtssg0p81v125c
                                  1.176000      50     58.800000  
OAI21OPTPBD1BWP12T30P140LVT
                   tcbn28hpcplusbwp12t30p140lvtssg0p81v125c
                                  1.008000      37     37.296001  
OAI21OPTPBD2BWP12T30P140LVT
                   tcbn28hpcplusbwp12t30p140lvtssg0p81v125c
                                  1.848000       3      5.544000  
OAI21OPTPBD12BWP12T30P140LVT
                   tcbn28hpcplusbwp12t30p140lvtssg0p81v125c
                                 10.248000       1     10.248000  
OAI21OPTREPBD1BWP12T30P140LVT
                   tcbn28hpcplusbwp12t30p140lvtssg0p81v125c
                                  1.008000      38     38.304001  
OAI21OPTREPBD2BWP12T30P140LVT
                   tcbn28hpcplusbwp12t30p140lvtssg0p81v125c
                                  1.848000      34     62.832002  
OAI21OPTREPBD6BWP12T30P140LVT
                   tcbn28hpcplusbwp12t30p140lvtssg0p81v125c
                                  5.208000       1      5.208000  
OAI22D0BWP12T30P140LVT
                   tcbn28hpcplusbwp12t30p140lvtssg0p81v125c
                                  0.840000     103     86.519997  
OAI22D1BWP12T30P140LVT
                   tcbn28hpcplusbwp12t30p140lvtssg0p81v125c
                                  0.840000      27     22.679999  
OAI22D2BWP12T30P140LVT
                   tcbn28hpcplusbwp12t30p140lvtssg0p81v125c
                                  1.512000       8     12.096000  
OAI22OPTPBD1BWP12T30P140LVT
                   tcbn28hpcplusbwp12t30p140lvtssg0p81v125c
                                  1.344000       3      4.032000  
OAI22OPTPBD2BWP12T30P140LVT
                   tcbn28hpcplusbwp12t30p140lvtssg0p81v125c
                                  2.520000       1      2.520000  
OAI22OPTPBD4BWP12T30P140LVT
                   tcbn28hpcplusbwp12t30p140lvtssg0p81v125c
                                  4.872000       1      4.872000  
OAI31D0BWP12T30P140LVT
                   tcbn28hpcplusbwp12t30p140lvtssg0p81v125c
                                  0.840000      29     24.359999  
OAI31D1BWP12T30P140LVT
                   tcbn28hpcplusbwp12t30p140lvtssg0p81v125c
                                  0.840000       9      7.560000  
OAI31D2BWP12T30P140LVT
                   tcbn28hpcplusbwp12t30p140lvtssg0p81v125c
                                  1.512000       1      1.512000  
OAI211D0BWP12T30P140LVT
                   tcbn28hpcplusbwp12t30p140lvtssg0p81v125c
                                  0.840000       6      5.040000  
OAI211D1BWP12T30P140LVT
                   tcbn28hpcplusbwp12t30p140lvtssg0p81v125c
                                  0.840000       5      4.200000  
OAI211D2BWP12T30P140LVT
                   tcbn28hpcplusbwp12t30p140lvtssg0p81v125c
                                  1.512000       2      3.024000  
OAI211OPTREPBD1BWP12T30P140LVT
                   tcbn28hpcplusbwp12t30p140lvtssg0p81v125c
                                  1.512000       2      3.024000  
OAI211OPTREPBD2BWP12T30P140LVT
                   tcbn28hpcplusbwp12t30p140lvtssg0p81v125c
                                  2.352000       2      4.704000  
OR2D1BWP12T30P140LVT
                   tcbn28hpcplusbwp12t30p140lvtssg0p81v125c
                                  0.672000     334    224.447997  
OR2D2BWP12T30P140LVT
                   tcbn28hpcplusbwp12t30p140lvtssg0p81v125c
                                  0.840000       9      7.560000  
OR2D4BWP12T30P140LVT
                   tcbn28hpcplusbwp12t30p140lvtssg0p81v125c
                                  1.512000      27     40.823999  
OR2D8BWP12T30P140LVT
                   tcbn28hpcplusbwp12t30p140lvtssg0p81v125c
                                  2.520000       1      2.520000  
OR3D1BWP12T30P140LVT
                   tcbn28hpcplusbwp12t30p140lvtssg0p81v125c
                                  0.840000      19     15.960000  
OR3D4BWP12T30P140LVT
                   tcbn28hpcplusbwp12t30p140lvtssg0p81v125c
                                  1.848000       1      1.848000  
OR4D1BWP12T30P140LVT
                   tcbn28hpcplusbwp12t30p140lvtssg0p81v125c
                                  1.008000       7      7.056000  
QkDotProductAccumulator       23203.823778       1  23203.823778  h, n
QueryReplayBuffer              4116.503954       1   4116.503954  b, h, n
SoftmaxVAccumulator           18915.791856       1  18915.791856  b, h, n
StreamingSoftmax              46263.671614       1  46263.671614  b, h, n
TIEHBWP12T30P140LVT
                   tcbn28hpcplusbwp12t30p140lvtssg0p81v125c
                                  0.336000       1      0.336000  
TIELBWP12T30P140LVT
                   tcbn28hpcplusbwp12t30p140lvtssg0p81v125c
                                  0.336000       1      0.336000  
XNR2D0BWP12T30P140LVT
                   tcbn28hpcplusbwp12t30p140lvtssg0p81v125c
                                  1.344000     552    741.887990  
XNR2D1BWP12T30P140LVT
                   tcbn28hpcplusbwp12t30p140lvtssg0p81v125c
                                  1.344000      45     60.479999  
XNR2D2BWP12T30P140LVT
                   tcbn28hpcplusbwp12t30p140lvtssg0p81v125c
                                  1.512000       2      3.024000  
XNR3D0BWP12T30P140LVT
                   tcbn28hpcplusbwp12t30p140lvtssg0p81v125c
                                  2.520000       1      2.520000  
XOR2D1BWP12T30P140LVT
                   tcbn28hpcplusbwp12t30p140lvtssg0p81v125c
                                  1.344000      19     25.536000  
XOR2D2BWP12T30P140LVT
                   tcbn28hpcplusbwp12t30p140lvtssg0p81v125c
                                  1.512000       6      9.072000  
XOR2D4BWP12T30P140LVT
                   tcbn28hpcplusbwp12t30p140lvtssg0p81v125c
                                  2.688000       1      2.688000  
XOR2OPTND2BWP12T30P140LVT
                   tcbn28hpcplusbwp12t30p140lvtssg0p81v125c
                                  2.184000       1      2.184000  
XOR2OPTND4BWP12T30P140LVT
                   tcbn28hpcplusbwp12t30p140lvtssg0p81v125c
                                  4.032000       2      8.064000  
XOR2OPTND8BWP12T30P140LVT
                   tcbn28hpcplusbwp12t30p140lvtssg0p81v125c
                                  6.384000       1      6.384000  
XOR3D0BWP12T30P140LVT
                   tcbn28hpcplusbwp12t30p140lvtssg0p81v125c
                                  2.520000       6     15.120000  
XOR4D0BWP12T30P140LVT
                   tcbn28hpcplusbwp12t30p140lvtssg0p81v125c
                                  3.528000       1      3.528000  
memory_8192x424                   0.000000       1      0.000000  b
-----------------------------------------------------------------------------
Total 208 references                                214517.686162

****************************************
Design: AttentionFeaturePacketizer_0 
****************************************
Reference          Library       Unit Area   Count    Total Area   Attributes
-----------------------------------------------------------------------------
AN2D0BWP12T30P140LVT
                   tcbn28hpcplusbwp12t30p140lvtssg0p81v125c
                                  0.672000      91     61.151999  
AN2D1BWP12T30P140LVT
                   tcbn28hpcplusbwp12t30p140lvtssg0p81v125c
                                  0.672000       1      0.672000  
AN3D0BWP12T30P140LVT
                   tcbn28hpcplusbwp12t30p140lvtssg0p81v125c
                                  0.840000       3      2.520000  
AO21D0BWP12T30P140LVT
                   tcbn28hpcplusbwp12t30p140lvtssg0p81v125c
                                  0.840000      24     20.159999  
AO22D0BWP12T30P140LVT
                   tcbn28hpcplusbwp12t30p140lvtssg0p81v125c
                                  1.008000     476    479.808008  
AO31D0BWP12T30P140LVT
                   tcbn28hpcplusbwp12t30p140lvtssg0p81v125c
                                  1.008000       1      1.008000  
AO222D0BWP12T30P140LVT
                   tcbn28hpcplusbwp12t30p140lvtssg0p81v125c
                                  1.512000      19     28.727999  
AOI21D1BWP12T30P140LVT
                   tcbn28hpcplusbwp12t30p140lvtssg0p81v125c
                                  0.672000      95     63.839999  
AOI21D2BWP12T30P140LVT
                   tcbn28hpcplusbwp12t30p140lvtssg0p81v125c
                                  1.176000       1      1.176000  
AOI22D1BWP12T30P140LVT
                   tcbn28hpcplusbwp12t30p140lvtssg0p81v125c
                                  0.840000       8      6.720000  
AOI31D1BWP12T30P140LVT
                   tcbn28hpcplusbwp12t30p140lvtssg0p81v125c
                                  0.840000       8      6.720000  
AOI32D0BWP12T30P140LVT
                   tcbn28hpcplusbwp12t30p140lvtssg0p81v125c
                                  1.008000       1      1.008000  
AOI211D1BWP12T30P140LVT
                   tcbn28hpcplusbwp12t30p140lvtssg0p81v125c
                                  0.840000      11      9.240000  
AOI221D0BWP12T30P140LVT
                   tcbn28hpcplusbwp12t30p140lvtssg0p81v125c
                                  1.008000       1      1.008000  
CKMUX2D0BWP12T30P140LVT
                   tcbn28hpcplusbwp12t30p140lvtssg0p81v125c
                                  1.176000      19     22.344000  
CKXOR2D0BWP12T30P140LVT
                   tcbn28hpcplusbwp12t30p140lvtssg0p81v125c
                                  1.344000      53     71.231999  
DFQD1BWP12T30P140LVT
                   tcbn28hpcplusbwp12t30p140lvtssg0p81v125c
                                  2.520000     855   2154.599984  n
FA1D0BWP12T30P140LVT
                   tcbn28hpcplusbwp12t30p140lvtssg0p81v125c
                                  2.856000       3      8.568000  r
IAO21D1BWP12T30P140LVT
                   tcbn28hpcplusbwp12t30p140lvtssg0p81v125c
                                  0.840000       4      3.360000  
IND2D1BWP12T30P140LVT
                   tcbn28hpcplusbwp12t30p140lvtssg0p81v125c
                                  0.672000      22     14.784000  
IND4D1BWP12T30P140LVT
                   tcbn28hpcplusbwp12t30p140lvtssg0p81v125c
                                  1.008000       3      3.024000  
INR2D1BWP12T30P140LVT
                   tcbn28hpcplusbwp12t30p140lvtssg0p81v125c
                                  0.672000      62     41.663999  
INR4D0BWP12T30P140LVT
                   tcbn28hpcplusbwp12t30p140lvtssg0p81v125c
                                  1.008000      15     15.120000  
INVD0BWP12T30P140LVT
                   tcbn28hpcplusbwp12t30p140lvtssg0p81v125c
                                  0.336000     377    126.671998  
INVD1BWP12T30P140LVT
                   tcbn28hpcplusbwp12t30p140lvtssg0p81v125c
                                  0.336000       3      1.008000  
IOA21D0BWP12T30P140LVT
                   tcbn28hpcplusbwp12t30p140lvtssg0p81v125c
                                  0.840000      94     78.959998  
MAOI22D0BWP12T30P140LVT
                   tcbn28hpcplusbwp12t30p140lvtssg0p81v125c
                                  1.008000       1      1.008000  
MOAI22D0BWP12T30P140LVT
                   tcbn28hpcplusbwp12t30p140lvtssg0p81v125c
                                  1.008000       1      1.008000  
MUX2ND0BWP12T30P140LVT
                   tcbn28hpcplusbwp12t30p140lvtssg0p81v125c
                                  1.008000      14     14.112000  
ND2D0BWP12T30P140LVT
                   tcbn28hpcplusbwp12t30p140lvtssg0p81v125c
                                  0.504000     316    159.264003  
ND3D1BWP12T30P140LVT
                   tcbn28hpcplusbwp12t30p140lvtssg0p81v125c
                                  0.672000      39     26.208000  
ND4D1BWP12T30P140LVT
                   tcbn28hpcplusbwp12t30p140lvtssg0p81v125c
                                  0.840000      41     34.439999  
NR2D0BWP12T30P140LVT
                   tcbn28hpcplusbwp12t30p140lvtssg0p81v125c
                                  0.504000     133     67.032001  
NR2D1BWP12T30P140LVT
                   tcbn28hpcplusbwp12t30p140lvtssg0p81v125c
                                  0.504000       1      0.504000  
NR3D0BWP12T30P140LVT
                   tcbn28hpcplusbwp12t30p140lvtssg0p81v125c
                                  0.672000      21     14.112000  
NR4D0BWP12T30P140LVT
                   tcbn28hpcplusbwp12t30p140lvtssg0p81v125c
                                  0.840000      32     26.879999  
OA211D0BWP12T30P140LVT
                   tcbn28hpcplusbwp12t30p140lvtssg0p81v125c
                                  1.008000       1      1.008000  
OAI21D0BWP12T30P140LVT
                   tcbn28hpcplusbwp12t30p140lvtssg0p81v125c
                                  0.672000     333    223.775997  
OAI22D0BWP12T30P140LVT
                   tcbn28hpcplusbwp12t30p140lvtssg0p81v125c
                                  0.840000       4      3.360000  
OAI31D0BWP12T30P140LVT
                   tcbn28hpcplusbwp12t30p140lvtssg0p81v125c
                                  0.840000     150    125.999996  
OAI211D0BWP12T30P140LVT
                   tcbn28hpcplusbwp12t30p140lvtssg0p81v125c
                                  0.840000     111     93.239997  
OAI222D0BWP12T30P140LVT
                   tcbn28hpcplusbwp12t30p140lvtssg0p81v125c
                                  1.344000      16     21.504000  
OR2D1BWP12T30P140LVT
                   tcbn28hpcplusbwp12t30p140lvtssg0p81v125c
                                  0.672000      21     14.112000  
XNR2D0BWP12T30P140LVT
                   tcbn28hpcplusbwp12t30p140lvtssg0p81v125c
                                  1.344000      32     43.007999  
-----------------------------------------------------------------------------
Total 44 references                                  4095.671972

****************************************
Design: AttentionFeaturePacketizer_1 
****************************************
Reference          Library       Unit Area   Count    Total Area   Attributes
-----------------------------------------------------------------------------
AN2D0BWP12T30P140LVT
                   tcbn28hpcplusbwp12t30p140lvtssg0p81v125c
                                  0.672000      91     61.151999  
AN2D1BWP12T30P140LVT
                   tcbn28hpcplusbwp12t30p140lvtssg0p81v125c
                                  0.672000       1      0.672000  
AN3D0BWP12T30P140LVT
                   tcbn28hpcplusbwp12t30p140lvtssg0p81v125c
                                  0.840000       3      2.520000  
AO21D0BWP12T30P140LVT
                   tcbn28hpcplusbwp12t30p140lvtssg0p81v125c
                                  0.840000      24     20.159999  
AO22D0BWP12T30P140LVT
                   tcbn28hpcplusbwp12t30p140lvtssg0p81v125c
                                  1.008000     443    446.544007  
AO222D0BWP12T30P140LVT
                   tcbn28hpcplusbwp12t30p140lvtssg0p81v125c
                                  1.512000      19     28.727999  
AOI21D1BWP12T30P140LVT
                   tcbn28hpcplusbwp12t30p140lvtssg0p81v125c
                                  0.672000      95     63.839999  
AOI21D2BWP12T30P140LVT
                   tcbn28hpcplusbwp12t30p140lvtssg0p81v125c
                                  1.176000       1      1.176000  
AOI22D1BWP12T30P140LVT
                   tcbn28hpcplusbwp12t30p140lvtssg0p81v125c
                                  0.840000       8      6.720000  
AOI31D1BWP12T30P140LVT
                   tcbn28hpcplusbwp12t30p140lvtssg0p81v125c
                                  0.840000       8      6.720000  
AOI32D0BWP12T30P140LVT
                   tcbn28hpcplusbwp12t30p140lvtssg0p81v125c
                                  1.008000       1      1.008000  
AOI211D1BWP12T30P140LVT
                   tcbn28hpcplusbwp12t30p140lvtssg0p81v125c
                                  0.840000      11      9.240000  
AOI221D0BWP12T30P140LVT
                   tcbn28hpcplusbwp12t30p140lvtssg0p81v125c
                                  1.008000       1      1.008000  
CKMUX2D0BWP12T30P140LVT
                   tcbn28hpcplusbwp12t30p140lvtssg0p81v125c
                                  1.176000      19     22.344000  
CKXOR2D0BWP12T30P140LVT
                   tcbn28hpcplusbwp12t30p140lvtssg0p81v125c
                                  1.344000      53     71.231999  
DFQD1BWP12T30P140LVT
                   tcbn28hpcplusbwp12t30p140lvtssg0p81v125c
                                  2.520000     855   2154.599984  n
FA1D0BWP12T30P140LVT
                   tcbn28hpcplusbwp12t30p140lvtssg0p81v125c
                                  2.856000       3      8.568000  r
IAO21D1BWP12T30P140LVT
                   tcbn28hpcplusbwp12t30p140lvtssg0p81v125c
                                  0.840000       4      3.360000  
IND2D1BWP12T30P140LVT
                   tcbn28hpcplusbwp12t30p140lvtssg0p81v125c
                                  0.672000      22     14.784000  
IND4D1BWP12T30P140LVT
                   tcbn28hpcplusbwp12t30p140lvtssg0p81v125c
                                  1.008000       3      3.024000  
INR2D1BWP12T30P140LVT
                   tcbn28hpcplusbwp12t30p140lvtssg0p81v125c
                                  0.672000      60     40.319999  
INR4D0BWP12T30P140LVT
                   tcbn28hpcplusbwp12t30p140lvtssg0p81v125c
                                  1.008000      15     15.120000  
INVD0BWP12T30P140LVT
                   tcbn28hpcplusbwp12t30p140lvtssg0p81v125c
                                  0.336000     378    127.007998  
INVD1BWP12T30P140LVT
                   tcbn28hpcplusbwp12t30p140lvtssg0p81v125c
                                  0.336000       3      1.008000  
IOA21D0BWP12T30P140LVT
                   tcbn28hpcplusbwp12t30p140lvtssg0p81v125c
                                  0.840000      94     78.959998  
MAOI22D0BWP12T30P140LVT
                   tcbn28hpcplusbwp12t30p140lvtssg0p81v125c
                                  1.008000       1      1.008000  
MOAI22D0BWP12T30P140LVT
                   tcbn28hpcplusbwp12t30p140lvtssg0p81v125c
                                  1.008000      34     34.272001  
MUX2ND0BWP12T30P140LVT
                   tcbn28hpcplusbwp12t30p140lvtssg0p81v125c
                                  1.008000      14     14.112000  
ND2D0BWP12T30P140LVT
                   tcbn28hpcplusbwp12t30p140lvtssg0p81v125c
                                  0.504000     315    158.760003  
ND2D1BWP12T30P140LVT
                   tcbn28hpcplusbwp12t30p140lvtssg0p81v125c
                                  0.504000       1      0.504000  
ND3D1BWP12T30P140LVT
                   tcbn28hpcplusbwp12t30p140lvtssg0p81v125c
                                  0.672000      39     26.208000  
ND4D1BWP12T30P140LVT
                   tcbn28hpcplusbwp12t30p140lvtssg0p81v125c
                                  0.840000      41     34.439999  
NR2D0BWP12T30P140LVT
                   tcbn28hpcplusbwp12t30p140lvtssg0p81v125c
                                  0.504000     134     67.536001  
NR2D1BWP12T30P140LVT
                   tcbn28hpcplusbwp12t30p140lvtssg0p81v125c
                                  0.504000       1      0.504000  
NR3D0BWP12T30P140LVT
                   tcbn28hpcplusbwp12t30p140lvtssg0p81v125c
                                  0.672000      21     14.112000  
NR4D0BWP12T30P140LVT
                   tcbn28hpcplusbwp12t30p140lvtssg0p81v125c
                                  0.840000      32     26.879999  
OA211D0BWP12T30P140LVT
                   tcbn28hpcplusbwp12t30p140lvtssg0p81v125c
                                  1.008000       1      1.008000  
OAI21D0BWP12T30P140LVT
                   tcbn28hpcplusbwp12t30p140lvtssg0p81v125c
                                  0.672000     333    223.775997  
OAI22D0BWP12T30P140LVT
                   tcbn28hpcplusbwp12t30p140lvtssg0p81v125c
                                  0.840000       4      3.360000  
OAI31D0BWP12T30P140LVT
                   tcbn28hpcplusbwp12t30p140lvtssg0p81v125c
                                  0.840000     151    126.839996  
OAI211D0BWP12T30P140LVT
                   tcbn28hpcplusbwp12t30p140lvtssg0p81v125c
                                  0.840000     111     93.239997  
OAI222D0BWP12T30P140LVT
                   tcbn28hpcplusbwp12t30p140lvtssg0p81v125c
                                  1.344000      16     21.504000  
OR2D1BWP12T30P140LVT
                   tcbn28hpcplusbwp12t30p140lvtssg0p81v125c
                                  0.672000      22     14.784000  
XNR2D0BWP12T30P140LVT
                   tcbn28hpcplusbwp12t30p140lvtssg0p81v125c
                                  1.344000      32     43.007999  
-----------------------------------------------------------------------------
Total 44 references                                  4095.671972

****************************************
Design: AttentionScaleUnit 
****************************************
Reference          Library       Unit Area   Count    Total Area   Attributes
-----------------------------------------------------------------------------
AN2D0BWP12T30P140LVT
                   tcbn28hpcplusbwp12t30p140lvtssg0p81v125c
                                  0.672000     589    395.807995  
AN3D0BWP12T30P140LVT
                   tcbn28hpcplusbwp12t30p140lvtssg0p81v125c
                                  0.840000       6      5.040000  
AN4D0BWP12T30P140LVT
                   tcbn28hpcplusbwp12t30p140lvtssg0p81v125c
                                  1.008000       2      2.016000  
AO21D0BWP12T30P140LVT
                   tcbn28hpcplusbwp12t30p140lvtssg0p81v125c
                                  0.840000     271    227.639993  
AO22D0BWP12T30P140LVT
                   tcbn28hpcplusbwp12t30p140lvtssg0p81v125c
                                  1.008000    1908   1923.264031  
AO211D1BWP12T30P140LVT
                   tcbn28hpcplusbwp12t30p140lvtssg0p81v125c
                                  1.008000       4      4.032000  
AO222D0BWP12T30P140LVT
                   tcbn28hpcplusbwp12t30p140lvtssg0p81v125c
                                  1.512000     704   1064.447975  
AOI21D1BWP12T30P140LVT
                   tcbn28hpcplusbwp12t30p140lvtssg0p81v125c
                                  0.672000    2371   1593.311979  
AOI21D2BWP12T30P140LVT
                   tcbn28hpcplusbwp12t30p140lvtssg0p81v125c
                                  1.176000       1      1.176000  
AOI21D8BWP12T30P140LVT
                   tcbn28hpcplusbwp12t30p140lvtssg0p81v125c
                                  2.688000      15     40.319999  
AOI22D1BWP12T30P140LVT
                   tcbn28hpcplusbwp12t30p140lvtssg0p81v125c
                                  0.840000      40     33.599999  
AOI31D1BWP12T30P140LVT
                   tcbn28hpcplusbwp12t30p140lvtssg0p81v125c
                                  0.840000      20     16.799999  
AOI32D0BWP12T30P140LVT
                   tcbn28hpcplusbwp12t30p140lvtssg0p81v125c
                                  1.008000       2      2.016000  
AOI33D0BWP12T30P140LVT
                   tcbn28hpcplusbwp12t30p140lvtssg0p81v125c
                                  1.176000       1      1.176000  
AOI211D1BWP12T30P140LVT
                   tcbn28hpcplusbwp12t30p140lvtssg0p81v125c
                                  0.840000      82     68.879998  
AOI221D0BWP12T30P140LVT
                   tcbn28hpcplusbwp12t30p140lvtssg0p81v125c
                                  1.008000       3      3.024000  
BUFFD0BWP12T30P140LVT
                   tcbn28hpcplusbwp12t30p140lvtssg0p81v125c
                                  0.504000      56     28.224000  
BUFFD1BWP12T30P140LVT
                   tcbn28hpcplusbwp12t30p140lvtssg0p81v125c
                                  0.504000      20     10.080000  
BUFFD2BWP12T30P140LVT
                   tcbn28hpcplusbwp12t30p140lvtssg0p81v125c
                                  0.672000      15     10.080000  
BUFFD4BWP12T30P140LVT
                   tcbn28hpcplusbwp12t30p140lvtssg0p81v125c
                                  1.176000       1      1.176000  
BUFFD6BWP12T30P140LVT
                   tcbn28hpcplusbwp12t30p140lvtssg0p81v125c
                                  1.512000       1      1.512000  
CKMUX2D0BWP12T30P140LVT
                   tcbn28hpcplusbwp12t30p140lvtssg0p81v125c
                                  1.176000      75     88.200000  
CKXOR2D0BWP12T30P140LVT
                   tcbn28hpcplusbwp12t30p140lvtssg0p81v125c
                                  1.344000    1188   1596.671978  
DFQD1BWP12T30P140LVT
                   tcbn28hpcplusbwp12t30p140lvtssg0p81v125c
                                  2.520000    1038   2615.759980  n
DFQD2BWP12T30P140LVT
                   tcbn28hpcplusbwp12t30p140lvtssg0p81v125c
                                  2.520000      76    191.519999  n
FA1D0BWP12T30P140LVT
                   tcbn28hpcplusbwp12t30p140lvtssg0p81v125c
                                  2.856000    5499  15705.143706  r
FA1D1BWP12T30P140LVT
                   tcbn28hpcplusbwp12t30p140lvtssg0p81v125c
                                  2.856000       5     14.280000  r
HA1D0BWP12T30P140LVT
                   tcbn28hpcplusbwp12t30p140lvtssg0p81v125c
                                  2.184000    2832   6185.088043  r
IAO21D1BWP12T30P140LVT
                   tcbn28hpcplusbwp12t30p140lvtssg0p81v125c
                                  0.840000       8      6.720000  
IND2D0BWP12T30P140LVT
                   tcbn28hpcplusbwp12t30p140lvtssg0p81v125c
                                  0.672000       9      6.048000  
IND2D1BWP12T30P140LVT
                   tcbn28hpcplusbwp12t30p140lvtssg0p81v125c
                                  0.672000     156    104.831999  
IND3D1BWP12T30P140LVT
                   tcbn28hpcplusbwp12t30p140lvtssg0p81v125c
                                  0.840000       5      4.200000  
IND4D1BWP12T30P140LVT
                   tcbn28hpcplusbwp12t30p140lvtssg0p81v125c
                                  1.008000       5      5.040000  
INR2D1BWP12T30P140LVT
                   tcbn28hpcplusbwp12t30p140lvtssg0p81v125c
                                  0.672000     262    176.063998  
INR2D2BWP12T30P140LVT
                   tcbn28hpcplusbwp12t30p140lvtssg0p81v125c
                                  1.008000       1      1.008000  
INR4D0BWP12T30P140LVT
                   tcbn28hpcplusbwp12t30p140lvtssg0p81v125c
                                  1.008000       9      9.072000  
INVD0BWP12T30P140LVT
                   tcbn28hpcplusbwp12t30p140lvtssg0p81v125c
                                  0.336000    6667   2240.111970  
INVD1BWP12T30P140LVT
                   tcbn28hpcplusbwp12t30p140lvtssg0p81v125c
                                  0.336000      36     12.096000  
INVD1P25BWP12T30P140LVT
                   tcbn28hpcplusbwp12t30p140lvtssg0p81v125c
                                  0.504000       4      2.016000  
INVD2BWP12T30P140LVT
                   tcbn28hpcplusbwp12t30p140lvtssg0p81v125c
                                  0.504000      42     21.168000  
INVD3BWP12T30P140LVT
                   tcbn28hpcplusbwp12t30p140lvtssg0p81v125c
                                  0.672000       6      4.032000  
IOA21D0BWP12T30P140LVT
                   tcbn28hpcplusbwp12t30p140lvtssg0p81v125c
                                  0.840000       8      6.720000  
MAOI22D0BWP12T30P140LVT
                   tcbn28hpcplusbwp12t30p140lvtssg0p81v125c
                                  1.008000       3      3.024000  
MOAI22D0BWP12T30P140LVT
                   tcbn28hpcplusbwp12t30p140lvtssg0p81v125c
                                  1.008000       1      1.008000  
MUX2ND0BWP12T30P140LVT
                   tcbn28hpcplusbwp12t30p140lvtssg0p81v125c
                                  1.008000      57     57.456001  
ND2D0BWP12T30P140LVT
                   tcbn28hpcplusbwp12t30p140lvtssg0p81v125c
                                  0.504000    4754   2396.016039  
ND2D1BWP12T30P140LVT
                   tcbn28hpcplusbwp12t30p140lvtssg0p81v125c
                                  0.504000      21     10.584000  
ND2D2BWP12T30P140LVT
                   tcbn28hpcplusbwp12t30p140lvtssg0p81v125c
                                  0.840000       3      2.520000  
ND2D3BWP12T30P140LVT
                   tcbn28hpcplusbwp12t30p140lvtssg0p81v125c
                                  1.176000       2      2.352000  
ND3D1BWP12T30P140LVT
                   tcbn28hpcplusbwp12t30p140lvtssg0p81v125c
                                  0.672000      54     36.288000  
ND4D1BWP12T30P140LVT
                   tcbn28hpcplusbwp12t30p140lvtssg0p81v125c
                                  0.840000      33     27.719999  
NR2D0BWP12T30P140LVT
                   tcbn28hpcplusbwp12t30p140lvtssg0p81v125c
                                  0.504000    4533   2284.632037  
NR2D1BWP12T30P140LVT
                   tcbn28hpcplusbwp12t30p140lvtssg0p81v125c
                                  0.504000      37     18.648000  
NR3D0BWP12T30P140LVT
                   tcbn28hpcplusbwp12t30p140lvtssg0p81v125c
                                  0.672000      33     22.176000  
NR4D0BWP12T30P140LVT
                   tcbn28hpcplusbwp12t30p140lvtssg0p81v125c
                                  0.840000      32     26.879999  
OA21D0BWP12T30P140LVT
                   tcbn28hpcplusbwp12t30p140lvtssg0p81v125c
                                  0.840000      37     31.079999  
OA22D1BWP12T30P140LVT
                   tcbn28hpcplusbwp12t30p140lvtssg0p81v125c
                                  1.176000       1      1.176000  
OA211D0BWP12T30P140LVT
                   tcbn28hpcplusbwp12t30p140lvtssg0p81v125c
                                  1.008000      37     37.296001  
OAI21D0BWP12T30P140LVT
                   tcbn28hpcplusbwp12t30p140lvtssg0p81v125c
                                  0.672000    2210   1485.119980  
OAI21D1BWP12T30P140LVT
                   tcbn28hpcplusbwp12t30p140lvtssg0p81v125c
                                  0.672000      34     22.848000  
OAI22D0BWP12T30P140LVT
                   tcbn28hpcplusbwp12t30p140lvtssg0p81v125c
                                  0.840000    6361   5343.239833  
OAI22D1BWP12T30P140LVT
                   tcbn28hpcplusbwp12t30p140lvtssg0p81v125c
                                  0.840000       3      2.520000  
OAI31D0BWP12T30P140LVT
                   tcbn28hpcplusbwp12t30p140lvtssg0p81v125c
                                  0.840000      32     26.879999  
OAI32D0BWP12T30P140LVT
                   tcbn28hpcplusbwp12t30p140lvtssg0p81v125c
                                  1.008000       1      1.008000  
OAI211D0BWP12T30P140LVT
                   tcbn28hpcplusbwp12t30p140lvtssg0p81v125c
                                  0.840000      32     26.879999  
OR2D1BWP12T30P140LVT
                   tcbn28hpcplusbwp12t30p140lvtssg0p81v125c
                                  0.672000     727    488.543993  
OR3D1BWP12T30P140LVT
                   tcbn28hpcplusbwp12t30p140lvtssg0p81v125c
                                  0.840000       2      1.680000  
OR4D1BWP12T30P140LVT
                   tcbn28hpcplusbwp12t30p140lvtssg0p81v125c
                                  1.008000       3      3.024000  
XNR2D0BWP12T30P140LVT
                   tcbn28hpcplusbwp12t30p140lvtssg0p81v125c
                                  1.344000    7333   9855.551867  
XNR2D1BWP12T30P140LVT
                   tcbn28hpcplusbwp12t30p140lvtssg0p81v125c
                                  1.344000      19     25.536000  
XNR2D2BWP12T30P140LVT
                   tcbn28hpcplusbwp12t30p140lvtssg0p81v125c
                                  1.512000       3      4.536000  
XNR2D4BWP12T30P140LVT
                   tcbn28hpcplusbwp12t30p140lvtssg0p81v125c
                                  2.688000       1      2.688000  
XOR2D1BWP12T30P140LVT
                   tcbn28hpcplusbwp12t30p140lvtssg0p81v125c
                                  1.344000       6      8.064000  
-----------------------------------------------------------------------------
Total 73 references                                 56686.391385

****************************************
Design: AvOutputQuantizer 
****************************************
Reference          Library       Unit Area   Count    Total Area   Attributes
-----------------------------------------------------------------------------
AN2D0BWP12T30P140LVT
                   tcbn28hpcplusbwp12t30p140lvtssg0p81v125c
                                  0.672000     145     97.439999  
AO21D0BWP12T30P140LVT
                   tcbn28hpcplusbwp12t30p140lvtssg0p81v125c
                                  0.840000      24     20.159999  
AO22D0BWP12T30P140LVT
                   tcbn28hpcplusbwp12t30p140lvtssg0p81v125c
                                  1.008000      31     31.248001  
AO31D0BWP12T30P140LVT
                   tcbn28hpcplusbwp12t30p140lvtssg0p81v125c
                                  1.008000       1      1.008000  
AO211D1BWP12T30P140LVT
                   tcbn28hpcplusbwp12t30p140lvtssg0p81v125c
                                  1.008000       1      1.008000  
AOI21D1BWP12T30P140LVT
                   tcbn28hpcplusbwp12t30p140lvtssg0p81v125c
                                  0.672000      67     45.023999  
AOI22D1BWP12T30P140LVT
                   tcbn28hpcplusbwp12t30p140lvtssg0p81v125c
                                  0.840000       2      1.680000  
AOI31D1BWP12T30P140LVT
                   tcbn28hpcplusbwp12t30p140lvtssg0p81v125c
                                  0.840000       4      3.360000  
AOI211D1BWP12T30P140LVT
                   tcbn28hpcplusbwp12t30p140lvtssg0p81v125c
                                  0.840000       5      4.200000  
CKMUX2D0BWP12T30P140LVT
                   tcbn28hpcplusbwp12t30p140lvtssg0p81v125c
                                  1.176000      32     37.632000  
CKXOR2D0BWP12T30P140LVT
                   tcbn28hpcplusbwp12t30p140lvtssg0p81v125c
                                  1.344000      55     73.919999  
DFQD1BWP12T30P140LVT
                   tcbn28hpcplusbwp12t30p140lvtssg0p81v125c
                                  2.520000     503   1267.559990  n
IAO21D1BWP12T30P140LVT
                   tcbn28hpcplusbwp12t30p140lvtssg0p81v125c
                                  0.840000       2      1.680000  
IND2D1BWP12T30P140LVT
                   tcbn28hpcplusbwp12t30p140lvtssg0p81v125c
                                  0.672000      19     12.768000  
IND3D1BWP12T30P140LVT
                   tcbn28hpcplusbwp12t30p140lvtssg0p81v125c
                                  0.840000       2      1.680000  
IND4D1BWP12T30P140LVT
                   tcbn28hpcplusbwp12t30p140lvtssg0p81v125c
                                  1.008000       2      2.016000  
INR2D1BWP12T30P140LVT
                   tcbn28hpcplusbwp12t30p140lvtssg0p81v125c
                                  0.672000      86     57.791999  
INR3D1BWP12T30P140LVT
                   tcbn28hpcplusbwp12t30p140lvtssg0p81v125c
                                  0.840000       2      1.680000  
INVD0BWP12T30P140LVT
                   tcbn28hpcplusbwp12t30p140lvtssg0p81v125c
                                  0.336000     351    117.935998  
INVD1BWP12T30P140LVT
                   tcbn28hpcplusbwp12t30p140lvtssg0p81v125c
                                  0.336000       1      0.336000  
IOA21D0BWP12T30P140LVT
                   tcbn28hpcplusbwp12t30p140lvtssg0p81v125c
                                  0.840000     138    115.919996  
MAOI222D0BWP12T30P140LVT
                   tcbn28hpcplusbwp12t30p140lvtssg0p81v125c
                                  1.008000       5      5.040000  
MUX2ND0BWP12T30P140LVT
                   tcbn28hpcplusbwp12t30p140lvtssg0p81v125c
                                  1.008000      21     21.168000  
ND2D0BWP12T30P140LVT
                   tcbn28hpcplusbwp12t30p140lvtssg0p81v125c
                                  0.504000     402    202.608003  
ND2D1BWP12T30P140LVT
                   tcbn28hpcplusbwp12t30p140lvtssg0p81v125c
                                  0.504000       1      0.504000  
ND3D1BWP12T30P140LVT
                   tcbn28hpcplusbwp12t30p140lvtssg0p81v125c
                                  0.672000      44     29.568000  
ND4D1BWP12T30P140LVT
                   tcbn28hpcplusbwp12t30p140lvtssg0p81v125c
                                  0.840000      24     20.159999  
NR2D0BWP12T30P140LVT
                   tcbn28hpcplusbwp12t30p140lvtssg0p81v125c
                                  0.504000     106     53.424001  
NR3D0BWP12T30P140LVT
                   tcbn28hpcplusbwp12t30p140lvtssg0p81v125c
                                  0.672000      11      7.392000  
NR4D0BWP12T30P140LVT
                   tcbn28hpcplusbwp12t30p140lvtssg0p81v125c
                                  0.840000      35     29.399999  
OA21D0BWP12T30P140LVT
                   tcbn28hpcplusbwp12t30p140lvtssg0p81v125c
                                  0.840000       3      2.520000  
OAI21D0BWP12T30P140LVT
                   tcbn28hpcplusbwp12t30p140lvtssg0p81v125c
                                  0.672000     421    282.911996  
OAI22D0BWP12T30P140LVT
                   tcbn28hpcplusbwp12t30p140lvtssg0p81v125c
                                  0.840000      36     30.239999  
OAI31D0BWP12T30P140LVT
                   tcbn28hpcplusbwp12t30p140lvtssg0p81v125c
                                  0.840000     168    141.119996  
OAI211D0BWP12T30P140LVT
                   tcbn28hpcplusbwp12t30p140lvtssg0p81v125c
                                  0.840000     190    159.599995  
OR2D1BWP12T30P140LVT
                   tcbn28hpcplusbwp12t30p140lvtssg0p81v125c
                                  0.672000      17     11.424000  
OR4D1BWP12T30P140LVT
                   tcbn28hpcplusbwp12t30p140lvtssg0p81v125c
                                  1.008000       3      3.024000  
XNR2D0BWP12T30P140LVT
                   tcbn28hpcplusbwp12t30p140lvtssg0p81v125c
                                  1.344000      54     72.575999  
XNR3D0BWP12T30P140LVT
                   tcbn28hpcplusbwp12t30p140lvtssg0p81v125c
                                  2.520000       2      5.040000  
-----------------------------------------------------------------------------
Total 39 references                                  2973.767968

****************************************
Design: DualKvDecompressionController 
****************************************
Reference          Library       Unit Area   Count    Total Area   Attributes
-----------------------------------------------------------------------------
AN2D0BWP12T30P140LVT
                   tcbn28hpcplusbwp12t30p140lvtssg0p81v125c
                                  0.672000     329    221.087997  
AN2D1BWP12T30P140LVT
                   tcbn28hpcplusbwp12t30p140lvtssg0p81v125c
                                  0.672000       5      3.360000  
AN3D0BWP12T30P140LVT
                   tcbn28hpcplusbwp12t30p140lvtssg0p81v125c
                                  0.840000       2      1.680000  
AO21D0BWP12T30P140LVT
                   tcbn28hpcplusbwp12t30p140lvtssg0p81v125c
                                  0.840000      26     21.839999  
AO22D0BWP12T30P140LVT
                   tcbn28hpcplusbwp12t30p140lvtssg0p81v125c
                                  1.008000     902    909.216015  
AO211D1BWP12T30P140LVT
                   tcbn28hpcplusbwp12t30p140lvtssg0p81v125c
                                  1.008000       1      1.008000  
AO221D1BWP12T30P140LVT
                   tcbn28hpcplusbwp12t30p140lvtssg0p81v125c
                                  1.344000       1      1.344000  
AOI21D1BWP12T30P140LVT
                   tcbn28hpcplusbwp12t30p140lvtssg0p81v125c
                                  0.672000      74     49.727999  
AOI21OPTPBD1BWP12T30P140LVT
                   tcbn28hpcplusbwp12t30p140lvtssg0p81v125c
                                  1.008000       2      2.016000  
AOI21OPTPBD2BWP12T30P140LVT
                   tcbn28hpcplusbwp12t30p140lvtssg0p81v125c
                                  1.848000       1      1.848000  
AOI21OPTREPBD1BWP12T30P140LVT
                   tcbn28hpcplusbwp12t30p140lvtssg0p81v125c
                                  1.008000       1      1.008000  
AOI22D1BWP12T30P140LVT
                   tcbn28hpcplusbwp12t30p140lvtssg0p81v125c
                                  0.840000      55     46.199999  
AOI32D0BWP12T30P140LVT
                   tcbn28hpcplusbwp12t30p140lvtssg0p81v125c
                                  1.008000      16     16.128000  
AOI211D1BWP12T30P140LVT
                   tcbn28hpcplusbwp12t30p140lvtssg0p81v125c
                                  0.840000      15     12.600000  
AOI211OPTREPBD1BWP12T30P140LVT
                   tcbn28hpcplusbwp12t30p140lvtssg0p81v125c
                                  1.512000       1      1.512000  
AOI221D0BWP12T30P140LVT
                   tcbn28hpcplusbwp12t30p140lvtssg0p81v125c
                                  1.008000     324    326.592005  
AOI221D1BWP12T30P140LVT
                   tcbn28hpcplusbwp12t30p140lvtssg0p81v125c
                                  1.008000       5      5.040000  
AOI222D1BWP12T30P140LVT
                   tcbn28hpcplusbwp12t30p140lvtssg0p81v125c
                                  1.344000       5      6.720000  
BUFFD0BWP12T30P140LVT
                   tcbn28hpcplusbwp12t30p140lvtssg0p81v125c
                                  0.504000       3      1.512000  
BUFFD1BWP12T30P140LVT
                   tcbn28hpcplusbwp12t30p140lvtssg0p81v125c
                                  0.504000       3      1.512000  
BUFFD2BWP12T30P140LVT
                   tcbn28hpcplusbwp12t30p140lvtssg0p81v125c
                                  0.672000       2      1.344000  
BUFFD6BWP12T30P140LVT
                   tcbn28hpcplusbwp12t30p140lvtssg0p81v125c
                                  1.512000       1      1.512000  
CKMUX2D0BWP12T30P140LVT
                   tcbn28hpcplusbwp12t30p140lvtssg0p81v125c
                                  1.176000      80     94.080000  
CKND2D1BWP12T30P140LVT
                   tcbn28hpcplusbwp12t30p140lvtssg0p81v125c
                                  0.504000      10      5.040000  
CKND2D2BWP12T30P140LVT
                   tcbn28hpcplusbwp12t30p140lvtssg0p81v125c
                                  0.840000       4      3.360000  
CKND2D3BWP12T30P140LVT
                   tcbn28hpcplusbwp12t30p140lvtssg0p81v125c
                                  1.176000       2      2.352000  
CKXOR2D0BWP12T30P140LVT
                   tcbn28hpcplusbwp12t30p140lvtssg0p81v125c
                                  1.344000      51     68.543999  
CKXOR2D1BWP12T30P140LVT
                   tcbn28hpcplusbwp12t30p140lvtssg0p81v125c
                                  1.344000      15     20.160000  
DFCNQD1BWP12T30P140LVT
                   tcbn28hpcplusbwp12t30p140lvtssg0p81v125c
                                  3.024000       1      3.024000  n
DFQD1BWP12T30P140LVT
                   tcbn28hpcplusbwp12t30p140lvtssg0p81v125c
                                  2.520000     987   2487.239981  n
DFQD2BWP12T30P140LVT
                   tcbn28hpcplusbwp12t30p140lvtssg0p81v125c
                                  2.520000       1      2.520000  n
DFQD4BWP12T30P140LVT
                   tcbn28hpcplusbwp12t30p140lvtssg0p81v125c
                                  3.024000       4     12.096000  n
DecompressionPipelineController
                              16692.815887       1  16692.815887  h, n
DecompressionPipelineController_1
                              16626.455878       1  16626.455878  h, n
FA1D0BWP12T30P140LVT
                   tcbn28hpcplusbwp12t30p140lvtssg0p81v125c
                                  2.856000     124    354.143993  r
FA1D1BWP12T30P140LVT
                   tcbn28hpcplusbwp12t30p140lvtssg0p81v125c
                                  2.856000     185    528.359990  r
FA1D2BWP12T30P140LVT
                   tcbn28hpcplusbwp12t30p140lvtssg0p81v125c
                                  3.192000       1      3.192000  r
FA1OPTCD1BWP12T30P140LVT
                   tcbn28hpcplusbwp12t30p140lvtssg0p81v125c
                                  3.360000       3     10.080000  r
FA1OPTCD2BWP12T30P140LVT
                   tcbn28hpcplusbwp12t30p140lvtssg0p81v125c
                                  4.032000      13     52.416001  r
HA1D0BWP12T30P140LVT
                   tcbn28hpcplusbwp12t30p140lvtssg0p81v125c
                                  2.184000      23     50.232000  r
HA1D1BWP12T30P140LVT
                   tcbn28hpcplusbwp12t30p140lvtssg0p81v125c
                                  2.184000       8     17.472000  r
HA1D2BWP12T30P140LVT
                   tcbn28hpcplusbwp12t30p140lvtssg0p81v125c
                                  2.520000       4     10.080000  r
HA1D4BWP12T30P140LVT
                   tcbn28hpcplusbwp12t30p140lvtssg0p81v125c
                                  3.864000       2      7.728000  r
IAO21D1BWP12T30P140LVT
                   tcbn28hpcplusbwp12t30p140lvtssg0p81v125c
                                  0.840000      25     20.999999  
IND4D1BWP12T30P140LVT
                   tcbn28hpcplusbwp12t30p140lvtssg0p81v125c
                                  1.008000       2      2.016000  
INR2D1BWP12T30P140LVT
                   tcbn28hpcplusbwp12t30p140lvtssg0p81v125c
                                  0.672000      18     12.096000  
INR2D2BWP12T30P140LVT
                   tcbn28hpcplusbwp12t30p140lvtssg0p81v125c
                                  1.008000       5      5.040000  
INR2D4BWP12T30P140LVT
                   tcbn28hpcplusbwp12t30p140lvtssg0p81v125c
                                  1.848000       3      5.544000  
INR3D1BWP12T30P140LVT
                   tcbn28hpcplusbwp12t30p140lvtssg0p81v125c
                                  0.840000       9      7.560000  
INVD0BWP12T30P140LVT
                   tcbn28hpcplusbwp12t30p140lvtssg0p81v125c
                                  0.336000     310    104.159999  
INVD1BWP12T30P140LVT
                   tcbn28hpcplusbwp12t30p140lvtssg0p81v125c
                                  0.336000      21      7.056000  
INVD2BWP12T30P140LVT
                   tcbn28hpcplusbwp12t30p140lvtssg0p81v125c
                                  0.504000       7      3.528000  
INVD3BWP12T30P140LVT
                   tcbn28hpcplusbwp12t30p140lvtssg0p81v125c
                                  0.672000       2      1.344000  
INVD6BWP12T30P140LVT
                   tcbn28hpcplusbwp12t30p140lvtssg0p81v125c
                                  1.176000       1      1.176000  
IOA21D0BWP12T30P140LVT
                   tcbn28hpcplusbwp12t30p140lvtssg0p81v125c
                                  0.840000       9      7.560000  
IOA21D1BWP12T30P140LVT
                   tcbn28hpcplusbwp12t30p140lvtssg0p81v125c
                                  0.840000       1      0.840000  
MAOI22D0BWP12T30P140LVT
                   tcbn28hpcplusbwp12t30p140lvtssg0p81v125c
                                  1.008000      37     37.296001  
MAOI222D0BWP12T30P140LVT
                   tcbn28hpcplusbwp12t30p140lvtssg0p81v125c
                                  1.008000       2      2.016000  
MOAI22D0BWP12T30P140LVT
                   tcbn28hpcplusbwp12t30p140lvtssg0p81v125c
                                  1.008000      12     12.096000  
MUX2ND0BWP12T30P140LVT
                   tcbn28hpcplusbwp12t30p140lvtssg0p81v125c
                                  1.008000     322    324.576005  
MUX2ND1BWP12T30P140LVT
                   tcbn28hpcplusbwp12t30p140lvtssg0p81v125c
                                  1.680000       1      1.680000  
ND2D0BWP12T30P140LVT
                   tcbn28hpcplusbwp12t30p140lvtssg0p81v125c
                                  0.504000     127     64.008001  
ND2D1BWP12T30P140LVT
                   tcbn28hpcplusbwp12t30p140lvtssg0p81v125c
                                  0.504000      20     10.080000  
ND2D2BWP12T30P140LVT
                   tcbn28hpcplusbwp12t30p140lvtssg0p81v125c
                                  0.840000       3      2.520000  
ND2OPTPAD1BWP12T30P140LVT
                   tcbn28hpcplusbwp12t30p140lvtssg0p81v125c
                                  0.840000       7      5.880000  
ND2OPTPAD2BWP12T30P140LVT
                   tcbn28hpcplusbwp12t30p140lvtssg0p81v125c
                                  1.512000       5      7.560000  
ND3D1BWP12T30P140LVT
                   tcbn28hpcplusbwp12t30p140lvtssg0p81v125c
                                  0.672000      13      8.736000  
ND4D1BWP12T30P140LVT
                   tcbn28hpcplusbwp12t30p140lvtssg0p81v125c
                                  0.840000      31     26.039999  
NR2D0BWP12T30P140LVT
                   tcbn28hpcplusbwp12t30p140lvtssg0p81v125c
                                  0.504000     115     57.960001  
NR2D1BWP12T30P140LVT
                   tcbn28hpcplusbwp12t30p140lvtssg0p81v125c
                                  0.504000      12      6.048000  
NR2D2BWP12T30P140LVT
                   tcbn28hpcplusbwp12t30p140lvtssg0p81v125c
                                  0.840000       1      0.840000  
NR2OPTPAD1BWP12T30P140LVT
                   tcbn28hpcplusbwp12t30p140lvtssg0p81v125c
                                  0.672000       1      0.672000  
NR2OPTPAD2BWP12T30P140LVT
                   tcbn28hpcplusbwp12t30p140lvtssg0p81v125c
                                  1.176000       3      3.528000  
NR3D0BWP12T30P140LVT
                   tcbn28hpcplusbwp12t30p140lvtssg0p81v125c
                                  0.672000      14      9.408000  
NR4D0BWP12T30P140LVT
                   tcbn28hpcplusbwp12t30p140lvtssg0p81v125c
                                  0.840000      47     39.479999  
OA22D1BWP12T30P140LVT
                   tcbn28hpcplusbwp12t30p140lvtssg0p81v125c
                                  1.176000      64     75.264000  
OA31D0BWP12T30P140LVT
                   tcbn28hpcplusbwp12t30p140lvtssg0p81v125c
                                  1.008000       2      2.016000  
OAI21D0BWP12T30P140LVT
                   tcbn28hpcplusbwp12t30p140lvtssg0p81v125c
                                  0.672000     110     73.919999  
OAI21D1BWP12T30P140LVT
                   tcbn28hpcplusbwp12t30p140lvtssg0p81v125c
                                  0.672000       4      2.688000  
OAI21D2BWP12T30P140LVT
                   tcbn28hpcplusbwp12t30p140lvtssg0p81v125c
                                  1.176000       1      1.176000  
OAI21OPTPBD1BWP12T30P140LVT
                   tcbn28hpcplusbwp12t30p140lvtssg0p81v125c
                                  1.008000       1      1.008000  
OAI21OPTREPBD1BWP12T30P140LVT
                   tcbn28hpcplusbwp12t30p140lvtssg0p81v125c
                                  1.008000       1      1.008000  
OAI22D0BWP12T30P140LVT
                   tcbn28hpcplusbwp12t30p140lvtssg0p81v125c
                                  0.840000     158    132.719996  
OAI22D1BWP12T30P140LVT
                   tcbn28hpcplusbwp12t30p140lvtssg0p81v125c
                                  0.840000       3      2.520000  
OAI22OPTPBD1BWP12T30P140LVT
                   tcbn28hpcplusbwp12t30p140lvtssg0p81v125c
                                  1.344000       1      1.344000  
OAI31D0BWP12T30P140LVT
                   tcbn28hpcplusbwp12t30p140lvtssg0p81v125c
                                  0.840000      17     14.280000  
OAI31D1BWP12T30P140LVT
                   tcbn28hpcplusbwp12t30p140lvtssg0p81v125c
                                  0.840000       1      0.840000  
OAI32D0BWP12T30P140LVT
                   tcbn28hpcplusbwp12t30p140lvtssg0p81v125c
                                  1.008000      34     34.272001  
OAI211D0BWP12T30P140LVT
                   tcbn28hpcplusbwp12t30p140lvtssg0p81v125c
                                  0.840000      24     20.159999  
OAI221D0BWP12T30P140LVT
                   tcbn28hpcplusbwp12t30p140lvtssg0p81v125c
                                  1.176000       3      3.528000  
OAI222D0BWP12T30P140LVT
                   tcbn28hpcplusbwp12t30p140lvtssg0p81v125c
                                  1.344000      30     40.319999  
OR2D1BWP12T30P140LVT
                   tcbn28hpcplusbwp12t30p140lvtssg0p81v125c
                                  0.672000      26     17.472000  
OR3D1BWP12T30P140LVT
                   tcbn28hpcplusbwp12t30p140lvtssg0p81v125c
                                  0.840000       2      1.680000  
OR4D1BWP12T30P140LVT
                   tcbn28hpcplusbwp12t30p140lvtssg0p81v125c
                                  1.008000       1      1.008000  
TIEHBWP12T30P140LVT
                   tcbn28hpcplusbwp12t30p140lvtssg0p81v125c
                                  0.336000       1      0.336000  
XNR2D0BWP12T30P140LVT
                   tcbn28hpcplusbwp12t30p140lvtssg0p81v125c
                                  1.344000      17     22.848000  
XNR2D1BWP12T30P140LVT
                   tcbn28hpcplusbwp12t30p140lvtssg0p81v125c
                                  1.344000       3      4.032000  
XOR2D1BWP12T30P140LVT
                   tcbn28hpcplusbwp12t30p140lvtssg0p81v125c
                                  1.344000       3      4.032000  
XOR2D2BWP12T30P140LVT
                   tcbn28hpcplusbwp12t30p140lvtssg0p81v125c
                                  1.512000       4      6.048000  
XOR2OPTND4BWP12T30P140LVT
                   tcbn28hpcplusbwp12t30p140lvtssg0p81v125c
                                  4.032000       1      4.032000  
XOR2OPTND6BWP12T30P140LVT
                   tcbn28hpcplusbwp12t30p140lvtssg0p81v125c
                                  5.208000       1      5.208000  
XOR3D1BWP12T30P140LVT
                   tcbn28hpcplusbwp12t30p140lvtssg0p81v125c
                                  2.520000      11     27.720000  
-----------------------------------------------------------------------------
Total 102 references                                39987.023739

****************************************
Design: DecompressionPipelineController 
****************************************
Reference          Library       Unit Area   Count    Total Area   Attributes
-----------------------------------------------------------------------------
AN2D0BWP12T30P140LVT
                   tcbn28hpcplusbwp12t30p140lvtssg0p81v125c
                                  0.672000      14      9.408000  
AN2D1BWP12T30P140LVT
                   tcbn28hpcplusbwp12t30p140lvtssg0p81v125c
                                  0.672000       4      2.688000  
AN3D0BWP12T30P140LVT
                   tcbn28hpcplusbwp12t30p140lvtssg0p81v125c
                                  0.840000       3      2.520000  
AN4D0BWP12T30P140LVT
                   tcbn28hpcplusbwp12t30p140lvtssg0p81v125c
                                  1.008000       2      2.016000  
AO21D0BWP12T30P140LVT
                   tcbn28hpcplusbwp12t30p140lvtssg0p81v125c
                                  0.840000      14     11.760000  
AO21D2BWP12T30P140LVT
                   tcbn28hpcplusbwp12t30p140lvtssg0p81v125c
                                  1.008000       1      1.008000  
AO22D0BWP12T30P140LVT
                   tcbn28hpcplusbwp12t30p140lvtssg0p81v125c
                                  1.008000     606    610.848010  
AO22D1BWP12T30P140LVT
                   tcbn28hpcplusbwp12t30p140lvtssg0p81v125c
                                  1.176000       1      1.176000  
AO32D0BWP12T30P140LVT
                   tcbn28hpcplusbwp12t30p140lvtssg0p81v125c
                                  1.344000       1      1.344000  
AO211D1BWP12T30P140LVT
                   tcbn28hpcplusbwp12t30p140lvtssg0p81v125c
                                  1.008000       2      2.016000  
AO222D0BWP12T30P140LVT
                   tcbn28hpcplusbwp12t30p140lvtssg0p81v125c
                                  1.512000       8     12.096000  
AOI21D1BWP12T30P140LVT
                   tcbn28hpcplusbwp12t30p140lvtssg0p81v125c
                                  0.672000     436    292.991996  
AOI21D4BWP12T30P140LVT
                   tcbn28hpcplusbwp12t30p140lvtssg0p81v125c
                                  2.352000       1      2.352000  
AOI22D1BWP12T30P140LVT
                   tcbn28hpcplusbwp12t30p140lvtssg0p81v125c
                                  0.840000     106     89.039997  
AOI32D0BWP12T30P140LVT
                   tcbn28hpcplusbwp12t30p140lvtssg0p81v125c
                                  1.008000       2      2.016000  
AOI33D0BWP12T30P140LVT
                   tcbn28hpcplusbwp12t30p140lvtssg0p81v125c
                                  1.176000       1      1.176000  
AOI211D1BWP12T30P140LVT
                   tcbn28hpcplusbwp12t30p140lvtssg0p81v125c
                                  0.840000      19     15.960000  
AOI221D0BWP12T30P140LVT
                   tcbn28hpcplusbwp12t30p140lvtssg0p81v125c
                                  1.008000     298    300.384005  
AOI221D1BWP12T30P140LVT
                   tcbn28hpcplusbwp12t30p140lvtssg0p81v125c
                                  1.008000       3      3.024000  
AOI221D2BWP12T30P140LVT
                   tcbn28hpcplusbwp12t30p140lvtssg0p81v125c
                                  2.016000       1      2.016000  
AOI222D1BWP12T30P140LVT
                   tcbn28hpcplusbwp12t30p140lvtssg0p81v125c
                                  1.344000      15     20.160000  
BUFFD0BWP12T30P140LVT
                   tcbn28hpcplusbwp12t30p140lvtssg0p81v125c
                                  0.504000       3      1.512000  
BUFFD1BWP12T30P140LVT
                   tcbn28hpcplusbwp12t30p140lvtssg0p81v125c
                                  0.504000       4      2.016000  
BUFFD4BWP12T30P140LVT
                   tcbn28hpcplusbwp12t30p140lvtssg0p81v125c
                                  1.176000       1      1.176000  
CKMUX2D0BWP12T30P140LVT
                   tcbn28hpcplusbwp12t30p140lvtssg0p81v125c
                                  1.176000      82     96.432000  
CKND2BWP12T30P140LVT
                   tcbn28hpcplusbwp12t30p140lvtssg0p81v125c
                                  0.504000       1      0.504000  
CKND2D1BWP12T30P140LVT
                   tcbn28hpcplusbwp12t30p140lvtssg0p81v125c
                                  0.504000       3      1.512000  
CKND2D2BWP12T30P140LVT
                   tcbn28hpcplusbwp12t30p140lvtssg0p81v125c
                                  0.840000       2      1.680000  
CKND12BWP12T30P140LVT
                   tcbn28hpcplusbwp12t30p140lvtssg0p81v125c
                                  2.184000       1      2.184000  
CKXOR2D0BWP12T30P140LVT
                   tcbn28hpcplusbwp12t30p140lvtssg0p81v125c
                                  1.344000       5      6.720000  
CKXOR2D1BWP12T30P140LVT
                   tcbn28hpcplusbwp12t30p140lvtssg0p81v125c
                                  1.344000      11     14.784000  
DFQD1BWP12T30P140LVT
                   tcbn28hpcplusbwp12t30p140lvtssg0p81v125c
                                  2.520000     683   1721.159987  n
DFQD2BWP12T30P140LVT
                   tcbn28hpcplusbwp12t30p140lvtssg0p81v125c
                                  2.520000       5     12.600000  n
FA1D0BWP12T30P140LVT
                   tcbn28hpcplusbwp12t30p140lvtssg0p81v125c
                                  2.856000     311    888.215983  r
FA1D1BWP12T30P140LVT
                   tcbn28hpcplusbwp12t30p140lvtssg0p81v125c
                                  2.856000     363   1036.727981  r
FA1OPTCD1BWP12T30P140LVT
                   tcbn28hpcplusbwp12t30p140lvtssg0p81v125c
                                  3.360000      13     43.679999  r
FA1OPTCD2BWP12T30P140LVT
                   tcbn28hpcplusbwp12t30p140lvtssg0p81v125c
                                  4.032000      29    116.928002  r
HA1D0BWP12T30P140LVT
                   tcbn28hpcplusbwp12t30p140lvtssg0p81v125c
                                  2.184000      57    124.488001  r
HA1D1BWP12T30P140LVT
                   tcbn28hpcplusbwp12t30p140lvtssg0p81v125c
                                  2.184000      23     50.232000  r
HA1D2BWP12T30P140LVT
                   tcbn28hpcplusbwp12t30p140lvtssg0p81v125c
                                  2.520000       1      2.520000  r
HA1D4BWP12T30P140LVT
                   tcbn28hpcplusbwp12t30p140lvtssg0p81v125c
                                  3.864000       2      7.728000  r
IAO21D1BWP12T30P140LVT
                   tcbn28hpcplusbwp12t30p140lvtssg0p81v125c
                                  0.840000      52     43.679999  
IND2D1BWP12T30P140LVT
                   tcbn28hpcplusbwp12t30p140lvtssg0p81v125c
                                  0.672000       3      2.016000  
IND3D1BWP12T30P140LVT
                   tcbn28hpcplusbwp12t30p140lvtssg0p81v125c
                                  0.840000       1      0.840000  
INR2D1BWP12T30P140LVT
                   tcbn28hpcplusbwp12t30p140lvtssg0p81v125c
                                  0.672000      18     12.096000  
INR2D2BWP12T30P140LVT
                   tcbn28hpcplusbwp12t30p140lvtssg0p81v125c
                                  1.008000       1      1.008000  
INR2D4BWP12T30P140LVT
                   tcbn28hpcplusbwp12t30p140lvtssg0p81v125c
                                  1.848000       1      1.848000  
INR3D1BWP12T30P140LVT
                   tcbn28hpcplusbwp12t30p140lvtssg0p81v125c
                                  0.840000       9      7.560000  
INVD0BWP12T30P140LVT
                   tcbn28hpcplusbwp12t30p140lvtssg0p81v125c
                                  0.336000     438    147.167998  
INVD1BWP12T30P140LVT
                   tcbn28hpcplusbwp12t30p140lvtssg0p81v125c
                                  0.336000      40     13.440000  
INVD2BWP12T30P140LVT
                   tcbn28hpcplusbwp12t30p140lvtssg0p81v125c
                                  0.504000       4      2.016000  
INVD3BWP12T30P140LVT
                   tcbn28hpcplusbwp12t30p140lvtssg0p81v125c
                                  0.672000       1      0.672000  
INVD4BWP12T30P140LVT
                   tcbn28hpcplusbwp12t30p140lvtssg0p81v125c
                                  0.840000       1      0.840000  
IOA21D0BWP12T30P140LVT
                   tcbn28hpcplusbwp12t30p140lvtssg0p81v125c
                                  0.840000      14     11.760000  
KvStreamDequantizer            8979.599930       1   8979.599930  h, n
MAOI22D0BWP12T30P140LVT
                   tcbn28hpcplusbwp12t30p140lvtssg0p81v125c
                                  1.008000      58     58.464001  
MOAI22D0BWP12T30P140LVT
                   tcbn28hpcplusbwp12t30p140lvtssg0p81v125c
                                  1.008000       3      3.024000  
MUX2ND0BWP12T30P140LVT
                   tcbn28hpcplusbwp12t30p140lvtssg0p81v125c
                                  1.008000     678    683.424011  
MUX2ND1BWP12T30P140LVT
                   tcbn28hpcplusbwp12t30p140lvtssg0p81v125c
                                  1.680000       1      1.680000  
ND2D0BWP12T30P140LVT
                   tcbn28hpcplusbwp12t30p140lvtssg0p81v125c
                                  0.504000     204    102.816002  
ND2D1BWP12T30P140LVT
                   tcbn28hpcplusbwp12t30p140lvtssg0p81v125c
                                  0.504000      18      9.072000  
ND2OPTPAD1BWP12T30P140LVT
                   tcbn28hpcplusbwp12t30p140lvtssg0p81v125c
                                  0.840000       1      0.840000  
ND3D1BWP12T30P140LVT
                   tcbn28hpcplusbwp12t30p140lvtssg0p81v125c
                                  0.672000      17     11.424000  
ND3OPTPAD1BWP12T30P140LVT
                   tcbn28hpcplusbwp12t30p140lvtssg0p81v125c
                                  1.176000       1      1.176000  
ND4D1BWP12T30P140LVT
                   tcbn28hpcplusbwp12t30p140lvtssg0p81v125c
                                  0.840000      26     21.839999  
NR2D0BWP12T30P140LVT
                   tcbn28hpcplusbwp12t30p140lvtssg0p81v125c
                                  0.504000     233    117.432002  
NR2D1BWP12T30P140LVT
                   tcbn28hpcplusbwp12t30p140lvtssg0p81v125c
                                  0.504000      21     10.584000  
NR2D3BWP12T30P140LVT
                   tcbn28hpcplusbwp12t30p140lvtssg0p81v125c
                                  1.176000       1      1.176000  
NR2OPTPAD1BWP12T30P140LVT
                   tcbn28hpcplusbwp12t30p140lvtssg0p81v125c
                                  0.672000       1      0.672000  
NR2OPTPAD2BWP12T30P140LVT
                   tcbn28hpcplusbwp12t30p140lvtssg0p81v125c
                                  1.176000       1      1.176000  
NR3D0BWP12T30P140LVT
                   tcbn28hpcplusbwp12t30p140lvtssg0p81v125c
                                  0.672000      16     10.752000  
NR4D0BWP12T30P140LVT
                   tcbn28hpcplusbwp12t30p140lvtssg0p81v125c
                                  0.840000      34     28.559999  
OA21D0BWP12T30P140LVT
                   tcbn28hpcplusbwp12t30p140lvtssg0p81v125c
                                  0.840000       8      6.720000  
OA22D1BWP12T30P140LVT
                   tcbn28hpcplusbwp12t30p140lvtssg0p81v125c
                                  1.176000      16     18.816000  
OA221D0BWP12T30P140LVT
                   tcbn28hpcplusbwp12t30p140lvtssg0p81v125c
                                  1.344000       3      4.032000  
OAI21D0BWP12T30P140LVT
                   tcbn28hpcplusbwp12t30p140lvtssg0p81v125c
                                  0.672000     155    104.159999  
OAI21D1BWP12T30P140LVT
                   tcbn28hpcplusbwp12t30p140lvtssg0p81v125c
                                  0.672000       1      0.672000  
OAI21OPTREPBD1BWP12T30P140LVT
                   tcbn28hpcplusbwp12t30p140lvtssg0p81v125c
                                  1.008000       2      2.016000  
OAI22D0BWP12T30P140LVT
                   tcbn28hpcplusbwp12t30p140lvtssg0p81v125c
                                  0.840000     129    108.359997  
OAI31D0BWP12T30P140LVT
                   tcbn28hpcplusbwp12t30p140lvtssg0p81v125c
                                  0.840000      22     18.479999  
OAI31D2BWP12T30P140LVT
                   tcbn28hpcplusbwp12t30p140lvtssg0p81v125c
                                  1.512000       1      1.512000  
OAI32D0BWP12T30P140LVT
                   tcbn28hpcplusbwp12t30p140lvtssg0p81v125c
                                  1.008000      98     98.784002  
OAI211D0BWP12T30P140LVT
                   tcbn28hpcplusbwp12t30p140lvtssg0p81v125c
                                  0.840000      53     44.519999  
OAI222D0BWP12T30P140LVT
                   tcbn28hpcplusbwp12t30p140lvtssg0p81v125c
                                  1.344000     329    442.175994  
OR2D1BWP12T30P140LVT
                   tcbn28hpcplusbwp12t30p140lvtssg0p81v125c
                                  0.672000       9      6.048000  
OR3D1BWP12T30P140LVT
                   tcbn28hpcplusbwp12t30p140lvtssg0p81v125c
                                  0.840000       7      5.880000  
OR4D1BWP12T30P140LVT
                   tcbn28hpcplusbwp12t30p140lvtssg0p81v125c
                                  1.008000       1      1.008000  
XNR2D0BWP12T30P140LVT
                   tcbn28hpcplusbwp12t30p140lvtssg0p81v125c
                                  1.344000       5      6.720000  
XNR2D1BWP12T30P140LVT
                   tcbn28hpcplusbwp12t30p140lvtssg0p81v125c
                                  1.344000       3      4.032000  
XOR2D1BWP12T30P140LVT
                   tcbn28hpcplusbwp12t30p140lvtssg0p81v125c
                                  1.344000       1      1.344000  
XOR2D2BWP12T30P140LVT
                   tcbn28hpcplusbwp12t30p140lvtssg0p81v125c
                                  1.512000       1      1.512000  
XOR3D0BWP12T30P140LVT
                   tcbn28hpcplusbwp12t30p140lvtssg0p81v125c
                                  2.520000       1      2.520000  
XOR3D1BWP12T30P140LVT
                   tcbn28hpcplusbwp12t30p140lvtssg0p81v125c
                                  2.520000       1      2.520000  
XOR4D0BWP12T30P140LVT
                   tcbn28hpcplusbwp12t30p140lvtssg0p81v125c
                                  3.528000       1      3.528000  
-----------------------------------------------------------------------------
Total 94 references                                 16692.815887

****************************************
Design: KvStreamDequantizer 
****************************************
Reference          Library       Unit Area   Count    Total Area   Attributes
-----------------------------------------------------------------------------
AN2D0BWP12T30P140LVT
                   tcbn28hpcplusbwp12t30p140lvtssg0p81v125c
                                  0.672000       5      3.360000  
AO21D0BWP12T30P140LVT
                   tcbn28hpcplusbwp12t30p140lvtssg0p81v125c
                                  0.840000       3      2.520000  
AO22D0BWP12T30P140LVT
                   tcbn28hpcplusbwp12t30p140lvtssg0p81v125c
                                  1.008000       3      3.024000  
AO211D1BWP12T30P140LVT
                   tcbn28hpcplusbwp12t30p140lvtssg0p81v125c
                                  1.008000       3      3.024000  
AO222D0BWP12T30P140LVT
                   tcbn28hpcplusbwp12t30p140lvtssg0p81v125c
                                  1.512000       2      3.024000  
AOI21D1BWP12T30P140LVT
                   tcbn28hpcplusbwp12t30p140lvtssg0p81v125c
                                  0.672000      41     27.552000  
AOI22D1BWP12T30P140LVT
                   tcbn28hpcplusbwp12t30p140lvtssg0p81v125c
                                  0.840000     104     87.359997  
AOI31D1BWP12T30P140LVT
                   tcbn28hpcplusbwp12t30p140lvtssg0p81v125c
                                  0.840000       2      1.680000  
AOI32D0BWP12T30P140LVT
                   tcbn28hpcplusbwp12t30p140lvtssg0p81v125c
                                  1.008000      61     61.488001  
AOI211D1BWP12T30P140LVT
                   tcbn28hpcplusbwp12t30p140lvtssg0p81v125c
                                  0.840000      18     15.120000  
AOI221D0BWP12T30P140LVT
                   tcbn28hpcplusbwp12t30p140lvtssg0p81v125c
                                  1.008000      16     16.128000  
BufferedPackMetadataDequantizer
                               4802.615965       1   4802.615965  h, n
CKMUX2D0BWP12T30P140LVT
                   tcbn28hpcplusbwp12t30p140lvtssg0p81v125c
                                  1.176000       1      1.176000  
DFQD1BWP12T30P140LVT
                   tcbn28hpcplusbwp12t30p140lvtssg0p81v125c
                                  2.520000     172    433.439997  n
DynamicBitUnpacker             3033.575976       1   3033.575976  h, n
IIND4D1BWP12T30P140LVT
                   tcbn28hpcplusbwp12t30p140lvtssg0p81v125c
                                  1.344000       1      1.344000  
IND2D1BWP12T30P140LVT
                   tcbn28hpcplusbwp12t30p140lvtssg0p81v125c
                                  0.672000       1      0.672000  
IND3D1BWP12T30P140LVT
                   tcbn28hpcplusbwp12t30p140lvtssg0p81v125c
                                  0.840000       3      2.520000  
IND4D1BWP12T30P140LVT
                   tcbn28hpcplusbwp12t30p140lvtssg0p81v125c
                                  1.008000       1      1.008000  
INR3D1BWP12T30P140LVT
                   tcbn28hpcplusbwp12t30p140lvtssg0p81v125c
                                  0.840000       8      6.720000  
INR4D0BWP12T30P140LVT
                   tcbn28hpcplusbwp12t30p140lvtssg0p81v125c
                                  1.008000       1      1.008000  
INVD0BWP12T30P140LVT
                   tcbn28hpcplusbwp12t30p140lvtssg0p81v125c
                                  0.336000     125     41.999999  
INVD1BWP12T30P140LVT
                   tcbn28hpcplusbwp12t30p140lvtssg0p81v125c
                                  0.336000       1      0.336000  
IOA21D0BWP12T30P140LVT
                   tcbn28hpcplusbwp12t30p140lvtssg0p81v125c
                                  0.840000      18     15.120000  
MAOI22D0BWP12T30P140LVT
                   tcbn28hpcplusbwp12t30p140lvtssg0p81v125c
                                  1.008000       6      6.048000  
MAOI222D0BWP12T30P140LVT
                   tcbn28hpcplusbwp12t30p140lvtssg0p81v125c
                                  1.008000      28     28.224000  
MOAI22D0BWP12T30P140LVT
                   tcbn28hpcplusbwp12t30p140lvtssg0p81v125c
                                  1.008000       6      6.048000  
MUX2ND0BWP12T30P140LVT
                   tcbn28hpcplusbwp12t30p140lvtssg0p81v125c
                                  1.008000      20     20.160000  
ND2D0BWP12T30P140LVT
                   tcbn28hpcplusbwp12t30p140lvtssg0p81v125c
                                  0.504000     118     59.472001  
ND3D1BWP12T30P140LVT
                   tcbn28hpcplusbwp12t30p140lvtssg0p81v125c
                                  0.672000      10      6.720000  
ND4D1BWP12T30P140LVT
                   tcbn28hpcplusbwp12t30p140lvtssg0p81v125c
                                  0.840000      12     10.080000  
NR2D0BWP12T30P140LVT
                   tcbn28hpcplusbwp12t30p140lvtssg0p81v125c
                                  0.504000      77     38.808001  
NR3D0BWP12T30P140LVT
                   tcbn28hpcplusbwp12t30p140lvtssg0p81v125c
                                  0.672000      30     20.160000  
NR4D0BWP12T30P140LVT
                   tcbn28hpcplusbwp12t30p140lvtssg0p81v125c
                                  0.840000      31     26.039999  
OA31D0BWP12T30P140LVT
                   tcbn28hpcplusbwp12t30p140lvtssg0p81v125c
                                  1.008000       1      1.008000  
OA221D0BWP12T30P140LVT
                   tcbn28hpcplusbwp12t30p140lvtssg0p81v125c
                                  1.344000       1      1.344000  
OAI21D0BWP12T30P140LVT
                   tcbn28hpcplusbwp12t30p140lvtssg0p81v125c
                                  0.672000     112     75.263999  
OAI22D0BWP12T30P140LVT
                   tcbn28hpcplusbwp12t30p140lvtssg0p81v125c
                                  0.840000       5      4.200000  
OAI31D0BWP12T30P140LVT
                   tcbn28hpcplusbwp12t30p140lvtssg0p81v125c
                                  0.840000      31     26.039999  
OAI32D0BWP12T30P140LVT
                   tcbn28hpcplusbwp12t30p140lvtssg0p81v125c
                                  1.008000       3      3.024000  
OAI211D0BWP12T30P140LVT
                   tcbn28hpcplusbwp12t30p140lvtssg0p81v125c
                                  0.840000      93     78.119998  
OAI222D0BWP12T30P140LVT
                   tcbn28hpcplusbwp12t30p140lvtssg0p81v125c
                                  1.344000       1      1.344000  
OR2D1BWP12T30P140LVT
                   tcbn28hpcplusbwp12t30p140lvtssg0p81v125c
                                  0.672000       1      0.672000  
OR4D1BWP12T30P140LVT
                   tcbn28hpcplusbwp12t30p140lvtssg0p81v125c
                                  1.008000       1      1.008000  
-----------------------------------------------------------------------------
Total 44 references                                  8979.599930

****************************************
Design: BufferedPackMetadataDequantizer 
****************************************
Reference          Library       Unit Area   Count    Total Area   Attributes
-----------------------------------------------------------------------------
AN2D0BWP12T30P140LVT
                   tcbn28hpcplusbwp12t30p140lvtssg0p81v125c
                                  0.672000       5      3.360000  
AN2D1BWP12T30P140LVT
                   tcbn28hpcplusbwp12t30p140lvtssg0p81v125c
                                  0.672000       1      0.672000  
AN3D0BWP12T30P140LVT
                   tcbn28hpcplusbwp12t30p140lvtssg0p81v125c
                                  0.840000       1      0.840000  
AN4D0BWP12T30P140LVT
                   tcbn28hpcplusbwp12t30p140lvtssg0p81v125c
                                  1.008000       3      3.024000  
AO21D0BWP12T30P140LVT
                   tcbn28hpcplusbwp12t30p140lvtssg0p81v125c
                                  0.840000      10      8.400000  
AO22D0BWP12T30P140LVT
                   tcbn28hpcplusbwp12t30p140lvtssg0p81v125c
                                  1.008000      58     58.464001  
AO31D0BWP12T30P140LVT
                   tcbn28hpcplusbwp12t30p140lvtssg0p81v125c
                                  1.008000       2      2.016000  
AO211D1BWP12T30P140LVT
                   tcbn28hpcplusbwp12t30p140lvtssg0p81v125c
                                  1.008000      10     10.080000  
AO222D0BWP12T30P140LVT
                   tcbn28hpcplusbwp12t30p140lvtssg0p81v125c
                                  1.512000       1      1.512000  
AOI21D1BWP12T30P140LVT
                   tcbn28hpcplusbwp12t30p140lvtssg0p81v125c
                                  0.672000     128     86.015999  
AOI22D1BWP12T30P140LVT
                   tcbn28hpcplusbwp12t30p140lvtssg0p81v125c
                                  0.840000     336    282.239991  
AOI31D1BWP12T30P140LVT
                   tcbn28hpcplusbwp12t30p140lvtssg0p81v125c
                                  0.840000       9      7.560000  
AOI32D0BWP12T30P140LVT
                   tcbn28hpcplusbwp12t30p140lvtssg0p81v125c
                                  1.008000      13     13.104000  
AOI211D1BWP12T30P140LVT
                   tcbn28hpcplusbwp12t30p140lvtssg0p81v125c
                                  0.840000      54     45.359999  
AOI221D0BWP12T30P140LVT
                   tcbn28hpcplusbwp12t30p140lvtssg0p81v125c
                                  1.008000      73     73.584001  
CKMUX2D0BWP12T30P140LVT
                   tcbn28hpcplusbwp12t30p140lvtssg0p81v125c
                                  1.176000       1      1.176000  
DFQD1BWP12T30P140LVT
                   tcbn28hpcplusbwp12t30p140lvtssg0p81v125c
                                  2.520000     991   2497.319981  n
FA1D0BWP12T30P140LVT
                   tcbn28hpcplusbwp12t30p140lvtssg0p81v125c
                                  2.856000       9     25.704000  r
IAO21D1BWP12T30P140LVT
                   tcbn28hpcplusbwp12t30p140lvtssg0p81v125c
                                  0.840000       6      5.040000  
IND2D1BWP12T30P140LVT
                   tcbn28hpcplusbwp12t30p140lvtssg0p81v125c
                                  0.672000      25     16.800000  
IND3D1BWP12T30P140LVT
                   tcbn28hpcplusbwp12t30p140lvtssg0p81v125c
                                  0.840000       2      1.680000  
INR2D1BWP12T30P140LVT
                   tcbn28hpcplusbwp12t30p140lvtssg0p81v125c
                                  0.672000       7      4.704000  
INR3D1BWP12T30P140LVT
                   tcbn28hpcplusbwp12t30p140lvtssg0p81v125c
                                  0.840000       3      2.520000  
INR4D0BWP12T30P140LVT
                   tcbn28hpcplusbwp12t30p140lvtssg0p81v125c
                                  1.008000       1      1.008000  
INVD0BWP12T30P140LVT
                   tcbn28hpcplusbwp12t30p140lvtssg0p81v125c
                                  0.336000     475    159.599998  
INVD1BWP12T30P140LVT
                   tcbn28hpcplusbwp12t30p140lvtssg0p81v125c
                                  0.336000       1      0.336000  
INVD1P25BWP12T30P140LVT
                   tcbn28hpcplusbwp12t30p140lvtssg0p81v125c
                                  0.504000       1      0.504000  
IOA21D0BWP12T30P140LVT
                   tcbn28hpcplusbwp12t30p140lvtssg0p81v125c
                                  0.840000     213    178.919994  
MAOI22D0BWP12T30P140LVT
                   tcbn28hpcplusbwp12t30p140lvtssg0p81v125c
                                  1.008000     382    385.056006  
MAOI222D0BWP12T30P140LVT
                   tcbn28hpcplusbwp12t30p140lvtssg0p81v125c
                                  1.008000       2      2.016000  
MOAI22D0BWP12T30P140LVT
                   tcbn28hpcplusbwp12t30p140lvtssg0p81v125c
                                  1.008000      27     27.216000  
MUX2ND0BWP12T30P140LVT
                   tcbn28hpcplusbwp12t30p140lvtssg0p81v125c
                                  1.008000      15     15.120000  
MUX4D0BWP12T30P140LVT
                   tcbn28hpcplusbwp12t30p140lvtssg0p81v125c
                                  3.192000       1      3.192000  
ND2D0BWP12T30P140LVT
                   tcbn28hpcplusbwp12t30p140lvtssg0p81v125c
                                  0.504000     337    169.848003  
ND3D1BWP12T30P140LVT
                   tcbn28hpcplusbwp12t30p140lvtssg0p81v125c
                                  0.672000      56     37.631999  
ND4D1BWP12T30P140LVT
                   tcbn28hpcplusbwp12t30p140lvtssg0p81v125c
                                  0.840000     103     86.519997  
NR2D0BWP12T30P140LVT
                   tcbn28hpcplusbwp12t30p140lvtssg0p81v125c
                                  0.504000     317    159.768003  
NR3D0BWP12T30P140LVT
                   tcbn28hpcplusbwp12t30p140lvtssg0p81v125c
                                  0.672000      30     20.160000  
NR4D0BWP12T30P140LVT
                   tcbn28hpcplusbwp12t30p140lvtssg0p81v125c
                                  0.840000      65     54.599998  
OA21D0BWP12T30P140LVT
                   tcbn28hpcplusbwp12t30p140lvtssg0p81v125c
                                  0.840000      20     16.799999  
OA211D0BWP12T30P140LVT
                   tcbn28hpcplusbwp12t30p140lvtssg0p81v125c
                                  1.008000      33     33.264001  
OA221D0BWP12T30P140LVT
                   tcbn28hpcplusbwp12t30p140lvtssg0p81v125c
                                  1.344000       2      2.688000  
OAI21D0BWP12T30P140LVT
                   tcbn28hpcplusbwp12t30p140lvtssg0p81v125c
                                  0.672000     123     82.655999  
OAI22D0BWP12T30P140LVT
                   tcbn28hpcplusbwp12t30p140lvtssg0p81v125c
                                  0.840000      76     63.839998  
OAI31D0BWP12T30P140LVT
                   tcbn28hpcplusbwp12t30p140lvtssg0p81v125c
                                  0.840000      26     21.839999  
OAI32D0BWP12T30P140LVT
                   tcbn28hpcplusbwp12t30p140lvtssg0p81v125c
                                  1.008000      45     45.360001  
OAI33D0BWP12T30P140LVT
                   tcbn28hpcplusbwp12t30p140lvtssg0p81v125c
                                  1.176000       1      1.176000  
OAI211D0BWP12T30P140LVT
                   tcbn28hpcplusbwp12t30p140lvtssg0p81v125c
                                  0.840000      68     57.119998  
OAI221D0BWP12T30P140LVT
                   tcbn28hpcplusbwp12t30p140lvtssg0p81v125c
                                  1.176000       1      1.176000  
OAI222D0BWP12T30P140LVT
                   tcbn28hpcplusbwp12t30p140lvtssg0p81v125c
                                  1.344000       5      6.720000  
OR2D1BWP12T30P140LVT
                   tcbn28hpcplusbwp12t30p140lvtssg0p81v125c
                                  0.672000       8      5.376000  
OR3D1BWP12T30P140LVT
                   tcbn28hpcplusbwp12t30p140lvtssg0p81v125c
                                  0.840000       1      0.840000  
OR4D1BWP12T30P140LVT
                   tcbn28hpcplusbwp12t30p140lvtssg0p81v125c
                                  1.008000      11     11.088000  
-----------------------------------------------------------------------------
Total 53 references                                  4802.615965

****************************************
Design: DynamicBitUnpacker 
****************************************
Reference          Library       Unit Area   Count    Total Area   Attributes
-----------------------------------------------------------------------------
AN2D0BWP12T30P140LVT
                   tcbn28hpcplusbwp12t30p140lvtssg0p81v125c
                                  0.672000      10      6.720000  
AN3D0BWP12T30P140LVT
                   tcbn28hpcplusbwp12t30p140lvtssg0p81v125c
                                  0.840000       1      0.840000  
AO21D0BWP12T30P140LVT
                   tcbn28hpcplusbwp12t30p140lvtssg0p81v125c
                                  0.840000       3      2.520000  
AO22D0BWP12T30P140LVT
                   tcbn28hpcplusbwp12t30p140lvtssg0p81v125c
                                  1.008000      53     53.424001  
AO32D0BWP12T30P140LVT
                   tcbn28hpcplusbwp12t30p140lvtssg0p81v125c
                                  1.344000       1      1.344000  
AO211D1BWP12T30P140LVT
                   tcbn28hpcplusbwp12t30p140lvtssg0p81v125c
                                  1.008000       3      3.024000  
AO222D0BWP12T30P140LVT
                   tcbn28hpcplusbwp12t30p140lvtssg0p81v125c
                                  1.512000       2      3.024000  
AOI21D1BWP12T30P140LVT
                   tcbn28hpcplusbwp12t30p140lvtssg0p81v125c
                                  0.672000      52     34.944000  
AOI22D1BWP12T30P140LVT
                   tcbn28hpcplusbwp12t30p140lvtssg0p81v125c
                                  0.840000     115     96.599997  
AOI31D1BWP12T30P140LVT
                   tcbn28hpcplusbwp12t30p140lvtssg0p81v125c
                                  0.840000       7      5.880000  
AOI32D0BWP12T30P140LVT
                   tcbn28hpcplusbwp12t30p140lvtssg0p81v125c
                                  1.008000      37     37.296001  
AOI211D1BWP12T30P140LVT
                   tcbn28hpcplusbwp12t30p140lvtssg0p81v125c
                                  0.840000      13     10.920000  
AOI221D0BWP12T30P140LVT
                   tcbn28hpcplusbwp12t30p140lvtssg0p81v125c
                                  1.008000      43     43.344001  
AOI222D1BWP12T30P140LVT
                   tcbn28hpcplusbwp12t30p140lvtssg0p81v125c
                                  1.344000       3      4.032000  
DFQD1BWP12T30P140LVT
                   tcbn28hpcplusbwp12t30p140lvtssg0p81v125c
                                  2.520000     237    597.239995  n
FA1D0BWP12T30P140LVT
                   tcbn28hpcplusbwp12t30p140lvtssg0p81v125c
                                  2.856000       6     17.136000  r
IAO21D1BWP12T30P140LVT
                   tcbn28hpcplusbwp12t30p140lvtssg0p81v125c
                                  0.840000       1      0.840000  
IND2D1BWP12T30P140LVT
                   tcbn28hpcplusbwp12t30p140lvtssg0p81v125c
                                  0.672000       4      2.688000  
IND3D1BWP12T30P140LVT
                   tcbn28hpcplusbwp12t30p140lvtssg0p81v125c
                                  0.840000       2      1.680000  
IND4D1BWP12T30P140LVT
                   tcbn28hpcplusbwp12t30p140lvtssg0p81v125c
                                  1.008000       1      1.008000  
INR2D1BWP12T30P140LVT
                   tcbn28hpcplusbwp12t30p140lvtssg0p81v125c
                                  0.672000       1      0.672000  
INR3D1BWP12T30P140LVT
                   tcbn28hpcplusbwp12t30p140lvtssg0p81v125c
                                  0.840000       2      1.680000  
INR4D0BWP12T30P140LVT
                   tcbn28hpcplusbwp12t30p140lvtssg0p81v125c
                                  1.008000       1      1.008000  
INVD0BWP12T30P140LVT
                   tcbn28hpcplusbwp12t30p140lvtssg0p81v125c
                                  0.336000     184     61.823999  
INVD1BWP12T30P140LVT
                   tcbn28hpcplusbwp12t30p140lvtssg0p81v125c
                                  0.336000       2      0.672000  
IOA21D0BWP12T30P140LVT
                   tcbn28hpcplusbwp12t30p140lvtssg0p81v125c
                                  0.840000      28     23.519999  
MAOI22D0BWP12T30P140LVT
                   tcbn28hpcplusbwp12t30p140lvtssg0p81v125c
                                  1.008000       8      8.064000  
MAOI222D0BWP12T30P140LVT
                   tcbn28hpcplusbwp12t30p140lvtssg0p81v125c
                                  1.008000       2      2.016000  
MOAI22D0BWP12T30P140LVT
                   tcbn28hpcplusbwp12t30p140lvtssg0p81v125c
                                  1.008000      10     10.080000  
MUX2ND0BWP12T30P140LVT
                   tcbn28hpcplusbwp12t30p140lvtssg0p81v125c
                                  1.008000       2      2.016000  
ND2D0BWP12T30P140LVT
                   tcbn28hpcplusbwp12t30p140lvtssg0p81v125c
                                  0.504000     151     76.104001  
ND3D1BWP12T30P140LVT
                   tcbn28hpcplusbwp12t30p140lvtssg0p81v125c
                                  0.672000      12      8.064000  
ND4D1BWP12T30P140LVT
                   tcbn28hpcplusbwp12t30p140lvtssg0p81v125c
                                  0.840000      24     20.159999  
NR2D0BWP12T30P140LVT
                   tcbn28hpcplusbwp12t30p140lvtssg0p81v125c
                                  0.504000      85     42.840001  
NR3D0BWP12T30P140LVT
                   tcbn28hpcplusbwp12t30p140lvtssg0p81v125c
                                  0.672000      16     10.752000  
NR4D0BWP12T30P140LVT
                   tcbn28hpcplusbwp12t30p140lvtssg0p81v125c
                                  0.840000      21     17.639999  
OA21D0BWP12T30P140LVT
                   tcbn28hpcplusbwp12t30p140lvtssg0p81v125c
                                  0.840000       3      2.520000  
OA211D0BWP12T30P140LVT
                   tcbn28hpcplusbwp12t30p140lvtssg0p81v125c
                                  1.008000       1      1.008000  
OAI21D0BWP12T30P140LVT
                   tcbn28hpcplusbwp12t30p140lvtssg0p81v125c
                                  0.672000      83     55.775999  
OAI22D0BWP12T30P140LVT
                   tcbn28hpcplusbwp12t30p140lvtssg0p81v125c
                                  0.840000      72     60.479998  
OAI31D0BWP12T30P140LVT
                   tcbn28hpcplusbwp12t30p140lvtssg0p81v125c
                                  0.840000      29     24.359999  
OAI32D0BWP12T30P140LVT
                   tcbn28hpcplusbwp12t30p140lvtssg0p81v125c
                                  1.008000      35     35.280001  
OAI211D0BWP12T30P140LVT
                   tcbn28hpcplusbwp12t30p140lvtssg0p81v125c
                                  0.840000      49     41.159999  
OAI221D0BWP12T30P140LVT
                   tcbn28hpcplusbwp12t30p140lvtssg0p81v125c
                                  1.176000       1      1.176000  
OAI222D0BWP12T30P140LVT
                   tcbn28hpcplusbwp12t30p140lvtssg0p81v125c
                                  1.344000       1      1.344000  
OR2D1BWP12T30P140LVT
                   tcbn28hpcplusbwp12t30p140lvtssg0p81v125c
                                  0.672000       4      2.688000  
OR3D1BWP12T30P140LVT
                   tcbn28hpcplusbwp12t30p140lvtssg0p81v125c
                                  0.840000       2      1.680000  
PackDescriptorDecoder          1594.487988       1   1594.487988  h, n
-----------------------------------------------------------------------------
Total 48 references                                  3033.575976

****************************************
Design: PackDescriptorDecoder 
****************************************
Reference          Library       Unit Area   Count    Total Area   Attributes
-----------------------------------------------------------------------------
AN2D0BWP12T30P140LVT
                   tcbn28hpcplusbwp12t30p140lvtssg0p81v125c
                                  0.672000      20     13.440000  
AN4D0BWP12T30P140LVT
                   tcbn28hpcplusbwp12t30p140lvtssg0p81v125c
                                  1.008000       1      1.008000  
AO21D0BWP12T30P140LVT
                   tcbn28hpcplusbwp12t30p140lvtssg0p81v125c
                                  0.840000       4      3.360000  
AO22D0BWP12T30P140LVT
                   tcbn28hpcplusbwp12t30p140lvtssg0p81v125c
                                  1.008000       2      2.016000  
AO31D0BWP12T30P140LVT
                   tcbn28hpcplusbwp12t30p140lvtssg0p81v125c
                                  1.008000      14     14.112000  
AO211D1BWP12T30P140LVT
                   tcbn28hpcplusbwp12t30p140lvtssg0p81v125c
                                  1.008000       3      3.024000  
AOI21D1BWP12T30P140LVT
                   tcbn28hpcplusbwp12t30p140lvtssg0p81v125c
                                  0.672000      93     62.495999  
AOI22D1BWP12T30P140LVT
                   tcbn28hpcplusbwp12t30p140lvtssg0p81v125c
                                  0.840000     115     96.599997  
AOI31D1BWP12T30P140LVT
                   tcbn28hpcplusbwp12t30p140lvtssg0p81v125c
                                  0.840000       2      1.680000  
AOI32D0BWP12T30P140LVT
                   tcbn28hpcplusbwp12t30p140lvtssg0p81v125c
                                  1.008000      94     94.752002  
AOI33D0BWP12T30P140LVT
                   tcbn28hpcplusbwp12t30p140lvtssg0p81v125c
                                  1.176000       1      1.176000  
AOI211D1BWP12T30P140LVT
                   tcbn28hpcplusbwp12t30p140lvtssg0p81v125c
                                  0.840000       5      4.200000  
AOI221D0BWP12T30P140LVT
                   tcbn28hpcplusbwp12t30p140lvtssg0p81v125c
                                  1.008000      32     32.256001  
DFQD1BWP12T30P140LVT
                   tcbn28hpcplusbwp12t30p140lvtssg0p81v125c
                                  2.520000     238    599.759995  n
IND2D1BWP12T30P140LVT
                   tcbn28hpcplusbwp12t30p140lvtssg0p81v125c
                                  0.672000      25     16.800000  
IND3D1BWP12T30P140LVT
                   tcbn28hpcplusbwp12t30p140lvtssg0p81v125c
                                  0.840000       1      0.840000  
IND4D1BWP12T30P140LVT
                   tcbn28hpcplusbwp12t30p140lvtssg0p81v125c
                                  1.008000       1      1.008000  
INR2D1BWP12T30P140LVT
                   tcbn28hpcplusbwp12t30p140lvtssg0p81v125c
                                  0.672000       7      4.704000  
INR3D1BWP12T30P140LVT
                   tcbn28hpcplusbwp12t30p140lvtssg0p81v125c
                                  0.840000       8      6.720000  
INR4D0BWP12T30P140LVT
                   tcbn28hpcplusbwp12t30p140lvtssg0p81v125c
                                  1.008000       1      1.008000  
INVD0BWP12T30P140LVT
                   tcbn28hpcplusbwp12t30p140lvtssg0p81v125c
                                  0.336000     208     69.887999  
INVD1BWP12T30P140LVT
                   tcbn28hpcplusbwp12t30p140lvtssg0p81v125c
                                  0.336000       1      0.336000  
IOA21D0BWP12T30P140LVT
                   tcbn28hpcplusbwp12t30p140lvtssg0p81v125c
                                  0.840000      14     11.760000  
MAOI22D0BWP12T30P140LVT
                   tcbn28hpcplusbwp12t30p140lvtssg0p81v125c
                                  1.008000      26     26.208000  
MAOI222D0BWP12T30P140LVT
                   tcbn28hpcplusbwp12t30p140lvtssg0p81v125c
                                  1.008000       2      2.016000  
MOAI22D0BWP12T30P140LVT
                   tcbn28hpcplusbwp12t30p140lvtssg0p81v125c
                                  1.008000       5      5.040000  
MUX2ND0BWP12T30P140LVT
                   tcbn28hpcplusbwp12t30p140lvtssg0p81v125c
                                  1.008000       1      1.008000  
ND2D0BWP12T30P140LVT
                   tcbn28hpcplusbwp12t30p140lvtssg0p81v125c
                                  0.504000     151     76.104001  
ND3D1BWP12T30P140LVT
                   tcbn28hpcplusbwp12t30p140lvtssg0p81v125c
                                  0.672000      32     21.504000  
ND4D1BWP12T30P140LVT
                   tcbn28hpcplusbwp12t30p140lvtssg0p81v125c
                                  0.840000      21     17.639999  
NR2D0BWP12T30P140LVT
                   tcbn28hpcplusbwp12t30p140lvtssg0p81v125c
                                  0.504000     111     55.944001  
NR3D0BWP12T30P140LVT
                   tcbn28hpcplusbwp12t30p140lvtssg0p81v125c
                                  0.672000      40     26.880000  
NR4D0BWP12T30P140LVT
                   tcbn28hpcplusbwp12t30p140lvtssg0p81v125c
                                  0.840000      26     21.839999  
OA211D0BWP12T30P140LVT
                   tcbn28hpcplusbwp12t30p140lvtssg0p81v125c
                                  1.008000       1      1.008000  
OA221D0BWP12T30P140LVT
                   tcbn28hpcplusbwp12t30p140lvtssg0p81v125c
                                  1.344000       1      1.344000  
OAI21D0BWP12T30P140LVT
                   tcbn28hpcplusbwp12t30p140lvtssg0p81v125c
                                  0.672000     184    123.647998  
OAI22D0BWP12T30P140LVT
                   tcbn28hpcplusbwp12t30p140lvtssg0p81v125c
                                  0.840000      12     10.080000  
OAI31D0BWP12T30P140LVT
                   tcbn28hpcplusbwp12t30p140lvtssg0p81v125c
                                  0.840000      29     24.359999  
OAI32D0BWP12T30P140LVT
                   tcbn28hpcplusbwp12t30p140lvtssg0p81v125c
                                  1.008000      49     49.392001  
OAI211D0BWP12T30P140LVT
                   tcbn28hpcplusbwp12t30p140lvtssg0p81v125c
                                  0.840000     100     83.999997  
OAI222D0BWP12T30P140LVT
                   tcbn28hpcplusbwp12t30p140lvtssg0p81v125c
                                  1.344000       1      1.344000  
OR2D1BWP12T30P140LVT
                   tcbn28hpcplusbwp12t30p140lvtssg0p81v125c
                                  0.672000       2      1.344000  
OR3D1BWP12T30P140LVT
                   tcbn28hpcplusbwp12t30p140lvtssg0p81v125c
                                  0.840000       1      0.840000  
-----------------------------------------------------------------------------
Total 43 references                                  1594.487988

****************************************
Design: DecompressionPipelineController_1 
****************************************
Reference          Library       Unit Area   Count    Total Area   Attributes
-----------------------------------------------------------------------------
AN2D0BWP12T30P140LVT
                   tcbn28hpcplusbwp12t30p140lvtssg0p81v125c
                                  0.672000      24     16.128000  
AN2D1BWP12T30P140LVT
                   tcbn28hpcplusbwp12t30p140lvtssg0p81v125c
                                  0.672000       6      4.032000  
AN3D0BWP12T30P140LVT
                   tcbn28hpcplusbwp12t30p140lvtssg0p81v125c
                                  0.840000       3      2.520000  
AN4D0BWP12T30P140LVT
                   tcbn28hpcplusbwp12t30p140lvtssg0p81v125c
                                  1.008000       2      2.016000  
AO21D0BWP12T30P140LVT
                   tcbn28hpcplusbwp12t30p140lvtssg0p81v125c
                                  0.840000      12     10.080000  
AO22D0BWP12T30P140LVT
                   tcbn28hpcplusbwp12t30p140lvtssg0p81v125c
                                  1.008000     607    611.856010  
AO32D0BWP12T30P140LVT
                   tcbn28hpcplusbwp12t30p140lvtssg0p81v125c
                                  1.344000       1      1.344000  
AO211D1BWP12T30P140LVT
                   tcbn28hpcplusbwp12t30p140lvtssg0p81v125c
                                  1.008000       2      2.016000  
AO222D0BWP12T30P140LVT
                   tcbn28hpcplusbwp12t30p140lvtssg0p81v125c
                                  1.512000       8     12.096000  
AOI21D1BWP12T30P140LVT
                   tcbn28hpcplusbwp12t30p140lvtssg0p81v125c
                                  0.672000     433    290.975996  
AOI21OPTPBD2BWP12T30P140LVT
                   tcbn28hpcplusbwp12t30p140lvtssg0p81v125c
                                  1.848000       1      1.848000  
AOI22D1BWP12T30P140LVT
                   tcbn28hpcplusbwp12t30p140lvtssg0p81v125c
                                  0.840000     105     88.199997  
AOI32D0BWP12T30P140LVT
                   tcbn28hpcplusbwp12t30p140lvtssg0p81v125c
                                  1.008000       2      2.016000  
AOI33D0BWP12T30P140LVT
                   tcbn28hpcplusbwp12t30p140lvtssg0p81v125c
                                  1.176000       1      1.176000  
AOI211D1BWP12T30P140LVT
                   tcbn28hpcplusbwp12t30p140lvtssg0p81v125c
                                  0.840000      19     15.960000  
AOI221D0BWP12T30P140LVT
                   tcbn28hpcplusbwp12t30p140lvtssg0p81v125c
                                  1.008000     300    302.400005  
AOI221D1BWP12T30P140LVT
                   tcbn28hpcplusbwp12t30p140lvtssg0p81v125c
                                  1.008000       2      2.016000  
AOI222D1BWP12T30P140LVT
                   tcbn28hpcplusbwp12t30p140lvtssg0p81v125c
                                  1.344000      18     24.192000  
BUFFD0BWP12T30P140LVT
                   tcbn28hpcplusbwp12t30p140lvtssg0p81v125c
                                  0.504000       1      0.504000  
BUFFD2BWP12T30P140LVT
                   tcbn28hpcplusbwp12t30p140lvtssg0p81v125c
                                  0.672000       2      1.344000  
CKMUX2D0BWP12T30P140LVT
                   tcbn28hpcplusbwp12t30p140lvtssg0p81v125c
                                  1.176000      82     96.432000  
CKND2D1BWP12T30P140LVT
                   tcbn28hpcplusbwp12t30p140lvtssg0p81v125c
                                  0.504000       2      1.008000  
CKXOR2D0BWP12T30P140LVT
                   tcbn28hpcplusbwp12t30p140lvtssg0p81v125c
                                  1.344000      13     17.472000  
CKXOR2D1BWP12T30P140LVT
                   tcbn28hpcplusbwp12t30p140lvtssg0p81v125c
                                  1.344000       4      5.376000  
DFQD1BWP12T30P140LVT
                   tcbn28hpcplusbwp12t30p140lvtssg0p81v125c
                                  2.520000     681   1716.119987  n
DFQD2BWP12T30P140LVT
                   tcbn28hpcplusbwp12t30p140lvtssg0p81v125c
                                  2.520000       5     12.600000  n
DFQD4BWP12T30P140LVT
                   tcbn28hpcplusbwp12t30p140lvtssg0p81v125c
                                  3.024000       2      6.048000  n
FA1D0BWP12T30P140LVT
                   tcbn28hpcplusbwp12t30p140lvtssg0p81v125c
                                  2.856000     310    885.359983  r
FA1D1BWP12T30P140LVT
                   tcbn28hpcplusbwp12t30p140lvtssg0p81v125c
                                  2.856000     369   1053.863980  r
FA1OPTCD1BWP12T30P140LVT
                   tcbn28hpcplusbwp12t30p140lvtssg0p81v125c
                                  3.360000      18     60.479998  r
FA1OPTCD2BWP12T30P140LVT
                   tcbn28hpcplusbwp12t30p140lvtssg0p81v125c
                                  4.032000      15     60.480001  r
HA1D0BWP12T30P140LVT
                   tcbn28hpcplusbwp12t30p140lvtssg0p81v125c
                                  2.184000      60    131.040001  r
HA1D1BWP12T30P140LVT
                   tcbn28hpcplusbwp12t30p140lvtssg0p81v125c
                                  2.184000      14     30.576000  r
HA1D2BWP12T30P140LVT
                   tcbn28hpcplusbwp12t30p140lvtssg0p81v125c
                                  2.520000       2      5.040000  r
IAO21D1BWP12T30P140LVT
                   tcbn28hpcplusbwp12t30p140lvtssg0p81v125c
                                  0.840000      52     43.679999  
IND2D1BWP12T30P140LVT
                   tcbn28hpcplusbwp12t30p140lvtssg0p81v125c
                                  0.672000       3      2.016000  
IND3D1BWP12T30P140LVT
                   tcbn28hpcplusbwp12t30p140lvtssg0p81v125c
                                  0.840000       1      0.840000  
INR2D1BWP12T30P140LVT
                   tcbn28hpcplusbwp12t30p140lvtssg0p81v125c
                                  0.672000      18     12.096000  
INR2D2BWP12T30P140LVT
                   tcbn28hpcplusbwp12t30p140lvtssg0p81v125c
                                  1.008000       2      2.016000  
INR2D4BWP12T30P140LVT
                   tcbn28hpcplusbwp12t30p140lvtssg0p81v125c
                                  1.848000       1      1.848000  
INR3D1BWP12T30P140LVT
                   tcbn28hpcplusbwp12t30p140lvtssg0p81v125c
                                  0.840000       9      7.560000  
INVD0BWP12T30P140LVT
                   tcbn28hpcplusbwp12t30p140lvtssg0p81v125c
                                  0.336000     450    151.199998  
INVD1BWP12T30P140LVT
                   tcbn28hpcplusbwp12t30p140lvtssg0p81v125c
                                  0.336000      16      5.376000  
INVD2BWP12T30P140LVT
                   tcbn28hpcplusbwp12t30p140lvtssg0p81v125c
                                  0.504000       7      3.528000  
INVD3BWP12T30P140LVT
                   tcbn28hpcplusbwp12t30p140lvtssg0p81v125c
                                  0.672000       1      0.672000  
IOA21D0BWP12T30P140LVT
                   tcbn28hpcplusbwp12t30p140lvtssg0p81v125c
                                  0.840000      15     12.600000  
KvStreamDequantizer_1          8931.047925       1   8931.047925  h, n
MAOI22D0BWP12T30P140LVT
                   tcbn28hpcplusbwp12t30p140lvtssg0p81v125c
                                  1.008000      58     58.464001  
MOAI22D0BWP12T30P140LVT
                   tcbn28hpcplusbwp12t30p140lvtssg0p81v125c
                                  1.008000       3      3.024000  
MUX2ND0BWP12T30P140LVT
                   tcbn28hpcplusbwp12t30p140lvtssg0p81v125c
                                  1.008000     681    686.448011  
MUX2ND1BWP12T30P140LVT
                   tcbn28hpcplusbwp12t30p140lvtssg0p81v125c
                                  1.680000       2      3.360000  
ND2D0BWP12T30P140LVT
                   tcbn28hpcplusbwp12t30p140lvtssg0p81v125c
                                  0.504000     187     94.248002  
ND2D1BWP12T30P140LVT
                   tcbn28hpcplusbwp12t30p140lvtssg0p81v125c
                                  0.504000      19      9.576000  
ND2D2BWP12T30P140LVT
                   tcbn28hpcplusbwp12t30p140lvtssg0p81v125c
                                  0.840000       6      5.040000  
ND2OPTPAD1BWP12T30P140LVT
                   tcbn28hpcplusbwp12t30p140lvtssg0p81v125c
                                  0.840000       3      2.520000  
ND2OPTPAD2BWP12T30P140LVT
                   tcbn28hpcplusbwp12t30p140lvtssg0p81v125c
                                  1.512000       6      9.072000  
ND3D1BWP12T30P140LVT
                   tcbn28hpcplusbwp12t30p140lvtssg0p81v125c
                                  0.672000      18     12.096000  
ND4D1BWP12T30P140LVT
                   tcbn28hpcplusbwp12t30p140lvtssg0p81v125c
                                  0.840000      26     21.839999  
NR2D0BWP12T30P140LVT
                   tcbn28hpcplusbwp12t30p140lvtssg0p81v125c
                                  0.504000     227    114.408002  
NR2D1BWP12T30P140LVT
                   tcbn28hpcplusbwp12t30p140lvtssg0p81v125c
                                  0.504000      20     10.080000  
NR2D2BWP12T30P140LVT
                   tcbn28hpcplusbwp12t30p140lvtssg0p81v125c
                                  0.840000       1      0.840000  
NR2D3BWP12T30P140LVT
                   tcbn28hpcplusbwp12t30p140lvtssg0p81v125c
                                  1.176000       1      1.176000  
NR3D0BWP12T30P140LVT
                   tcbn28hpcplusbwp12t30p140lvtssg0p81v125c
                                  0.672000      15     10.080000  
NR4D0BWP12T30P140LVT
                   tcbn28hpcplusbwp12t30p140lvtssg0p81v125c
                                  0.840000      36     30.239999  
OA21D0BWP12T30P140LVT
                   tcbn28hpcplusbwp12t30p140lvtssg0p81v125c
                                  0.840000       8      6.720000  
OA22D1BWP12T30P140LVT
                   tcbn28hpcplusbwp12t30p140lvtssg0p81v125c
                                  1.176000      16     18.816000  
OA221D0BWP12T30P140LVT
                   tcbn28hpcplusbwp12t30p140lvtssg0p81v125c
                                  1.344000       3      4.032000  
OAI21D0BWP12T30P140LVT
                   tcbn28hpcplusbwp12t30p140lvtssg0p81v125c
                                  0.672000     154    103.487999  
OAI21D1BWP12T30P140LVT
                   tcbn28hpcplusbwp12t30p140lvtssg0p81v125c
                                  0.672000       1      0.672000  
OAI21OPTREPBD1BWP12T30P140LVT
                   tcbn28hpcplusbwp12t30p140lvtssg0p81v125c
                                  1.008000       1      1.008000  
OAI22D0BWP12T30P140LVT
                   tcbn28hpcplusbwp12t30p140lvtssg0p81v125c
                                  0.840000     129    108.359997  
OAI22D2BWP12T30P140LVT
                   tcbn28hpcplusbwp12t30p140lvtssg0p81v125c
                                  1.512000       1      1.512000  
OAI31D0BWP12T30P140LVT
                   tcbn28hpcplusbwp12t30p140lvtssg0p81v125c
                                  0.840000      22     18.479999  
OAI31D2BWP12T30P140LVT
                   tcbn28hpcplusbwp12t30p140lvtssg0p81v125c
                                  1.512000       1      1.512000  
OAI32D0BWP12T30P140LVT
                   tcbn28hpcplusbwp12t30p140lvtssg0p81v125c
                                  1.008000      98     98.784002  
OAI211D0BWP12T30P140LVT
                   tcbn28hpcplusbwp12t30p140lvtssg0p81v125c
                                  0.840000      53     44.519999  
OAI222D0BWP12T30P140LVT
                   tcbn28hpcplusbwp12t30p140lvtssg0p81v125c
                                  1.344000     329    442.175994  
OR2D1BWP12T30P140LVT
                   tcbn28hpcplusbwp12t30p140lvtssg0p81v125c
                                  0.672000      15     10.080000  
OR3D1BWP12T30P140LVT
                   tcbn28hpcplusbwp12t30p140lvtssg0p81v125c
                                  0.840000       6      5.040000  
OR4D1BWP12T30P140LVT
                   tcbn28hpcplusbwp12t30p140lvtssg0p81v125c
                                  1.008000       2      2.016000  
XNR2D0BWP12T30P140LVT
                   tcbn28hpcplusbwp12t30p140lvtssg0p81v125c
                                  1.344000      14     18.816000  
XNR2D1BWP12T30P140LVT
                   tcbn28hpcplusbwp12t30p140lvtssg0p81v125c
                                  1.344000       4      5.376000  
XOR2D1BWP12T30P140LVT
                   tcbn28hpcplusbwp12t30p140lvtssg0p81v125c
                                  1.344000       4      5.376000  
XOR2D2BWP12T30P140LVT
                   tcbn28hpcplusbwp12t30p140lvtssg0p81v125c
                                  1.512000       3      4.536000  
XOR4D1BWP12T30P140LVT
                   tcbn28hpcplusbwp12t30p140lvtssg0p81v125c
                                  3.528000       1      3.528000  
-----------------------------------------------------------------------------
Total 85 references                                 16626.455878

****************************************
Design: KvStreamDequantizer_1 
****************************************
Reference          Library       Unit Area   Count    Total Area   Attributes
-----------------------------------------------------------------------------
AN2D0BWP12T30P140LVT
                   tcbn28hpcplusbwp12t30p140lvtssg0p81v125c
                                  0.672000       4      2.688000  
AO21D0BWP12T30P140LVT
                   tcbn28hpcplusbwp12t30p140lvtssg0p81v125c
                                  0.840000      22     18.479999  
AO22D0BWP12T30P140LVT
                   tcbn28hpcplusbwp12t30p140lvtssg0p81v125c
                                  1.008000       4      4.032000  
AO211D1BWP12T30P140LVT
                   tcbn28hpcplusbwp12t30p140lvtssg0p81v125c
                                  1.008000       3      3.024000  
AO222D0BWP12T30P140LVT
                   tcbn28hpcplusbwp12t30p140lvtssg0p81v125c
                                  1.512000       2      3.024000  
AOI21D1BWP12T30P140LVT
                   tcbn28hpcplusbwp12t30p140lvtssg0p81v125c
                                  0.672000      68     45.695999  
AOI22D1BWP12T30P140LVT
                   tcbn28hpcplusbwp12t30p140lvtssg0p81v125c
                                  0.840000     102     85.679997  
AOI31D1BWP12T30P140LVT
                   tcbn28hpcplusbwp12t30p140lvtssg0p81v125c
                                  0.840000       5      4.200000  
AOI32D0BWP12T30P140LVT
                   tcbn28hpcplusbwp12t30p140lvtssg0p81v125c
                                  1.008000      63     63.504001  
AOI211D1BWP12T30P140LVT
                   tcbn28hpcplusbwp12t30p140lvtssg0p81v125c
                                  0.840000      22     18.479999  
AOI221D0BWP12T30P140LVT
                   tcbn28hpcplusbwp12t30p140lvtssg0p81v125c
                                  1.008000       9      9.072000  
BufferedPackMetadataDequantizer_1
                               4746.167961       1   4746.167961  h, n
DFQD1BWP12T30P140LVT
                   tcbn28hpcplusbwp12t30p140lvtssg0p81v125c
                                  2.520000     172    433.439997  n
DynamicBitUnpacker_1           2983.511975       1   2983.511975  h, n
FA1D0BWP12T30P140LVT
                   tcbn28hpcplusbwp12t30p140lvtssg0p81v125c
                                  2.856000       1      2.856000  r
IAO21D1BWP12T30P140LVT
                   tcbn28hpcplusbwp12t30p140lvtssg0p81v125c
                                  0.840000       1      0.840000  
IIND4D1BWP12T30P140LVT
                   tcbn28hpcplusbwp12t30p140lvtssg0p81v125c
                                  1.344000       3      4.032000  
IND2D1BWP12T30P140LVT
                   tcbn28hpcplusbwp12t30p140lvtssg0p81v125c
                                  0.672000      18     12.096000  
IND3D1BWP12T30P140LVT
                   tcbn28hpcplusbwp12t30p140lvtssg0p81v125c
                                  0.840000       6      5.040000  
IND4D1BWP12T30P140LVT
                   tcbn28hpcplusbwp12t30p140lvtssg0p81v125c
                                  1.008000       1      1.008000  
INR2D1BWP12T30P140LVT
                   tcbn28hpcplusbwp12t30p140lvtssg0p81v125c
                                  0.672000      11      7.392000  
INR3D1BWP12T30P140LVT
                   tcbn28hpcplusbwp12t30p140lvtssg0p81v125c
                                  0.840000       5      4.200000  
INR4D0BWP12T30P140LVT
                   tcbn28hpcplusbwp12t30p140lvtssg0p81v125c
                                  1.008000       2      2.016000  
INVD0BWP12T30P140LVT
                   tcbn28hpcplusbwp12t30p140lvtssg0p81v125c
                                  0.336000     114     38.303999  
IOA21D0BWP12T30P140LVT
                   tcbn28hpcplusbwp12t30p140lvtssg0p81v125c
                                  0.840000       1      0.840000  
MAOI22D0BWP12T30P140LVT
                   tcbn28hpcplusbwp12t30p140lvtssg0p81v125c
                                  1.008000       9      9.072000  
MOAI22D0BWP12T30P140LVT
                   tcbn28hpcplusbwp12t30p140lvtssg0p81v125c
                                  1.008000       8      8.064000  
MUX2ND0BWP12T30P140LVT
                   tcbn28hpcplusbwp12t30p140lvtssg0p81v125c
                                  1.008000      14     14.112000  
ND2D0BWP12T30P140LVT
                   tcbn28hpcplusbwp12t30p140lvtssg0p81v125c
                                  0.504000     156     78.624001  
ND3D1BWP12T30P140LVT
                   tcbn28hpcplusbwp12t30p140lvtssg0p81v125c
                                  0.672000       9      6.048000  
ND4D1BWP12T30P140LVT
                   tcbn28hpcplusbwp12t30p140lvtssg0p81v125c
                                  0.840000      12     10.080000  
NR2D0BWP12T30P140LVT
                   tcbn28hpcplusbwp12t30p140lvtssg0p81v125c
                                  0.504000     113     56.952001  
NR3D0BWP12T30P140LVT
                   tcbn28hpcplusbwp12t30p140lvtssg0p81v125c
                                  0.672000      28     18.816000  
NR4D0BWP12T30P140LVT
                   tcbn28hpcplusbwp12t30p140lvtssg0p81v125c
                                  0.840000      27     22.679999  
OA21D0BWP12T30P140LVT
                   tcbn28hpcplusbwp12t30p140lvtssg0p81v125c
                                  0.840000       1      0.840000  
OA221D0BWP12T30P140LVT
                   tcbn28hpcplusbwp12t30p140lvtssg0p81v125c
                                  1.344000       1      1.344000  
OAI21D0BWP12T30P140LVT
                   tcbn28hpcplusbwp12t30p140lvtssg0p81v125c
                                  0.672000     140     94.079999  
OAI22D0BWP12T30P140LVT
                   tcbn28hpcplusbwp12t30p140lvtssg0p81v125c
                                  0.840000       9      7.560000  
OAI31D0BWP12T30P140LVT
                   tcbn28hpcplusbwp12t30p140lvtssg0p81v125c
                                  0.840000      28     23.519999  
OAI32D0BWP12T30P140LVT
                   tcbn28hpcplusbwp12t30p140lvtssg0p81v125c
                                  1.008000       1      1.008000  
OAI211D0BWP12T30P140LVT
                   tcbn28hpcplusbwp12t30p140lvtssg0p81v125c
                                  0.840000      88     73.919998  
OR2D1BWP12T30P140LVT
                   tcbn28hpcplusbwp12t30p140lvtssg0p81v125c
                                  0.672000       3      2.016000  
OR3D1BWP12T30P140LVT
                   tcbn28hpcplusbwp12t30p140lvtssg0p81v125c
                                  0.840000       2      1.680000  
OR4D1BWP12T30P140LVT
                   tcbn28hpcplusbwp12t30p140lvtssg0p81v125c
                                  1.008000       1      1.008000  
-----------------------------------------------------------------------------
Total 44 references                                  8931.047925

****************************************
Design: BufferedPackMetadataDequantizer_1 
****************************************
Reference          Library       Unit Area   Count    Total Area   Attributes
-----------------------------------------------------------------------------
AN2D0BWP12T30P140LVT
                   tcbn28hpcplusbwp12t30p140lvtssg0p81v125c
                                  0.672000       4      2.688000  
AN4D0BWP12T30P140LVT
                   tcbn28hpcplusbwp12t30p140lvtssg0p81v125c
                                  1.008000       6      6.048000  
AO21D0BWP12T30P140LVT
                   tcbn28hpcplusbwp12t30p140lvtssg0p81v125c
                                  0.840000      19     15.960000  
AO22D0BWP12T30P140LVT
                   tcbn28hpcplusbwp12t30p140lvtssg0p81v125c
                                  1.008000      77     77.616001  
AO31D0BWP12T30P140LVT
                   tcbn28hpcplusbwp12t30p140lvtssg0p81v125c
                                  1.008000       2      2.016000  
AO211D1BWP12T30P140LVT
                   tcbn28hpcplusbwp12t30p140lvtssg0p81v125c
                                  1.008000      13     13.104000  
AO222D0BWP12T30P140LVT
                   tcbn28hpcplusbwp12t30p140lvtssg0p81v125c
                                  1.512000       1      1.512000  
AOI21D1BWP12T30P140LVT
                   tcbn28hpcplusbwp12t30p140lvtssg0p81v125c
                                  0.672000     100     67.199999  
AOI22D1BWP12T30P140LVT
                   tcbn28hpcplusbwp12t30p140lvtssg0p81v125c
                                  0.840000     309    259.559992  
AOI31D1BWP12T30P140LVT
                   tcbn28hpcplusbwp12t30p140lvtssg0p81v125c
                                  0.840000       3      2.520000  
AOI32D0BWP12T30P140LVT
                   tcbn28hpcplusbwp12t30p140lvtssg0p81v125c
                                  1.008000      10     10.080000  
AOI211D1BWP12T30P140LVT
                   tcbn28hpcplusbwp12t30p140lvtssg0p81v125c
                                  0.840000     102     85.679997  
AOI221D0BWP12T30P140LVT
                   tcbn28hpcplusbwp12t30p140lvtssg0p81v125c
                                  1.008000      47     47.376001  
BUFFD1BWP12T30P140LVT
                   tcbn28hpcplusbwp12t30p140lvtssg0p81v125c
                                  0.504000       1      0.504000  
DFQD1BWP12T30P140LVT
                   tcbn28hpcplusbwp12t30p140lvtssg0p81v125c
                                  2.520000     991   2497.319981  n
FA1D0BWP12T30P140LVT
                   tcbn28hpcplusbwp12t30p140lvtssg0p81v125c
                                  2.856000       7     19.992000  r
IAO21D1BWP12T30P140LVT
                   tcbn28hpcplusbwp12t30p140lvtssg0p81v125c
                                  0.840000       4      3.360000  
IND2D1BWP12T30P140LVT
                   tcbn28hpcplusbwp12t30p140lvtssg0p81v125c
                                  0.672000      11      7.392000  
IND3D1BWP12T30P140LVT
                   tcbn28hpcplusbwp12t30p140lvtssg0p81v125c
                                  0.840000       8      6.720000  
IND4D1BWP12T30P140LVT
                   tcbn28hpcplusbwp12t30p140lvtssg0p81v125c
                                  1.008000       2      2.016000  
INR2D1BWP12T30P140LVT
                   tcbn28hpcplusbwp12t30p140lvtssg0p81v125c
                                  0.672000      15     10.080000  
INR3D1BWP12T30P140LVT
                   tcbn28hpcplusbwp12t30p140lvtssg0p81v125c
                                  0.840000       2      1.680000  
INR4D0BWP12T30P140LVT
                   tcbn28hpcplusbwp12t30p140lvtssg0p81v125c
                                  1.008000       4      4.032000  
INVD0BWP12T30P140LVT
                   tcbn28hpcplusbwp12t30p140lvtssg0p81v125c
                                  0.336000     457    153.551998  
INVD1BWP12T30P140LVT
                   tcbn28hpcplusbwp12t30p140lvtssg0p81v125c
                                  0.336000       2      0.672000  
IOA21D0BWP12T30P140LVT
                   tcbn28hpcplusbwp12t30p140lvtssg0p81v125c
                                  0.840000     296    248.639992  
MAOI22D0BWP12T30P140LVT
                   tcbn28hpcplusbwp12t30p140lvtssg0p81v125c
                                  1.008000     249    250.992004  
MOAI22D0BWP12T30P140LVT
                   tcbn28hpcplusbwp12t30p140lvtssg0p81v125c
                                  1.008000       3      3.024000  
MUX2ND0BWP12T30P140LVT
                   tcbn28hpcplusbwp12t30p140lvtssg0p81v125c
                                  1.008000      14     14.112000  
ND2D0BWP12T30P140LVT
                   tcbn28hpcplusbwp12t30p140lvtssg0p81v125c
                                  0.504000     378    190.512003  
ND2D1BWP12T30P140LVT
                   tcbn28hpcplusbwp12t30p140lvtssg0p81v125c
                                  0.504000       1      0.504000  
ND3D1BWP12T30P140LVT
                   tcbn28hpcplusbwp12t30p140lvtssg0p81v125c
                                  0.672000      35     23.520000  
ND4D1BWP12T30P140LVT
                   tcbn28hpcplusbwp12t30p140lvtssg0p81v125c
                                  0.840000     106     89.039997  
NR2D0BWP12T30P140LVT
                   tcbn28hpcplusbwp12t30p140lvtssg0p81v125c
                                  0.504000     320    161.280003  
NR2D2BWP12T30P140LVT
                   tcbn28hpcplusbwp12t30p140lvtssg0p81v125c
                                  0.840000       1      0.840000  
NR3D0BWP12T30P140LVT
                   tcbn28hpcplusbwp12t30p140lvtssg0p81v125c
                                  0.672000      26     17.472000  
NR4D0BWP12T30P140LVT
                   tcbn28hpcplusbwp12t30p140lvtssg0p81v125c
                                  0.840000      65     54.599998  
OA21D0BWP12T30P140LVT
                   tcbn28hpcplusbwp12t30p140lvtssg0p81v125c
                                  0.840000       2      1.680000  
OA31D0BWP12T30P140LVT
                   tcbn28hpcplusbwp12t30p140lvtssg0p81v125c
                                  1.008000       1      1.008000  
OA211D0BWP12T30P140LVT
                   tcbn28hpcplusbwp12t30p140lvtssg0p81v125c
                                  1.008000      84     84.672001  
OA221D0BWP12T30P140LVT
                   tcbn28hpcplusbwp12t30p140lvtssg0p81v125c
                                  1.344000       4      5.376000  
OAI21D0BWP12T30P140LVT
                   tcbn28hpcplusbwp12t30p140lvtssg0p81v125c
                                  0.672000     141     94.751999  
OAI22D0BWP12T30P140LVT
                   tcbn28hpcplusbwp12t30p140lvtssg0p81v125c
                                  0.840000      87     73.079998  
OAI31D0BWP12T30P140LVT
                   tcbn28hpcplusbwp12t30p140lvtssg0p81v125c
                                  0.840000      18     15.120000  
OAI32D0BWP12T30P140LVT
                   tcbn28hpcplusbwp12t30p140lvtssg0p81v125c
                                  1.008000      27     27.216000  
OAI33D0BWP12T30P140LVT
                   tcbn28hpcplusbwp12t30p140lvtssg0p81v125c
                                  1.176000       1      1.176000  
OAI211D0BWP12T30P140LVT
                   tcbn28hpcplusbwp12t30p140lvtssg0p81v125c
                                  0.840000      80     67.199998  
OAI222D0BWP12T30P140LVT
                   tcbn28hpcplusbwp12t30p140lvtssg0p81v125c
                                  1.344000       5      6.720000  
OR2D1BWP12T30P140LVT
                   tcbn28hpcplusbwp12t30p140lvtssg0p81v125c
                                  0.672000       9      6.048000  
OR3D1BWP12T30P140LVT
                   tcbn28hpcplusbwp12t30p140lvtssg0p81v125c
                                  0.840000       1      0.840000  
OR4D1BWP12T30P140LVT
                   tcbn28hpcplusbwp12t30p140lvtssg0p81v125c
                                  1.008000       8      8.064000  
-----------------------------------------------------------------------------
Total 51 references                                  4746.167961

****************************************
Design: DynamicBitUnpacker_1 
****************************************
Reference          Library       Unit Area   Count    Total Area   Attributes
-----------------------------------------------------------------------------
AN2D0BWP12T30P140LVT
                   tcbn28hpcplusbwp12t30p140lvtssg0p81v125c
                                  0.672000      10      6.720000  
AO21D0BWP12T30P140LVT
                   tcbn28hpcplusbwp12t30p140lvtssg0p81v125c
                                  0.840000       3      2.520000  
AO22D0BWP12T30P140LVT
                   tcbn28hpcplusbwp12t30p140lvtssg0p81v125c
                                  1.008000      51     51.408001  
AO32D0BWP12T30P140LVT
                   tcbn28hpcplusbwp12t30p140lvtssg0p81v125c
                                  1.344000       1      1.344000  
AO211D1BWP12T30P140LVT
                   tcbn28hpcplusbwp12t30p140lvtssg0p81v125c
                                  1.008000       3      3.024000  
AO222D0BWP12T30P140LVT
                   tcbn28hpcplusbwp12t30p140lvtssg0p81v125c
                                  1.512000       2      3.024000  
AOI21D1BWP12T30P140LVT
                   tcbn28hpcplusbwp12t30p140lvtssg0p81v125c
                                  0.672000      51     34.272000  
AOI22D1BWP12T30P140LVT
                   tcbn28hpcplusbwp12t30p140lvtssg0p81v125c
                                  0.840000     115     96.599997  
AOI31D1BWP12T30P140LVT
                   tcbn28hpcplusbwp12t30p140lvtssg0p81v125c
                                  0.840000       5      4.200000  
AOI32D0BWP12T30P140LVT
                   tcbn28hpcplusbwp12t30p140lvtssg0p81v125c
                                  1.008000      37     37.296001  
AOI211D1BWP12T30P140LVT
                   tcbn28hpcplusbwp12t30p140lvtssg0p81v125c
                                  0.840000      14     11.760000  
AOI221D0BWP12T30P140LVT
                   tcbn28hpcplusbwp12t30p140lvtssg0p81v125c
                                  1.008000      43     43.344001  
AOI222D1BWP12T30P140LVT
                   tcbn28hpcplusbwp12t30p140lvtssg0p81v125c
                                  1.344000       3      4.032000  
DFQD1BWP12T30P140LVT
                   tcbn28hpcplusbwp12t30p140lvtssg0p81v125c
                                  2.520000     235    592.199996  n
FA1D0BWP12T30P140LVT
                   tcbn28hpcplusbwp12t30p140lvtssg0p81v125c
                                  2.856000       4     11.424000  r
IAO21D1BWP12T30P140LVT
                   tcbn28hpcplusbwp12t30p140lvtssg0p81v125c
                                  0.840000       1      0.840000  
IND2D1BWP12T30P140LVT
                   tcbn28hpcplusbwp12t30p140lvtssg0p81v125c
                                  0.672000       4      2.688000  
IND3D1BWP12T30P140LVT
                   tcbn28hpcplusbwp12t30p140lvtssg0p81v125c
                                  0.840000       2      1.680000  
IND4D1BWP12T30P140LVT
                   tcbn28hpcplusbwp12t30p140lvtssg0p81v125c
                                  1.008000       1      1.008000  
INR2D1BWP12T30P140LVT
                   tcbn28hpcplusbwp12t30p140lvtssg0p81v125c
                                  0.672000       1      0.672000  
INR3D1BWP12T30P140LVT
                   tcbn28hpcplusbwp12t30p140lvtssg0p81v125c
                                  0.840000       2      1.680000  
INR4D0BWP12T30P140LVT
                   tcbn28hpcplusbwp12t30p140lvtssg0p81v125c
                                  1.008000       1      1.008000  
INVD0BWP12T30P140LVT
                   tcbn28hpcplusbwp12t30p140lvtssg0p81v125c
                                  0.336000     186     62.495999  
INVD1BWP12T30P140LVT
                   tcbn28hpcplusbwp12t30p140lvtssg0p81v125c
                                  0.336000       1      0.336000  
IOA21D0BWP12T30P140LVT
                   tcbn28hpcplusbwp12t30p140lvtssg0p81v125c
                                  0.840000      29     24.359999  
MAOI22D0BWP12T30P140LVT
                   tcbn28hpcplusbwp12t30p140lvtssg0p81v125c
                                  1.008000       8      8.064000  
MAOI222D0BWP12T30P140LVT
                   tcbn28hpcplusbwp12t30p140lvtssg0p81v125c
                                  1.008000       1      1.008000  
MOAI22D0BWP12T30P140LVT
                   tcbn28hpcplusbwp12t30p140lvtssg0p81v125c
                                  1.008000      10     10.080000  
MUX2ND0BWP12T30P140LVT
                   tcbn28hpcplusbwp12t30p140lvtssg0p81v125c
                                  1.008000       1      1.008000  
ND2D0BWP12T30P140LVT
                   tcbn28hpcplusbwp12t30p140lvtssg0p81v125c
                                  0.504000     150     75.600001  
ND3D1BWP12T30P140LVT
                   tcbn28hpcplusbwp12t30p140lvtssg0p81v125c
                                  0.672000      14      9.408000  
ND4D1BWP12T30P140LVT
                   tcbn28hpcplusbwp12t30p140lvtssg0p81v125c
                                  0.840000      25     20.999999  
NR2D0BWP12T30P140LVT
                   tcbn28hpcplusbwp12t30p140lvtssg0p81v125c
                                  0.504000      85     42.840001  
NR3D0BWP12T30P140LVT
                   tcbn28hpcplusbwp12t30p140lvtssg0p81v125c
                                  0.672000      16     10.752000  
NR4D0BWP12T30P140LVT
                   tcbn28hpcplusbwp12t30p140lvtssg0p81v125c
                                  0.840000      21     17.639999  
OA21D0BWP12T30P140LVT
                   tcbn28hpcplusbwp12t30p140lvtssg0p81v125c
                                  0.840000       3      2.520000  
OA211D0BWP12T30P140LVT
                   tcbn28hpcplusbwp12t30p140lvtssg0p81v125c
                                  1.008000       1      1.008000  
OAI21D0BWP12T30P140LVT
                   tcbn28hpcplusbwp12t30p140lvtssg0p81v125c
                                  0.672000      83     55.775999  
OAI22D0BWP12T30P140LVT
                   tcbn28hpcplusbwp12t30p140lvtssg0p81v125c
                                  0.840000      72     60.479998  
OAI31D0BWP12T30P140LVT
                   tcbn28hpcplusbwp12t30p140lvtssg0p81v125c
                                  0.840000      31     26.039999  
OAI32D0BWP12T30P140LVT
                   tcbn28hpcplusbwp12t30p140lvtssg0p81v125c
                                  1.008000      35     35.280001  
OAI211D0BWP12T30P140LVT
                   tcbn28hpcplusbwp12t30p140lvtssg0p81v125c
                                  0.840000      50     41.999999  
OAI221D0BWP12T30P140LVT
                   tcbn28hpcplusbwp12t30p140lvtssg0p81v125c
                                  1.176000       1      1.176000  
OAI222D0BWP12T30P140LVT
                   tcbn28hpcplusbwp12t30p140lvtssg0p81v125c
                                  1.344000       1      1.344000  
OR2D1BWP12T30P140LVT
                   tcbn28hpcplusbwp12t30p140lvtssg0p81v125c
                                  0.672000       3      2.016000  
OR3D1BWP12T30P140LVT
                   tcbn28hpcplusbwp12t30p140lvtssg0p81v125c
                                  0.840000       1      0.840000  
PackDescriptorDecoder_1        1557.695987       1   1557.695987  h, n
-----------------------------------------------------------------------------
Total 47 references                                  2983.511975

****************************************
Design: PackDescriptorDecoder_1 
****************************************
Reference          Library       Unit Area   Count    Total Area   Attributes
-----------------------------------------------------------------------------
AN2D0BWP12T30P140LVT
                   tcbn28hpcplusbwp12t30p140lvtssg0p81v125c
                                  0.672000      19     12.768000  
AO21D0BWP12T30P140LVT
                   tcbn28hpcplusbwp12t30p140lvtssg0p81v125c
                                  0.840000       5      4.200000  
AO22D0BWP12T30P140LVT
                   tcbn28hpcplusbwp12t30p140lvtssg0p81v125c
                                  1.008000       4      4.032000  
AO31D0BWP12T30P140LVT
                   tcbn28hpcplusbwp12t30p140lvtssg0p81v125c
                                  1.008000      14     14.112000  
AO211D1BWP12T30P140LVT
                   tcbn28hpcplusbwp12t30p140lvtssg0p81v125c
                                  1.008000       2      2.016000  
AO222D0BWP12T30P140LVT
                   tcbn28hpcplusbwp12t30p140lvtssg0p81v125c
                                  1.512000       3      4.536000  
AOI21D1BWP12T30P140LVT
                   tcbn28hpcplusbwp12t30p140lvtssg0p81v125c
                                  0.672000      77     51.743999  
AOI22D1BWP12T30P140LVT
                   tcbn28hpcplusbwp12t30p140lvtssg0p81v125c
                                  0.840000     107     89.879997  
AOI31D1BWP12T30P140LVT
                   tcbn28hpcplusbwp12t30p140lvtssg0p81v125c
                                  0.840000       5      4.200000  
AOI32D0BWP12T30P140LVT
                   tcbn28hpcplusbwp12t30p140lvtssg0p81v125c
                                  1.008000      69     69.552001  
AOI211D1BWP12T30P140LVT
                   tcbn28hpcplusbwp12t30p140lvtssg0p81v125c
                                  0.840000      20     16.799999  
AOI221D0BWP12T30P140LVT
                   tcbn28hpcplusbwp12t30p140lvtssg0p81v125c
                                  1.008000      21     21.168000  
AOI222D1BWP12T30P140LVT
                   tcbn28hpcplusbwp12t30p140lvtssg0p81v125c
                                  1.344000       1      1.344000  
DFQD1BWP12T30P140LVT
                   tcbn28hpcplusbwp12t30p140lvtssg0p81v125c
                                  2.520000     237    597.239995  n
FA1D0BWP12T30P140LVT
                   tcbn28hpcplusbwp12t30p140lvtssg0p81v125c
                                  2.856000       1      2.856000  r
IND2D1BWP12T30P140LVT
                   tcbn28hpcplusbwp12t30p140lvtssg0p81v125c
                                  0.672000      15     10.080000  
IND4D1BWP12T30P140LVT
                   tcbn28hpcplusbwp12t30p140lvtssg0p81v125c
                                  1.008000       1      1.008000  
INR2D1BWP12T30P140LVT
                   tcbn28hpcplusbwp12t30p140lvtssg0p81v125c
                                  0.672000      14      9.408000  
INR3D1BWP12T30P140LVT
                   tcbn28hpcplusbwp12t30p140lvtssg0p81v125c
                                  0.840000       8      6.720000  
INR4D0BWP12T30P140LVT
                   tcbn28hpcplusbwp12t30p140lvtssg0p81v125c
                                  1.008000       1      1.008000  
INVD0BWP12T30P140LVT
                   tcbn28hpcplusbwp12t30p140lvtssg0p81v125c
                                  0.336000     180     60.479999  
INVD1BWP12T30P140LVT
                   tcbn28hpcplusbwp12t30p140lvtssg0p81v125c
                                  0.336000       1      0.336000  
IOA21D0BWP12T30P140LVT
                   tcbn28hpcplusbwp12t30p140lvtssg0p81v125c
                                  0.840000      21     17.639999  
MAOI22D0BWP12T30P140LVT
                   tcbn28hpcplusbwp12t30p140lvtssg0p81v125c
                                  1.008000       6      6.048000  
MOAI22D0BWP12T30P140LVT
                   tcbn28hpcplusbwp12t30p140lvtssg0p81v125c
                                  1.008000       5      5.040000  
MUX2ND0BWP12T30P140LVT
                   tcbn28hpcplusbwp12t30p140lvtssg0p81v125c
                                  1.008000      15     15.120000  
ND2D0BWP12T30P140LVT
                   tcbn28hpcplusbwp12t30p140lvtssg0p81v125c
                                  0.504000     192     96.768002  
ND2D1BWP12T30P140LVT
                   tcbn28hpcplusbwp12t30p140lvtssg0p81v125c
                                  0.504000       1      0.504000  
ND3D1BWP12T30P140LVT
                   tcbn28hpcplusbwp12t30p140lvtssg0p81v125c
                                  0.672000      16     10.752000  
ND4D1BWP12T30P140LVT
                   tcbn28hpcplusbwp12t30p140lvtssg0p81v125c
                                  0.840000      15     12.600000  
NR2D0BWP12T30P140LVT
                   tcbn28hpcplusbwp12t30p140lvtssg0p81v125c
                                  0.504000     132     66.528001  
NR3D0BWP12T30P140LVT
                   tcbn28hpcplusbwp12t30p140lvtssg0p81v125c
                                  0.672000      25     16.800000  
NR4D0BWP12T30P140LVT
                   tcbn28hpcplusbwp12t30p140lvtssg0p81v125c
                                  0.840000      28     23.519999  
OA211D0BWP12T30P140LVT
                   tcbn28hpcplusbwp12t30p140lvtssg0p81v125c
                                  1.008000       1      1.008000  
OA221D0BWP12T30P140LVT
                   tcbn28hpcplusbwp12t30p140lvtssg0p81v125c
                                  1.344000       1      1.344000  
OAI21D0BWP12T30P140LVT
                   tcbn28hpcplusbwp12t30p140lvtssg0p81v125c
                                  0.672000     181    121.631998  
OAI22D0BWP12T30P140LVT
                   tcbn28hpcplusbwp12t30p140lvtssg0p81v125c
                                  0.840000      15     12.600000  
OAI31D0BWP12T30P140LVT
                   tcbn28hpcplusbwp12t30p140lvtssg0p81v125c
                                  0.840000      30     25.199999  
OAI32D0BWP12T30P140LVT
                   tcbn28hpcplusbwp12t30p140lvtssg0p81v125c
                                  1.008000      31     31.248001  
OAI211D0BWP12T30P140LVT
                   tcbn28hpcplusbwp12t30p140lvtssg0p81v125c
                                  0.840000     113     94.919997  
OAI222D0BWP12T30P140LVT
                   tcbn28hpcplusbwp12t30p140lvtssg0p81v125c
                                  1.344000       1      1.344000  
OR2D1BWP12T30P140LVT
                   tcbn28hpcplusbwp12t30p140lvtssg0p81v125c
                                  0.672000      10      6.720000  
OR3D1BWP12T30P140LVT
                   tcbn28hpcplusbwp12t30p140lvtssg0p81v125c
                                  0.840000       1      0.840000  
OR4D1BWP12T30P140LVT
                   tcbn28hpcplusbwp12t30p140lvtssg0p81v125c
                                  1.008000       4      4.032000  
-----------------------------------------------------------------------------
Total 44 references                                  1557.695987

****************************************
Design: QkDotProductAccumulator 
****************************************
Reference          Library       Unit Area   Count    Total Area   Attributes
-----------------------------------------------------------------------------
AN2D0BWP12T30P140LVT
                   tcbn28hpcplusbwp12t30p140lvtssg0p81v125c
                                  0.672000     524    352.127995  
AN3D0BWP12T30P140LVT
                   tcbn28hpcplusbwp12t30p140lvtssg0p81v125c
                                  0.840000       1      0.840000  
AN4D1BWP12T30P140LVT
                   tcbn28hpcplusbwp12t30p140lvtssg0p81v125c
                                  1.008000       1      1.008000  
AO21D0BWP12T30P140LVT
                   tcbn28hpcplusbwp12t30p140lvtssg0p81v125c
                                  0.840000      26     21.839999  
AO22D0BWP12T30P140LVT
                   tcbn28hpcplusbwp12t30p140lvtssg0p81v125c
                                  1.008000    3607   3635.856058  
AO22D1BWP12T30P140LVT
                   tcbn28hpcplusbwp12t30p140lvtssg0p81v125c
                                  1.176000       1      1.176000  
AO22D2BWP12T30P140LVT
                   tcbn28hpcplusbwp12t30p140lvtssg0p81v125c
                                  1.344000       1      1.344000  
AOI21D1BWP12T30P140LVT
                   tcbn28hpcplusbwp12t30p140lvtssg0p81v125c
                                  0.672000     142     95.423999  
AOI22D1BWP12T30P140LVT
                   tcbn28hpcplusbwp12t30p140lvtssg0p81v125c
                                  0.840000    2714   2279.759929  
AOI22D2BWP12T30P140LVT
                   tcbn28hpcplusbwp12t30p140lvtssg0p81v125c
                                  1.512000       2      3.024000  
AOI22OPTPBD1BWP12T30P140LVT
                   tcbn28hpcplusbwp12t30p140lvtssg0p81v125c
                                  1.344000       1      1.344000  
AOI31D1BWP12T30P140LVT
                   tcbn28hpcplusbwp12t30p140lvtssg0p81v125c
                                  0.840000       6      5.040000  
AOI211D1BWP12T30P140LVT
                   tcbn28hpcplusbwp12t30p140lvtssg0p81v125c
                                  0.840000      82     68.879998  
AOI221D0BWP12T30P140LVT
                   tcbn28hpcplusbwp12t30p140lvtssg0p81v125c
                                  1.008000     155    156.240003  
AOI221D1BWP12T30P140LVT
                   tcbn28hpcplusbwp12t30p140lvtssg0p81v125c
                                  1.008000       2      2.016000  
AOI221D4BWP12T30P140LVT
                   tcbn28hpcplusbwp12t30p140lvtssg0p81v125c
                                  2.184000       4      8.736000  
BUFFD0BWP12T30P140LVT
                   tcbn28hpcplusbwp12t30p140lvtssg0p81v125c
                                  0.504000      11      5.544000  
BUFFD1BWP12T30P140LVT
                   tcbn28hpcplusbwp12t30p140lvtssg0p81v125c
                                  0.504000      14      7.056000  
BUFFD2BWP12T30P140LVT
                   tcbn28hpcplusbwp12t30p140lvtssg0p81v125c
                                  0.672000       4      2.688000  
BUFFD3BWP12T30P140LVT
                   tcbn28hpcplusbwp12t30p140lvtssg0p81v125c
                                  0.840000       1      0.840000  
CKMUX2D0BWP12T30P140LVT
                   tcbn28hpcplusbwp12t30p140lvtssg0p81v125c
                                  1.176000       3      3.528000  
CKND2D1BWP12T30P140LVT
                   tcbn28hpcplusbwp12t30p140lvtssg0p81v125c
                                  0.504000       1      0.504000  
CKXOR2D0BWP12T30P140LVT
                   tcbn28hpcplusbwp12t30p140lvtssg0p81v125c
                                  1.344000      18     24.192000  
DFQD1BWP12T30P140LVT
                   tcbn28hpcplusbwp12t30p140lvtssg0p81v125c
                                  2.520000    1871   4714.919964  n
DFQD2BWP12T30P140LVT
                   tcbn28hpcplusbwp12t30p140lvtssg0p81v125c
                                  2.520000     194    488.879996  n
FA1D0BWP12T30P140LVT
                   tcbn28hpcplusbwp12t30p140lvtssg0p81v125c
                                  2.856000    2298   6563.087877  r
FA1D1BWP12T30P140LVT
                   tcbn28hpcplusbwp12t30p140lvtssg0p81v125c
                                  2.856000     806   2301.935957  r
HA1D0BWP12T30P140LVT
                   tcbn28hpcplusbwp12t30p140lvtssg0p81v125c
                                  2.184000     160    349.440002  r
IAO21D1BWP12T30P140LVT
                   tcbn28hpcplusbwp12t30p140lvtssg0p81v125c
                                  0.840000      11      9.240000  
IND2D1BWP12T30P140LVT
                   tcbn28hpcplusbwp12t30p140lvtssg0p81v125c
                                  0.672000       4      2.688000  
IND4D1BWP12T30P140LVT
                   tcbn28hpcplusbwp12t30p140lvtssg0p81v125c
                                  1.008000       2      2.016000  
INR2D1BWP12T30P140LVT
                   tcbn28hpcplusbwp12t30p140lvtssg0p81v125c
                                  0.672000     171    114.911998  
INR4D0BWP12T30P140LVT
                   tcbn28hpcplusbwp12t30p140lvtssg0p81v125c
                                  1.008000       2      2.016000  
INVD0BWP12T30P140LVT
                   tcbn28hpcplusbwp12t30p140lvtssg0p81v125c
                                  0.336000    1053    353.807995  
INVD1BWP12T30P140LVT
                   tcbn28hpcplusbwp12t30p140lvtssg0p81v125c
                                  0.336000      32     10.752000  
INVD2BWP12T30P140LVT
                   tcbn28hpcplusbwp12t30p140lvtssg0p81v125c
                                  0.504000      18      9.072000  
INVD3BWP12T30P140LVT
                   tcbn28hpcplusbwp12t30p140lvtssg0p81v125c
                                  0.672000       6      4.032000  
INVD4BWP12T30P140LVT
                   tcbn28hpcplusbwp12t30p140lvtssg0p81v125c
                                  0.840000       1      0.840000  
INVD6BWP12T30P140LVT
                   tcbn28hpcplusbwp12t30p140lvtssg0p81v125c
                                  1.176000       1      1.176000  
IOA21D0BWP12T30P140LVT
                   tcbn28hpcplusbwp12t30p140lvtssg0p81v125c
                                  0.840000      25     20.999999  
IOA21D1BWP12T30P140LVT
                   tcbn28hpcplusbwp12t30p140lvtssg0p81v125c
                                  0.840000      16     13.440000  
MAOI22D0BWP12T30P140LVT
                   tcbn28hpcplusbwp12t30p140lvtssg0p81v125c
                                  1.008000       6      6.048000  
MOAI22D0BWP12T30P140LVT
                   tcbn28hpcplusbwp12t30p140lvtssg0p81v125c
                                  1.008000      39     39.312001  
MUX2ND0BWP12T30P140LVT
                   tcbn28hpcplusbwp12t30p140lvtssg0p81v125c
                                  1.008000     117    117.936002  
ND2D0BWP12T30P140LVT
                   tcbn28hpcplusbwp12t30p140lvtssg0p81v125c
                                  0.504000     670    337.680005  
ND2D1BWP12T30P140LVT
                   tcbn28hpcplusbwp12t30p140lvtssg0p81v125c
                                  0.504000      27     13.608000  
ND2D2BWP12T30P140LVT
                   tcbn28hpcplusbwp12t30p140lvtssg0p81v125c
                                  0.840000       2      1.680000  
ND3D1BWP12T30P140LVT
                   tcbn28hpcplusbwp12t30p140lvtssg0p81v125c
                                  0.672000     111     74.591999  
ND4D1BWP12T30P140LVT
                   tcbn28hpcplusbwp12t30p140lvtssg0p81v125c
                                  0.840000      30     25.199999  
NR2D0BWP12T30P140LVT
                   tcbn28hpcplusbwp12t30p140lvtssg0p81v125c
                                  0.504000     443    223.272004  
NR2D1BWP12T30P140LVT
                   tcbn28hpcplusbwp12t30p140lvtssg0p81v125c
                                  0.504000      22     11.088000  
NR3D0BWP12T30P140LVT
                   tcbn28hpcplusbwp12t30p140lvtssg0p81v125c
                                  0.672000       7      4.704000  
NR4D0BWP12T30P140LVT
                   tcbn28hpcplusbwp12t30p140lvtssg0p81v125c
                                  0.840000      20     16.799999  
OA21D0BWP12T30P140LVT
                   tcbn28hpcplusbwp12t30p140lvtssg0p81v125c
                                  0.840000       7      5.880000  
OA211D0BWP12T30P140LVT
                   tcbn28hpcplusbwp12t30p140lvtssg0p81v125c
                                  1.008000      59     59.472001  
OAI21D0BWP12T30P140LVT
                   tcbn28hpcplusbwp12t30p140lvtssg0p81v125c
                                  0.672000     282    189.503997  
OAI22D0BWP12T30P140LVT
                   tcbn28hpcplusbwp12t30p140lvtssg0p81v125c
                                  0.840000      55     46.199999  
OAI31D0BWP12T30P140LVT
                   tcbn28hpcplusbwp12t30p140lvtssg0p81v125c
                                  0.840000      21     17.639999  
OAI32D0BWP12T30P140LVT
                   tcbn28hpcplusbwp12t30p140lvtssg0p81v125c
                                  1.008000     256    258.048004  
OAI211D0BWP12T30P140LVT
                   tcbn28hpcplusbwp12t30p140lvtssg0p81v125c
                                  0.840000      18     15.120000  
OR2D1BWP12T30P140LVT
                   tcbn28hpcplusbwp12t30p140lvtssg0p81v125c
                                  0.672000      24     16.128000  
OR3D1BWP12T30P140LVT
                   tcbn28hpcplusbwp12t30p140lvtssg0p81v125c
                                  0.840000       2      1.680000  
OR4D1BWP12T30P140LVT
                   tcbn28hpcplusbwp12t30p140lvtssg0p81v125c
                                  1.008000       2      2.016000  
XNR2D0BWP12T30P140LVT
                   tcbn28hpcplusbwp12t30p140lvtssg0p81v125c
                                  1.344000      58     77.951999  
-----------------------------------------------------------------------------
Total 64 references                                 23203.823778

****************************************
Design: QueryReplayBuffer 
****************************************
Reference          Library       Unit Area   Count    Total Area   Attributes
-----------------------------------------------------------------------------
AN2D0BWP12T30P140LVT
                   tcbn28hpcplusbwp12t30p140lvtssg0p81v125c
                                  0.672000     133     89.375999  
AN2D1BWP12T30P140LVT
                   tcbn28hpcplusbwp12t30p140lvtssg0p81v125c
                                  0.672000       2      1.344000  
AN3D0BWP12T30P140LVT
                   tcbn28hpcplusbwp12t30p140lvtssg0p81v125c
                                  0.840000       2      1.680000  
AO21D0BWP12T30P140LVT
                   tcbn28hpcplusbwp12t30p140lvtssg0p81v125c
                                  0.840000       6      5.040000  
AO22D0BWP12T30P140LVT
                   tcbn28hpcplusbwp12t30p140lvtssg0p81v125c
                                  1.008000      60     60.480001  
AOI21D1BWP12T30P140LVT
                   tcbn28hpcplusbwp12t30p140lvtssg0p81v125c
                                  0.672000      73     49.055999  
AOI22D1BWP12T30P140LVT
                   tcbn28hpcplusbwp12t30p140lvtssg0p81v125c
                                  0.840000     194    162.959995  
AOI211D1BWP12T30P140LVT
                   tcbn28hpcplusbwp12t30p140lvtssg0p81v125c
                                  0.840000       3      2.520000  
AOI221D0BWP12T30P140LVT
                   tcbn28hpcplusbwp12t30p140lvtssg0p81v125c
                                  1.008000       2      2.016000  
CKMUX2D0BWP12T30P140LVT
                   tcbn28hpcplusbwp12t30p140lvtssg0p81v125c
                                  1.176000      49     57.624000  
CKXOR2D0BWP12T30P140LVT
                   tcbn28hpcplusbwp12t30p140lvtssg0p81v125c
                                  1.344000      79    106.175999  
DFD1BWP12T30P140LVT
                   tcbn28hpcplusbwp12t30p140lvtssg0p81v125c
                                  2.688000       1      2.688000  n
DFQD1BWP12T30P140LVT
                   tcbn28hpcplusbwp12t30p140lvtssg0p81v125c
                                  2.520000     777   1958.039985  n
DFQD2BWP12T30P140LVT
                   tcbn28hpcplusbwp12t30p140lvtssg0p81v125c
                                  2.520000       3      7.560000  n
IAO21D1BWP12T30P140LVT
                   tcbn28hpcplusbwp12t30p140lvtssg0p81v125c
                                  0.840000       3      2.520000  
IND2D1BWP12T30P140LVT
                   tcbn28hpcplusbwp12t30p140lvtssg0p81v125c
                                  0.672000      31     20.832000  
INR2D1BWP12T30P140LVT
                   tcbn28hpcplusbwp12t30p140lvtssg0p81v125c
                                  0.672000      61     40.991999  
INR4D0BWP12T30P140LVT
                   tcbn28hpcplusbwp12t30p140lvtssg0p81v125c
                                  1.008000       4      4.032000  
INVD0BWP12T30P140LVT
                   tcbn28hpcplusbwp12t30p140lvtssg0p81v125c
                                  0.336000     654    219.743997  
INVD1BWP12T30P140LVT
                   tcbn28hpcplusbwp12t30p140lvtssg0p81v125c
                                  0.336000       3      1.008000  
IOA21D0BWP12T30P140LVT
                   tcbn28hpcplusbwp12t30p140lvtssg0p81v125c
                                  0.840000     166    139.439996  
MAOI22D0BWP12T30P140LVT
                   tcbn28hpcplusbwp12t30p140lvtssg0p81v125c
                                  1.008000       2      2.016000  
MOAI22D0BWP12T30P140LVT
                   tcbn28hpcplusbwp12t30p140lvtssg0p81v125c
                                  1.008000      29     29.232000  
MUX2D1BWP12T30P140LVT
                   tcbn28hpcplusbwp12t30p140lvtssg0p81v125c
                                  1.344000       1      1.344000  
MUX2D4BWP12T30P140LVT
                   tcbn28hpcplusbwp12t30p140lvtssg0p81v125c
                                  2.352000       6     14.112000  
MUX2ND0BWP12T30P140LVT
                   tcbn28hpcplusbwp12t30p140lvtssg0p81v125c
                                  1.008000      11     11.088000  
ND2D0BWP12T30P140LVT
                   tcbn28hpcplusbwp12t30p140lvtssg0p81v125c
                                  0.504000     394    198.576003  
ND2D1BWP12T30P140LVT
                   tcbn28hpcplusbwp12t30p140lvtssg0p81v125c
                                  0.504000       1      0.504000  
ND3D1BWP12T30P140LVT
                   tcbn28hpcplusbwp12t30p140lvtssg0p81v125c
                                  0.672000      78     52.415999  
ND4D1BWP12T30P140LVT
                   tcbn28hpcplusbwp12t30p140lvtssg0p81v125c
                                  0.840000       2      1.680000  
NR2D0BWP12T30P140LVT
                   tcbn28hpcplusbwp12t30p140lvtssg0p81v125c
                                  0.504000     106     53.424001  
NR2D1BWP12T30P140LVT
                   tcbn28hpcplusbwp12t30p140lvtssg0p81v125c
                                  0.504000       1      0.504000  
NR3D0BWP12T30P140LVT
                   tcbn28hpcplusbwp12t30p140lvtssg0p81v125c
                                  0.672000      26     17.472000  
NR4D0BWP12T30P140LVT
                   tcbn28hpcplusbwp12t30p140lvtssg0p81v125c
                                  0.840000      26     21.839999  
OA21D0BWP12T30P140LVT
                   tcbn28hpcplusbwp12t30p140lvtssg0p81v125c
                                  0.840000       3      2.520000  
OAI21D0BWP12T30P140LVT
                   tcbn28hpcplusbwp12t30p140lvtssg0p81v125c
                                  0.672000     520    349.439995  
OAI22D0BWP12T30P140LVT
                   tcbn28hpcplusbwp12t30p140lvtssg0p81v125c
                                  0.840000      48     40.319999  
OAI31D0BWP12T30P140LVT
                   tcbn28hpcplusbwp12t30p140lvtssg0p81v125c
                                  0.840000     213    178.919994  
OAI211D0BWP12T30P140LVT
                   tcbn28hpcplusbwp12t30p140lvtssg0p81v125c
                                  0.840000     222    186.479994  
OR2D1BWP12T30P140LVT
                   tcbn28hpcplusbwp12t30p140lvtssg0p81v125c
                                  0.672000       7      4.704000  
OR3D1BWP12T30P140LVT
                   tcbn28hpcplusbwp12t30p140lvtssg0p81v125c
                                  0.840000       2      1.680000  
OR4D1BWP12T30P140LVT
                   tcbn28hpcplusbwp12t30p140lvtssg0p81v125c
                                  1.008000       1      1.008000  
XNR2D0BWP12T30P140LVT
                   tcbn28hpcplusbwp12t30p140lvtssg0p81v125c
                                  1.344000       9     12.096000  
queryMemory_128x18                0.000000       1      0.000000  b
-----------------------------------------------------------------------------
Total 44 references                                  4116.503954

****************************************
Design: SoftmaxVAccumulator 
****************************************
Reference          Library       Unit Area   Count    Total Area   Attributes
-----------------------------------------------------------------------------
AN2D0BWP12T30P140LVT
                   tcbn28hpcplusbwp12t30p140lvtssg0p81v125c
                                  0.672000      82     55.103999  
AN2D1BWP12T30P140LVT
                   tcbn28hpcplusbwp12t30p140lvtssg0p81v125c
                                  0.672000       3      2.016000  
AN2D2BWP12T30P140LVT
                   tcbn28hpcplusbwp12t30p140lvtssg0p81v125c
                                  0.840000       1      0.840000  
AN3D0BWP12T30P140LVT
                   tcbn28hpcplusbwp12t30p140lvtssg0p81v125c
                                  0.840000      10      8.400000  
AN4D0BWP12T30P140LVT
                   tcbn28hpcplusbwp12t30p140lvtssg0p81v125c
                                  1.008000       2      2.016000  
AO21D0BWP12T30P140LVT
                   tcbn28hpcplusbwp12t30p140lvtssg0p81v125c
                                  0.840000      14     11.760000  
AO22D0BWP12T30P140LVT
                   tcbn28hpcplusbwp12t30p140lvtssg0p81v125c
                                  1.008000     556    560.448009  
AO211D1BWP12T30P140LVT
                   tcbn28hpcplusbwp12t30p140lvtssg0p81v125c
                                  1.008000       1      1.008000  
AOI21D1BWP12T30P140LVT
                   tcbn28hpcplusbwp12t30p140lvtssg0p81v125c
                                  0.672000     212    142.463998  
AOI21OPTPBD2BWP12T30P140LVT
                   tcbn28hpcplusbwp12t30p140lvtssg0p81v125c
                                  1.848000       1      1.848000  
AOI22D1BWP12T30P140LVT
                   tcbn28hpcplusbwp12t30p140lvtssg0p81v125c
                                  0.840000     180    151.199995  
AOI31D1BWP12T30P140LVT
                   tcbn28hpcplusbwp12t30p140lvtssg0p81v125c
                                  0.840000      29     24.359999  
AOI32D0BWP12T30P140LVT
                   tcbn28hpcplusbwp12t30p140lvtssg0p81v125c
                                  1.008000      80     80.640001  
AOI211D1BWP12T30P140LVT
                   tcbn28hpcplusbwp12t30p140lvtssg0p81v125c
                                  0.840000     182    152.879995  
AOI221D0BWP12T30P140LVT
                   tcbn28hpcplusbwp12t30p140lvtssg0p81v125c
                                  1.008000    1213   1222.704020  
AOI221D1BWP12T30P140LVT
                   tcbn28hpcplusbwp12t30p140lvtssg0p81v125c
                                  1.008000       4      4.032000  
AOI222D1BWP12T30P140LVT
                   tcbn28hpcplusbwp12t30p140lvtssg0p81v125c
                                  1.344000      80    107.519999  
BUFFD0BWP12T30P140LVT
                   tcbn28hpcplusbwp12t30p140lvtssg0p81v125c
                                  0.504000       9      4.536000  
BUFFD1BWP12T30P140LVT
                   tcbn28hpcplusbwp12t30p140lvtssg0p81v125c
                                  0.504000       3      1.512000  
BUFFD2BWP12T30P140LVT
                   tcbn28hpcplusbwp12t30p140lvtssg0p81v125c
                                  0.672000       2      1.344000  
BUFFD4BWP12T30P140LVT
                   tcbn28hpcplusbwp12t30p140lvtssg0p81v125c
                                  1.176000       2      2.352000  
BUFFXD3BWP12T30P140LVT
                   tcbn28hpcplusbwp12t30p140lvtssg0p81v125c
                                  1.008000       2      2.016000  
CKMUX2D0BWP12T30P140LVT
                   tcbn28hpcplusbwp12t30p140lvtssg0p81v125c
                                  1.176000     389    457.464000  
CKND2D1BWP12T30P140LVT
                   tcbn28hpcplusbwp12t30p140lvtssg0p81v125c
                                  0.504000       6      3.024000  
CKND2D2BWP12T30P140LVT
                   tcbn28hpcplusbwp12t30p140lvtssg0p81v125c
                                  0.840000       9      7.560000  
CKND2D3BWP12T30P140LVT
                   tcbn28hpcplusbwp12t30p140lvtssg0p81v125c
                                  1.176000       1      1.176000  
CKXOR2D0BWP12T30P140LVT
                   tcbn28hpcplusbwp12t30p140lvtssg0p81v125c
                                  1.344000     119    159.935998  
CKXOR2D1BWP12T30P140LVT
                   tcbn28hpcplusbwp12t30p140lvtssg0p81v125c
                                  1.344000       4      5.376000  
DFCNQD1BWP12T30P140LVT
                   tcbn28hpcplusbwp12t30p140lvtssg0p81v125c
                                  3.024000       1      3.024000  n
DFQD1BWP12T30P140LVT
                   tcbn28hpcplusbwp12t30p140lvtssg0p81v125c
                                  2.520000    1152   2903.039978  n
DFQD2BWP12T30P140LVT
                   tcbn28hpcplusbwp12t30p140lvtssg0p81v125c
                                  2.520000       9     22.680000  n
DFQD4BWP12T30P140LVT
                   tcbn28hpcplusbwp12t30p140lvtssg0p81v125c
                                  3.024000       1      3.024000  n
DFQOPTMAD8BWP12T30P140LVT
                   tcbn28hpcplusbwp12t30p140lvtssg0p81v125c
                                  8.064000       4     32.256001  n
EDFD1BWP12T30P140LVT
                   tcbn28hpcplusbwp12t30p140lvtssg0p81v125c
                                  3.696000       1      3.696000  n
FA1D0BWP12T30P140LVT
                   tcbn28hpcplusbwp12t30p140lvtssg0p81v125c
                                  2.856000    1443   4121.207923  r
FA1D1BWP12T30P140LVT
                   tcbn28hpcplusbwp12t30p140lvtssg0p81v125c
                                  2.856000     924   2638.943951  r
FA1OPTCD1BWP12T30P140LVT
                   tcbn28hpcplusbwp12t30p140lvtssg0p81v125c
                                  3.360000      11     36.959999  r
FA1OPTCD2BWP12T30P140LVT
                   tcbn28hpcplusbwp12t30p140lvtssg0p81v125c
                                  4.032000      13     52.416001  r
HA1D0BWP12T30P140LVT
                   tcbn28hpcplusbwp12t30p140lvtssg0p81v125c
                                  2.184000     315    687.960005  r
HA1D1BWP12T30P140LVT
                   tcbn28hpcplusbwp12t30p140lvtssg0p81v125c
                                  2.184000       1      2.184000  r
IAO21D1BWP12T30P140LVT
                   tcbn28hpcplusbwp12t30p140lvtssg0p81v125c
                                  0.840000      10      8.400000  
IND2D1BWP12T30P140LVT
                   tcbn28hpcplusbwp12t30p140lvtssg0p81v125c
                                  0.672000      15     10.080000  
IND2D2BWP12T30P140LVT
                   tcbn28hpcplusbwp12t30p140lvtssg0p81v125c
                                  1.008000       1      1.008000  
IND3D1BWP12T30P140LVT
                   tcbn28hpcplusbwp12t30p140lvtssg0p81v125c
                                  0.840000       2      1.680000  
IND4D1BWP12T30P140LVT
                   tcbn28hpcplusbwp12t30p140lvtssg0p81v125c
                                  1.008000       2      2.016000  
INR2D1BWP12T30P140LVT
                   tcbn28hpcplusbwp12t30p140lvtssg0p81v125c
                                  0.672000     758    509.375993  
INR2D2BWP12T30P140LVT
                   tcbn28hpcplusbwp12t30p140lvtssg0p81v125c
                                  1.008000       9      9.072000  
INR2D4BWP12T30P140LVT
                   tcbn28hpcplusbwp12t30p140lvtssg0p81v125c
                                  1.848000       1      1.848000  
INR4D0BWP12T30P140LVT
                   tcbn28hpcplusbwp12t30p140lvtssg0p81v125c
                                  1.008000       2      2.016000  
INVD0BWP12T30P140LVT
                   tcbn28hpcplusbwp12t30p140lvtssg0p81v125c
                                  0.336000    1280    430.079994  
INVD1BWP12T30P140LVT
                   tcbn28hpcplusbwp12t30p140lvtssg0p81v125c
                                  0.336000      40     13.440000  
INVD2BWP12T30P140LVT
                   tcbn28hpcplusbwp12t30p140lvtssg0p81v125c
                                  0.504000       3      1.512000  
INVD3BWP12T30P140LVT
                   tcbn28hpcplusbwp12t30p140lvtssg0p81v125c
                                  0.672000       1      0.672000  
INVD4BWP12T30P140LVT
                   tcbn28hpcplusbwp12t30p140lvtssg0p81v125c
                                  0.840000       1      0.840000  
IOA21D0BWP12T30P140LVT
                   tcbn28hpcplusbwp12t30p140lvtssg0p81v125c
                                  0.840000      18     15.120000  
IOA21D1BWP12T30P140LVT
                   tcbn28hpcplusbwp12t30p140lvtssg0p81v125c
                                  0.840000       2      1.680000  
MAOI22D0BWP12T30P140LVT
                   tcbn28hpcplusbwp12t30p140lvtssg0p81v125c
                                  1.008000      16     16.128000  
MOAI22D0BWP12T30P140LVT
                   tcbn28hpcplusbwp12t30p140lvtssg0p81v125c
                                  1.008000       5      5.040000  
MOAI22D1BWP12T30P140LVT
                   tcbn28hpcplusbwp12t30p140lvtssg0p81v125c
                                  1.008000       1      1.008000  
MUX2D1BWP12T30P140LVT
                   tcbn28hpcplusbwp12t30p140lvtssg0p81v125c
                                  1.344000       1      1.344000  
MUX2ND0BWP12T30P140LVT
                   tcbn28hpcplusbwp12t30p140lvtssg0p81v125c
                                  1.008000    1874   1888.992030  
ND2D0BWP12T30P140LVT
                   tcbn28hpcplusbwp12t30p140lvtssg0p81v125c
                                  0.504000     630    317.520005  
ND2D1BWP12T30P140LVT
                   tcbn28hpcplusbwp12t30p140lvtssg0p81v125c
                                  0.504000     131     66.024001  
ND2D2BWP12T30P140LVT
                   tcbn28hpcplusbwp12t30p140lvtssg0p81v125c
                                  0.840000       1      0.840000  
ND2OPTFAD4BWP12T30P140LVT
                   tcbn28hpcplusbwp12t30p140lvtssg0p81v125c
                                  1.848000       1      1.848000  
ND2OPTPAD1BWP12T30P140LVT
                   tcbn28hpcplusbwp12t30p140lvtssg0p81v125c
                                  0.840000       2      1.680000  
ND2OPTPAD2BWP12T30P140LVT
                   tcbn28hpcplusbwp12t30p140lvtssg0p81v125c
                                  1.512000       1      1.512000  
ND3D1BWP12T30P140LVT
                   tcbn28hpcplusbwp12t30p140lvtssg0p81v125c
                                  0.672000      52     34.944000  
ND3OPTPAD1BWP12T30P140LVT
                   tcbn28hpcplusbwp12t30p140lvtssg0p81v125c
                                  1.176000       2      2.352000  
ND4D1BWP12T30P140LVT
                   tcbn28hpcplusbwp12t30p140lvtssg0p81v125c
                                  0.840000      38     31.919999  
NR2D0BWP12T30P140LVT
                   tcbn28hpcplusbwp12t30p140lvtssg0p81v125c
                                  0.504000     284    143.136002  
NR2D1BWP12T30P140LVT
                   tcbn28hpcplusbwp12t30p140lvtssg0p81v125c
                                  0.504000      48     24.192000  
NR2D2BWP12T30P140LVT
                   tcbn28hpcplusbwp12t30p140lvtssg0p81v125c
                                  0.840000       5      4.200000  
NR2OPTFAD4BWP12T30P140LVT
                   tcbn28hpcplusbwp12t30p140lvtssg0p81v125c
                                  1.848000       1      1.848000  
NR2OPTPAD2BWP12T30P140LVT
                   tcbn28hpcplusbwp12t30p140lvtssg0p81v125c
                                  1.176000       5      5.880000  
NR3D0BWP12T30P140LVT
                   tcbn28hpcplusbwp12t30p140lvtssg0p81v125c
                                  0.672000     112     75.263999  
NR3D1BWP12T30P140LVT
                   tcbn28hpcplusbwp12t30p140lvtssg0p81v125c
                                  1.176000       2      2.352000  
NR4D0BWP12T30P140LVT
                   tcbn28hpcplusbwp12t30p140lvtssg0p81v125c
                                  0.840000      44     36.959999  
OA21D0BWP12T30P140LVT
                   tcbn28hpcplusbwp12t30p140lvtssg0p81v125c
                                  0.840000       6      5.040000  
OA211D0BWP12T30P140LVT
                   tcbn28hpcplusbwp12t30p140lvtssg0p81v125c
                                  1.008000     170    171.360003  
OAI21D0BWP12T30P140LVT
                   tcbn28hpcplusbwp12t30p140lvtssg0p81v125c
                                  0.672000     180    120.959998  
OAI21D1BWP12T30P140LVT
                   tcbn28hpcplusbwp12t30p140lvtssg0p81v125c
                                  0.672000       2      1.344000  
OAI22D0BWP12T30P140LVT
                   tcbn28hpcplusbwp12t30p140lvtssg0p81v125c
                                  0.840000    1113    934.919971  
OAI22D1BWP12T30P140LVT
                   tcbn28hpcplusbwp12t30p140lvtssg0p81v125c
                                  0.840000       1      0.840000  
OAI31D0BWP12T30P140LVT
                   tcbn28hpcplusbwp12t30p140lvtssg0p81v125c
                                  0.840000     124    104.159997  
OAI31D1BWP12T30P140LVT
                   tcbn28hpcplusbwp12t30p140lvtssg0p81v125c
                                  0.840000       2      1.680000  
OAI211D0BWP12T30P140LVT
                   tcbn28hpcplusbwp12t30p140lvtssg0p81v125c
                                  0.840000      38     31.919999  
OR2D1BWP12T30P140LVT
                   tcbn28hpcplusbwp12t30p140lvtssg0p81v125c
                                  0.672000      64     43.007999  
OR2D4BWP12T30P140LVT
                   tcbn28hpcplusbwp12t30p140lvtssg0p81v125c
                                  1.512000       1      1.512000  
OR3D1BWP12T30P140LVT
                   tcbn28hpcplusbwp12t30p140lvtssg0p81v125c
                                  0.840000       2      1.680000  
OR4D1BWP12T30P140LVT
                   tcbn28hpcplusbwp12t30p140lvtssg0p81v125c
                                  1.008000       2      2.016000  
TIEHBWP12T30P140LVT
                   tcbn28hpcplusbwp12t30p140lvtssg0p81v125c
                                  0.336000       1      0.336000  
TIELBWP12T30P140LVT
                   tcbn28hpcplusbwp12t30p140lvtssg0p81v125c
                                  0.336000       1      0.336000  
XNR2D0BWP12T30P140LVT
                   tcbn28hpcplusbwp12t30p140lvtssg0p81v125c
                                  1.344000      90    120.959998  
XNR2D1BWP12T30P140LVT
                   tcbn28hpcplusbwp12t30p140lvtssg0p81v125c
                                  1.344000       7      9.408000  
XNR2D2BWP12T30P140LVT
                   tcbn28hpcplusbwp12t30p140lvtssg0p81v125c
                                  1.512000       1      1.512000  
XNR2OPTND2BWP12T30P140LVT
                   tcbn28hpcplusbwp12t30p140lvtssg0p81v125c
                                  2.184000       1      2.184000  
XOR2D1BWP12T30P140LVT
                   tcbn28hpcplusbwp12t30p140lvtssg0p81v125c
                                  1.344000       1      1.344000  
XOR3D1BWP12T30P140LVT
                   tcbn28hpcplusbwp12t30p140lvtssg0p81v125c
                                  2.520000       1      2.520000  
weightMemory_64x328               0.000000       1      0.000000  b
-----------------------------------------------------------------------------
Total 100 references                                18915.791856

****************************************
Design: StreamingSoftmax 
****************************************
Reference          Library       Unit Area   Count    Total Area   Attributes
-----------------------------------------------------------------------------
AN2D0BWP12T30P140LVT
                   tcbn28hpcplusbwp12t30p140lvtssg0p81v125c
                                  0.672000     418    280.895996  
AN2D1BWP12T30P140LVT
                   tcbn28hpcplusbwp12t30p140lvtssg0p81v125c
                                  0.672000      83     55.775999  
AN2D2BWP12T30P140LVT
                   tcbn28hpcplusbwp12t30p140lvtssg0p81v125c
                                  0.840000      25     20.999999  
AN2D4BWP12T30P140LVT
                   tcbn28hpcplusbwp12t30p140lvtssg0p81v125c
                                  1.512000      20     30.239999  
AN3D0BWP12T30P140LVT
                   tcbn28hpcplusbwp12t30p140lvtssg0p81v125c
                                  0.840000      98     82.319997  
AN3D4BWP12T30P140LVT
                   tcbn28hpcplusbwp12t30p140lvtssg0p81v125c
                                  1.848000       1      1.848000  
AN4D0BWP12T30P140LVT
                   tcbn28hpcplusbwp12t30p140lvtssg0p81v125c
                                  1.008000       6      6.048000  
AO21D0BWP12T30P140LVT
                   tcbn28hpcplusbwp12t30p140lvtssg0p81v125c
                                  0.840000     165    138.599996  
AO21D1BWP12T30P140LVT
                   tcbn28hpcplusbwp12t30p140lvtssg0p81v125c
                                  0.840000      11      9.240000  
AO21D4BWP12T30P140LVT
                   tcbn28hpcplusbwp12t30p140lvtssg0p81v125c
                                  1.848000       1      1.848000  
AO22D0BWP12T30P140LVT
                   tcbn28hpcplusbwp12t30p140lvtssg0p81v125c
                                  1.008000     119    119.952002  
AO22D1BWP12T30P140LVT
                   tcbn28hpcplusbwp12t30p140lvtssg0p81v125c
                                  1.176000       5      5.880000  
AO31D0BWP12T30P140LVT
                   tcbn28hpcplusbwp12t30p140lvtssg0p81v125c
                                  1.008000      15     15.120000  
AO211D1BWP12T30P140LVT
                   tcbn28hpcplusbwp12t30p140lvtssg0p81v125c
                                  1.008000      20     20.160000  
AO222D0BWP12T30P140LVT
                   tcbn28hpcplusbwp12t30p140lvtssg0p81v125c
                                  1.512000       4      6.048000  
AOI21D1BWP12T30P140LVT
                   tcbn28hpcplusbwp12t30p140lvtssg0p81v125c
                                  0.672000    2988   2007.935973  
AOI21D2BWP12T30P140LVT
                   tcbn28hpcplusbwp12t30p140lvtssg0p81v125c
                                  1.176000      19     22.344000  
AOI21D4BWP12T30P140LVT
                   tcbn28hpcplusbwp12t30p140lvtssg0p81v125c
                                  2.352000       7     16.464000  
AOI21OPTPBD1BWP12T30P140LVT
                   tcbn28hpcplusbwp12t30p140lvtssg0p81v125c
                                  1.008000      63     63.504001  
AOI21OPTPBD2BWP12T30P140LVT
                   tcbn28hpcplusbwp12t30p140lvtssg0p81v125c
                                  1.848000     153    282.744008  
AOI21OPTPBD4BWP12T30P140LVT
                   tcbn28hpcplusbwp12t30p140lvtssg0p81v125c
                                  3.528000      14     49.392002  
AOI21OPTPBD6BWP12T30P140LVT
                   tcbn28hpcplusbwp12t30p140lvtssg0p81v125c
                                  5.208000       3     15.624001  
AOI21OPTPBD8BWP12T30P140LVT
                   tcbn28hpcplusbwp12t30p140lvtssg0p81v125c
                                  6.888000       2     13.776000  
AOI21OPTREPBD1BWP12T30P140LVT
                   tcbn28hpcplusbwp12t30p140lvtssg0p81v125c
                                  1.008000      25     25.200000  
AOI21OPTREPBD2BWP12T30P140LVT
                   tcbn28hpcplusbwp12t30p140lvtssg0p81v125c
                                  1.848000      40     73.920002  
AOI21OPTREPBD4BWP12T30P140LVT
                   tcbn28hpcplusbwp12t30p140lvtssg0p81v125c
                                  3.528000       2      7.056000  
AOI22D1BWP12T30P140LVT
                   tcbn28hpcplusbwp12t30p140lvtssg0p81v125c
                                  0.840000    1364   1145.759964  
AOI22D2BWP12T30P140LVT
                   tcbn28hpcplusbwp12t30p140lvtssg0p81v125c
                                  1.512000       5      7.560000  
AOI22OPTPBD1BWP12T30P140LVT
                   tcbn28hpcplusbwp12t30p140lvtssg0p81v125c
                                  1.344000       4      5.376000  
AOI22OPTPBD2BWP12T30P140LVT
                   tcbn28hpcplusbwp12t30p140lvtssg0p81v125c
                                  2.520000      10     25.200000  
AOI22OPTPBD4BWP12T30P140LVT
                   tcbn28hpcplusbwp12t30p140lvtssg0p81v125c
                                  4.872000       1      4.872000  
AOI31D1BWP12T30P140LVT
                   tcbn28hpcplusbwp12t30p140lvtssg0p81v125c
                                  0.840000     118     99.119997  
AOI31D2BWP12T30P140LVT
                   tcbn28hpcplusbwp12t30p140lvtssg0p81v125c
                                  1.512000       3      4.536000  
AOI31D4BWP12T30P140LVT
                   tcbn28hpcplusbwp12t30p140lvtssg0p81v125c
                                  3.024000       1      3.024000  
AOI32D0BWP12T30P140LVT
                   tcbn28hpcplusbwp12t30p140lvtssg0p81v125c
                                  1.008000       1      1.008000  
AOI33D0BWP12T30P140LVT
                   tcbn28hpcplusbwp12t30p140lvtssg0p81v125c
                                  1.176000       5      5.880000  
AOI211D1BWP12T30P140LVT
                   tcbn28hpcplusbwp12t30p140lvtssg0p81v125c
                                  0.840000     732    614.879981  
AOI211D2BWP12T30P140LVT
                   tcbn28hpcplusbwp12t30p140lvtssg0p81v125c
                                  1.512000      10     15.120000  
AOI211OPTREPBD1BWP12T30P140LVT
                   tcbn28hpcplusbwp12t30p140lvtssg0p81v125c
                                  1.512000      41     61.991999  
AOI211OPTREPBD2BWP12T30P140LVT
                   tcbn28hpcplusbwp12t30p140lvtssg0p81v125c
                                  2.352000      14     32.928000  
AOI221D0BWP12T30P140LVT
                   tcbn28hpcplusbwp12t30p140lvtssg0p81v125c
                                  1.008000       1      1.008000  
AOI222D1BWP12T30P140LVT
                   tcbn28hpcplusbwp12t30p140lvtssg0p81v125c
                                  1.344000      46     61.823999  
BUFFD0BWP12T30P140LVT
                   tcbn28hpcplusbwp12t30p140lvtssg0p81v125c
                                  0.504000     202    101.808002  
BUFFD1BWP12T30P140LVT
                   tcbn28hpcplusbwp12t30p140lvtssg0p81v125c
                                  0.504000      81     40.824001  
BUFFD2BWP12T30P140LVT
                   tcbn28hpcplusbwp12t30p140lvtssg0p81v125c
                                  0.672000      10      6.720000  
BUFFD3BWP12T30P140LVT
                   tcbn28hpcplusbwp12t30p140lvtssg0p81v125c
                                  0.840000       1      0.840000  
BUFFD4BWP12T30P140LVT
                   tcbn28hpcplusbwp12t30p140lvtssg0p81v125c
                                  1.176000       9     10.584000  
BUFFD6BWP12T30P140LVT
                   tcbn28hpcplusbwp12t30p140lvtssg0p81v125c
                                  1.512000       2      3.024000  
BUFFXD3BWP12T30P140LVT
                   tcbn28hpcplusbwp12t30p140lvtssg0p81v125c
                                  1.008000      11     11.088000  
BUFFXD6BWP12T30P140LVT
                   tcbn28hpcplusbwp12t30p140lvtssg0p81v125c
                                  1.680000       5      8.400000  
BUFFXD8BWP12T30P140LVT
                   tcbn28hpcplusbwp12t30p140lvtssg0p81v125c
                                  2.184000       1      2.184000  
BUFFXD12BWP12T30P140LVT
                   tcbn28hpcplusbwp12t30p140lvtssg0p81v125c
                                  3.192000       1      3.192000  
CKMUX2D0BWP12T30P140LVT
                   tcbn28hpcplusbwp12t30p140lvtssg0p81v125c
                                  1.176000      47     55.272000  
CKND2BWP12T30P140LVT
                   tcbn28hpcplusbwp12t30p140lvtssg0p81v125c
                                  0.504000      26     13.104000  
CKND2D1BWP12T30P140LVT
                   tcbn28hpcplusbwp12t30p140lvtssg0p81v125c
                                  0.504000     157     79.128001  
CKND2D2BWP12T30P140LVT
                   tcbn28hpcplusbwp12t30p140lvtssg0p81v125c
                                  0.840000      96     80.639997  
CKND2D3BWP12T30P140LVT
                   tcbn28hpcplusbwp12t30p140lvtssg0p81v125c
                                  1.176000      91    107.016000  
CKND2D4BWP12T30P140LVT
                   tcbn28hpcplusbwp12t30p140lvtssg0p81v125c
                                  1.512000      39     58.967999  
CKND2D8BWP12T30P140LVT
                   tcbn28hpcplusbwp12t30p140lvtssg0p81v125c
                                  2.856000       3      8.568000  
CKND3BWP12T30P140LVT
                   tcbn28hpcplusbwp12t30p140lvtssg0p81v125c
                                  0.672000      14      9.408000  
CKND4BWP12T30P140LVT
                   tcbn28hpcplusbwp12t30p140lvtssg0p81v125c
                                  0.840000      15     12.600000  
CKND6BWP12T30P140LVT
                   tcbn28hpcplusbwp12t30p140lvtssg0p81v125c
                                  1.176000      24     28.224000  
CKND8BWP12T30P140LVT
                   tcbn28hpcplusbwp12t30p140lvtssg0p81v125c
                                  1.512000      21     31.751999  
CKND12BWP12T30P140LVT
                   tcbn28hpcplusbwp12t30p140lvtssg0p81v125c
                                  2.184000      18     39.312000  
CKND16BWP12T30P140LVT
                   tcbn28hpcplusbwp12t30p140lvtssg0p81v125c
                                  2.856000      17     48.551999  
CKXOR2D0BWP12T30P140LVT
                   tcbn28hpcplusbwp12t30p140lvtssg0p81v125c
                                  1.344000    1195   1606.079978  
CKXOR2D1BWP12T30P140LVT
                   tcbn28hpcplusbwp12t30p140lvtssg0p81v125c
                                  1.344000      23     30.912000  
DFD1BWP12T30P140LVT
                   tcbn28hpcplusbwp12t30p140lvtssg0p81v125c
                                  2.688000      37     99.455999  n
DFD2BWP12T30P140LVT
                   tcbn28hpcplusbwp12t30p140lvtssg0p81v125c
                                  3.024000      11     33.263999  n
DFQD1BWP12T30P140LVT
                   tcbn28hpcplusbwp12t30p140lvtssg0p81v125c
                                  2.520000     680   1713.599987  n
DFQD2BWP12T30P140LVT
                   tcbn28hpcplusbwp12t30p140lvtssg0p81v125c
                                  2.520000      69    173.879999  n
DFQD4BWP12T30P140LVT
                   tcbn28hpcplusbwp12t30p140lvtssg0p81v125c
                                  3.024000      10     30.239999  n
DFQOPTMAD8BWP12T30P140LVT
                   tcbn28hpcplusbwp12t30p140lvtssg0p81v125c
                                  8.064000      77    620.928010  n
FA1D0BWP12T30P140LVT
                   tcbn28hpcplusbwp12t30p140lvtssg0p81v125c
                                  2.856000    2050   5854.799891  r
FA1D1BWP12T30P140LVT
                   tcbn28hpcplusbwp12t30p140lvtssg0p81v125c
                                  2.856000     699   1996.343963  r
FA1D2BWP12T30P140LVT
                   tcbn28hpcplusbwp12t30p140lvtssg0p81v125c
                                  3.192000       1      3.192000  r
FA1OPTCD1BWP12T30P140LVT
                   tcbn28hpcplusbwp12t30p140lvtssg0p81v125c
                                  3.360000      83    278.879991  r
FA1OPTCD2BWP12T30P140LVT
                   tcbn28hpcplusbwp12t30p140lvtssg0p81v125c
                                  4.032000      51    205.632003  r
HA1D0BWP12T30P140LVT
                   tcbn28hpcplusbwp12t30p140lvtssg0p81v125c
                                  2.184000       4      8.736000  r
HA1D1BWP12T30P140LVT
                   tcbn28hpcplusbwp12t30p140lvtssg0p81v125c
                                  2.184000      34     74.256001  r
HA1D2BWP12T30P140LVT
                   tcbn28hpcplusbwp12t30p140lvtssg0p81v125c
                                  2.520000       1      2.520000  r
IAO21D1BWP12T30P140LVT
                   tcbn28hpcplusbwp12t30p140lvtssg0p81v125c
                                  0.840000      88     73.919998  
IAO21D2BWP12T30P140LVT
                   tcbn28hpcplusbwp12t30p140lvtssg0p81v125c
                                  1.176000       3      3.528000  
IND2D0BWP12T30P140LVT
                   tcbn28hpcplusbwp12t30p140lvtssg0p81v125c
                                  0.672000       6      4.032000  
IND2D1BWP12T30P140LVT
                   tcbn28hpcplusbwp12t30p140lvtssg0p81v125c
                                  0.672000     222    149.183998  
IND2D2BWP12T30P140LVT
                   tcbn28hpcplusbwp12t30p140lvtssg0p81v125c
                                  1.008000      10     10.080000  
IND2D4BWP12T30P140LVT
                   tcbn28hpcplusbwp12t30p140lvtssg0p81v125c
                                  1.848000       6     11.088000  
IND2D8BWP12T30P140LVT
                   tcbn28hpcplusbwp12t30p140lvtssg0p81v125c
                                  3.360000       1      3.360000  
IND3D1BWP12T30P140LVT
                   tcbn28hpcplusbwp12t30p140lvtssg0p81v125c
                                  0.840000      17     14.280000  
IND3D2BWP12T30P140LVT
                   tcbn28hpcplusbwp12t30p140lvtssg0p81v125c
                                  1.512000       1      1.512000  
IND3D4BWP12T30P140LVT
                   tcbn28hpcplusbwp12t30p140lvtssg0p81v125c
                                  2.688000       1      2.688000  
IND3D8BWP12T30P140LVT
                   tcbn28hpcplusbwp12t30p140lvtssg0p81v125c
                                  4.872000       2      9.744000  
IND4D1BWP12T30P140LVT
                   tcbn28hpcplusbwp12t30p140lvtssg0p81v125c
                                  1.008000      16     16.128000  
INR2D1BWP12T30P140LVT
                   tcbn28hpcplusbwp12t30p140lvtssg0p81v125c
                                  0.672000    1334    896.447988  
INR2D2BWP12T30P140LVT
                   tcbn28hpcplusbwp12t30p140lvtssg0p81v125c
                                  1.008000     232    233.856004  
INR2D4BWP12T30P140LVT
                   tcbn28hpcplusbwp12t30p140lvtssg0p81v125c
                                  1.848000     234    432.432012  
INR2D8BWP12T30P140LVT
                   tcbn28hpcplusbwp12t30p140lvtssg0p81v125c
                                  3.528000      27     95.256003  
INR2D16BWP12T30P140LVT
                   tcbn28hpcplusbwp12t30p140lvtssg0p81v125c
                                  6.552000       4     26.208000  
INR3D1BWP12T30P140LVT
                   tcbn28hpcplusbwp12t30p140lvtssg0p81v125c
                                  0.840000      27     22.679999  
INR3D2BWP12T30P140LVT
                   tcbn28hpcplusbwp12t30p140lvtssg0p81v125c
                                  1.344000       2      2.688000  
INR4D0BWP12T30P140LVT
                   tcbn28hpcplusbwp12t30p140lvtssg0p81v125c
                                  1.008000      14     14.112000  
INR4D4BWP12T30P140LVT
                   tcbn28hpcplusbwp12t30p140lvtssg0p81v125c
                                  6.216000       1      6.216000  
INVD0BWP12T30P140LVT
                   tcbn28hpcplusbwp12t30p140lvtssg0p81v125c
                                  0.336000    6072   2040.191972  
INVD1BWP12T30P140LVT
                   tcbn28hpcplusbwp12t30p140lvtssg0p81v125c
                                  0.336000     795    267.119996  
INVD1P25BWP12T30P140LVT
                   tcbn28hpcplusbwp12t30p140lvtssg0p81v125c
                                  0.504000      19      9.576000  
INVD2BWP12T30P140LVT
                   tcbn28hpcplusbwp12t30p140lvtssg0p81v125c
                                  0.504000     354    178.416003  
INVD2P3BWP12T30P140LVT
                   tcbn28hpcplusbwp12t30p140lvtssg0p81v125c
                                  0.672000       3      2.016000  
INVD3BWP12T30P140LVT
                   tcbn28hpcplusbwp12t30p140lvtssg0p81v125c
                                  0.672000      30     20.160000  
INVD4BWP12T30P140LVT
                   tcbn28hpcplusbwp12t30p140lvtssg0p81v125c
                                  0.840000      60     50.399998  
INVD6BWP12T30P140LVT
                   tcbn28hpcplusbwp12t30p140lvtssg0p81v125c
                                  1.176000       9     10.584000  
INVD8BWP12T30P140LVT
                   tcbn28hpcplusbwp12t30p140lvtssg0p81v125c
                                  1.512000       7     10.584000  
INVD9BWP12T30P140LVT
                   tcbn28hpcplusbwp12t30p140lvtssg0p81v125c
                                  1.680000       5      8.400000  
INVD12BWP12T30P140LVT
                   tcbn28hpcplusbwp12t30p140lvtssg0p81v125c
                                  2.184000       1      2.184000  
INVD15BWP12T30P140LVT
                   tcbn28hpcplusbwp12t30p140lvtssg0p81v125c
                                  2.688000       3      8.064000  
IOA21D0BWP12T30P140LVT
                   tcbn28hpcplusbwp12t30p140lvtssg0p81v125c
                                  0.840000      47     39.479999  
IOA21D1BWP12T30P140LVT
                   tcbn28hpcplusbwp12t30p140lvtssg0p81v125c
                                  0.840000       4      3.360000  
IOA21D2BWP12T30P140LVT
                   tcbn28hpcplusbwp12t30p140lvtssg0p81v125c
                                  1.176000      11     12.936000  
MAOI22D0BWP12T30P140LVT
                   tcbn28hpcplusbwp12t30p140lvtssg0p81v125c
                                  1.008000      10     10.080000  
MAOI22D1BWP12T30P140LVT
                   tcbn28hpcplusbwp12t30p140lvtssg0p81v125c
                                  1.008000       1      1.008000  
MAOI222D0BWP12T30P140LVT
                   tcbn28hpcplusbwp12t30p140lvtssg0p81v125c
                                  1.008000     287    289.296005  
MAOI222D1BWP12T30P140LVT
                   tcbn28hpcplusbwp12t30p140lvtssg0p81v125c
                                  1.008000      12     12.096000  
MOAI22D0BWP12T30P140LVT
                   tcbn28hpcplusbwp12t30p140lvtssg0p81v125c
                                  1.008000     136    137.088002  
MOAI22D1BWP12T30P140LVT
                   tcbn28hpcplusbwp12t30p140lvtssg0p81v125c
                                  1.008000       7      7.056000  
MUX2D1BWP12T30P140LVT
                   tcbn28hpcplusbwp12t30p140lvtssg0p81v125c
                                  1.344000      36     48.383999  
MUX2D2BWP12T30P140LVT
                   tcbn28hpcplusbwp12t30p140lvtssg0p81v125c
                                  1.512000      56     84.671998  
MUX2D4BWP12T30P140LVT
                   tcbn28hpcplusbwp12t30p140lvtssg0p81v125c
                                  2.352000      66    155.232000  
MUX2ND0BWP12T30P140LVT
                   tcbn28hpcplusbwp12t30p140lvtssg0p81v125c
                                  1.008000    1265   1275.120021  
MUX2ND4BWP12T30P140LVT
                   tcbn28hpcplusbwp12t30p140lvtssg0p81v125c
                                  2.688000       1      2.688000  
MUX2OPTD2BWP12T30P140LVT
                   tcbn28hpcplusbwp12t30p140lvtssg0p81v125c
                                  1.512000       6      9.072000  
MUX2OPTD4BWP12T30P140LVT
                   tcbn28hpcplusbwp12t30p140lvtssg0p81v125c
                                  3.024000      53    160.271996  
MUX2OPTD6BWP12T30P140LVT
                   tcbn28hpcplusbwp12t30p140lvtssg0p81v125c
                                  4.032000     168    677.376011  
ND2D0BWP12T30P140LVT
                   tcbn28hpcplusbwp12t30p140lvtssg0p81v125c
                                  0.504000    4575   2305.800037  
ND2D1BWP12T30P140LVT
                   tcbn28hpcplusbwp12t30p140lvtssg0p81v125c
                                  0.504000    1447    729.288012  
ND2D2BWP12T30P140LVT
                   tcbn28hpcplusbwp12t30p140lvtssg0p81v125c
                                  0.840000     395    331.799990  
ND2D3BWP12T30P140LVT
                   tcbn28hpcplusbwp12t30p140lvtssg0p81v125c
                                  1.176000     160    188.160000  
ND2D4BWP12T30P140LVT
                   tcbn28hpcplusbwp12t30p140lvtssg0p81v125c
                                  1.512000      84    127.007997  
ND2D8BWP12T30P140LVT
                   tcbn28hpcplusbwp12t30p140lvtssg0p81v125c
                                  2.856000       5     14.280000  
ND2OPTD6BWP12T30P140LVT
                   tcbn28hpcplusbwp12t30p140lvtssg0p81v125c
                                  2.184000      39     85.176001  
ND2OPTD12BWP12T30P140LVT
                   tcbn28hpcplusbwp12t30p140lvtssg0p81v125c
                                  4.200000       3     12.599999  
ND2OPTFAD4BWP12T30P140LVT
                   tcbn28hpcplusbwp12t30p140lvtssg0p81v125c
                                  1.848000     278    513.744014  
ND2OPTFAD6BWP12T30P140LVT
                   tcbn28hpcplusbwp12t30p140lvtssg0p81v125c
                                  2.520000      56    141.119999  
ND2OPTFAD8BWP12T30P140LVT
                   tcbn28hpcplusbwp12t30p140lvtssg0p81v125c
                                  3.528000      20     70.560002  
ND2OPTFAD12BWP12T30P140LVT
                   tcbn28hpcplusbwp12t30p140lvtssg0p81v125c
                                  4.872000       4     19.488001  
ND2OPTFAD16BWP12T30P140LVT
                   tcbn28hpcplusbwp12t30p140lvtssg0p81v125c
                                  6.216000       8     49.728001  
ND2OPTPAD1BWP12T30P140LVT
                   tcbn28hpcplusbwp12t30p140lvtssg0p81v125c
                                  0.840000      72     60.479998  
ND2OPTPAD2BWP12T30P140LVT
                   tcbn28hpcplusbwp12t30p140lvtssg0p81v125c
                                  1.512000     329    497.447988  
ND2OPTPAD4BWP12T30P140LVT
                   tcbn28hpcplusbwp12t30p140lvtssg0p81v125c
                                  2.856000      44    125.663998  
ND2OPTPAD6BWP12T30P140LVT
                   tcbn28hpcplusbwp12t30p140lvtssg0p81v125c
                                  3.696000       6     22.176001  
ND3D1BWP12T30P140LVT
                   tcbn28hpcplusbwp12t30p140lvtssg0p81v125c
                                  0.672000     277    186.143997  
ND3D2BWP12T30P140LVT
                   tcbn28hpcplusbwp12t30p140lvtssg0p81v125c
                                  1.176000      15     17.640000  
ND3D3BWP12T30P140LVT
                   tcbn28hpcplusbwp12t30p140lvtssg0p81v125c
                                  1.680000       1      1.680000  
ND3OPTFAD4BWP12T30P140LVT
                   tcbn28hpcplusbwp12t30p140lvtssg0p81v125c
                                  2.520000      24     60.480000  
ND3OPTFAD6BWP12T30P140LVT
                   tcbn28hpcplusbwp12t30p140lvtssg0p81v125c
                                  3.528000       5     17.640001  
ND3OPTFAD8BWP12T30P140LVT
                   tcbn28hpcplusbwp12t30p140lvtssg0p81v125c
                                  4.872000       1      4.872000  
ND3OPTFAD16BWP12T30P140LVT
                   tcbn28hpcplusbwp12t30p140lvtssg0p81v125c
                                  8.904000       1      8.904000  
ND3OPTPAD1BWP12T30P140LVT
                   tcbn28hpcplusbwp12t30p140lvtssg0p81v125c
                                  1.176000      10     11.760000  
ND3OPTPAD2BWP12T30P140LVT
                   tcbn28hpcplusbwp12t30p140lvtssg0p81v125c
                                  2.016000      55    110.880002  
ND4D1BWP12T30P140LVT
                   tcbn28hpcplusbwp12t30p140lvtssg0p81v125c
                                  0.840000     111     93.239997  
NR2D0BWP12T30P140LVT
                   tcbn28hpcplusbwp12t30p140lvtssg0p81v125c
                                  0.504000    2519   1269.576020  
NR2D1BWP12T30P140LVT
                   tcbn28hpcplusbwp12t30p140lvtssg0p81v125c
                                  0.504000    1443    727.272012  
NR2D2BWP12T30P140LVT
                   tcbn28hpcplusbwp12t30p140lvtssg0p81v125c
                                  0.840000     265    222.599993  
NR2D3BWP12T30P140LVT
                   tcbn28hpcplusbwp12t30p140lvtssg0p81v125c
                                  1.176000      71     83.496000  
NR2D4BWP12T30P140LVT
                   tcbn28hpcplusbwp12t30p140lvtssg0p81v125c
                                  1.512000      56     84.671998  
NR2D8BWP12T30P140LVT
                   tcbn28hpcplusbwp12t30p140lvtssg0p81v125c
                                  2.856000       7     19.992000  
NR2D16BWP12T30P140LVT
                   tcbn28hpcplusbwp12t30p140lvtssg0p81v125c
                                  5.544000       2     11.088000  
NR2OPTD6BWP12T30P140LVT
                   tcbn28hpcplusbwp12t30p140lvtssg0p81v125c
                                  2.184000      20     43.680000  
NR2OPTD12BWP12T30P140LVT
                   tcbn28hpcplusbwp12t30p140lvtssg0p81v125c
                                  4.200000       8     33.599998  
NR2OPTFAD4BWP12T30P140LVT
                   tcbn28hpcplusbwp12t30p140lvtssg0p81v125c
                                  1.848000      63    116.424003  
NR2OPTPAD1BWP12T30P140LVT
                   tcbn28hpcplusbwp12t30p140lvtssg0p81v125c
                                  0.672000     114     76.607999  
NR2OPTPAD2BWP12T30P140LVT
                   tcbn28hpcplusbwp12t30p140lvtssg0p81v125c
                                  1.176000     260    305.760000  
NR2OPTPAD4BWP12T30P140LVT
                   tcbn28hpcplusbwp12t30p140lvtssg0p81v125c
                                  2.184000       6     13.104000  
NR2OPTPAD6BWP12T30P140LVT
                   tcbn28hpcplusbwp12t30p140lvtssg0p81v125c
                                  3.192000       2      6.384000  
NR2OPTPAD8BWP12T30P140LVT
                   tcbn28hpcplusbwp12t30p140lvtssg0p81v125c
                                  4.200000       1      4.200000  
NR2OPTPAD12BWP12T30P140LVT
                   tcbn28hpcplusbwp12t30p140lvtssg0p81v125c
                                  6.048000       1      6.048000  
NR2OPTPAD16BWP12T30P140LVT
                   tcbn28hpcplusbwp12t30p140lvtssg0p81v125c
                                  6.888000       4     27.552000  
NR3D0BWP12T30P140LVT
                   tcbn28hpcplusbwp12t30p140lvtssg0p81v125c
                                  0.672000     343    230.495997  
NR3D1BWP12T30P140LVT
                   tcbn28hpcplusbwp12t30p140lvtssg0p81v125c
                                  1.176000      33     38.808000  
NR3OPTD6BWP12T30P140LVT
                   tcbn28hpcplusbwp12t30p140lvtssg0p81v125c
                                  3.360000       1      3.360000  
NR3OPTFAD4BWP12T30P140LVT
                   tcbn28hpcplusbwp12t30p140lvtssg0p81v125c
                                  2.520000      13     32.760000  
NR3OPTFAD6BWP12T30P140LVT
                   tcbn28hpcplusbwp12t30p140lvtssg0p81v125c
                                  3.528000       1      3.528000  
NR3OPTPAD1BWP12T30P140LVT
                   tcbn28hpcplusbwp12t30p140lvtssg0p81v125c
                                  1.344000      19     25.536000  
NR3OPTPAD2BWP12T30P140LVT
                   tcbn28hpcplusbwp12t30p140lvtssg0p81v125c
                                  2.184000      54    117.936001  
NR3OPTPAD4BWP12T30P140LVT
                   tcbn28hpcplusbwp12t30p140lvtssg0p81v125c
                                  3.192000       6     19.151999  
NR3OPTPAD6BWP12T30P140LVT
                   tcbn28hpcplusbwp12t30p140lvtssg0p81v125c
                                  4.368000       1      4.368000  
NR4D0BWP12T30P140LVT
                   tcbn28hpcplusbwp12t30p140lvtssg0p81v125c
                                  0.840000     215    180.599994  
NR4D1BWP12T30P140LVT
                   tcbn28hpcplusbwp12t30p140lvtssg0p81v125c
                                  1.512000       4      6.048000  
NR4D2BWP12T30P140LVT
                   tcbn28hpcplusbwp12t30p140lvtssg0p81v125c
                                  3.024000       1      3.024000  
NR4D4BWP12T30P140LVT
                   tcbn28hpcplusbwp12t30p140lvtssg0p81v125c
                                  5.712000       4     22.848000  
OA21D0BWP12T30P140LVT
                   tcbn28hpcplusbwp12t30p140lvtssg0p81v125c
                                  0.840000     133    111.719997  
OA21D1BWP12T30P140LVT
                   tcbn28hpcplusbwp12t30p140lvtssg0p81v125c
                                  0.840000       8      6.720000  
OA21XD8BWP12T30P140LVT
                   tcbn28hpcplusbwp12t30p140lvtssg0p81v125c
                                  3.696000       1      3.696000  
OA22D1BWP12T30P140LVT
                   tcbn28hpcplusbwp12t30p140lvtssg0p81v125c
                                  1.176000      10     11.760000  
OA31D0BWP12T30P140LVT
                   tcbn28hpcplusbwp12t30p140lvtssg0p81v125c
                                  1.008000      21     21.168000  
OA211D0BWP12T30P140LVT
                   tcbn28hpcplusbwp12t30p140lvtssg0p81v125c
                                  1.008000     101    101.808002  
OA222D0BWP12T30P140LVT
                   tcbn28hpcplusbwp12t30p140lvtssg0p81v125c
                                  1.512000       2      3.024000  
OAI21D0BWP12T30P140LVT
                   tcbn28hpcplusbwp12t30p140lvtssg0p81v125c
                                  0.672000    3080   2069.759972  
OAI21D1BWP12T30P140LVT
                   tcbn28hpcplusbwp12t30p140lvtssg0p81v125c
                                  0.672000     627    421.343994  
OAI21D2BWP12T30P140LVT
                   tcbn28hpcplusbwp12t30p140lvtssg0p81v125c
                                  1.176000      47     55.272000  
OAI21D4BWP12T30P140LVT
                   tcbn28hpcplusbwp12t30p140lvtssg0p81v125c
                                  2.352000       6     14.112000  
OAI21OPTPBD1BWP12T30P140LVT
                   tcbn28hpcplusbwp12t30p140lvtssg0p81v125c
                                  1.008000      69     69.552001  
OAI21OPTPBD2BWP12T30P140LVT
                   tcbn28hpcplusbwp12t30p140lvtssg0p81v125c
                                  1.848000      41     75.768002  
OAI21OPTPBD4BWP12T30P140LVT
                   tcbn28hpcplusbwp12t30p140lvtssg0p81v125c
                                  3.528000      16     56.448002  
OAI21OPTPBD6BWP12T30P140LVT
                   tcbn28hpcplusbwp12t30p140lvtssg0p81v125c
                                  5.208000       1      5.208000  
OAI21OPTPBD8BWP12T30P140LVT
                   tcbn28hpcplusbwp12t30p140lvtssg0p81v125c
                                  6.888000       1      6.888000  
OAI21OPTREPBD1BWP12T30P140LVT
                   tcbn28hpcplusbwp12t30p140lvtssg0p81v125c
                                  1.008000      43     43.344001  
OAI21OPTREPBD2BWP12T30P140LVT
                   tcbn28hpcplusbwp12t30p140lvtssg0p81v125c
                                  1.848000     166    306.768008  
OAI21OPTREPBD4BWP12T30P140LVT
                   tcbn28hpcplusbwp12t30p140lvtssg0p81v125c
                                  3.528000      17     59.976002  
OAI22D0BWP12T30P140LVT
                   tcbn28hpcplusbwp12t30p140lvtssg0p81v125c
                                  0.840000    2656   2231.039930  
OAI22D1BWP12T30P140LVT
                   tcbn28hpcplusbwp12t30p140lvtssg0p81v125c
                                  0.840000     138    115.919996  
OAI22D2BWP12T30P140LVT
                   tcbn28hpcplusbwp12t30p140lvtssg0p81v125c
                                  1.512000       4      6.048000  
OAI22OPTPBD1BWP12T30P140LVT
                   tcbn28hpcplusbwp12t30p140lvtssg0p81v125c
                                  1.344000       6      8.064000  
OAI22OPTPBD2BWP12T30P140LVT
                   tcbn28hpcplusbwp12t30p140lvtssg0p81v125c
                                  2.520000       2      5.040000  
OAI22OPTPBD4BWP12T30P140LVT
                   tcbn28hpcplusbwp12t30p140lvtssg0p81v125c
                                  4.872000       3     14.616001  
OAI31D0BWP12T30P140LVT
                   tcbn28hpcplusbwp12t30p140lvtssg0p81v125c
                                  0.840000     970    814.799975  
OAI31D1BWP12T30P140LVT
                   tcbn28hpcplusbwp12t30p140lvtssg0p81v125c
                                  0.840000       4      3.360000  
OAI31D2BWP12T30P140LVT
                   tcbn28hpcplusbwp12t30p140lvtssg0p81v125c
                                  1.512000       4      6.048000  
OAI31D4BWP12T30P140LVT
                   tcbn28hpcplusbwp12t30p140lvtssg0p81v125c
                                  3.024000       1      3.024000  
OAI211D0BWP12T30P140LVT
                   tcbn28hpcplusbwp12t30p140lvtssg0p81v125c
                                  0.840000     379    318.359990  
OAI211D1BWP12T30P140LVT
                   tcbn28hpcplusbwp12t30p140lvtssg0p81v125c
                                  0.840000       6      5.040000  
OAI211OPTREPBD1BWP12T30P140LVT
                   tcbn28hpcplusbwp12t30p140lvtssg0p81v125c
                                  1.512000       1      1.512000  
OAI211OPTREPBD2BWP12T30P140LVT
                   tcbn28hpcplusbwp12t30p140lvtssg0p81v125c
                                  2.352000      10     23.520000  
OAI222D0BWP12T30P140LVT
                   tcbn28hpcplusbwp12t30p140lvtssg0p81v125c
                                  1.344000     820   1102.079985  
OR2D1BWP12T30P140LVT
                   tcbn28hpcplusbwp12t30p140lvtssg0p81v125c
                                  0.672000     503    338.015995  
OR2D2BWP12T30P140LVT
                   tcbn28hpcplusbwp12t30p140lvtssg0p81v125c
                                  0.840000      27     22.679999  
OR2D4BWP12T30P140LVT
                   tcbn28hpcplusbwp12t30p140lvtssg0p81v125c
                                  1.512000      49     74.087998  
OR3D1BWP12T30P140LVT
                   tcbn28hpcplusbwp12t30p140lvtssg0p81v125c
                                  0.840000       9      7.560000  
OR3D4BWP12T30P140LVT
                   tcbn28hpcplusbwp12t30p140lvtssg0p81v125c
                                  1.848000       2      3.696000  
OR4D1BWP12T30P140LVT
                   tcbn28hpcplusbwp12t30p140lvtssg0p81v125c
                                  1.008000       8      8.064000  
XNR2D0BWP12T30P140LVT
                   tcbn28hpcplusbwp12t30p140lvtssg0p81v125c
                                  1.344000     711    955.583987  
XNR2D1BWP12T30P140LVT
                   tcbn28hpcplusbwp12t30p140lvtssg0p81v125c
                                  1.344000      19     25.536000  
XNR2D2BWP12T30P140LVT
                   tcbn28hpcplusbwp12t30p140lvtssg0p81v125c
                                  1.512000      11     16.632000  
XNR2OPTND2BWP12T30P140LVT
                   tcbn28hpcplusbwp12t30p140lvtssg0p81v125c
                                  2.184000       7     15.288000  
XNR2OPTND4BWP12T30P140LVT
                   tcbn28hpcplusbwp12t30p140lvtssg0p81v125c
                                  4.032000       4     16.128000  
XNR2OPTND6BWP12T30P140LVT
                   tcbn28hpcplusbwp12t30p140lvtssg0p81v125c
                                  5.208000       1      5.208000  
XNR3D0BWP12T30P140LVT
                   tcbn28hpcplusbwp12t30p140lvtssg0p81v125c
                                  2.520000     125    314.999998  
XNR3OPTND2BWP12T30P140LVT
                   tcbn28hpcplusbwp12t30p140lvtssg0p81v125c
                                  3.864000       2      7.728000  
XNR3OPTND6BWP12T30P140LVT
                   tcbn28hpcplusbwp12t30p140lvtssg0p81v125c
                                  9.240000       1      9.240000  
XOR2D1BWP12T30P140LVT
                   tcbn28hpcplusbwp12t30p140lvtssg0p81v125c
                                  1.344000      15     20.160000  
XOR2D2BWP12T30P140LVT
                   tcbn28hpcplusbwp12t30p140lvtssg0p81v125c
                                  1.512000       3      4.536000  
XOR2OPTND2BWP12T30P140LVT
                   tcbn28hpcplusbwp12t30p140lvtssg0p81v125c
                                  2.184000       5     10.920000  
XOR2OPTND4BWP12T30P140LVT
                   tcbn28hpcplusbwp12t30p140lvtssg0p81v125c
                                  4.032000       2      8.064000  
XOR2OPTND6BWP12T30P140LVT
                   tcbn28hpcplusbwp12t30p140lvtssg0p81v125c
                                  5.208000       4     20.832001  
XOR2OPTND8BWP12T30P140LVT
                   tcbn28hpcplusbwp12t30p140lvtssg0p81v125c
                                  6.384000       4     25.535999  
XOR3D0BWP12T30P140LVT
                   tcbn28hpcplusbwp12t30p140lvtssg0p81v125c
                                  2.520000      70    176.399999  
XOR3D1BWP12T30P140LVT
                   tcbn28hpcplusbwp12t30p140lvtssg0p81v125c
                                  2.520000       1      2.520000  
XOR3OPTND2BWP12T30P140LVT
                   tcbn28hpcplusbwp12t30p140lvtssg0p81v125c
                                  3.864000       1      3.864000  
exponentMemory_64x277             0.000000       1      0.000000  b
logitMemory_64x709                0.000000       1      0.000000  b
-----------------------------------------------------------------------------
Total 248 references                                46263.671614
1
