 
****************************************
Report : timing
        -path full
        -delay max
        -nets
        -max_paths 20
        -transition_time
Design : BriskKvAttentionTop
Version: O-2018.06-SP1
Date   : Tue Aug 11 12:18:48 2026
****************************************

 # A fanout number of 1000 was used for high fanout net computations.

Operating Conditions: ssg0p81v125c   Library: tcbn28hpcplusbwp12t30p140lvtssg0p81v125c
Wire Load Model Mode: segmented

  Startpoint: scaleSoftmax/softmax/packCountReg_reg[0]
              (rising edge-triggered flip-flop clocked by clk)
  Endpoint: scaleSoftmax/softmax/globalMaximum_reg[4]
            (rising edge-triggered flip-flop clocked by clk)
  Path Group: clk
  Path Type: max

  Des/Clust/Port     Wire Load Model       Library
  ------------------------------------------------
  AttentionFeaturePacketizer_0
                     ZeroWireload          tcbn28hpcplusbwp12t30p140lvtssg0p81v125c
  PackDescriptorDecoder_1
                     ZeroWireload          tcbn28hpcplusbwp12t30p140lvtssg0p81v125c
  PackDescriptorDecoder
                     ZeroWireload          tcbn28hpcplusbwp12t30p140lvtssg0p81v125c
  BufferedPackMetadataDequantizer_1
                     ZeroWireload          tcbn28hpcplusbwp12t30p140lvtssg0p81v125c
  DynamicBitUnpacker_1
                     ZeroWireload          tcbn28hpcplusbwp12t30p140lvtssg0p81v125c
  BufferedPackMetadataDequantizer
                     ZeroWireload          tcbn28hpcplusbwp12t30p140lvtssg0p81v125c
  DynamicBitUnpacker ZeroWireload          tcbn28hpcplusbwp12t30p140lvtssg0p81v125c
  KvStreamDequantizer_1
                     ZeroWireload          tcbn28hpcplusbwp12t30p140lvtssg0p81v125c
  KvStreamDequantizer
                     ZeroWireload          tcbn28hpcplusbwp12t30p140lvtssg0p81v125c
  DecompressionPipelineController_1
                     ZeroWireload          tcbn28hpcplusbwp12t30p140lvtssg0p81v125c
  DecompressionPipelineController
                     ZeroWireload          tcbn28hpcplusbwp12t30p140lvtssg0p81v125c
  QkDotProductAccumulator
                     ZeroWireload          tcbn28hpcplusbwp12t30p140lvtssg0p81v125c
  QueryReplayBuffer  ZeroWireload          tcbn28hpcplusbwp12t30p140lvtssg0p81v125c
  AttentionFeaturePacketizer_1
                     ZeroWireload          tcbn28hpcplusbwp12t30p140lvtssg0p81v125c
  DualKvDecompressionController
                     ZeroWireload          tcbn28hpcplusbwp12t30p140lvtssg0p81v125c
  SoftmaxVAccumulator
                     ZeroWireload          tcbn28hpcplusbwp12t30p140lvtssg0p81v125c
  StreamingSoftmax   ZeroWireload          tcbn28hpcplusbwp12t30p140lvtssg0p81v125c
  AttentionScaleUnit ZeroWireload          tcbn28hpcplusbwp12t30p140lvtssg0p81v125c
  AvOutputQuantizer  ZeroWireload          tcbn28hpcplusbwp12t30p140lvtssg0p81v125c
  BriskKvAttentionTop
                     ZeroWireload          tcbn28hpcplusbwp12t30p140lvtssg0p81v125c

  Point                                       Fanout     Trans      Incr       Path
  ------------------------------------------------------------------------------------
  clock clk (rise edge)                                             0.00       0.00
  clock network delay (ideal)                                       0.00       0.00
  scaleSoftmax/softmax/packCountReg_reg[0]/CP (DFQOPTMAD8BWP12T30P140LVT)
                                                          0.00      0.00 #     0.00 r
  scaleSoftmax/softmax/packCountReg_reg[0]/Q (DFQOPTMAD8BWP12T30P140LVT)
                                                          0.01      0.02       0.02 f
  scaleSoftmax/softmax/packCountReg[0] (net)
                                                5                   0.00       0.02 f
  scaleSoftmax/softmax/U16327/ZN (NR2OPTD12BWP12T30P140LVT)
                                                          0.01      0.01       0.03 r
  scaleSoftmax/softmax/n4197 (net)              1                   0.00       0.03 r
  scaleSoftmax/softmax/U4071/ZN (ND3OPTFAD16BWP12T30P140LVT)
                                                          0.01      0.01       0.04 f
  scaleSoftmax/softmax/n6641 (net)              1                   0.00       0.04 f
  scaleSoftmax/softmax/U16385/ZN (NR2OPTPAD16BWP12T30P140LVT)
                                                          0.02      0.01       0.06 r
  scaleSoftmax/softmax/n6989 (net)             11                   0.00       0.06 r
  scaleSoftmax/softmax/U1973/ZN (ND2OPTD6BWP12T30P140LVT)
                                                          0.01      0.01       0.07 f
  scaleSoftmax/softmax/n27900 (net)             3                   0.00       0.07 f
  scaleSoftmax/softmax/U3042/ZN (AOI21OPTREPBD2BWP12T30P140LVT)
                                                          0.01      0.01       0.08 r
  scaleSoftmax/softmax/n298 (net)               1                   0.00       0.08 r
  scaleSoftmax/softmax/U3041/ZN (NR2D3BWP12T30P140LVT)
                                                          0.01      0.01       0.08 f
  scaleSoftmax/softmax/n3693 (net)              1                   0.00       0.08 f
  scaleSoftmax/softmax/U16282/ZN (ND2OPTFAD4BWP12T30P140LVT)
                                                          0.01      0.01       0.09 r
  scaleSoftmax/softmax/n3654 (net)              2                   0.00       0.09 r
  scaleSoftmax/softmax/U8918/ZN (NR3OPTFAD4BWP12T30P140LVT)
                                                          0.01      0.01       0.10 f
  scaleSoftmax/softmax/n4748 (net)              1                   0.00       0.10 f
  scaleSoftmax/softmax/U16710/ZN (ND2OPTFAD4BWP12T30P140LVT)
                                                          0.01      0.01       0.11 r
  scaleSoftmax/softmax/n4747 (net)              1                   0.00       0.11 r
  scaleSoftmax/softmax/U9152/ZN (NR2OPTD12BWP12T30P140LVT)
                                                          0.01      0.01       0.12 f
  scaleSoftmax/softmax/n4745 (net)              2                   0.00       0.12 f
  scaleSoftmax/softmax/U2510/ZN (ND2OPTFAD16BWP12T30P140LVT)
                                                          0.02      0.02       0.14 r
  scaleSoftmax/softmax/n6944 (net)             24                   0.00       0.14 r
  scaleSoftmax/softmax/U9041/ZN (ND2D4BWP12T30P140LVT)
                                                          0.01      0.01       0.15 f
  scaleSoftmax/softmax/n3809 (net)              1                   0.00       0.15 f
  scaleSoftmax/softmax/U3085/ZN (INVD4BWP12T30P140LVT)
                                                          0.01      0.01       0.15 r
  scaleSoftmax/softmax/n18388 (net)             3                   0.00       0.15 r
  scaleSoftmax/softmax/U9632/ZN (NR2OPTPAD2BWP12T30P140LVT)
                                                          0.01      0.01       0.16 f
  scaleSoftmax/softmax/n2576 (net)              2                   0.00       0.16 f
  scaleSoftmax/softmax/U9542/ZN (OAI21D2BWP12T30P140LVT)
                                                          0.01      0.01       0.17 r
  scaleSoftmax/softmax/n2569 (net)              1                   0.00       0.17 r
  scaleSoftmax/softmax/U9624/ZN (AOI21OPTPBD2BWP12T30P140LVT)
                                                          0.01      0.01       0.18 f
  scaleSoftmax/softmax/n3706 (net)              1                   0.00       0.18 f
  scaleSoftmax/softmax/U9099/ZN (NR2D4BWP12T30P140LVT)
                                                          0.01      0.01       0.20 r
  scaleSoftmax/softmax/n4249 (net)              1                   0.00       0.20 r
  scaleSoftmax/softmax/U16454/ZN (NR3OPTFAD4BWP12T30P140LVT)
                                                          0.01      0.01       0.21 f
  scaleSoftmax/softmax/n4248 (net)              1                   0.00       0.21 f
  scaleSoftmax/softmax/U4139/ZN (NR2D8BWP12T30P140LVT)
                                                          0.02      0.01       0.22 r
  scaleSoftmax/softmax/n4243 (net)              1                   0.00       0.22 r
  scaleSoftmax/softmax/U2946/ZN (NR2OPTPAD16BWP12T30P140LVT)
                                                          0.02      0.01       0.24 f
  scaleSoftmax/softmax/n6703 (net)             31                   0.00       0.24 f
  scaleSoftmax/softmax/U9805/Z (MUX2OPTD4BWP12T30P140LVT)
                                                          0.01      0.02       0.26 r
  scaleSoftmax/softmax/n3041 (net)              3                   0.00       0.26 r
  scaleSoftmax/softmax/U5717/ZN (ND2OPTFAD4BWP12T30P140LVT)
                                                          0.01      0.01       0.27 f
  scaleSoftmax/softmax/n2269 (net)              2                   0.00       0.27 f
  scaleSoftmax/softmax/U9222/ZN (AOI21OPTPBD2BWP12T30P140LVT)
                                                          0.01      0.01       0.28 r
  scaleSoftmax/softmax/n18507 (net)             1                   0.00       0.28 r
  scaleSoftmax/softmax/U9715/ZN (OAI21OPTREPBD2BWP12T30P140LVT)
                                                          0.01      0.01       0.29 f
  scaleSoftmax/softmax/n18509 (net)             1                   0.00       0.29 f
  scaleSoftmax/softmax/U9814/ZN (AOI21OPTPBD2BWP12T30P140LVT)
                                                          0.01      0.01       0.30 r
  scaleSoftmax/softmax/n3065 (net)              1                   0.00       0.30 r
  scaleSoftmax/softmax/U9813/ZN (OAI21OPTPBD2BWP12T30P140LVT)
                                                          0.01      0.01       0.31 f
  scaleSoftmax/softmax/n3064 (net)              1                   0.00       0.31 f
  scaleSoftmax/softmax/U2800/ZN (NR2OPTPAD2BWP12T30P140LVT)
                                                          0.01      0.01       0.33 r
  scaleSoftmax/softmax/n228 (net)               1                   0.00       0.33 r
  scaleSoftmax/softmax/U2799/ZN (NR2OPTD6BWP12T30P140LVT)
                                                          0.01      0.01       0.33 f
  scaleSoftmax/softmax/n226 (net)               1                   0.00       0.33 f
  scaleSoftmax/softmax/U2798/ZN (INR2D16BWP12T30P140LVT)
                                                          0.03      0.02       0.35 r
  scaleSoftmax/softmax/n4484 (net)             32                   0.00       0.35 r
  scaleSoftmax/softmax/U1771/ZN (INR2D2BWP12T30P140LVT)
                                                          0.01      0.01       0.36 f
  scaleSoftmax/softmax/n1956 (net)              1                   0.00       0.36 f
  scaleSoftmax/softmax/U7313/ZN (INVD2BWP12T30P140LVT)
                                                          0.01      0.01       0.36 r
  scaleSoftmax/softmax/n3055 (net)              1                   0.00       0.36 r
  scaleSoftmax/softmax/U2885/ZN (CKND2D3BWP12T30P140LVT)
                                                          0.01      0.01       0.37 f
  scaleSoftmax/softmax/n18710 (net)             3                   0.00       0.37 f
  scaleSoftmax/softmax/U1732/ZN (NR2OPTFAD4BWP12T30P140LVT)
                                                          0.01      0.01       0.38 r
  scaleSoftmax/softmax/n6473 (net)              2                   0.00       0.38 r
  scaleSoftmax/softmax/U2097/ZN (NR3OPTPAD2BWP12T30P140LVT)
                                                          0.01      0.01       0.39 f
  scaleSoftmax/softmax/n6845 (net)              1                   0.00       0.39 f
  scaleSoftmax/softmax/U1706/ZN (NR2OPTPAD2BWP12T30P140LVT)
                                                          0.01      0.01       0.40 r
  scaleSoftmax/softmax/n4574 (net)              1                   0.00       0.40 r
  scaleSoftmax/softmax/U7265/ZN (OAI21D2BWP12T30P140LVT)
                                                          0.01      0.01       0.41 f
  scaleSoftmax/softmax/n4572 (net)              1                   0.00       0.41 f
  scaleSoftmax/softmax/U16689/ZN (AOI21OPTREPBD2BWP12T30P140LVT)
                                                          0.01      0.01       0.42 r
  scaleSoftmax/softmax/n6526 (net)              1                   0.00       0.42 r
  scaleSoftmax/softmax/U8494/ZN (OAI21OPTREPBD2BWP12T30P140LVT)
                                                          0.02      0.01       0.43 f
  scaleSoftmax/softmax/n6538 (net)              1                   0.00       0.43 f
  scaleSoftmax/softmax/U16902/ZN (OAI21OPTPBD4BWP12T30P140LVT)
                                                          0.02      0.01       0.44 r
  scaleSoftmax/softmax/n6730 (net)              1                   0.00       0.44 r
  scaleSoftmax/softmax/U8524/ZN (ND2OPTD12BWP12T30P140LVT)
                                                          0.02      0.02       0.46 f
  scaleSoftmax/softmax/n18684 (net)             8                   0.00       0.46 f
  scaleSoftmax/softmax/U2026/Z (MUX2D4BWP12T30P140LVT)
                                                          0.01      0.03       0.49 r
  scaleSoftmax/softmax/n18845 (net)             2                   0.00       0.49 r
  scaleSoftmax/softmax/U1651/Z (BUFFXD6BWP12T30P140LVT)
                                                          0.01      0.01       0.50 r
  scaleSoftmax/softmax/n4548 (net)              2                   0.00       0.50 r
  scaleSoftmax/softmax/U16986/ZN (INR2D4BWP12T30P140LVT)
                                                          0.01      0.00       0.50 f
  scaleSoftmax/softmax/n6990 (net)              1                   0.00       0.50 f
  scaleSoftmax/softmax/U16886/ZN (NR2OPTPAD2BWP12T30P140LVT)
                                                          0.01      0.01       0.51 r
  scaleSoftmax/softmax/n6386 (net)              1                   0.00       0.51 r
  scaleSoftmax/softmax/U8425/ZN (OAI21OPTREPBD2BWP12T30P140LVT)
                                                          0.01      0.01       0.52 f
  scaleSoftmax/softmax/n1151 (net)              1                   0.00       0.52 f
  scaleSoftmax/softmax/U2048/ZN (ND2D3BWP12T30P140LVT)
                                                          0.01      0.01       0.53 r
  scaleSoftmax/softmax/n4475 (net)              1                   0.00       0.53 r
  scaleSoftmax/softmax/U2140/ZN (AOI21OPTPBD6BWP12T30P140LVT)
                                                          0.02      0.01       0.54 f
  scaleSoftmax/softmax/n7123 (net)              1                   0.00       0.54 f
  scaleSoftmax/softmax/U8928/ZN (INR2D16BWP12T30P140LVT)
                                                          0.02      0.01       0.55 r
  scaleSoftmax/softmax/n1751 (net)             12                   0.00       0.55 r
  scaleSoftmax/softmax/U8979/Z (MUX2D2BWP12T30P140LVT)
                                                          0.01      0.02       0.58 f
  scaleSoftmax/softmax/n18956 (net)             3                   0.00       0.58 f
  scaleSoftmax/softmax/U1558/ZN (INR2D1BWP12T30P140LVT)
                                                          0.02      0.01       0.59 r
  scaleSoftmax/softmax/n18894 (net)             2                   0.00       0.59 r
  scaleSoftmax/softmax/U1530/ZN (INVD1BWP12T30P140LVT)
                                                          0.01      0.01       0.60 f
  scaleSoftmax/softmax/n6379 (net)              1                   0.00       0.60 f
  scaleSoftmax/softmax/U9248/ZN (AOI21OPTPBD2BWP12T30P140LVT)
                                                          0.01      0.01       0.61 r
  scaleSoftmax/softmax/n1998 (net)              1                   0.00       0.61 r
  scaleSoftmax/softmax/U9247/ZN (OAI21OPTREPBD2BWP12T30P140LVT)
                                                          0.01      0.01       0.62 f
  scaleSoftmax/softmax/n4641 (net)              1                   0.00       0.62 f
  scaleSoftmax/softmax/U9396/ZN (AOI21OPTPBD2BWP12T30P140LVT)
                                                          0.02      0.02       0.64 r
  scaleSoftmax/softmax/n18955 (net)             2                   0.00       0.64 r
  scaleSoftmax/softmax/U16699/ZN (ND3OPTPAD2BWP12T30P140LVT)
                                                          0.02      0.02       0.65 f
  scaleSoftmax/softmax/n6520 (net)              1                   0.00       0.65 f
  scaleSoftmax/softmax/U16336/ZN (NR2OPTFAD4BWP12T30P140LVT)
                                                          0.01      0.01       0.66 r
  scaleSoftmax/softmax/n3781 (net)              1                   0.00       0.66 r
  scaleSoftmax/softmax/U1999/ZN (ND2OPTFAD8BWP12T30P140LVT)
                                                          0.01      0.01       0.68 f
  scaleSoftmax/softmax/n18941 (net)             4                   0.00       0.68 f
  scaleSoftmax/softmax/U8376/ZN (CKND16BWP12T30P140LVT)
                                                          0.01      0.01       0.69 r
  scaleSoftmax/softmax/n4526 (net)             12                   0.00       0.69 r
  scaleSoftmax/softmax/U2122/ZN (CKND8BWP12T30P140LVT)
                                                          0.01      0.01       0.69 f
  scaleSoftmax/softmax/n6496 (net)              4                   0.00       0.69 f
  scaleSoftmax/softmax/U8277/Z (MUX2OPTD6BWP12T30P140LVT)
                                                          0.01      0.02       0.71 r
  scaleSoftmax/softmax/n4363 (net)              3                   0.00       0.71 r
  scaleSoftmax/softmax/U8276/ZN (ND2OPTFAD4BWP12T30P140LVT)
                                                          0.01      0.01       0.72 f
  scaleSoftmax/softmax/n2146 (net)              2                   0.00       0.72 f
  scaleSoftmax/softmax/U6882/ZN (ND2D2BWP12T30P140LVT)
                                                          0.01      0.01       0.72 r
  scaleSoftmax/softmax/n1813 (net)              1                   0.00       0.72 r
  scaleSoftmax/softmax/U9007/ZN (ND2OPTPAD2BWP12T30P140LVT)
                                                          0.01      0.01       0.73 f
  scaleSoftmax/softmax/n4724 (net)              1                   0.00       0.73 f
  scaleSoftmax/softmax/U16408/ZN (AOI21OPTPBD2BWP12T30P140LVT)
                                                          0.01      0.01       0.74 r
  scaleSoftmax/softmax/n3746 (net)              1                   0.00       0.74 r
  scaleSoftmax/softmax/U16403/ZN (NR2D2BWP12T30P140LVT)
                                                          0.01      0.01       0.74 f
  scaleSoftmax/softmax/n6187 (net)              1                   0.00       0.74 f
  scaleSoftmax/softmax/U16622/ZN (OAI21D2BWP12T30P140LVT)
                                                          0.01      0.01       0.75 r
  scaleSoftmax/softmax/n6651 (net)              1                   0.00       0.75 r
  scaleSoftmax/softmax/U16932/ZN (AOI21OPTPBD2BWP12T30P140LVT)
                                                          0.02      0.01       0.76 f
  scaleSoftmax/softmax/n6649 (net)              1                   0.00       0.76 f
  scaleSoftmax/softmax/U16646/ZN (NR3OPTD6BWP12T30P140LVT)
                                                          0.03      0.02       0.79 r
  scaleSoftmax/softmax/n19026 (net)             4                   0.00       0.79 r
  scaleSoftmax/softmax/U8752/ZN (CKND8BWP12T30P140LVT)
                                                          0.02      0.01       0.80 f
  scaleSoftmax/softmax/n4468 (net)             14                   0.00       0.80 f
  scaleSoftmax/softmax/U2747/ZN (INR2D2BWP12T30P140LVT)
                                                          0.01      0.01       0.81 r
  scaleSoftmax/softmax/n3691 (net)              1                   0.00       0.81 r
  scaleSoftmax/softmax/U9219/ZN (INVD1P25BWP12T30P140LVT)
                                                          0.01      0.01       0.81 f
  scaleSoftmax/softmax/n4509 (net)              1                   0.00       0.81 f
  scaleSoftmax/softmax/U9265/ZN (OAI21OPTREPBD2BWP12T30P140LVT)
                                                          0.03      0.01       0.82 r
  scaleSoftmax/softmax/n19157 (net)             3                   0.00       0.82 r
  scaleSoftmax/softmax/U1343/ZN (ND2D2BWP12T30P140LVT)
                                                          0.02      0.01       0.83 f
  scaleSoftmax/softmax/n2582 (net)              2                   0.00       0.83 f
  scaleSoftmax/softmax/U2120/ZN (OAI211OPTREPBD2BWP12T30P140LVT)
                                                          0.01      0.01       0.84 r
  scaleSoftmax/softmax/n22 (net)                1                   0.00       0.84 r
  scaleSoftmax/softmax/U1321/ZN (AOI21OPTPBD1BWP12T30P140LVT)
                                                          0.01      0.01       0.85 f
  scaleSoftmax/softmax/n2733 (net)              1                   0.00       0.85 f
  scaleSoftmax/softmax/U2383/ZN (OAI21OPTPBD2BWP12T30P140LVT)
                                                          0.01      0.01       0.86 r
  scaleSoftmax/softmax/n6275 (net)              1                   0.00       0.86 r
  scaleSoftmax/softmax/U5271/ZN (ND2D2BWP12T30P140LVT)
                                                          0.01      0.01       0.87 f
  scaleSoftmax/softmax/n4491 (net)              1                   0.00       0.87 f
  scaleSoftmax/softmax/U6734/ZN (ND2OPTPAD2BWP12T30P140LVT)
                                                          0.01      0.01       0.88 r
  scaleSoftmax/softmax/n6272 (net)              1                   0.00       0.88 r
  scaleSoftmax/softmax/U8619/ZN (AOI21OPTPBD6BWP12T30P140LVT)
                                                          0.02      0.01       0.89 f
  scaleSoftmax/softmax/n1271 (net)              4                   0.00       0.89 f
  scaleSoftmax/softmax/U8617/ZN (NR2OPTPAD16BWP12T30P140LVT)
                                                          0.03      0.02       0.91 r
  scaleSoftmax/softmax/n6472 (net)             30                   0.00       0.91 r
  scaleSoftmax/softmax/U1235/Z (MUX2D4BWP12T30P140LVT)
                                                          0.01      0.03       0.94 r
  scaleSoftmax/softmax/n4372 (net)              3                   0.00       0.94 r
  scaleSoftmax/softmax/U9515/ZN (INR2D4BWP12T30P140LVT)
                                                          0.01      0.01       0.95 f
  scaleSoftmax/softmax/n2301 (net)              3                   0.00       0.95 f
  scaleSoftmax/softmax/U4424/ZN (NR2D2BWP12T30P140LVT)
                                                          0.01      0.01       0.96 r
  scaleSoftmax/softmax/n2786 (net)              1                   0.00       0.96 r
  scaleSoftmax/softmax/U9670/ZN (OAI211OPTREPBD2BWP12T30P140LVT)
                                                          0.02      0.01       0.97 f
  scaleSoftmax/softmax/n2780 (net)              1                   0.00       0.97 f
  scaleSoftmax/softmax/U9699/ZN (AOI21OPTPBD2BWP12T30P140LVT)
                                                          0.02      0.01       0.98 r
  scaleSoftmax/softmax/n2777 (net)              1                   0.00       0.98 r
  scaleSoftmax/softmax/U4140/ZN (OAI21OPTPBD8BWP12T30P140LVT)
                                                          0.02      0.01       1.00 f
  scaleSoftmax/softmax/n3432 (net)              1                   0.00       1.00 f
  scaleSoftmax/softmax/U8773/ZN (ND2OPTFAD16BWP12T30P140LVT)
                                                          0.03      0.02       1.02 r
  scaleSoftmax/softmax/n19267 (net)            40                   0.00       1.02 r
  scaleSoftmax/softmax/U8407/ZN (CKND16BWP12T30P140LVT)
                                                          0.01      0.01       1.03 f
  scaleSoftmax/softmax/n4373 (net)             13                   0.00       1.03 f
  scaleSoftmax/softmax/U8485/Z (MUX2OPTD6BWP12T30P140LVT)
                                                          0.01      0.02       1.05 r
  scaleSoftmax/softmax/n4401 (net)              3                   0.00       1.05 r
  scaleSoftmax/softmax/U8207/ZN (ND2OPTFAD4BWP12T30P140LVT)
                                                          0.02      0.01       1.06 f
  scaleSoftmax/softmax/n941 (net)               2                   0.00       1.06 f
  scaleSoftmax/softmax/U8206/ZN (AOI21OPTPBD2BWP12T30P140LVT)
                                                          0.01      0.01       1.06 r
  scaleSoftmax/softmax/n1677 (net)              1                   0.00       1.06 r
  scaleSoftmax/softmax/U8843/ZN (OAI21OPTPBD2BWP12T30P140LVT)
                                                          0.01      0.01       1.07 f
  scaleSoftmax/softmax/n2867 (net)              1                   0.00       1.07 f
  scaleSoftmax/softmax/U9737/ZN (AOI21OPTPBD2BWP12T30P140LVT)
                                                          0.01      0.01       1.08 r
  scaleSoftmax/softmax/n4254 (net)              1                   0.00       1.08 r
  scaleSoftmax/softmax/U16413/ZN (NR2D4BWP12T30P140LVT)
                                                          0.01      0.01       1.09 f
  scaleSoftmax/softmax/n4057 (net)              1                   0.00       1.09 f
  scaleSoftmax/softmax/U8359/ZN (NR3OPTPAD6BWP12T30P140LVT)
                                                          0.02      0.02       1.11 r
  scaleSoftmax/softmax/n4055 (net)              1                   0.00       1.11 r
  scaleSoftmax/softmax/U3181/ZN (ND2OPTFAD16BWP12T30P140LVT)
                                                          0.02      0.02       1.12 f
  scaleSoftmax/softmax/n4344 (net)             27                   0.00       1.12 f
  scaleSoftmax/softmax/U2139/ZN (CKND6BWP12T30P140LVT)
                                                          0.01      0.01       1.13 r
  scaleSoftmax/softmax/n158 (net)               3                   0.00       1.13 r
  scaleSoftmax/softmax/U2275/ZN (ND2OPTFAD4BWP12T30P140LVT)
                                                          0.01      0.01       1.14 f
  scaleSoftmax/softmax/n1798 (net)              2                   0.00       1.14 f
  scaleSoftmax/softmax/U3191/ZN (INR2D4BWP12T30P140LVT)
                                                          0.01      0.01       1.15 f
  scaleSoftmax/softmax/n6125 (net)              2                   0.00       1.15 f
  scaleSoftmax/softmax/U2623/ZN (INVD4BWP12T30P140LVT)
                                                          0.01      0.01       1.16 r
  scaleSoftmax/softmax/n186 (net)               1                   0.00       1.16 r
  scaleSoftmax/softmax/U2681/ZN (ND2D4BWP12T30P140LVT)
                                                          0.01      0.01       1.17 f
  scaleSoftmax/softmax/n789 (net)               2                   0.00       1.17 f
  scaleSoftmax/softmax/U2856/ZN (NR2D3BWP12T30P140LVT)
                                                          0.01      0.01       1.18 r
  scaleSoftmax/softmax/n19421 (net)             2                   0.00       1.18 r
  scaleSoftmax/softmax/U8761/ZN (ND3OPTFAD4BWP12T30P140LVT)
                                                          0.01      0.01       1.19 f
  scaleSoftmax/softmax/n1530 (net)              1                   0.00       1.19 f
  scaleSoftmax/softmax/U8121/ZN (INR2D16BWP12T30P140LVT)
                                                          0.01      0.02       1.21 f
  scaleSoftmax/softmax/n1632 (net)             15                   0.00       1.21 f
  scaleSoftmax/softmax/U2602/Z (MUX2OPTD6BWP12T30P140LVT)
                                                          0.01      0.02       1.23 r
  scaleSoftmax/softmax/n4180 (net)              3                   0.00       1.23 r
  scaleSoftmax/softmax/U9470/ZN (OAI21OPTREPBD2BWP12T30P140LVT)
                                                          0.01      0.01       1.24 f
  scaleSoftmax/softmax/n2210 (net)              1                   0.00       1.24 f
  scaleSoftmax/softmax/U2649/ZN (AOI21OPTPBD4BWP12T30P140LVT)
                                                          0.01      0.01       1.25 r
  scaleSoftmax/softmax/n822 (net)               2                   0.00       1.25 r
  scaleSoftmax/softmax/U3278/ZN (ND2OPTFAD4BWP12T30P140LVT)
                                                          0.01      0.01       1.26 f
  scaleSoftmax/softmax/n904 (net)               2                   0.00       1.26 f
  scaleSoftmax/softmax/U3352/ZN (NR2OPTPAD2BWP12T30P140LVT)
                                                          0.01      0.01       1.27 r
  scaleSoftmax/softmax/n925 (net)               1                   0.00       1.27 r
  scaleSoftmax/softmax/U2427/ZN (ND3OPTPAD2BWP12T30P140LVT)
                                                          0.02      0.01       1.28 f
  scaleSoftmax/softmax/n107 (net)               1                   0.00       1.28 f
  scaleSoftmax/softmax/U2426/ZN (ND2OPTFAD4BWP12T30P140LVT)
                                                          0.01      0.01       1.29 r
  scaleSoftmax/softmax/n1531 (net)              1                   0.00       1.29 r
  scaleSoftmax/softmax/U2633/ZN (NR2OPTD12BWP12T30P140LVT)
                                                          0.01      0.01       1.30 f
  scaleSoftmax/softmax/n4353 (net)              9                   0.00       1.30 f
  scaleSoftmax/softmax/U8749/ZN (AOI21OPTPBD4BWP12T30P140LVT)
                                                          0.01      0.01       1.31 r
  scaleSoftmax/softmax/n5038 (net)              1                   0.00       1.31 r
  scaleSoftmax/softmax/U2501/ZN (ND2OPTFAD6BWP12T30P140LVT)
                                                          0.02      0.01       1.32 f
  scaleSoftmax/softmax/n1129 (net)              2                   0.00       1.32 f
  scaleSoftmax/softmax/U8289/ZN (NR2D16BWP12T30P140LVT)
                                                          0.02      0.02       1.34 r
  scaleSoftmax/softmax/n6669 (net)             17                   0.00       1.34 r
  scaleSoftmax/softmax/U2132/Z (BUFFXD6BWP12T30P140LVT)
                                                          0.01      0.01       1.36 r
  scaleSoftmax/softmax/n379 (net)               3                   0.00       1.36 r
  scaleSoftmax/softmax/U8786/ZN (OAI22OPTPBD4BWP12T30P140LVT)
                                                          0.02      0.01       1.37 f
  scaleSoftmax/softmax/n19579 (net)             3                   0.00       1.37 f
  scaleSoftmax/softmax/U701/ZN (NR2D2BWP12T30P140LVT)     0.01      0.01       1.38 r
  scaleSoftmax/softmax/n99 (net)                1                   0.00       1.38 r
  scaleSoftmax/softmax/U2404/ZN (AOI21OPTPBD2BWP12T30P140LVT)
                                                          0.01      0.01       1.39 f
  scaleSoftmax/softmax/n4278 (net)              1                   0.00       1.39 f
  scaleSoftmax/softmax/U2912/ZN (NR2D2BWP12T30P140LVT)
                                                          0.01      0.01       1.40 r
  scaleSoftmax/softmax/n1579 (net)              1                   0.00       1.40 r
  scaleSoftmax/softmax/U6104/ZN (OAI21D2BWP12T30P140LVT)
                                                          0.02      0.01       1.41 f
  scaleSoftmax/softmax/n3878 (net)              1                   0.00       1.41 f
  scaleSoftmax/softmax/U8849/ZN (AOI21D4BWP12T30P140LVT)
                                                          0.02      0.01       1.42 r
  scaleSoftmax/softmax/n4018 (net)              1                   0.00       1.42 r
  scaleSoftmax/softmax/U8070/ZN (NR2D8BWP12T30P140LVT)
                                                          0.01      0.01       1.43 f
  scaleSoftmax/softmax/n711 (net)               3                   0.00       1.43 f
  scaleSoftmax/softmax/U8068/ZN (ND2OPTFAD16BWP12T30P140LVT)
                                                          0.02      0.01       1.44 r
  scaleSoftmax/softmax/n3169 (net)             18                   0.00       1.44 r
  scaleSoftmax/softmax/U2919/ZN (CKND16BWP12T30P140LVT)
                                                          0.01      0.01       1.45 f
  scaleSoftmax/softmax/n4151 (net)             12                   0.00       1.45 f
  scaleSoftmax/softmax/U2833/Z (MUX2OPTD6BWP12T30P140LVT)
                                                          0.01      0.02       1.47 r
  scaleSoftmax/softmax/n19763 (net)             3                   0.00       1.47 r
  scaleSoftmax/softmax/U2832/ZN (ND2OPTPAD2BWP12T30P140LVT)
                                                          0.01      0.01       1.48 f
  scaleSoftmax/softmax/n1322 (net)              1                   0.00       1.48 f
  scaleSoftmax/softmax/U2936/ZN (INVD4BWP12T30P140LVT)
                                                          0.01      0.01       1.49 r
  scaleSoftmax/softmax/n937 (net)               1                   0.00       1.49 r
  scaleSoftmax/softmax/U2783/ZN (NR2OPTFAD4BWP12T30P140LVT)
                                                          0.01      0.01       1.50 f
  scaleSoftmax/softmax/n936 (net)               1                   0.00       1.50 f
  scaleSoftmax/softmax/U8203/ZN (AOI21OPTPBD2BWP12T30P140LVT)
                                                          0.01      0.01       1.51 r
  scaleSoftmax/softmax/n934 (net)               1                   0.00       1.51 r
  scaleSoftmax/softmax/U8200/ZN (NR2OPTPAD2BWP12T30P140LVT)
                                                          0.01      0.01       1.51 f
  scaleSoftmax/softmax/n1026 (net)              1                   0.00       1.51 f
  scaleSoftmax/softmax/U8245/ZN (INR2D4BWP12T30P140LVT)
                                                          0.01      0.01       1.52 r
  scaleSoftmax/softmax/n1035 (net)              1                   0.00       1.52 r
  scaleSoftmax/softmax/U4135/ZN (NR2D8BWP12T30P140LVT)
                                                          0.01      0.01       1.53 f
  scaleSoftmax/softmax/n4065 (net)              1                   0.00       1.53 f
  scaleSoftmax/softmax/U16539/ZN (ND2OPTFAD16BWP12T30P140LVT)
                                                          0.02      0.02       1.55 r
  scaleSoftmax/softmax/n19725 (net)            35                   0.00       1.55 r
  scaleSoftmax/softmax/U2010/Z (MUX2OPTD4BWP12T30P140LVT)
                                                          0.01      0.03       1.57 f
  scaleSoftmax/softmax/n19872 (net)             3                   0.00       1.57 f
  scaleSoftmax/softmax/U8133/ZN (INR2D8BWP12T30P140LVT)
                                                          0.01      0.01       1.58 r
  scaleSoftmax/softmax/n2396 (net)              3                   0.00       1.58 r
  scaleSoftmax/softmax/U396/ZN (INR2D1BWP12T30P140LVT)
                                                          0.01      0.01       1.59 f
  scaleSoftmax/softmax/n1481 (net)              1                   0.00       1.59 f
  scaleSoftmax/softmax/U8713/ZN (AOI21OPTPBD2BWP12T30P140LVT)
                                                          0.02      0.01       1.60 r
  scaleSoftmax/softmax/n1567 (net)              1                   0.00       1.60 r
  scaleSoftmax/softmax/U8210/ZN (ND2OPTPAD2BWP12T30P140LVT)
                                                          0.01      0.01       1.61 f
  scaleSoftmax/softmax/n946 (net)               1                   0.00       1.61 f
  scaleSoftmax/softmax/U2384/ZN (AOI21OPTPBD4BWP12T30P140LVT)
                                                          0.02      0.01       1.62 r
  scaleSoftmax/softmax/n945 (net)               1                   0.00       1.62 r
  scaleSoftmax/softmax/U8208/ZN (AOI21OPTPBD6BWP12T30P140LVT)
                                                          0.02      0.01       1.63 f
  scaleSoftmax/softmax/n3921 (net)              1                   0.00       1.63 f
  scaleSoftmax/softmax/U3194/ZN (NR2D16BWP12T30P140LVT)
                                                          0.02      0.02       1.65 r
  scaleSoftmax/softmax/n19838 (net)            16                   0.00       1.65 r
  scaleSoftmax/softmax/U16460/ZN (ND2OPTPAD2BWP12T30P140LVT)
                                                          0.02      0.01       1.66 f
  scaleSoftmax/softmax/n4758 (net)              1                   0.00       1.66 f
  scaleSoftmax/softmax/U8774/ZN (ND2OPTFAD4BWP12T30P140LVT)
                                                          0.01      0.01       1.67 r
  scaleSoftmax/softmax/n19981 (net)             3                   0.00       1.67 r
  scaleSoftmax/softmax/U9290/ZN (ND2OPTFAD6BWP12T30P140LVT)
                                                          0.01      0.01       1.68 f
  scaleSoftmax/softmax/n4729 (net)              2                   0.00       1.68 f
  scaleSoftmax/softmax/U8254/ZN (ND2OPTFAD4BWP12T30P140LVT)
                                                          0.01      0.01       1.69 r
  scaleSoftmax/softmax/n1040 (net)              2                   0.00       1.69 r
  scaleSoftmax/softmax/U8253/ZN (OAI21OPTREPBD2BWP12T30P140LVT)
                                                          0.01      0.01       1.70 f
  scaleSoftmax/softmax/n1568 (net)              1                   0.00       1.70 f
  scaleSoftmax/softmax/U8811/ZN (ND2D3BWP12T30P140LVT)
                                                          0.01      0.01       1.71 r
  scaleSoftmax/softmax/n4516 (net)              1                   0.00       1.71 r
  scaleSoftmax/softmax/U16483/ZN (ND3OPTFAD4BWP12T30P140LVT)
                                                          0.01      0.01       1.72 f
  scaleSoftmax/softmax/n4944 (net)              1                   0.00       1.72 f
  scaleSoftmax/softmax/U16769/ZN (AOI21OPTPBD2BWP12T30P140LVT)
                                                          0.01      0.01       1.73 r
  scaleSoftmax/softmax/n6616 (net)              1                   0.00       1.73 r
  scaleSoftmax/softmax/U16750/ZN (ND3OPTPAD2BWP12T30P140LVT)
                                                          0.02      0.01       1.74 f
  scaleSoftmax/softmax/n19964 (net)             1                   0.00       1.74 f
  scaleSoftmax/softmax/U16675/ZN (AOI21OPTPBD4BWP12T30P140LVT)
                                                          0.02      0.01       1.75 r
  scaleSoftmax/softmax/n19980 (net)             2                   0.00       1.75 r
  scaleSoftmax/softmax/U8898/ZN (CKND8BWP12T30P140LVT)
                                                          0.01      0.01       1.76 f
  scaleSoftmax/softmax/n4415 (net)              8                   0.00       1.76 f
  scaleSoftmax/softmax/U2802/ZN (CKND8BWP12T30P140LVT)
                                                          0.01      0.01       1.77 r
  scaleSoftmax/softmax/n1189 (net)              5                   0.00       1.77 r
  scaleSoftmax/softmax/U2186/ZN (ND2OPTPAD4BWP12T30P140LVT)
                                                          0.01      0.01       1.78 f
  scaleSoftmax/softmax/n2802 (net)              1                   0.00       1.78 f
  scaleSoftmax/softmax/U9704/ZN (OAI21OPTPBD2BWP12T30P140LVT)
                                                          0.01      0.01       1.79 r
  scaleSoftmax/softmax/n20006 (net)             3                   0.00       1.79 r
  scaleSoftmax/softmax/U143/ZN (ND2D2BWP12T30P140LVT)     0.01      0.01       1.80 f
  scaleSoftmax/softmax/n6948 (net)              2                   0.00       1.80 f
  scaleSoftmax/softmax/U8890/ZN (AOI31D2BWP12T30P140LVT)
                                                          0.02      0.01       1.81 r
  scaleSoftmax/softmax/n4669 (net)              1                   0.00       1.81 r
  scaleSoftmax/softmax/U9364/ZN (NR2D2BWP12T30P140LVT)
                                                          0.01      0.01       1.82 f
  scaleSoftmax/softmax/n4470 (net)              1                   0.00       1.82 f
  scaleSoftmax/softmax/U8778/ZN (OAI21D2BWP12T30P140LVT)
                                                          0.01      0.01       1.83 r
  scaleSoftmax/softmax/n4904 (net)              1                   0.00       1.83 r
  scaleSoftmax/softmax/U16746/ZN (AOI21OPTPBD2BWP12T30P140LVT)
                                                          0.01      0.01       1.84 f
  scaleSoftmax/softmax/n4902 (net)              1                   0.00       1.84 f
  scaleSoftmax/softmax/U4124/ZN (NR2D4BWP12T30P140LVT)
                                                          0.01      0.01       1.85 r
  scaleSoftmax/softmax/n7083 (net)              1                   0.00       1.85 r
  scaleSoftmax/softmax/U2366/ZN (ND2OPTFAD6BWP12T30P140LVT)
                                                          0.01      0.01       1.85 f
  scaleSoftmax/softmax/n3806 (net)              2                   0.00       1.85 f
  scaleSoftmax/softmax/U2365/ZN (INR2D8BWP12T30P140LVT)
                                                          0.01      0.01       1.87 r
  scaleSoftmax/softmax/n494 (net)               5                   0.00       1.87 r
  scaleSoftmax/softmax/U9242/ZN (ND2OPTFAD8BWP12T30P140LVT)
                                                          0.01      0.01       1.87 f
  scaleSoftmax/softmax/n20097 (net)             2                   0.00       1.87 f
  scaleSoftmax/softmax/U2244/ZN (INVD9BWP12T30P140LVT)
                                                          0.01      0.01       1.88 r
  scaleSoftmax/softmax/n40384 (net)             9                   0.00       1.88 r
  scaleSoftmax/softmax/U9405/ZN (CKND12BWP12T30P140LVT)
                                                          0.01      0.01       1.89 f
  scaleSoftmax/softmax/n40918 (net)            30                   0.00       1.89 f
  scaleSoftmax/softmax/U16738/ZN (OAI22D1BWP12T30P140LVT)
                                                          0.02      0.01       1.90 r
  scaleSoftmax/softmax/n5505 (net)              1                   0.00       1.90 r
  scaleSoftmax/softmax/globalMaximum_reg[4]/D (DFQD2BWP12T30P140LVT)
                                                          0.02      0.00       1.90 r
  data arrival time                                                            1.90

  clock clk (rise edge)                                             2.00       2.00
  clock network delay (ideal)                                       0.00       2.00
  clock uncertainty                                                -0.10       1.90
  scaleSoftmax/softmax/globalMaximum_reg[4]/CP (DFQD2BWP12T30P140LVT)
                                                                    0.00       1.90 r
  library setup time                                               -0.01       1.89
  data required time                                                           1.89
  ------------------------------------------------------------------------------------
  data required time                                                           1.89
  data arrival time                                                           -1.90
  ------------------------------------------------------------------------------------
  slack (VIOLATED)                                                            -0.02


  Startpoint: scaleSoftmax/softmax/packCountReg_reg[0]
              (rising edge-triggered flip-flop clocked by clk)
  Endpoint: scaleSoftmax/softmax/globalMaximum_reg[9]
            (rising edge-triggered flip-flop clocked by clk)
  Path Group: clk
  Path Type: max

  Des/Clust/Port     Wire Load Model       Library
  ------------------------------------------------
  AttentionFeaturePacketizer_0
                     ZeroWireload          tcbn28hpcplusbwp12t30p140lvtssg0p81v125c
  PackDescriptorDecoder_1
                     ZeroWireload          tcbn28hpcplusbwp12t30p140lvtssg0p81v125c
  PackDescriptorDecoder
                     ZeroWireload          tcbn28hpcplusbwp12t30p140lvtssg0p81v125c
  BufferedPackMetadataDequantizer_1
                     ZeroWireload          tcbn28hpcplusbwp12t30p140lvtssg0p81v125c
  DynamicBitUnpacker_1
                     ZeroWireload          tcbn28hpcplusbwp12t30p140lvtssg0p81v125c
  BufferedPackMetadataDequantizer
                     ZeroWireload          tcbn28hpcplusbwp12t30p140lvtssg0p81v125c
  DynamicBitUnpacker ZeroWireload          tcbn28hpcplusbwp12t30p140lvtssg0p81v125c
  KvStreamDequantizer_1
                     ZeroWireload          tcbn28hpcplusbwp12t30p140lvtssg0p81v125c
  KvStreamDequantizer
                     ZeroWireload          tcbn28hpcplusbwp12t30p140lvtssg0p81v125c
  DecompressionPipelineController_1
                     ZeroWireload          tcbn28hpcplusbwp12t30p140lvtssg0p81v125c
  DecompressionPipelineController
                     ZeroWireload          tcbn28hpcplusbwp12t30p140lvtssg0p81v125c
  QkDotProductAccumulator
                     ZeroWireload          tcbn28hpcplusbwp12t30p140lvtssg0p81v125c
  QueryReplayBuffer  ZeroWireload          tcbn28hpcplusbwp12t30p140lvtssg0p81v125c
  AttentionFeaturePacketizer_1
                     ZeroWireload          tcbn28hpcplusbwp12t30p140lvtssg0p81v125c
  DualKvDecompressionController
                     ZeroWireload          tcbn28hpcplusbwp12t30p140lvtssg0p81v125c
  SoftmaxVAccumulator
                     ZeroWireload          tcbn28hpcplusbwp12t30p140lvtssg0p81v125c
  StreamingSoftmax   ZeroWireload          tcbn28hpcplusbwp12t30p140lvtssg0p81v125c
  AttentionScaleUnit ZeroWireload          tcbn28hpcplusbwp12t30p140lvtssg0p81v125c
  AvOutputQuantizer  ZeroWireload          tcbn28hpcplusbwp12t30p140lvtssg0p81v125c
  BriskKvAttentionTop
                     ZeroWireload          tcbn28hpcplusbwp12t30p140lvtssg0p81v125c

  Point                                       Fanout     Trans      Incr       Path
  ------------------------------------------------------------------------------------
  clock clk (rise edge)                                             0.00       0.00
  clock network delay (ideal)                                       0.00       0.00
  scaleSoftmax/softmax/packCountReg_reg[0]/CP (DFQOPTMAD8BWP12T30P140LVT)
                                                          0.00      0.00 #     0.00 r
  scaleSoftmax/softmax/packCountReg_reg[0]/Q (DFQOPTMAD8BWP12T30P140LVT)
                                                          0.01      0.02       0.02 f
  scaleSoftmax/softmax/packCountReg[0] (net)
                                                5                   0.00       0.02 f
  scaleSoftmax/softmax/U16327/ZN (NR2OPTD12BWP12T30P140LVT)
                                                          0.01      0.01       0.03 r
  scaleSoftmax/softmax/n4197 (net)              1                   0.00       0.03 r
  scaleSoftmax/softmax/U4071/ZN (ND3OPTFAD16BWP12T30P140LVT)
                                                          0.01      0.01       0.04 f
  scaleSoftmax/softmax/n6641 (net)              1                   0.00       0.04 f
  scaleSoftmax/softmax/U16385/ZN (NR2OPTPAD16BWP12T30P140LVT)
                                                          0.02      0.01       0.06 r
  scaleSoftmax/softmax/n6989 (net)             11                   0.00       0.06 r
  scaleSoftmax/softmax/U1973/ZN (ND2OPTD6BWP12T30P140LVT)
                                                          0.01      0.01       0.07 f
  scaleSoftmax/softmax/n27900 (net)             3                   0.00       0.07 f
  scaleSoftmax/softmax/U3042/ZN (AOI21OPTREPBD2BWP12T30P140LVT)
                                                          0.01      0.01       0.08 r
  scaleSoftmax/softmax/n298 (net)               1                   0.00       0.08 r
  scaleSoftmax/softmax/U3041/ZN (NR2D3BWP12T30P140LVT)
                                                          0.01      0.01       0.08 f
  scaleSoftmax/softmax/n3693 (net)              1                   0.00       0.08 f
  scaleSoftmax/softmax/U16282/ZN (ND2OPTFAD4BWP12T30P140LVT)
                                                          0.01      0.01       0.09 r
  scaleSoftmax/softmax/n3654 (net)              2                   0.00       0.09 r
  scaleSoftmax/softmax/U8918/ZN (NR3OPTFAD4BWP12T30P140LVT)
                                                          0.01      0.01       0.10 f
  scaleSoftmax/softmax/n4748 (net)              1                   0.00       0.10 f
  scaleSoftmax/softmax/U16710/ZN (ND2OPTFAD4BWP12T30P140LVT)
                                                          0.01      0.01       0.11 r
  scaleSoftmax/softmax/n4747 (net)              1                   0.00       0.11 r
  scaleSoftmax/softmax/U9152/ZN (NR2OPTD12BWP12T30P140LVT)
                                                          0.01      0.01       0.12 f
  scaleSoftmax/softmax/n4745 (net)              2                   0.00       0.12 f
  scaleSoftmax/softmax/U2510/ZN (ND2OPTFAD16BWP12T30P140LVT)
                                                          0.02      0.02       0.14 r
  scaleSoftmax/softmax/n6944 (net)             24                   0.00       0.14 r
  scaleSoftmax/softmax/U9041/ZN (ND2D4BWP12T30P140LVT)
                                                          0.01      0.01       0.15 f
  scaleSoftmax/softmax/n3809 (net)              1                   0.00       0.15 f
  scaleSoftmax/softmax/U3085/ZN (INVD4BWP12T30P140LVT)
                                                          0.01      0.01       0.15 r
  scaleSoftmax/softmax/n18388 (net)             3                   0.00       0.15 r
  scaleSoftmax/softmax/U9632/ZN (NR2OPTPAD2BWP12T30P140LVT)
                                                          0.01      0.01       0.16 f
  scaleSoftmax/softmax/n2576 (net)              2                   0.00       0.16 f
  scaleSoftmax/softmax/U9542/ZN (OAI21D2BWP12T30P140LVT)
                                                          0.01      0.01       0.17 r
  scaleSoftmax/softmax/n2569 (net)              1                   0.00       0.17 r
  scaleSoftmax/softmax/U9624/ZN (AOI21OPTPBD2BWP12T30P140LVT)
                                                          0.01      0.01       0.18 f
  scaleSoftmax/softmax/n3706 (net)              1                   0.00       0.18 f
  scaleSoftmax/softmax/U9099/ZN (NR2D4BWP12T30P140LVT)
                                                          0.01      0.01       0.20 r
  scaleSoftmax/softmax/n4249 (net)              1                   0.00       0.20 r
  scaleSoftmax/softmax/U16454/ZN (NR3OPTFAD4BWP12T30P140LVT)
                                                          0.01      0.01       0.21 f
  scaleSoftmax/softmax/n4248 (net)              1                   0.00       0.21 f
  scaleSoftmax/softmax/U4139/ZN (NR2D8BWP12T30P140LVT)
                                                          0.02      0.01       0.22 r
  scaleSoftmax/softmax/n4243 (net)              1                   0.00       0.22 r
  scaleSoftmax/softmax/U2946/ZN (NR2OPTPAD16BWP12T30P140LVT)
                                                          0.02      0.01       0.24 f
  scaleSoftmax/softmax/n6703 (net)             31                   0.00       0.24 f
  scaleSoftmax/softmax/U9805/Z (MUX2OPTD4BWP12T30P140LVT)
                                                          0.01      0.02       0.26 r
  scaleSoftmax/softmax/n3041 (net)              3                   0.00       0.26 r
  scaleSoftmax/softmax/U5717/ZN (ND2OPTFAD4BWP12T30P140LVT)
                                                          0.01      0.01       0.27 f
  scaleSoftmax/softmax/n2269 (net)              2                   0.00       0.27 f
  scaleSoftmax/softmax/U9222/ZN (AOI21OPTPBD2BWP12T30P140LVT)
                                                          0.01      0.01       0.28 r
  scaleSoftmax/softmax/n18507 (net)             1                   0.00       0.28 r
  scaleSoftmax/softmax/U9715/ZN (OAI21OPTREPBD2BWP12T30P140LVT)
                                                          0.01      0.01       0.29 f
  scaleSoftmax/softmax/n18509 (net)             1                   0.00       0.29 f
  scaleSoftmax/softmax/U9814/ZN (AOI21OPTPBD2BWP12T30P140LVT)
                                                          0.01      0.01       0.30 r
  scaleSoftmax/softmax/n3065 (net)              1                   0.00       0.30 r
  scaleSoftmax/softmax/U9813/ZN (OAI21OPTPBD2BWP12T30P140LVT)
                                                          0.01      0.01       0.31 f
  scaleSoftmax/softmax/n3064 (net)              1                   0.00       0.31 f
  scaleSoftmax/softmax/U2800/ZN (NR2OPTPAD2BWP12T30P140LVT)
                                                          0.01      0.01       0.33 r
  scaleSoftmax/softmax/n228 (net)               1                   0.00       0.33 r
  scaleSoftmax/softmax/U2799/ZN (NR2OPTD6BWP12T30P140LVT)
                                                          0.01      0.01       0.33 f
  scaleSoftmax/softmax/n226 (net)               1                   0.00       0.33 f
  scaleSoftmax/softmax/U2798/ZN (INR2D16BWP12T30P140LVT)
                                                          0.03      0.02       0.35 r
  scaleSoftmax/softmax/n4484 (net)             32                   0.00       0.35 r
  scaleSoftmax/softmax/U1771/ZN (INR2D2BWP12T30P140LVT)
                                                          0.01      0.01       0.36 f
  scaleSoftmax/softmax/n1956 (net)              1                   0.00       0.36 f
  scaleSoftmax/softmax/U7313/ZN (INVD2BWP12T30P140LVT)
                                                          0.01      0.01       0.36 r
  scaleSoftmax/softmax/n3055 (net)              1                   0.00       0.36 r
  scaleSoftmax/softmax/U2885/ZN (CKND2D3BWP12T30P140LVT)
                                                          0.01      0.01       0.37 f
  scaleSoftmax/softmax/n18710 (net)             3                   0.00       0.37 f
  scaleSoftmax/softmax/U1732/ZN (NR2OPTFAD4BWP12T30P140LVT)
                                                          0.01      0.01       0.38 r
  scaleSoftmax/softmax/n6473 (net)              2                   0.00       0.38 r
  scaleSoftmax/softmax/U2097/ZN (NR3OPTPAD2BWP12T30P140LVT)
                                                          0.01      0.01       0.39 f
  scaleSoftmax/softmax/n6845 (net)              1                   0.00       0.39 f
  scaleSoftmax/softmax/U1706/ZN (NR2OPTPAD2BWP12T30P140LVT)
                                                          0.01      0.01       0.40 r
  scaleSoftmax/softmax/n4574 (net)              1                   0.00       0.40 r
  scaleSoftmax/softmax/U7265/ZN (OAI21D2BWP12T30P140LVT)
                                                          0.01      0.01       0.41 f
  scaleSoftmax/softmax/n4572 (net)              1                   0.00       0.41 f
  scaleSoftmax/softmax/U16689/ZN (AOI21OPTREPBD2BWP12T30P140LVT)
                                                          0.01      0.01       0.42 r
  scaleSoftmax/softmax/n6526 (net)              1                   0.00       0.42 r
  scaleSoftmax/softmax/U8494/ZN (OAI21OPTREPBD2BWP12T30P140LVT)
                                                          0.02      0.01       0.43 f
  scaleSoftmax/softmax/n6538 (net)              1                   0.00       0.43 f
  scaleSoftmax/softmax/U16902/ZN (OAI21OPTPBD4BWP12T30P140LVT)
                                                          0.02      0.01       0.44 r
  scaleSoftmax/softmax/n6730 (net)              1                   0.00       0.44 r
  scaleSoftmax/softmax/U8524/ZN (ND2OPTD12BWP12T30P140LVT)
                                                          0.02      0.02       0.46 f
  scaleSoftmax/softmax/n18684 (net)             8                   0.00       0.46 f
  scaleSoftmax/softmax/U2026/Z (MUX2D4BWP12T30P140LVT)
                                                          0.01      0.03       0.49 r
  scaleSoftmax/softmax/n18845 (net)             2                   0.00       0.49 r
  scaleSoftmax/softmax/U1651/Z (BUFFXD6BWP12T30P140LVT)
                                                          0.01      0.01       0.50 r
  scaleSoftmax/softmax/n4548 (net)              2                   0.00       0.50 r
  scaleSoftmax/softmax/U16986/ZN (INR2D4BWP12T30P140LVT)
                                                          0.01      0.00       0.50 f
  scaleSoftmax/softmax/n6990 (net)              1                   0.00       0.50 f
  scaleSoftmax/softmax/U16886/ZN (NR2OPTPAD2BWP12T30P140LVT)
                                                          0.01      0.01       0.51 r
  scaleSoftmax/softmax/n6386 (net)              1                   0.00       0.51 r
  scaleSoftmax/softmax/U8425/ZN (OAI21OPTREPBD2BWP12T30P140LVT)
                                                          0.01      0.01       0.52 f
  scaleSoftmax/softmax/n1151 (net)              1                   0.00       0.52 f
  scaleSoftmax/softmax/U2048/ZN (ND2D3BWP12T30P140LVT)
                                                          0.01      0.01       0.53 r
  scaleSoftmax/softmax/n4475 (net)              1                   0.00       0.53 r
  scaleSoftmax/softmax/U2140/ZN (AOI21OPTPBD6BWP12T30P140LVT)
                                                          0.02      0.01       0.54 f
  scaleSoftmax/softmax/n7123 (net)              1                   0.00       0.54 f
  scaleSoftmax/softmax/U8928/ZN (INR2D16BWP12T30P140LVT)
                                                          0.02      0.01       0.55 r
  scaleSoftmax/softmax/n1751 (net)             12                   0.00       0.55 r
  scaleSoftmax/softmax/U8979/Z (MUX2D2BWP12T30P140LVT)
                                                          0.01      0.02       0.58 f
  scaleSoftmax/softmax/n18956 (net)             3                   0.00       0.58 f
  scaleSoftmax/softmax/U1558/ZN (INR2D1BWP12T30P140LVT)
                                                          0.02      0.01       0.59 r
  scaleSoftmax/softmax/n18894 (net)             2                   0.00       0.59 r
  scaleSoftmax/softmax/U1530/ZN (INVD1BWP12T30P140LVT)
                                                          0.01      0.01       0.60 f
  scaleSoftmax/softmax/n6379 (net)              1                   0.00       0.60 f
  scaleSoftmax/softmax/U9248/ZN (AOI21OPTPBD2BWP12T30P140LVT)
                                                          0.01      0.01       0.61 r
  scaleSoftmax/softmax/n1998 (net)              1                   0.00       0.61 r
  scaleSoftmax/softmax/U9247/ZN (OAI21OPTREPBD2BWP12T30P140LVT)
                                                          0.01      0.01       0.62 f
  scaleSoftmax/softmax/n4641 (net)              1                   0.00       0.62 f
  scaleSoftmax/softmax/U9396/ZN (AOI21OPTPBD2BWP12T30P140LVT)
                                                          0.02      0.02       0.64 r
  scaleSoftmax/softmax/n18955 (net)             2                   0.00       0.64 r
  scaleSoftmax/softmax/U16699/ZN (ND3OPTPAD2BWP12T30P140LVT)
                                                          0.02      0.02       0.65 f
  scaleSoftmax/softmax/n6520 (net)              1                   0.00       0.65 f
  scaleSoftmax/softmax/U16336/ZN (NR2OPTFAD4BWP12T30P140LVT)
                                                          0.01      0.01       0.66 r
  scaleSoftmax/softmax/n3781 (net)              1                   0.00       0.66 r
  scaleSoftmax/softmax/U1999/ZN (ND2OPTFAD8BWP12T30P140LVT)
                                                          0.01      0.01       0.68 f
  scaleSoftmax/softmax/n18941 (net)             4                   0.00       0.68 f
  scaleSoftmax/softmax/U8376/ZN (CKND16BWP12T30P140LVT)
                                                          0.01      0.01       0.69 r
  scaleSoftmax/softmax/n4526 (net)             12                   0.00       0.69 r
  scaleSoftmax/softmax/U2122/ZN (CKND8BWP12T30P140LVT)
                                                          0.01      0.01       0.69 f
  scaleSoftmax/softmax/n6496 (net)              4                   0.00       0.69 f
  scaleSoftmax/softmax/U8277/Z (MUX2OPTD6BWP12T30P140LVT)
                                                          0.01      0.02       0.71 r
  scaleSoftmax/softmax/n4363 (net)              3                   0.00       0.71 r
  scaleSoftmax/softmax/U8276/ZN (ND2OPTFAD4BWP12T30P140LVT)
                                                          0.01      0.01       0.72 f
  scaleSoftmax/softmax/n2146 (net)              2                   0.00       0.72 f
  scaleSoftmax/softmax/U6882/ZN (ND2D2BWP12T30P140LVT)
                                                          0.01      0.01       0.72 r
  scaleSoftmax/softmax/n1813 (net)              1                   0.00       0.72 r
  scaleSoftmax/softmax/U9007/ZN (ND2OPTPAD2BWP12T30P140LVT)
                                                          0.01      0.01       0.73 f
  scaleSoftmax/softmax/n4724 (net)              1                   0.00       0.73 f
  scaleSoftmax/softmax/U16408/ZN (AOI21OPTPBD2BWP12T30P140LVT)
                                                          0.01      0.01       0.74 r
  scaleSoftmax/softmax/n3746 (net)              1                   0.00       0.74 r
  scaleSoftmax/softmax/U16403/ZN (NR2D2BWP12T30P140LVT)
                                                          0.01      0.01       0.74 f
  scaleSoftmax/softmax/n6187 (net)              1                   0.00       0.74 f
  scaleSoftmax/softmax/U16622/ZN (OAI21D2BWP12T30P140LVT)
                                                          0.01      0.01       0.75 r
  scaleSoftmax/softmax/n6651 (net)              1                   0.00       0.75 r
  scaleSoftmax/softmax/U16932/ZN (AOI21OPTPBD2BWP12T30P140LVT)
                                                          0.02      0.01       0.76 f
  scaleSoftmax/softmax/n6649 (net)              1                   0.00       0.76 f
  scaleSoftmax/softmax/U16646/ZN (NR3OPTD6BWP12T30P140LVT)
                                                          0.03      0.02       0.79 r
  scaleSoftmax/softmax/n19026 (net)             4                   0.00       0.79 r
  scaleSoftmax/softmax/U8752/ZN (CKND8BWP12T30P140LVT)
                                                          0.02      0.01       0.80 f
  scaleSoftmax/softmax/n4468 (net)             14                   0.00       0.80 f
  scaleSoftmax/softmax/U2747/ZN (INR2D2BWP12T30P140LVT)
                                                          0.01      0.01       0.81 r
  scaleSoftmax/softmax/n3691 (net)              1                   0.00       0.81 r
  scaleSoftmax/softmax/U9219/ZN (INVD1P25BWP12T30P140LVT)
                                                          0.01      0.01       0.81 f
  scaleSoftmax/softmax/n4509 (net)              1                   0.00       0.81 f
  scaleSoftmax/softmax/U9265/ZN (OAI21OPTREPBD2BWP12T30P140LVT)
                                                          0.03      0.01       0.82 r
  scaleSoftmax/softmax/n19157 (net)             3                   0.00       0.82 r
  scaleSoftmax/softmax/U1343/ZN (ND2D2BWP12T30P140LVT)
                                                          0.02      0.01       0.83 f
  scaleSoftmax/softmax/n2582 (net)              2                   0.00       0.83 f
  scaleSoftmax/softmax/U2120/ZN (OAI211OPTREPBD2BWP12T30P140LVT)
                                                          0.01      0.01       0.84 r
  scaleSoftmax/softmax/n22 (net)                1                   0.00       0.84 r
  scaleSoftmax/softmax/U1321/ZN (AOI21OPTPBD1BWP12T30P140LVT)
                                                          0.01      0.01       0.85 f
  scaleSoftmax/softmax/n2733 (net)              1                   0.00       0.85 f
  scaleSoftmax/softmax/U2383/ZN (OAI21OPTPBD2BWP12T30P140LVT)
                                                          0.01      0.01       0.86 r
  scaleSoftmax/softmax/n6275 (net)              1                   0.00       0.86 r
  scaleSoftmax/softmax/U5271/ZN (ND2D2BWP12T30P140LVT)
                                                          0.01      0.01       0.87 f
  scaleSoftmax/softmax/n4491 (net)              1                   0.00       0.87 f
  scaleSoftmax/softmax/U6734/ZN (ND2OPTPAD2BWP12T30P140LVT)
                                                          0.01      0.01       0.88 r
  scaleSoftmax/softmax/n6272 (net)              1                   0.00       0.88 r
  scaleSoftmax/softmax/U8619/ZN (AOI21OPTPBD6BWP12T30P140LVT)
                                                          0.02      0.01       0.89 f
  scaleSoftmax/softmax/n1271 (net)              4                   0.00       0.89 f
  scaleSoftmax/softmax/U8617/ZN (NR2OPTPAD16BWP12T30P140LVT)
                                                          0.03      0.02       0.91 r
  scaleSoftmax/softmax/n6472 (net)             30                   0.00       0.91 r
  scaleSoftmax/softmax/U1235/Z (MUX2D4BWP12T30P140LVT)
                                                          0.01      0.03       0.94 r
  scaleSoftmax/softmax/n4372 (net)              3                   0.00       0.94 r
  scaleSoftmax/softmax/U9515/ZN (INR2D4BWP12T30P140LVT)
                                                          0.01      0.01       0.95 f
  scaleSoftmax/softmax/n2301 (net)              3                   0.00       0.95 f
  scaleSoftmax/softmax/U4424/ZN (NR2D2BWP12T30P140LVT)
                                                          0.01      0.01       0.96 r
  scaleSoftmax/softmax/n2786 (net)              1                   0.00       0.96 r
  scaleSoftmax/softmax/U9670/ZN (OAI211OPTREPBD2BWP12T30P140LVT)
                                                          0.02      0.01       0.97 f
  scaleSoftmax/softmax/n2780 (net)              1                   0.00       0.97 f
  scaleSoftmax/softmax/U9699/ZN (AOI21OPTPBD2BWP12T30P140LVT)
                                                          0.02      0.01       0.98 r
  scaleSoftmax/softmax/n2777 (net)              1                   0.00       0.98 r
  scaleSoftmax/softmax/U4140/ZN (OAI21OPTPBD8BWP12T30P140LVT)
                                                          0.02      0.01       1.00 f
  scaleSoftmax/softmax/n3432 (net)              1                   0.00       1.00 f
  scaleSoftmax/softmax/U8773/ZN (ND2OPTFAD16BWP12T30P140LVT)
                                                          0.03      0.02       1.02 r
  scaleSoftmax/softmax/n19267 (net)            40                   0.00       1.02 r
  scaleSoftmax/softmax/U8407/ZN (CKND16BWP12T30P140LVT)
                                                          0.01      0.01       1.03 f
  scaleSoftmax/softmax/n4373 (net)             13                   0.00       1.03 f
  scaleSoftmax/softmax/U8485/Z (MUX2OPTD6BWP12T30P140LVT)
                                                          0.01      0.02       1.05 r
  scaleSoftmax/softmax/n4401 (net)              3                   0.00       1.05 r
  scaleSoftmax/softmax/U8207/ZN (ND2OPTFAD4BWP12T30P140LVT)
                                                          0.02      0.01       1.06 f
  scaleSoftmax/softmax/n941 (net)               2                   0.00       1.06 f
  scaleSoftmax/softmax/U8206/ZN (AOI21OPTPBD2BWP12T30P140LVT)
                                                          0.01      0.01       1.06 r
  scaleSoftmax/softmax/n1677 (net)              1                   0.00       1.06 r
  scaleSoftmax/softmax/U8843/ZN (OAI21OPTPBD2BWP12T30P140LVT)
                                                          0.01      0.01       1.07 f
  scaleSoftmax/softmax/n2867 (net)              1                   0.00       1.07 f
  scaleSoftmax/softmax/U9737/ZN (AOI21OPTPBD2BWP12T30P140LVT)
                                                          0.01      0.01       1.08 r
  scaleSoftmax/softmax/n4254 (net)              1                   0.00       1.08 r
  scaleSoftmax/softmax/U16413/ZN (NR2D4BWP12T30P140LVT)
                                                          0.01      0.01       1.09 f
  scaleSoftmax/softmax/n4057 (net)              1                   0.00       1.09 f
  scaleSoftmax/softmax/U8359/ZN (NR3OPTPAD6BWP12T30P140LVT)
                                                          0.02      0.02       1.11 r
  scaleSoftmax/softmax/n4055 (net)              1                   0.00       1.11 r
  scaleSoftmax/softmax/U3181/ZN (ND2OPTFAD16BWP12T30P140LVT)
                                                          0.02      0.02       1.12 f
  scaleSoftmax/softmax/n4344 (net)             27                   0.00       1.12 f
  scaleSoftmax/softmax/U2139/ZN (CKND6BWP12T30P140LVT)
                                                          0.01      0.01       1.13 r
  scaleSoftmax/softmax/n158 (net)               3                   0.00       1.13 r
  scaleSoftmax/softmax/U2275/ZN (ND2OPTFAD4BWP12T30P140LVT)
                                                          0.01      0.01       1.14 f
  scaleSoftmax/softmax/n1798 (net)              2                   0.00       1.14 f
  scaleSoftmax/softmax/U3191/ZN (INR2D4BWP12T30P140LVT)
                                                          0.01      0.01       1.15 f
  scaleSoftmax/softmax/n6125 (net)              2                   0.00       1.15 f
  scaleSoftmax/softmax/U2623/ZN (INVD4BWP12T30P140LVT)
                                                          0.01      0.01       1.16 r
  scaleSoftmax/softmax/n186 (net)               1                   0.00       1.16 r
  scaleSoftmax/softmax/U2681/ZN (ND2D4BWP12T30P140LVT)
                                                          0.01      0.01       1.17 f
  scaleSoftmax/softmax/n789 (net)               2                   0.00       1.17 f
  scaleSoftmax/softmax/U2856/ZN (NR2D3BWP12T30P140LVT)
                                                          0.01      0.01       1.18 r
  scaleSoftmax/softmax/n19421 (net)             2                   0.00       1.18 r
  scaleSoftmax/softmax/U8761/ZN (ND3OPTFAD4BWP12T30P140LVT)
                                                          0.01      0.01       1.19 f
  scaleSoftmax/softmax/n1530 (net)              1                   0.00       1.19 f
  scaleSoftmax/softmax/U8121/ZN (INR2D16BWP12T30P140LVT)
                                                          0.01      0.02       1.21 f
  scaleSoftmax/softmax/n1632 (net)             15                   0.00       1.21 f
  scaleSoftmax/softmax/U2602/Z (MUX2OPTD6BWP12T30P140LVT)
                                                          0.01      0.02       1.23 r
  scaleSoftmax/softmax/n4180 (net)              3                   0.00       1.23 r
  scaleSoftmax/softmax/U9470/ZN (OAI21OPTREPBD2BWP12T30P140LVT)
                                                          0.01      0.01       1.24 f
  scaleSoftmax/softmax/n2210 (net)              1                   0.00       1.24 f
  scaleSoftmax/softmax/U2649/ZN (AOI21OPTPBD4BWP12T30P140LVT)
                                                          0.01      0.01       1.25 r
  scaleSoftmax/softmax/n822 (net)               2                   0.00       1.25 r
  scaleSoftmax/softmax/U3278/ZN (ND2OPTFAD4BWP12T30P140LVT)
                                                          0.01      0.01       1.26 f
  scaleSoftmax/softmax/n904 (net)               2                   0.00       1.26 f
  scaleSoftmax/softmax/U3352/ZN (NR2OPTPAD2BWP12T30P140LVT)
                                                          0.01      0.01       1.27 r
  scaleSoftmax/softmax/n925 (net)               1                   0.00       1.27 r
  scaleSoftmax/softmax/U2427/ZN (ND3OPTPAD2BWP12T30P140LVT)
                                                          0.02      0.01       1.28 f
  scaleSoftmax/softmax/n107 (net)               1                   0.00       1.28 f
  scaleSoftmax/softmax/U2426/ZN (ND2OPTFAD4BWP12T30P140LVT)
                                                          0.01      0.01       1.29 r
  scaleSoftmax/softmax/n1531 (net)              1                   0.00       1.29 r
  scaleSoftmax/softmax/U2633/ZN (NR2OPTD12BWP12T30P140LVT)
                                                          0.01      0.01       1.30 f
  scaleSoftmax/softmax/n4353 (net)              9                   0.00       1.30 f
  scaleSoftmax/softmax/U8749/ZN (AOI21OPTPBD4BWP12T30P140LVT)
                                                          0.01      0.01       1.31 r
  scaleSoftmax/softmax/n5038 (net)              1                   0.00       1.31 r
  scaleSoftmax/softmax/U2501/ZN (ND2OPTFAD6BWP12T30P140LVT)
                                                          0.02      0.01       1.32 f
  scaleSoftmax/softmax/n1129 (net)              2                   0.00       1.32 f
  scaleSoftmax/softmax/U8289/ZN (NR2D16BWP12T30P140LVT)
                                                          0.02      0.02       1.34 r
  scaleSoftmax/softmax/n6669 (net)             17                   0.00       1.34 r
  scaleSoftmax/softmax/U2132/Z (BUFFXD6BWP12T30P140LVT)
                                                          0.01      0.01       1.36 r
  scaleSoftmax/softmax/n379 (net)               3                   0.00       1.36 r
  scaleSoftmax/softmax/U8786/ZN (OAI22OPTPBD4BWP12T30P140LVT)
                                                          0.02      0.01       1.37 f
  scaleSoftmax/softmax/n19579 (net)             3                   0.00       1.37 f
  scaleSoftmax/softmax/U701/ZN (NR2D2BWP12T30P140LVT)     0.01      0.01       1.38 r
  scaleSoftmax/softmax/n99 (net)                1                   0.00       1.38 r
  scaleSoftmax/softmax/U2404/ZN (AOI21OPTPBD2BWP12T30P140LVT)
                                                          0.01      0.01       1.39 f
  scaleSoftmax/softmax/n4278 (net)              1                   0.00       1.39 f
  scaleSoftmax/softmax/U2912/ZN (NR2D2BWP12T30P140LVT)
                                                          0.01      0.01       1.40 r
  scaleSoftmax/softmax/n1579 (net)              1                   0.00       1.40 r
  scaleSoftmax/softmax/U6104/ZN (OAI21D2BWP12T30P140LVT)
                                                          0.02      0.01       1.41 f
  scaleSoftmax/softmax/n3878 (net)              1                   0.00       1.41 f
  scaleSoftmax/softmax/U8849/ZN (AOI21D4BWP12T30P140LVT)
                                                          0.02      0.01       1.42 r
  scaleSoftmax/softmax/n4018 (net)              1                   0.00       1.42 r
  scaleSoftmax/softmax/U8070/ZN (NR2D8BWP12T30P140LVT)
                                                          0.01      0.01       1.43 f
  scaleSoftmax/softmax/n711 (net)               3                   0.00       1.43 f
  scaleSoftmax/softmax/U8068/ZN (ND2OPTFAD16BWP12T30P140LVT)
                                                          0.02      0.01       1.44 r
  scaleSoftmax/softmax/n3169 (net)             18                   0.00       1.44 r
  scaleSoftmax/softmax/U2919/ZN (CKND16BWP12T30P140LVT)
                                                          0.01      0.01       1.45 f
  scaleSoftmax/softmax/n4151 (net)             12                   0.00       1.45 f
  scaleSoftmax/softmax/U2833/Z (MUX2OPTD6BWP12T30P140LVT)
                                                          0.01      0.02       1.47 r
  scaleSoftmax/softmax/n19763 (net)             3                   0.00       1.47 r
  scaleSoftmax/softmax/U2832/ZN (ND2OPTPAD2BWP12T30P140LVT)
                                                          0.01      0.01       1.48 f
  scaleSoftmax/softmax/n1322 (net)              1                   0.00       1.48 f
  scaleSoftmax/softmax/U2936/ZN (INVD4BWP12T30P140LVT)
                                                          0.01      0.01       1.49 r
  scaleSoftmax/softmax/n937 (net)               1                   0.00       1.49 r
  scaleSoftmax/softmax/U2783/ZN (NR2OPTFAD4BWP12T30P140LVT)
                                                          0.01      0.01       1.50 f
  scaleSoftmax/softmax/n936 (net)               1                   0.00       1.50 f
  scaleSoftmax/softmax/U8203/ZN (AOI21OPTPBD2BWP12T30P140LVT)
                                                          0.01      0.01       1.51 r
  scaleSoftmax/softmax/n934 (net)               1                   0.00       1.51 r
  scaleSoftmax/softmax/U8200/ZN (NR2OPTPAD2BWP12T30P140LVT)
                                                          0.01      0.01       1.51 f
  scaleSoftmax/softmax/n1026 (net)              1                   0.00       1.51 f
  scaleSoftmax/softmax/U8245/ZN (INR2D4BWP12T30P140LVT)
                                                          0.01      0.01       1.52 r
  scaleSoftmax/softmax/n1035 (net)              1                   0.00       1.52 r
  scaleSoftmax/softmax/U4135/ZN (NR2D8BWP12T30P140LVT)
                                                          0.01      0.01       1.53 f
  scaleSoftmax/softmax/n4065 (net)              1                   0.00       1.53 f
  scaleSoftmax/softmax/U16539/ZN (ND2OPTFAD16BWP12T30P140LVT)
                                                          0.02      0.02       1.55 r
  scaleSoftmax/softmax/n19725 (net)            35                   0.00       1.55 r
  scaleSoftmax/softmax/U2010/Z (MUX2OPTD4BWP12T30P140LVT)
                                                          0.01      0.03       1.57 f
  scaleSoftmax/softmax/n19872 (net)             3                   0.00       1.57 f
  scaleSoftmax/softmax/U8133/ZN (INR2D8BWP12T30P140LVT)
                                                          0.01      0.01       1.58 r
  scaleSoftmax/softmax/n2396 (net)              3                   0.00       1.58 r
  scaleSoftmax/softmax/U396/ZN (INR2D1BWP12T30P140LVT)
                                                          0.01      0.01       1.59 f
  scaleSoftmax/softmax/n1481 (net)              1                   0.00       1.59 f
  scaleSoftmax/softmax/U8713/ZN (AOI21OPTPBD2BWP12T30P140LVT)
                                                          0.02      0.01       1.60 r
  scaleSoftmax/softmax/n1567 (net)              1                   0.00       1.60 r
  scaleSoftmax/softmax/U8210/ZN (ND2OPTPAD2BWP12T30P140LVT)
                                                          0.01      0.01       1.61 f
  scaleSoftmax/softmax/n946 (net)               1                   0.00       1.61 f
  scaleSoftmax/softmax/U2384/ZN (AOI21OPTPBD4BWP12T30P140LVT)
                                                          0.02      0.01       1.62 r
  scaleSoftmax/softmax/n945 (net)               1                   0.00       1.62 r
  scaleSoftmax/softmax/U8208/ZN (AOI21OPTPBD6BWP12T30P140LVT)
                                                          0.02      0.01       1.63 f
  scaleSoftmax/softmax/n3921 (net)              1                   0.00       1.63 f
  scaleSoftmax/softmax/U3194/ZN (NR2D16BWP12T30P140LVT)
                                                          0.02      0.02       1.65 r
  scaleSoftmax/softmax/n19838 (net)            16                   0.00       1.65 r
  scaleSoftmax/softmax/U16460/ZN (ND2OPTPAD2BWP12T30P140LVT)
                                                          0.02      0.01       1.66 f
  scaleSoftmax/softmax/n4758 (net)              1                   0.00       1.66 f
  scaleSoftmax/softmax/U8774/ZN (ND2OPTFAD4BWP12T30P140LVT)
                                                          0.01      0.01       1.67 r
  scaleSoftmax/softmax/n19981 (net)             3                   0.00       1.67 r
  scaleSoftmax/softmax/U9290/ZN (ND2OPTFAD6BWP12T30P140LVT)
                                                          0.01      0.01       1.68 f
  scaleSoftmax/softmax/n4729 (net)              2                   0.00       1.68 f
  scaleSoftmax/softmax/U8254/ZN (ND2OPTFAD4BWP12T30P140LVT)
                                                          0.01      0.01       1.69 r
  scaleSoftmax/softmax/n1040 (net)              2                   0.00       1.69 r
  scaleSoftmax/softmax/U8253/ZN (OAI21OPTREPBD2BWP12T30P140LVT)
                                                          0.01      0.01       1.70 f
  scaleSoftmax/softmax/n1568 (net)              1                   0.00       1.70 f
  scaleSoftmax/softmax/U8811/ZN (ND2D3BWP12T30P140LVT)
                                                          0.01      0.01       1.71 r
  scaleSoftmax/softmax/n4516 (net)              1                   0.00       1.71 r
  scaleSoftmax/softmax/U16483/ZN (ND3OPTFAD4BWP12T30P140LVT)
                                                          0.01      0.01       1.72 f
  scaleSoftmax/softmax/n4944 (net)              1                   0.00       1.72 f
  scaleSoftmax/softmax/U16769/ZN (AOI21OPTPBD2BWP12T30P140LVT)
                                                          0.01      0.01       1.73 r
  scaleSoftmax/softmax/n6616 (net)              1                   0.00       1.73 r
  scaleSoftmax/softmax/U16750/ZN (ND3OPTPAD2BWP12T30P140LVT)
                                                          0.02      0.01       1.74 f
  scaleSoftmax/softmax/n19964 (net)             1                   0.00       1.74 f
  scaleSoftmax/softmax/U16675/ZN (AOI21OPTPBD4BWP12T30P140LVT)
                                                          0.02      0.01       1.75 r
  scaleSoftmax/softmax/n19980 (net)             2                   0.00       1.75 r
  scaleSoftmax/softmax/U8898/ZN (CKND8BWP12T30P140LVT)
                                                          0.01      0.01       1.76 f
  scaleSoftmax/softmax/n4415 (net)              8                   0.00       1.76 f
  scaleSoftmax/softmax/U2802/ZN (CKND8BWP12T30P140LVT)
                                                          0.01      0.01       1.77 r
  scaleSoftmax/softmax/n1189 (net)              5                   0.00       1.77 r
  scaleSoftmax/softmax/U2186/ZN (ND2OPTPAD4BWP12T30P140LVT)
                                                          0.01      0.01       1.78 f
  scaleSoftmax/softmax/n2802 (net)              1                   0.00       1.78 f
  scaleSoftmax/softmax/U9704/ZN (OAI21OPTPBD2BWP12T30P140LVT)
                                                          0.01      0.01       1.79 r
  scaleSoftmax/softmax/n20006 (net)             3                   0.00       1.79 r
  scaleSoftmax/softmax/U143/ZN (ND2D2BWP12T30P140LVT)     0.01      0.01       1.80 f
  scaleSoftmax/softmax/n6948 (net)              2                   0.00       1.80 f
  scaleSoftmax/softmax/U8890/ZN (AOI31D2BWP12T30P140LVT)
                                                          0.02      0.01       1.81 r
  scaleSoftmax/softmax/n4669 (net)              1                   0.00       1.81 r
  scaleSoftmax/softmax/U9364/ZN (NR2D2BWP12T30P140LVT)
                                                          0.01      0.01       1.82 f
  scaleSoftmax/softmax/n4470 (net)              1                   0.00       1.82 f
  scaleSoftmax/softmax/U8778/ZN (OAI21D2BWP12T30P140LVT)
                                                          0.01      0.01       1.83 r
  scaleSoftmax/softmax/n4904 (net)              1                   0.00       1.83 r
  scaleSoftmax/softmax/U16746/ZN (AOI21OPTPBD2BWP12T30P140LVT)
                                                          0.01      0.01       1.84 f
  scaleSoftmax/softmax/n4902 (net)              1                   0.00       1.84 f
  scaleSoftmax/softmax/U4124/ZN (NR2D4BWP12T30P140LVT)
                                                          0.01      0.01       1.85 r
  scaleSoftmax/softmax/n7083 (net)              1                   0.00       1.85 r
  scaleSoftmax/softmax/U2366/ZN (ND2OPTFAD6BWP12T30P140LVT)
                                                          0.01      0.01       1.85 f
  scaleSoftmax/softmax/n3806 (net)              2                   0.00       1.85 f
  scaleSoftmax/softmax/U2365/ZN (INR2D8BWP12T30P140LVT)
                                                          0.01      0.01       1.87 r
  scaleSoftmax/softmax/n494 (net)               5                   0.00       1.87 r
  scaleSoftmax/softmax/U9242/ZN (ND2OPTFAD8BWP12T30P140LVT)
                                                          0.01      0.01       1.87 f
  scaleSoftmax/softmax/n20097 (net)             2                   0.00       1.87 f
  scaleSoftmax/softmax/U2244/ZN (INVD9BWP12T30P140LVT)
                                                          0.01      0.01       1.88 r
  scaleSoftmax/softmax/n40384 (net)             9                   0.00       1.88 r
  scaleSoftmax/softmax/U9405/ZN (CKND12BWP12T30P140LVT)
                                                          0.01      0.01       1.89 f
  scaleSoftmax/softmax/n40918 (net)            30                   0.00       1.89 f
  scaleSoftmax/softmax/U16782/ZN (OAI22D1BWP12T30P140LVT)
                                                          0.02      0.01       1.90 r
  scaleSoftmax/softmax/n5510 (net)              1                   0.00       1.90 r
  scaleSoftmax/softmax/globalMaximum_reg[9]/D (DFQD2BWP12T30P140LVT)
                                                          0.02      0.00       1.90 r
  data arrival time                                                            1.90

  clock clk (rise edge)                                             2.00       2.00
  clock network delay (ideal)                                       0.00       2.00
  clock uncertainty                                                -0.10       1.90
  scaleSoftmax/softmax/globalMaximum_reg[9]/CP (DFQD2BWP12T30P140LVT)
                                                                    0.00       1.90 r
  library setup time                                               -0.01       1.89
  data required time                                                           1.89
  ------------------------------------------------------------------------------------
  data required time                                                           1.89
  data arrival time                                                           -1.90
  ------------------------------------------------------------------------------------
  slack (VIOLATED)                                                            -0.02


  Startpoint: scaleSoftmax/softmax/packCountReg_reg[0]
              (rising edge-triggered flip-flop clocked by clk)
  Endpoint: scaleSoftmax/softmax/globalMaximum_reg[25]
            (rising edge-triggered flip-flop clocked by clk)
  Path Group: clk
  Path Type: max

  Des/Clust/Port     Wire Load Model       Library
  ------------------------------------------------
  AttentionFeaturePacketizer_0
                     ZeroWireload          tcbn28hpcplusbwp12t30p140lvtssg0p81v125c
  PackDescriptorDecoder_1
                     ZeroWireload          tcbn28hpcplusbwp12t30p140lvtssg0p81v125c
  PackDescriptorDecoder
                     ZeroWireload          tcbn28hpcplusbwp12t30p140lvtssg0p81v125c
  BufferedPackMetadataDequantizer_1
                     ZeroWireload          tcbn28hpcplusbwp12t30p140lvtssg0p81v125c
  DynamicBitUnpacker_1
                     ZeroWireload          tcbn28hpcplusbwp12t30p140lvtssg0p81v125c
  BufferedPackMetadataDequantizer
                     ZeroWireload          tcbn28hpcplusbwp12t30p140lvtssg0p81v125c
  DynamicBitUnpacker ZeroWireload          tcbn28hpcplusbwp12t30p140lvtssg0p81v125c
  KvStreamDequantizer_1
                     ZeroWireload          tcbn28hpcplusbwp12t30p140lvtssg0p81v125c
  KvStreamDequantizer
                     ZeroWireload          tcbn28hpcplusbwp12t30p140lvtssg0p81v125c
  DecompressionPipelineController_1
                     ZeroWireload          tcbn28hpcplusbwp12t30p140lvtssg0p81v125c
  DecompressionPipelineController
                     ZeroWireload          tcbn28hpcplusbwp12t30p140lvtssg0p81v125c
  QkDotProductAccumulator
                     ZeroWireload          tcbn28hpcplusbwp12t30p140lvtssg0p81v125c
  QueryReplayBuffer  ZeroWireload          tcbn28hpcplusbwp12t30p140lvtssg0p81v125c
  AttentionFeaturePacketizer_1
                     ZeroWireload          tcbn28hpcplusbwp12t30p140lvtssg0p81v125c
  DualKvDecompressionController
                     ZeroWireload          tcbn28hpcplusbwp12t30p140lvtssg0p81v125c
  SoftmaxVAccumulator
                     ZeroWireload          tcbn28hpcplusbwp12t30p140lvtssg0p81v125c
  StreamingSoftmax   ZeroWireload          tcbn28hpcplusbwp12t30p140lvtssg0p81v125c
  AttentionScaleUnit ZeroWireload          tcbn28hpcplusbwp12t30p140lvtssg0p81v125c
  AvOutputQuantizer  ZeroWireload          tcbn28hpcplusbwp12t30p140lvtssg0p81v125c
  BriskKvAttentionTop
                     ZeroWireload          tcbn28hpcplusbwp12t30p140lvtssg0p81v125c

  Point                                       Fanout     Trans      Incr       Path
  ------------------------------------------------------------------------------------
  clock clk (rise edge)                                             0.00       0.00
  clock network delay (ideal)                                       0.00       0.00
  scaleSoftmax/softmax/packCountReg_reg[0]/CP (DFQOPTMAD8BWP12T30P140LVT)
                                                          0.00      0.00 #     0.00 r
  scaleSoftmax/softmax/packCountReg_reg[0]/Q (DFQOPTMAD8BWP12T30P140LVT)
                                                          0.01      0.02       0.02 f
  scaleSoftmax/softmax/packCountReg[0] (net)
                                                5                   0.00       0.02 f
  scaleSoftmax/softmax/U16327/ZN (NR2OPTD12BWP12T30P140LVT)
                                                          0.01      0.01       0.03 r
  scaleSoftmax/softmax/n4197 (net)              1                   0.00       0.03 r
  scaleSoftmax/softmax/U4071/ZN (ND3OPTFAD16BWP12T30P140LVT)
                                                          0.01      0.01       0.04 f
  scaleSoftmax/softmax/n6641 (net)              1                   0.00       0.04 f
  scaleSoftmax/softmax/U16385/ZN (NR2OPTPAD16BWP12T30P140LVT)
                                                          0.02      0.01       0.06 r
  scaleSoftmax/softmax/n6989 (net)             11                   0.00       0.06 r
  scaleSoftmax/softmax/U1973/ZN (ND2OPTD6BWP12T30P140LVT)
                                                          0.01      0.01       0.07 f
  scaleSoftmax/softmax/n27900 (net)             3                   0.00       0.07 f
  scaleSoftmax/softmax/U3042/ZN (AOI21OPTREPBD2BWP12T30P140LVT)
                                                          0.01      0.01       0.08 r
  scaleSoftmax/softmax/n298 (net)               1                   0.00       0.08 r
  scaleSoftmax/softmax/U3041/ZN (NR2D3BWP12T30P140LVT)
                                                          0.01      0.01       0.08 f
  scaleSoftmax/softmax/n3693 (net)              1                   0.00       0.08 f
  scaleSoftmax/softmax/U16282/ZN (ND2OPTFAD4BWP12T30P140LVT)
                                                          0.01      0.01       0.09 r
  scaleSoftmax/softmax/n3654 (net)              2                   0.00       0.09 r
  scaleSoftmax/softmax/U8918/ZN (NR3OPTFAD4BWP12T30P140LVT)
                                                          0.01      0.01       0.10 f
  scaleSoftmax/softmax/n4748 (net)              1                   0.00       0.10 f
  scaleSoftmax/softmax/U16710/ZN (ND2OPTFAD4BWP12T30P140LVT)
                                                          0.01      0.01       0.11 r
  scaleSoftmax/softmax/n4747 (net)              1                   0.00       0.11 r
  scaleSoftmax/softmax/U9152/ZN (NR2OPTD12BWP12T30P140LVT)
                                                          0.01      0.01       0.12 f
  scaleSoftmax/softmax/n4745 (net)              2                   0.00       0.12 f
  scaleSoftmax/softmax/U2510/ZN (ND2OPTFAD16BWP12T30P140LVT)
                                                          0.02      0.02       0.14 r
  scaleSoftmax/softmax/n6944 (net)             24                   0.00       0.14 r
  scaleSoftmax/softmax/U9041/ZN (ND2D4BWP12T30P140LVT)
                                                          0.01      0.01       0.15 f
  scaleSoftmax/softmax/n3809 (net)              1                   0.00       0.15 f
  scaleSoftmax/softmax/U3085/ZN (INVD4BWP12T30P140LVT)
                                                          0.01      0.01       0.15 r
  scaleSoftmax/softmax/n18388 (net)             3                   0.00       0.15 r
  scaleSoftmax/softmax/U9632/ZN (NR2OPTPAD2BWP12T30P140LVT)
                                                          0.01      0.01       0.16 f
  scaleSoftmax/softmax/n2576 (net)              2                   0.00       0.16 f
  scaleSoftmax/softmax/U9542/ZN (OAI21D2BWP12T30P140LVT)
                                                          0.01      0.01       0.17 r
  scaleSoftmax/softmax/n2569 (net)              1                   0.00       0.17 r
  scaleSoftmax/softmax/U9624/ZN (AOI21OPTPBD2BWP12T30P140LVT)
                                                          0.01      0.01       0.18 f
  scaleSoftmax/softmax/n3706 (net)              1                   0.00       0.18 f
  scaleSoftmax/softmax/U9099/ZN (NR2D4BWP12T30P140LVT)
                                                          0.01      0.01       0.20 r
  scaleSoftmax/softmax/n4249 (net)              1                   0.00       0.20 r
  scaleSoftmax/softmax/U16454/ZN (NR3OPTFAD4BWP12T30P140LVT)
                                                          0.01      0.01       0.21 f
  scaleSoftmax/softmax/n4248 (net)              1                   0.00       0.21 f
  scaleSoftmax/softmax/U4139/ZN (NR2D8BWP12T30P140LVT)
                                                          0.02      0.01       0.22 r
  scaleSoftmax/softmax/n4243 (net)              1                   0.00       0.22 r
  scaleSoftmax/softmax/U2946/ZN (NR2OPTPAD16BWP12T30P140LVT)
                                                          0.02      0.01       0.24 f
  scaleSoftmax/softmax/n6703 (net)             31                   0.00       0.24 f
  scaleSoftmax/softmax/U9805/Z (MUX2OPTD4BWP12T30P140LVT)
                                                          0.01      0.02       0.26 r
  scaleSoftmax/softmax/n3041 (net)              3                   0.00       0.26 r
  scaleSoftmax/softmax/U5717/ZN (ND2OPTFAD4BWP12T30P140LVT)
                                                          0.01      0.01       0.27 f
  scaleSoftmax/softmax/n2269 (net)              2                   0.00       0.27 f
  scaleSoftmax/softmax/U9222/ZN (AOI21OPTPBD2BWP12T30P140LVT)
                                                          0.01      0.01       0.28 r
  scaleSoftmax/softmax/n18507 (net)             1                   0.00       0.28 r
  scaleSoftmax/softmax/U9715/ZN (OAI21OPTREPBD2BWP12T30P140LVT)
                                                          0.01      0.01       0.29 f
  scaleSoftmax/softmax/n18509 (net)             1                   0.00       0.29 f
  scaleSoftmax/softmax/U9814/ZN (AOI21OPTPBD2BWP12T30P140LVT)
                                                          0.01      0.01       0.30 r
  scaleSoftmax/softmax/n3065 (net)              1                   0.00       0.30 r
  scaleSoftmax/softmax/U9813/ZN (OAI21OPTPBD2BWP12T30P140LVT)
                                                          0.01      0.01       0.31 f
  scaleSoftmax/softmax/n3064 (net)              1                   0.00       0.31 f
  scaleSoftmax/softmax/U2800/ZN (NR2OPTPAD2BWP12T30P140LVT)
                                                          0.01      0.01       0.33 r
  scaleSoftmax/softmax/n228 (net)               1                   0.00       0.33 r
  scaleSoftmax/softmax/U2799/ZN (NR2OPTD6BWP12T30P140LVT)
                                                          0.01      0.01       0.33 f
  scaleSoftmax/softmax/n226 (net)               1                   0.00       0.33 f
  scaleSoftmax/softmax/U2798/ZN (INR2D16BWP12T30P140LVT)
                                                          0.03      0.02       0.35 r
  scaleSoftmax/softmax/n4484 (net)             32                   0.00       0.35 r
  scaleSoftmax/softmax/U1771/ZN (INR2D2BWP12T30P140LVT)
                                                          0.01      0.01       0.36 f
  scaleSoftmax/softmax/n1956 (net)              1                   0.00       0.36 f
  scaleSoftmax/softmax/U7313/ZN (INVD2BWP12T30P140LVT)
                                                          0.01      0.01       0.36 r
  scaleSoftmax/softmax/n3055 (net)              1                   0.00       0.36 r
  scaleSoftmax/softmax/U2885/ZN (CKND2D3BWP12T30P140LVT)
                                                          0.01      0.01       0.37 f
  scaleSoftmax/softmax/n18710 (net)             3                   0.00       0.37 f
  scaleSoftmax/softmax/U1732/ZN (NR2OPTFAD4BWP12T30P140LVT)
                                                          0.01      0.01       0.38 r
  scaleSoftmax/softmax/n6473 (net)              2                   0.00       0.38 r
  scaleSoftmax/softmax/U2097/ZN (NR3OPTPAD2BWP12T30P140LVT)
                                                          0.01      0.01       0.39 f
  scaleSoftmax/softmax/n6845 (net)              1                   0.00       0.39 f
  scaleSoftmax/softmax/U1706/ZN (NR2OPTPAD2BWP12T30P140LVT)
                                                          0.01      0.01       0.40 r
  scaleSoftmax/softmax/n4574 (net)              1                   0.00       0.40 r
  scaleSoftmax/softmax/U7265/ZN (OAI21D2BWP12T30P140LVT)
                                                          0.01      0.01       0.41 f
  scaleSoftmax/softmax/n4572 (net)              1                   0.00       0.41 f
  scaleSoftmax/softmax/U16689/ZN (AOI21OPTREPBD2BWP12T30P140LVT)
                                                          0.01      0.01       0.42 r
  scaleSoftmax/softmax/n6526 (net)              1                   0.00       0.42 r
  scaleSoftmax/softmax/U8494/ZN (OAI21OPTREPBD2BWP12T30P140LVT)
                                                          0.02      0.01       0.43 f
  scaleSoftmax/softmax/n6538 (net)              1                   0.00       0.43 f
  scaleSoftmax/softmax/U16902/ZN (OAI21OPTPBD4BWP12T30P140LVT)
                                                          0.02      0.01       0.44 r
  scaleSoftmax/softmax/n6730 (net)              1                   0.00       0.44 r
  scaleSoftmax/softmax/U8524/ZN (ND2OPTD12BWP12T30P140LVT)
                                                          0.02      0.02       0.46 f
  scaleSoftmax/softmax/n18684 (net)             8                   0.00       0.46 f
  scaleSoftmax/softmax/U2026/Z (MUX2D4BWP12T30P140LVT)
                                                          0.01      0.03       0.49 r
  scaleSoftmax/softmax/n18845 (net)             2                   0.00       0.49 r
  scaleSoftmax/softmax/U1651/Z (BUFFXD6BWP12T30P140LVT)
                                                          0.01      0.01       0.50 r
  scaleSoftmax/softmax/n4548 (net)              2                   0.00       0.50 r
  scaleSoftmax/softmax/U16986/ZN (INR2D4BWP12T30P140LVT)
                                                          0.01      0.00       0.50 f
  scaleSoftmax/softmax/n6990 (net)              1                   0.00       0.50 f
  scaleSoftmax/softmax/U16886/ZN (NR2OPTPAD2BWP12T30P140LVT)
                                                          0.01      0.01       0.51 r
  scaleSoftmax/softmax/n6386 (net)              1                   0.00       0.51 r
  scaleSoftmax/softmax/U8425/ZN (OAI21OPTREPBD2BWP12T30P140LVT)
                                                          0.01      0.01       0.52 f
  scaleSoftmax/softmax/n1151 (net)              1                   0.00       0.52 f
  scaleSoftmax/softmax/U2048/ZN (ND2D3BWP12T30P140LVT)
                                                          0.01      0.01       0.53 r
  scaleSoftmax/softmax/n4475 (net)              1                   0.00       0.53 r
  scaleSoftmax/softmax/U2140/ZN (AOI21OPTPBD6BWP12T30P140LVT)
                                                          0.02      0.01       0.54 f
  scaleSoftmax/softmax/n7123 (net)              1                   0.00       0.54 f
  scaleSoftmax/softmax/U8928/ZN (INR2D16BWP12T30P140LVT)
                                                          0.02      0.01       0.55 r
  scaleSoftmax/softmax/n1751 (net)             12                   0.00       0.55 r
  scaleSoftmax/softmax/U8979/Z (MUX2D2BWP12T30P140LVT)
                                                          0.01      0.02       0.58 f
  scaleSoftmax/softmax/n18956 (net)             3                   0.00       0.58 f
  scaleSoftmax/softmax/U1558/ZN (INR2D1BWP12T30P140LVT)
                                                          0.02      0.01       0.59 r
  scaleSoftmax/softmax/n18894 (net)             2                   0.00       0.59 r
  scaleSoftmax/softmax/U1530/ZN (INVD1BWP12T30P140LVT)
                                                          0.01      0.01       0.60 f
  scaleSoftmax/softmax/n6379 (net)              1                   0.00       0.60 f
  scaleSoftmax/softmax/U9248/ZN (AOI21OPTPBD2BWP12T30P140LVT)
                                                          0.01      0.01       0.61 r
  scaleSoftmax/softmax/n1998 (net)              1                   0.00       0.61 r
  scaleSoftmax/softmax/U9247/ZN (OAI21OPTREPBD2BWP12T30P140LVT)
                                                          0.01      0.01       0.62 f
  scaleSoftmax/softmax/n4641 (net)              1                   0.00       0.62 f
  scaleSoftmax/softmax/U9396/ZN (AOI21OPTPBD2BWP12T30P140LVT)
                                                          0.02      0.02       0.64 r
  scaleSoftmax/softmax/n18955 (net)             2                   0.00       0.64 r
  scaleSoftmax/softmax/U16699/ZN (ND3OPTPAD2BWP12T30P140LVT)
                                                          0.02      0.02       0.65 f
  scaleSoftmax/softmax/n6520 (net)              1                   0.00       0.65 f
  scaleSoftmax/softmax/U16336/ZN (NR2OPTFAD4BWP12T30P140LVT)
                                                          0.01      0.01       0.66 r
  scaleSoftmax/softmax/n3781 (net)              1                   0.00       0.66 r
  scaleSoftmax/softmax/U1999/ZN (ND2OPTFAD8BWP12T30P140LVT)
                                                          0.01      0.01       0.68 f
  scaleSoftmax/softmax/n18941 (net)             4                   0.00       0.68 f
  scaleSoftmax/softmax/U8376/ZN (CKND16BWP12T30P140LVT)
                                                          0.01      0.01       0.69 r
  scaleSoftmax/softmax/n4526 (net)             12                   0.00       0.69 r
  scaleSoftmax/softmax/U2122/ZN (CKND8BWP12T30P140LVT)
                                                          0.01      0.01       0.69 f
  scaleSoftmax/softmax/n6496 (net)              4                   0.00       0.69 f
  scaleSoftmax/softmax/U8277/Z (MUX2OPTD6BWP12T30P140LVT)
                                                          0.01      0.02       0.71 r
  scaleSoftmax/softmax/n4363 (net)              3                   0.00       0.71 r
  scaleSoftmax/softmax/U8276/ZN (ND2OPTFAD4BWP12T30P140LVT)
                                                          0.01      0.01       0.72 f
  scaleSoftmax/softmax/n2146 (net)              2                   0.00       0.72 f
  scaleSoftmax/softmax/U6882/ZN (ND2D2BWP12T30P140LVT)
                                                          0.01      0.01       0.72 r
  scaleSoftmax/softmax/n1813 (net)              1                   0.00       0.72 r
  scaleSoftmax/softmax/U9007/ZN (ND2OPTPAD2BWP12T30P140LVT)
                                                          0.01      0.01       0.73 f
  scaleSoftmax/softmax/n4724 (net)              1                   0.00       0.73 f
  scaleSoftmax/softmax/U16408/ZN (AOI21OPTPBD2BWP12T30P140LVT)
                                                          0.01      0.01       0.74 r
  scaleSoftmax/softmax/n3746 (net)              1                   0.00       0.74 r
  scaleSoftmax/softmax/U16403/ZN (NR2D2BWP12T30P140LVT)
                                                          0.01      0.01       0.74 f
  scaleSoftmax/softmax/n6187 (net)              1                   0.00       0.74 f
  scaleSoftmax/softmax/U16622/ZN (OAI21D2BWP12T30P140LVT)
                                                          0.01      0.01       0.75 r
  scaleSoftmax/softmax/n6651 (net)              1                   0.00       0.75 r
  scaleSoftmax/softmax/U16932/ZN (AOI21OPTPBD2BWP12T30P140LVT)
                                                          0.02      0.01       0.76 f
  scaleSoftmax/softmax/n6649 (net)              1                   0.00       0.76 f
  scaleSoftmax/softmax/U16646/ZN (NR3OPTD6BWP12T30P140LVT)
                                                          0.03      0.02       0.79 r
  scaleSoftmax/softmax/n19026 (net)             4                   0.00       0.79 r
  scaleSoftmax/softmax/U8752/ZN (CKND8BWP12T30P140LVT)
                                                          0.02      0.01       0.80 f
  scaleSoftmax/softmax/n4468 (net)             14                   0.00       0.80 f
  scaleSoftmax/softmax/U2747/ZN (INR2D2BWP12T30P140LVT)
                                                          0.01      0.01       0.81 r
  scaleSoftmax/softmax/n3691 (net)              1                   0.00       0.81 r
  scaleSoftmax/softmax/U9219/ZN (INVD1P25BWP12T30P140LVT)
                                                          0.01      0.01       0.81 f
  scaleSoftmax/softmax/n4509 (net)              1                   0.00       0.81 f
  scaleSoftmax/softmax/U9265/ZN (OAI21OPTREPBD2BWP12T30P140LVT)
                                                          0.03      0.01       0.82 r
  scaleSoftmax/softmax/n19157 (net)             3                   0.00       0.82 r
  scaleSoftmax/softmax/U1343/ZN (ND2D2BWP12T30P140LVT)
                                                          0.02      0.01       0.83 f
  scaleSoftmax/softmax/n2582 (net)              2                   0.00       0.83 f
  scaleSoftmax/softmax/U2120/ZN (OAI211OPTREPBD2BWP12T30P140LVT)
                                                          0.01      0.01       0.84 r
  scaleSoftmax/softmax/n22 (net)                1                   0.00       0.84 r
  scaleSoftmax/softmax/U1321/ZN (AOI21OPTPBD1BWP12T30P140LVT)
                                                          0.01      0.01       0.85 f
  scaleSoftmax/softmax/n2733 (net)              1                   0.00       0.85 f
  scaleSoftmax/softmax/U2383/ZN (OAI21OPTPBD2BWP12T30P140LVT)
                                                          0.01      0.01       0.86 r
  scaleSoftmax/softmax/n6275 (net)              1                   0.00       0.86 r
  scaleSoftmax/softmax/U5271/ZN (ND2D2BWP12T30P140LVT)
                                                          0.01      0.01       0.87 f
  scaleSoftmax/softmax/n4491 (net)              1                   0.00       0.87 f
  scaleSoftmax/softmax/U6734/ZN (ND2OPTPAD2BWP12T30P140LVT)
                                                          0.01      0.01       0.88 r
  scaleSoftmax/softmax/n6272 (net)              1                   0.00       0.88 r
  scaleSoftmax/softmax/U8619/ZN (AOI21OPTPBD6BWP12T30P140LVT)
                                                          0.02      0.01       0.89 f
  scaleSoftmax/softmax/n1271 (net)              4                   0.00       0.89 f
  scaleSoftmax/softmax/U8617/ZN (NR2OPTPAD16BWP12T30P140LVT)
                                                          0.03      0.02       0.91 r
  scaleSoftmax/softmax/n6472 (net)             30                   0.00       0.91 r
  scaleSoftmax/softmax/U1235/Z (MUX2D4BWP12T30P140LVT)
                                                          0.01      0.03       0.94 r
  scaleSoftmax/softmax/n4372 (net)              3                   0.00       0.94 r
  scaleSoftmax/softmax/U9515/ZN (INR2D4BWP12T30P140LVT)
                                                          0.01      0.01       0.95 f
  scaleSoftmax/softmax/n2301 (net)              3                   0.00       0.95 f
  scaleSoftmax/softmax/U4424/ZN (NR2D2BWP12T30P140LVT)
                                                          0.01      0.01       0.96 r
  scaleSoftmax/softmax/n2786 (net)              1                   0.00       0.96 r
  scaleSoftmax/softmax/U9670/ZN (OAI211OPTREPBD2BWP12T30P140LVT)
                                                          0.02      0.01       0.97 f
  scaleSoftmax/softmax/n2780 (net)              1                   0.00       0.97 f
  scaleSoftmax/softmax/U9699/ZN (AOI21OPTPBD2BWP12T30P140LVT)
                                                          0.02      0.01       0.98 r
  scaleSoftmax/softmax/n2777 (net)              1                   0.00       0.98 r
  scaleSoftmax/softmax/U4140/ZN (OAI21OPTPBD8BWP12T30P140LVT)
                                                          0.02      0.01       1.00 f
  scaleSoftmax/softmax/n3432 (net)              1                   0.00       1.00 f
  scaleSoftmax/softmax/U8773/ZN (ND2OPTFAD16BWP12T30P140LVT)
                                                          0.03      0.02       1.02 r
  scaleSoftmax/softmax/n19267 (net)            40                   0.00       1.02 r
  scaleSoftmax/softmax/U8407/ZN (CKND16BWP12T30P140LVT)
                                                          0.01      0.01       1.03 f
  scaleSoftmax/softmax/n4373 (net)             13                   0.00       1.03 f
  scaleSoftmax/softmax/U8485/Z (MUX2OPTD6BWP12T30P140LVT)
                                                          0.01      0.02       1.05 r
  scaleSoftmax/softmax/n4401 (net)              3                   0.00       1.05 r
  scaleSoftmax/softmax/U8207/ZN (ND2OPTFAD4BWP12T30P140LVT)
                                                          0.02      0.01       1.06 f
  scaleSoftmax/softmax/n941 (net)               2                   0.00       1.06 f
  scaleSoftmax/softmax/U8206/ZN (AOI21OPTPBD2BWP12T30P140LVT)
                                                          0.01      0.01       1.06 r
  scaleSoftmax/softmax/n1677 (net)              1                   0.00       1.06 r
  scaleSoftmax/softmax/U8843/ZN (OAI21OPTPBD2BWP12T30P140LVT)
                                                          0.01      0.01       1.07 f
  scaleSoftmax/softmax/n2867 (net)              1                   0.00       1.07 f
  scaleSoftmax/softmax/U9737/ZN (AOI21OPTPBD2BWP12T30P140LVT)
                                                          0.01      0.01       1.08 r
  scaleSoftmax/softmax/n4254 (net)              1                   0.00       1.08 r
  scaleSoftmax/softmax/U16413/ZN (NR2D4BWP12T30P140LVT)
                                                          0.01      0.01       1.09 f
  scaleSoftmax/softmax/n4057 (net)              1                   0.00       1.09 f
  scaleSoftmax/softmax/U8359/ZN (NR3OPTPAD6BWP12T30P140LVT)
                                                          0.02      0.02       1.11 r
  scaleSoftmax/softmax/n4055 (net)              1                   0.00       1.11 r
  scaleSoftmax/softmax/U3181/ZN (ND2OPTFAD16BWP12T30P140LVT)
                                                          0.02      0.02       1.12 f
  scaleSoftmax/softmax/n4344 (net)             27                   0.00       1.12 f
  scaleSoftmax/softmax/U2139/ZN (CKND6BWP12T30P140LVT)
                                                          0.01      0.01       1.13 r
  scaleSoftmax/softmax/n158 (net)               3                   0.00       1.13 r
  scaleSoftmax/softmax/U2275/ZN (ND2OPTFAD4BWP12T30P140LVT)
                                                          0.01      0.01       1.14 f
  scaleSoftmax/softmax/n1798 (net)              2                   0.00       1.14 f
  scaleSoftmax/softmax/U3191/ZN (INR2D4BWP12T30P140LVT)
                                                          0.01      0.01       1.15 f
  scaleSoftmax/softmax/n6125 (net)              2                   0.00       1.15 f
  scaleSoftmax/softmax/U2623/ZN (INVD4BWP12T30P140LVT)
                                                          0.01      0.01       1.16 r
  scaleSoftmax/softmax/n186 (net)               1                   0.00       1.16 r
  scaleSoftmax/softmax/U2681/ZN (ND2D4BWP12T30P140LVT)
                                                          0.01      0.01       1.17 f
  scaleSoftmax/softmax/n789 (net)               2                   0.00       1.17 f
  scaleSoftmax/softmax/U2856/ZN (NR2D3BWP12T30P140LVT)
                                                          0.01      0.01       1.18 r
  scaleSoftmax/softmax/n19421 (net)             2                   0.00       1.18 r
  scaleSoftmax/softmax/U8761/ZN (ND3OPTFAD4BWP12T30P140LVT)
                                                          0.01      0.01       1.19 f
  scaleSoftmax/softmax/n1530 (net)              1                   0.00       1.19 f
  scaleSoftmax/softmax/U8121/ZN (INR2D16BWP12T30P140LVT)
                                                          0.01      0.02       1.21 f
  scaleSoftmax/softmax/n1632 (net)             15                   0.00       1.21 f
  scaleSoftmax/softmax/U2602/Z (MUX2OPTD6BWP12T30P140LVT)
                                                          0.01      0.02       1.23 r
  scaleSoftmax/softmax/n4180 (net)              3                   0.00       1.23 r
  scaleSoftmax/softmax/U9470/ZN (OAI21OPTREPBD2BWP12T30P140LVT)
                                                          0.01      0.01       1.24 f
  scaleSoftmax/softmax/n2210 (net)              1                   0.00       1.24 f
  scaleSoftmax/softmax/U2649/ZN (AOI21OPTPBD4BWP12T30P140LVT)
                                                          0.01      0.01       1.25 r
  scaleSoftmax/softmax/n822 (net)               2                   0.00       1.25 r
  scaleSoftmax/softmax/U3278/ZN (ND2OPTFAD4BWP12T30P140LVT)
                                                          0.01      0.01       1.26 f
  scaleSoftmax/softmax/n904 (net)               2                   0.00       1.26 f
  scaleSoftmax/softmax/U3352/ZN (NR2OPTPAD2BWP12T30P140LVT)
                                                          0.01      0.01       1.27 r
  scaleSoftmax/softmax/n925 (net)               1                   0.00       1.27 r
  scaleSoftmax/softmax/U2427/ZN (ND3OPTPAD2BWP12T30P140LVT)
                                                          0.02      0.01       1.28 f
  scaleSoftmax/softmax/n107 (net)               1                   0.00       1.28 f
  scaleSoftmax/softmax/U2426/ZN (ND2OPTFAD4BWP12T30P140LVT)
                                                          0.01      0.01       1.29 r
  scaleSoftmax/softmax/n1531 (net)              1                   0.00       1.29 r
  scaleSoftmax/softmax/U2633/ZN (NR2OPTD12BWP12T30P140LVT)
                                                          0.01      0.01       1.30 f
  scaleSoftmax/softmax/n4353 (net)              9                   0.00       1.30 f
  scaleSoftmax/softmax/U8749/ZN (AOI21OPTPBD4BWP12T30P140LVT)
                                                          0.01      0.01       1.31 r
  scaleSoftmax/softmax/n5038 (net)              1                   0.00       1.31 r
  scaleSoftmax/softmax/U2501/ZN (ND2OPTFAD6BWP12T30P140LVT)
                                                          0.02      0.01       1.32 f
  scaleSoftmax/softmax/n1129 (net)              2                   0.00       1.32 f
  scaleSoftmax/softmax/U8289/ZN (NR2D16BWP12T30P140LVT)
                                                          0.02      0.02       1.34 r
  scaleSoftmax/softmax/n6669 (net)             17                   0.00       1.34 r
  scaleSoftmax/softmax/U2132/Z (BUFFXD6BWP12T30P140LVT)
                                                          0.01      0.01       1.36 r
  scaleSoftmax/softmax/n379 (net)               3                   0.00       1.36 r
  scaleSoftmax/softmax/U8786/ZN (OAI22OPTPBD4BWP12T30P140LVT)
                                                          0.02      0.01       1.37 f
  scaleSoftmax/softmax/n19579 (net)             3                   0.00       1.37 f
  scaleSoftmax/softmax/U701/ZN (NR2D2BWP12T30P140LVT)     0.01      0.01       1.38 r
  scaleSoftmax/softmax/n99 (net)                1                   0.00       1.38 r
  scaleSoftmax/softmax/U2404/ZN (AOI21OPTPBD2BWP12T30P140LVT)
                                                          0.01      0.01       1.39 f
  scaleSoftmax/softmax/n4278 (net)              1                   0.00       1.39 f
  scaleSoftmax/softmax/U2912/ZN (NR2D2BWP12T30P140LVT)
                                                          0.01      0.01       1.40 r
  scaleSoftmax/softmax/n1579 (net)              1                   0.00       1.40 r
  scaleSoftmax/softmax/U6104/ZN (OAI21D2BWP12T30P140LVT)
                                                          0.02      0.01       1.41 f
  scaleSoftmax/softmax/n3878 (net)              1                   0.00       1.41 f
  scaleSoftmax/softmax/U8849/ZN (AOI21D4BWP12T30P140LVT)
                                                          0.02      0.01       1.42 r
  scaleSoftmax/softmax/n4018 (net)              1                   0.00       1.42 r
  scaleSoftmax/softmax/U8070/ZN (NR2D8BWP12T30P140LVT)
                                                          0.01      0.01       1.43 f
  scaleSoftmax/softmax/n711 (net)               3                   0.00       1.43 f
  scaleSoftmax/softmax/U8068/ZN (ND2OPTFAD16BWP12T30P140LVT)
                                                          0.02      0.01       1.44 r
  scaleSoftmax/softmax/n3169 (net)             18                   0.00       1.44 r
  scaleSoftmax/softmax/U2919/ZN (CKND16BWP12T30P140LVT)
                                                          0.01      0.01       1.45 f
  scaleSoftmax/softmax/n4151 (net)             12                   0.00       1.45 f
  scaleSoftmax/softmax/U2833/Z (MUX2OPTD6BWP12T30P140LVT)
                                                          0.01      0.02       1.47 r
  scaleSoftmax/softmax/n19763 (net)             3                   0.00       1.47 r
  scaleSoftmax/softmax/U2832/ZN (ND2OPTPAD2BWP12T30P140LVT)
                                                          0.01      0.01       1.48 f
  scaleSoftmax/softmax/n1322 (net)              1                   0.00       1.48 f
  scaleSoftmax/softmax/U2936/ZN (INVD4BWP12T30P140LVT)
                                                          0.01      0.01       1.49 r
  scaleSoftmax/softmax/n937 (net)               1                   0.00       1.49 r
  scaleSoftmax/softmax/U2783/ZN (NR2OPTFAD4BWP12T30P140LVT)
                                                          0.01      0.01       1.50 f
  scaleSoftmax/softmax/n936 (net)               1                   0.00       1.50 f
  scaleSoftmax/softmax/U8203/ZN (AOI21OPTPBD2BWP12T30P140LVT)
                                                          0.01      0.01       1.51 r
  scaleSoftmax/softmax/n934 (net)               1                   0.00       1.51 r
  scaleSoftmax/softmax/U8200/ZN (NR2OPTPAD2BWP12T30P140LVT)
                                                          0.01      0.01       1.51 f
  scaleSoftmax/softmax/n1026 (net)              1                   0.00       1.51 f
  scaleSoftmax/softmax/U8245/ZN (INR2D4BWP12T30P140LVT)
                                                          0.01      0.01       1.52 r
  scaleSoftmax/softmax/n1035 (net)              1                   0.00       1.52 r
  scaleSoftmax/softmax/U4135/ZN (NR2D8BWP12T30P140LVT)
                                                          0.01      0.01       1.53 f
  scaleSoftmax/softmax/n4065 (net)              1                   0.00       1.53 f
  scaleSoftmax/softmax/U16539/ZN (ND2OPTFAD16BWP12T30P140LVT)
                                                          0.02      0.02       1.55 r
  scaleSoftmax/softmax/n19725 (net)            35                   0.00       1.55 r
  scaleSoftmax/softmax/U2010/Z (MUX2OPTD4BWP12T30P140LVT)
                                                          0.01      0.03       1.57 f
  scaleSoftmax/softmax/n19872 (net)             3                   0.00       1.57 f
  scaleSoftmax/softmax/U8133/ZN (INR2D8BWP12T30P140LVT)
                                                          0.01      0.01       1.58 r
  scaleSoftmax/softmax/n2396 (net)              3                   0.00       1.58 r
  scaleSoftmax/softmax/U396/ZN (INR2D1BWP12T30P140LVT)
                                                          0.01      0.01       1.59 f
  scaleSoftmax/softmax/n1481 (net)              1                   0.00       1.59 f
  scaleSoftmax/softmax/U8713/ZN (AOI21OPTPBD2BWP12T30P140LVT)
                                                          0.02      0.01       1.60 r
  scaleSoftmax/softmax/n1567 (net)              1                   0.00       1.60 r
  scaleSoftmax/softmax/U8210/ZN (ND2OPTPAD2BWP12T30P140LVT)
                                                          0.01      0.01       1.61 f
  scaleSoftmax/softmax/n946 (net)               1                   0.00       1.61 f
  scaleSoftmax/softmax/U2384/ZN (AOI21OPTPBD4BWP12T30P140LVT)
                                                          0.02      0.01       1.62 r
  scaleSoftmax/softmax/n945 (net)               1                   0.00       1.62 r
  scaleSoftmax/softmax/U8208/ZN (AOI21OPTPBD6BWP12T30P140LVT)
                                                          0.02      0.01       1.63 f
  scaleSoftmax/softmax/n3921 (net)              1                   0.00       1.63 f
  scaleSoftmax/softmax/U3194/ZN (NR2D16BWP12T30P140LVT)
                                                          0.02      0.02       1.65 r
  scaleSoftmax/softmax/n19838 (net)            16                   0.00       1.65 r
  scaleSoftmax/softmax/U16460/ZN (ND2OPTPAD2BWP12T30P140LVT)
                                                          0.02      0.01       1.66 f
  scaleSoftmax/softmax/n4758 (net)              1                   0.00       1.66 f
  scaleSoftmax/softmax/U8774/ZN (ND2OPTFAD4BWP12T30P140LVT)
                                                          0.01      0.01       1.67 r
  scaleSoftmax/softmax/n19981 (net)             3                   0.00       1.67 r
  scaleSoftmax/softmax/U9290/ZN (ND2OPTFAD6BWP12T30P140LVT)
                                                          0.01      0.01       1.68 f
  scaleSoftmax/softmax/n4729 (net)              2                   0.00       1.68 f
  scaleSoftmax/softmax/U8254/ZN (ND2OPTFAD4BWP12T30P140LVT)
                                                          0.01      0.01       1.69 r
  scaleSoftmax/softmax/n1040 (net)              2                   0.00       1.69 r
  scaleSoftmax/softmax/U8253/ZN (OAI21OPTREPBD2BWP12T30P140LVT)
                                                          0.01      0.01       1.70 f
  scaleSoftmax/softmax/n1568 (net)              1                   0.00       1.70 f
  scaleSoftmax/softmax/U8811/ZN (ND2D3BWP12T30P140LVT)
                                                          0.01      0.01       1.71 r
  scaleSoftmax/softmax/n4516 (net)              1                   0.00       1.71 r
  scaleSoftmax/softmax/U16483/ZN (ND3OPTFAD4BWP12T30P140LVT)
                                                          0.01      0.01       1.72 f
  scaleSoftmax/softmax/n4944 (net)              1                   0.00       1.72 f
  scaleSoftmax/softmax/U16769/ZN (AOI21OPTPBD2BWP12T30P140LVT)
                                                          0.01      0.01       1.73 r
  scaleSoftmax/softmax/n6616 (net)              1                   0.00       1.73 r
  scaleSoftmax/softmax/U16750/ZN (ND3OPTPAD2BWP12T30P140LVT)
                                                          0.02      0.01       1.74 f
  scaleSoftmax/softmax/n19964 (net)             1                   0.00       1.74 f
  scaleSoftmax/softmax/U16675/ZN (AOI21OPTPBD4BWP12T30P140LVT)
                                                          0.02      0.01       1.75 r
  scaleSoftmax/softmax/n19980 (net)             2                   0.00       1.75 r
  scaleSoftmax/softmax/U8898/ZN (CKND8BWP12T30P140LVT)
                                                          0.01      0.01       1.76 f
  scaleSoftmax/softmax/n4415 (net)              8                   0.00       1.76 f
  scaleSoftmax/softmax/U2802/ZN (CKND8BWP12T30P140LVT)
                                                          0.01      0.01       1.77 r
  scaleSoftmax/softmax/n1189 (net)              5                   0.00       1.77 r
  scaleSoftmax/softmax/U2186/ZN (ND2OPTPAD4BWP12T30P140LVT)
                                                          0.01      0.01       1.78 f
  scaleSoftmax/softmax/n2802 (net)              1                   0.00       1.78 f
  scaleSoftmax/softmax/U9704/ZN (OAI21OPTPBD2BWP12T30P140LVT)
                                                          0.01      0.01       1.79 r
  scaleSoftmax/softmax/n20006 (net)             3                   0.00       1.79 r
  scaleSoftmax/softmax/U143/ZN (ND2D2BWP12T30P140LVT)     0.01      0.01       1.80 f
  scaleSoftmax/softmax/n6948 (net)              2                   0.00       1.80 f
  scaleSoftmax/softmax/U8890/ZN (AOI31D2BWP12T30P140LVT)
                                                          0.02      0.01       1.81 r
  scaleSoftmax/softmax/n4669 (net)              1                   0.00       1.81 r
  scaleSoftmax/softmax/U9364/ZN (NR2D2BWP12T30P140LVT)
                                                          0.01      0.01       1.82 f
  scaleSoftmax/softmax/n4470 (net)              1                   0.00       1.82 f
  scaleSoftmax/softmax/U8778/ZN (OAI21D2BWP12T30P140LVT)
                                                          0.01      0.01       1.83 r
  scaleSoftmax/softmax/n4904 (net)              1                   0.00       1.83 r
  scaleSoftmax/softmax/U16746/ZN (AOI21OPTPBD2BWP12T30P140LVT)
                                                          0.01      0.01       1.84 f
  scaleSoftmax/softmax/n4902 (net)              1                   0.00       1.84 f
  scaleSoftmax/softmax/U4124/ZN (NR2D4BWP12T30P140LVT)
                                                          0.01      0.01       1.85 r
  scaleSoftmax/softmax/n7083 (net)              1                   0.00       1.85 r
  scaleSoftmax/softmax/U2366/ZN (ND2OPTFAD6BWP12T30P140LVT)
                                                          0.01      0.01       1.85 f
  scaleSoftmax/softmax/n3806 (net)              2                   0.00       1.85 f
  scaleSoftmax/softmax/U2365/ZN (INR2D8BWP12T30P140LVT)
                                                          0.01      0.01       1.87 r
  scaleSoftmax/softmax/n494 (net)               5                   0.00       1.87 r
  scaleSoftmax/softmax/U9242/ZN (ND2OPTFAD8BWP12T30P140LVT)
                                                          0.01      0.01       1.87 f
  scaleSoftmax/softmax/n20097 (net)             2                   0.00       1.87 f
  scaleSoftmax/softmax/U2244/ZN (INVD9BWP12T30P140LVT)
                                                          0.01      0.01       1.88 r
  scaleSoftmax/softmax/n40384 (net)             9                   0.00       1.88 r
  scaleSoftmax/softmax/U9405/ZN (CKND12BWP12T30P140LVT)
                                                          0.01      0.01       1.89 f
  scaleSoftmax/softmax/n40918 (net)            30                   0.00       1.89 f
  scaleSoftmax/softmax/U16790/ZN (OAI22D1BWP12T30P140LVT)
                                                          0.02      0.01       1.90 r
  scaleSoftmax/softmax/n5526 (net)              1                   0.00       1.90 r
  scaleSoftmax/softmax/globalMaximum_reg[25]/D (DFQD2BWP12T30P140LVT)
                                                          0.02      0.00       1.90 r
  data arrival time                                                            1.90

  clock clk (rise edge)                                             2.00       2.00
  clock network delay (ideal)                                       0.00       2.00
  clock uncertainty                                                -0.10       1.90
  scaleSoftmax/softmax/globalMaximum_reg[25]/CP (DFQD2BWP12T30P140LVT)
                                                                    0.00       1.90 r
  library setup time                                               -0.01       1.89
  data required time                                                           1.89
  ------------------------------------------------------------------------------------
  data required time                                                           1.89
  data arrival time                                                           -1.90
  ------------------------------------------------------------------------------------
  slack (VIOLATED)                                                            -0.02


  Startpoint: scaleSoftmax/softmax/packCountReg_reg[0]
              (rising edge-triggered flip-flop clocked by clk)
  Endpoint: scaleSoftmax/softmax/globalMaximum_reg[20]
            (rising edge-triggered flip-flop clocked by clk)
  Path Group: clk
  Path Type: max

  Des/Clust/Port     Wire Load Model       Library
  ------------------------------------------------
  AttentionFeaturePacketizer_0
                     ZeroWireload          tcbn28hpcplusbwp12t30p140lvtssg0p81v125c
  PackDescriptorDecoder_1
                     ZeroWireload          tcbn28hpcplusbwp12t30p140lvtssg0p81v125c
  PackDescriptorDecoder
                     ZeroWireload          tcbn28hpcplusbwp12t30p140lvtssg0p81v125c
  BufferedPackMetadataDequantizer_1
                     ZeroWireload          tcbn28hpcplusbwp12t30p140lvtssg0p81v125c
  DynamicBitUnpacker_1
                     ZeroWireload          tcbn28hpcplusbwp12t30p140lvtssg0p81v125c
  BufferedPackMetadataDequantizer
                     ZeroWireload          tcbn28hpcplusbwp12t30p140lvtssg0p81v125c
  DynamicBitUnpacker ZeroWireload          tcbn28hpcplusbwp12t30p140lvtssg0p81v125c
  KvStreamDequantizer_1
                     ZeroWireload          tcbn28hpcplusbwp12t30p140lvtssg0p81v125c
  KvStreamDequantizer
                     ZeroWireload          tcbn28hpcplusbwp12t30p140lvtssg0p81v125c
  DecompressionPipelineController_1
                     ZeroWireload          tcbn28hpcplusbwp12t30p140lvtssg0p81v125c
  DecompressionPipelineController
                     ZeroWireload          tcbn28hpcplusbwp12t30p140lvtssg0p81v125c
  QkDotProductAccumulator
                     ZeroWireload          tcbn28hpcplusbwp12t30p140lvtssg0p81v125c
  QueryReplayBuffer  ZeroWireload          tcbn28hpcplusbwp12t30p140lvtssg0p81v125c
  AttentionFeaturePacketizer_1
                     ZeroWireload          tcbn28hpcplusbwp12t30p140lvtssg0p81v125c
  DualKvDecompressionController
                     ZeroWireload          tcbn28hpcplusbwp12t30p140lvtssg0p81v125c
  SoftmaxVAccumulator
                     ZeroWireload          tcbn28hpcplusbwp12t30p140lvtssg0p81v125c
  StreamingSoftmax   ZeroWireload          tcbn28hpcplusbwp12t30p140lvtssg0p81v125c
  AttentionScaleUnit ZeroWireload          tcbn28hpcplusbwp12t30p140lvtssg0p81v125c
  AvOutputQuantizer  ZeroWireload          tcbn28hpcplusbwp12t30p140lvtssg0p81v125c
  BriskKvAttentionTop
                     ZeroWireload          tcbn28hpcplusbwp12t30p140lvtssg0p81v125c

  Point                                       Fanout     Trans      Incr       Path
  ------------------------------------------------------------------------------------
  clock clk (rise edge)                                             0.00       0.00
  clock network delay (ideal)                                       0.00       0.00
  scaleSoftmax/softmax/packCountReg_reg[0]/CP (DFQOPTMAD8BWP12T30P140LVT)
                                                          0.00      0.00 #     0.00 r
  scaleSoftmax/softmax/packCountReg_reg[0]/Q (DFQOPTMAD8BWP12T30P140LVT)
                                                          0.01      0.02       0.02 f
  scaleSoftmax/softmax/packCountReg[0] (net)
                                                5                   0.00       0.02 f
  scaleSoftmax/softmax/U16327/ZN (NR2OPTD12BWP12T30P140LVT)
                                                          0.01      0.01       0.03 r
  scaleSoftmax/softmax/n4197 (net)              1                   0.00       0.03 r
  scaleSoftmax/softmax/U4071/ZN (ND3OPTFAD16BWP12T30P140LVT)
                                                          0.01      0.01       0.04 f
  scaleSoftmax/softmax/n6641 (net)              1                   0.00       0.04 f
  scaleSoftmax/softmax/U16385/ZN (NR2OPTPAD16BWP12T30P140LVT)
                                                          0.02      0.01       0.06 r
  scaleSoftmax/softmax/n6989 (net)             11                   0.00       0.06 r
  scaleSoftmax/softmax/U1973/ZN (ND2OPTD6BWP12T30P140LVT)
                                                          0.01      0.01       0.07 f
  scaleSoftmax/softmax/n27900 (net)             3                   0.00       0.07 f
  scaleSoftmax/softmax/U3042/ZN (AOI21OPTREPBD2BWP12T30P140LVT)
                                                          0.01      0.01       0.08 r
  scaleSoftmax/softmax/n298 (net)               1                   0.00       0.08 r
  scaleSoftmax/softmax/U3041/ZN (NR2D3BWP12T30P140LVT)
                                                          0.01      0.01       0.08 f
  scaleSoftmax/softmax/n3693 (net)              1                   0.00       0.08 f
  scaleSoftmax/softmax/U16282/ZN (ND2OPTFAD4BWP12T30P140LVT)
                                                          0.01      0.01       0.09 r
  scaleSoftmax/softmax/n3654 (net)              2                   0.00       0.09 r
  scaleSoftmax/softmax/U8918/ZN (NR3OPTFAD4BWP12T30P140LVT)
                                                          0.01      0.01       0.10 f
  scaleSoftmax/softmax/n4748 (net)              1                   0.00       0.10 f
  scaleSoftmax/softmax/U16710/ZN (ND2OPTFAD4BWP12T30P140LVT)
                                                          0.01      0.01       0.11 r
  scaleSoftmax/softmax/n4747 (net)              1                   0.00       0.11 r
  scaleSoftmax/softmax/U9152/ZN (NR2OPTD12BWP12T30P140LVT)
                                                          0.01      0.01       0.12 f
  scaleSoftmax/softmax/n4745 (net)              2                   0.00       0.12 f
  scaleSoftmax/softmax/U2510/ZN (ND2OPTFAD16BWP12T30P140LVT)
                                                          0.02      0.02       0.14 r
  scaleSoftmax/softmax/n6944 (net)             24                   0.00       0.14 r
  scaleSoftmax/softmax/U9041/ZN (ND2D4BWP12T30P140LVT)
                                                          0.01      0.01       0.15 f
  scaleSoftmax/softmax/n3809 (net)              1                   0.00       0.15 f
  scaleSoftmax/softmax/U3085/ZN (INVD4BWP12T30P140LVT)
                                                          0.01      0.01       0.15 r
  scaleSoftmax/softmax/n18388 (net)             3                   0.00       0.15 r
  scaleSoftmax/softmax/U9632/ZN (NR2OPTPAD2BWP12T30P140LVT)
                                                          0.01      0.01       0.16 f
  scaleSoftmax/softmax/n2576 (net)              2                   0.00       0.16 f
  scaleSoftmax/softmax/U9542/ZN (OAI21D2BWP12T30P140LVT)
                                                          0.01      0.01       0.17 r
  scaleSoftmax/softmax/n2569 (net)              1                   0.00       0.17 r
  scaleSoftmax/softmax/U9624/ZN (AOI21OPTPBD2BWP12T30P140LVT)
                                                          0.01      0.01       0.18 f
  scaleSoftmax/softmax/n3706 (net)              1                   0.00       0.18 f
  scaleSoftmax/softmax/U9099/ZN (NR2D4BWP12T30P140LVT)
                                                          0.01      0.01       0.20 r
  scaleSoftmax/softmax/n4249 (net)              1                   0.00       0.20 r
  scaleSoftmax/softmax/U16454/ZN (NR3OPTFAD4BWP12T30P140LVT)
                                                          0.01      0.01       0.21 f
  scaleSoftmax/softmax/n4248 (net)              1                   0.00       0.21 f
  scaleSoftmax/softmax/U4139/ZN (NR2D8BWP12T30P140LVT)
                                                          0.02      0.01       0.22 r
  scaleSoftmax/softmax/n4243 (net)              1                   0.00       0.22 r
  scaleSoftmax/softmax/U2946/ZN (NR2OPTPAD16BWP12T30P140LVT)
                                                          0.02      0.01       0.24 f
  scaleSoftmax/softmax/n6703 (net)             31                   0.00       0.24 f
  scaleSoftmax/softmax/U9805/Z (MUX2OPTD4BWP12T30P140LVT)
                                                          0.01      0.02       0.26 r
  scaleSoftmax/softmax/n3041 (net)              3                   0.00       0.26 r
  scaleSoftmax/softmax/U5717/ZN (ND2OPTFAD4BWP12T30P140LVT)
                                                          0.01      0.01       0.27 f
  scaleSoftmax/softmax/n2269 (net)              2                   0.00       0.27 f
  scaleSoftmax/softmax/U9222/ZN (AOI21OPTPBD2BWP12T30P140LVT)
                                                          0.01      0.01       0.28 r
  scaleSoftmax/softmax/n18507 (net)             1                   0.00       0.28 r
  scaleSoftmax/softmax/U9715/ZN (OAI21OPTREPBD2BWP12T30P140LVT)
                                                          0.01      0.01       0.29 f
  scaleSoftmax/softmax/n18509 (net)             1                   0.00       0.29 f
  scaleSoftmax/softmax/U9814/ZN (AOI21OPTPBD2BWP12T30P140LVT)
                                                          0.01      0.01       0.30 r
  scaleSoftmax/softmax/n3065 (net)              1                   0.00       0.30 r
  scaleSoftmax/softmax/U9813/ZN (OAI21OPTPBD2BWP12T30P140LVT)
                                                          0.01      0.01       0.31 f
  scaleSoftmax/softmax/n3064 (net)              1                   0.00       0.31 f
  scaleSoftmax/softmax/U2800/ZN (NR2OPTPAD2BWP12T30P140LVT)
                                                          0.01      0.01       0.33 r
  scaleSoftmax/softmax/n228 (net)               1                   0.00       0.33 r
  scaleSoftmax/softmax/U2799/ZN (NR2OPTD6BWP12T30P140LVT)
                                                          0.01      0.01       0.33 f
  scaleSoftmax/softmax/n226 (net)               1                   0.00       0.33 f
  scaleSoftmax/softmax/U2798/ZN (INR2D16BWP12T30P140LVT)
                                                          0.03      0.02       0.35 r
  scaleSoftmax/softmax/n4484 (net)             32                   0.00       0.35 r
  scaleSoftmax/softmax/U1771/ZN (INR2D2BWP12T30P140LVT)
                                                          0.01      0.01       0.36 f
  scaleSoftmax/softmax/n1956 (net)              1                   0.00       0.36 f
  scaleSoftmax/softmax/U7313/ZN (INVD2BWP12T30P140LVT)
                                                          0.01      0.01       0.36 r
  scaleSoftmax/softmax/n3055 (net)              1                   0.00       0.36 r
  scaleSoftmax/softmax/U2885/ZN (CKND2D3BWP12T30P140LVT)
                                                          0.01      0.01       0.37 f
  scaleSoftmax/softmax/n18710 (net)             3                   0.00       0.37 f
  scaleSoftmax/softmax/U1732/ZN (NR2OPTFAD4BWP12T30P140LVT)
                                                          0.01      0.01       0.38 r
  scaleSoftmax/softmax/n6473 (net)              2                   0.00       0.38 r
  scaleSoftmax/softmax/U2097/ZN (NR3OPTPAD2BWP12T30P140LVT)
                                                          0.01      0.01       0.39 f
  scaleSoftmax/softmax/n6845 (net)              1                   0.00       0.39 f
  scaleSoftmax/softmax/U1706/ZN (NR2OPTPAD2BWP12T30P140LVT)
                                                          0.01      0.01       0.40 r
  scaleSoftmax/softmax/n4574 (net)              1                   0.00       0.40 r
  scaleSoftmax/softmax/U7265/ZN (OAI21D2BWP12T30P140LVT)
                                                          0.01      0.01       0.41 f
  scaleSoftmax/softmax/n4572 (net)              1                   0.00       0.41 f
  scaleSoftmax/softmax/U16689/ZN (AOI21OPTREPBD2BWP12T30P140LVT)
                                                          0.01      0.01       0.42 r
  scaleSoftmax/softmax/n6526 (net)              1                   0.00       0.42 r
  scaleSoftmax/softmax/U8494/ZN (OAI21OPTREPBD2BWP12T30P140LVT)
                                                          0.02      0.01       0.43 f
  scaleSoftmax/softmax/n6538 (net)              1                   0.00       0.43 f
  scaleSoftmax/softmax/U16902/ZN (OAI21OPTPBD4BWP12T30P140LVT)
                                                          0.02      0.01       0.44 r
  scaleSoftmax/softmax/n6730 (net)              1                   0.00       0.44 r
  scaleSoftmax/softmax/U8524/ZN (ND2OPTD12BWP12T30P140LVT)
                                                          0.02      0.02       0.46 f
  scaleSoftmax/softmax/n18684 (net)             8                   0.00       0.46 f
  scaleSoftmax/softmax/U2026/Z (MUX2D4BWP12T30P140LVT)
                                                          0.01      0.03       0.49 r
  scaleSoftmax/softmax/n18845 (net)             2                   0.00       0.49 r
  scaleSoftmax/softmax/U1651/Z (BUFFXD6BWP12T30P140LVT)
                                                          0.01      0.01       0.50 r
  scaleSoftmax/softmax/n4548 (net)              2                   0.00       0.50 r
  scaleSoftmax/softmax/U16986/ZN (INR2D4BWP12T30P140LVT)
                                                          0.01      0.00       0.50 f
  scaleSoftmax/softmax/n6990 (net)              1                   0.00       0.50 f
  scaleSoftmax/softmax/U16886/ZN (NR2OPTPAD2BWP12T30P140LVT)
                                                          0.01      0.01       0.51 r
  scaleSoftmax/softmax/n6386 (net)              1                   0.00       0.51 r
  scaleSoftmax/softmax/U8425/ZN (OAI21OPTREPBD2BWP12T30P140LVT)
                                                          0.01      0.01       0.52 f
  scaleSoftmax/softmax/n1151 (net)              1                   0.00       0.52 f
  scaleSoftmax/softmax/U2048/ZN (ND2D3BWP12T30P140LVT)
                                                          0.01      0.01       0.53 r
  scaleSoftmax/softmax/n4475 (net)              1                   0.00       0.53 r
  scaleSoftmax/softmax/U2140/ZN (AOI21OPTPBD6BWP12T30P140LVT)
                                                          0.02      0.01       0.54 f
  scaleSoftmax/softmax/n7123 (net)              1                   0.00       0.54 f
  scaleSoftmax/softmax/U8928/ZN (INR2D16BWP12T30P140LVT)
                                                          0.02      0.01       0.55 r
  scaleSoftmax/softmax/n1751 (net)             12                   0.00       0.55 r
  scaleSoftmax/softmax/U8979/Z (MUX2D2BWP12T30P140LVT)
                                                          0.01      0.02       0.58 f
  scaleSoftmax/softmax/n18956 (net)             3                   0.00       0.58 f
  scaleSoftmax/softmax/U1558/ZN (INR2D1BWP12T30P140LVT)
                                                          0.02      0.01       0.59 r
  scaleSoftmax/softmax/n18894 (net)             2                   0.00       0.59 r
  scaleSoftmax/softmax/U1530/ZN (INVD1BWP12T30P140LVT)
                                                          0.01      0.01       0.60 f
  scaleSoftmax/softmax/n6379 (net)              1                   0.00       0.60 f
  scaleSoftmax/softmax/U9248/ZN (AOI21OPTPBD2BWP12T30P140LVT)
                                                          0.01      0.01       0.61 r
  scaleSoftmax/softmax/n1998 (net)              1                   0.00       0.61 r
  scaleSoftmax/softmax/U9247/ZN (OAI21OPTREPBD2BWP12T30P140LVT)
                                                          0.01      0.01       0.62 f
  scaleSoftmax/softmax/n4641 (net)              1                   0.00       0.62 f
  scaleSoftmax/softmax/U9396/ZN (AOI21OPTPBD2BWP12T30P140LVT)
                                                          0.02      0.02       0.64 r
  scaleSoftmax/softmax/n18955 (net)             2                   0.00       0.64 r
  scaleSoftmax/softmax/U16699/ZN (ND3OPTPAD2BWP12T30P140LVT)
                                                          0.02      0.02       0.65 f
  scaleSoftmax/softmax/n6520 (net)              1                   0.00       0.65 f
  scaleSoftmax/softmax/U16336/ZN (NR2OPTFAD4BWP12T30P140LVT)
                                                          0.01      0.01       0.66 r
  scaleSoftmax/softmax/n3781 (net)              1                   0.00       0.66 r
  scaleSoftmax/softmax/U1999/ZN (ND2OPTFAD8BWP12T30P140LVT)
                                                          0.01      0.01       0.68 f
  scaleSoftmax/softmax/n18941 (net)             4                   0.00       0.68 f
  scaleSoftmax/softmax/U8376/ZN (CKND16BWP12T30P140LVT)
                                                          0.01      0.01       0.69 r
  scaleSoftmax/softmax/n4526 (net)             12                   0.00       0.69 r
  scaleSoftmax/softmax/U2122/ZN (CKND8BWP12T30P140LVT)
                                                          0.01      0.01       0.69 f
  scaleSoftmax/softmax/n6496 (net)              4                   0.00       0.69 f
  scaleSoftmax/softmax/U8277/Z (MUX2OPTD6BWP12T30P140LVT)
                                                          0.01      0.02       0.71 r
  scaleSoftmax/softmax/n4363 (net)              3                   0.00       0.71 r
  scaleSoftmax/softmax/U8276/ZN (ND2OPTFAD4BWP12T30P140LVT)
                                                          0.01      0.01       0.72 f
  scaleSoftmax/softmax/n2146 (net)              2                   0.00       0.72 f
  scaleSoftmax/softmax/U6882/ZN (ND2D2BWP12T30P140LVT)
                                                          0.01      0.01       0.72 r
  scaleSoftmax/softmax/n1813 (net)              1                   0.00       0.72 r
  scaleSoftmax/softmax/U9007/ZN (ND2OPTPAD2BWP12T30P140LVT)
                                                          0.01      0.01       0.73 f
  scaleSoftmax/softmax/n4724 (net)              1                   0.00       0.73 f
  scaleSoftmax/softmax/U16408/ZN (AOI21OPTPBD2BWP12T30P140LVT)
                                                          0.01      0.01       0.74 r
  scaleSoftmax/softmax/n3746 (net)              1                   0.00       0.74 r
  scaleSoftmax/softmax/U16403/ZN (NR2D2BWP12T30P140LVT)
                                                          0.01      0.01       0.74 f
  scaleSoftmax/softmax/n6187 (net)              1                   0.00       0.74 f
  scaleSoftmax/softmax/U16622/ZN (OAI21D2BWP12T30P140LVT)
                                                          0.01      0.01       0.75 r
  scaleSoftmax/softmax/n6651 (net)              1                   0.00       0.75 r
  scaleSoftmax/softmax/U16932/ZN (AOI21OPTPBD2BWP12T30P140LVT)
                                                          0.02      0.01       0.76 f
  scaleSoftmax/softmax/n6649 (net)              1                   0.00       0.76 f
  scaleSoftmax/softmax/U16646/ZN (NR3OPTD6BWP12T30P140LVT)
                                                          0.03      0.02       0.79 r
  scaleSoftmax/softmax/n19026 (net)             4                   0.00       0.79 r
  scaleSoftmax/softmax/U8752/ZN (CKND8BWP12T30P140LVT)
                                                          0.02      0.01       0.80 f
  scaleSoftmax/softmax/n4468 (net)             14                   0.00       0.80 f
  scaleSoftmax/softmax/U2747/ZN (INR2D2BWP12T30P140LVT)
                                                          0.01      0.01       0.81 r
  scaleSoftmax/softmax/n3691 (net)              1                   0.00       0.81 r
  scaleSoftmax/softmax/U9219/ZN (INVD1P25BWP12T30P140LVT)
                                                          0.01      0.01       0.81 f
  scaleSoftmax/softmax/n4509 (net)              1                   0.00       0.81 f
  scaleSoftmax/softmax/U9265/ZN (OAI21OPTREPBD2BWP12T30P140LVT)
                                                          0.03      0.01       0.82 r
  scaleSoftmax/softmax/n19157 (net)             3                   0.00       0.82 r
  scaleSoftmax/softmax/U1343/ZN (ND2D2BWP12T30P140LVT)
                                                          0.02      0.01       0.83 f
  scaleSoftmax/softmax/n2582 (net)              2                   0.00       0.83 f
  scaleSoftmax/softmax/U2120/ZN (OAI211OPTREPBD2BWP12T30P140LVT)
                                                          0.01      0.01       0.84 r
  scaleSoftmax/softmax/n22 (net)                1                   0.00       0.84 r
  scaleSoftmax/softmax/U1321/ZN (AOI21OPTPBD1BWP12T30P140LVT)
                                                          0.01      0.01       0.85 f
  scaleSoftmax/softmax/n2733 (net)              1                   0.00       0.85 f
  scaleSoftmax/softmax/U2383/ZN (OAI21OPTPBD2BWP12T30P140LVT)
                                                          0.01      0.01       0.86 r
  scaleSoftmax/softmax/n6275 (net)              1                   0.00       0.86 r
  scaleSoftmax/softmax/U5271/ZN (ND2D2BWP12T30P140LVT)
                                                          0.01      0.01       0.87 f
  scaleSoftmax/softmax/n4491 (net)              1                   0.00       0.87 f
  scaleSoftmax/softmax/U6734/ZN (ND2OPTPAD2BWP12T30P140LVT)
                                                          0.01      0.01       0.88 r
  scaleSoftmax/softmax/n6272 (net)              1                   0.00       0.88 r
  scaleSoftmax/softmax/U8619/ZN (AOI21OPTPBD6BWP12T30P140LVT)
                                                          0.02      0.01       0.89 f
  scaleSoftmax/softmax/n1271 (net)              4                   0.00       0.89 f
  scaleSoftmax/softmax/U8617/ZN (NR2OPTPAD16BWP12T30P140LVT)
                                                          0.03      0.02       0.91 r
  scaleSoftmax/softmax/n6472 (net)             30                   0.00       0.91 r
  scaleSoftmax/softmax/U1235/Z (MUX2D4BWP12T30P140LVT)
                                                          0.01      0.03       0.94 r
  scaleSoftmax/softmax/n4372 (net)              3                   0.00       0.94 r
  scaleSoftmax/softmax/U9515/ZN (INR2D4BWP12T30P140LVT)
                                                          0.01      0.01       0.95 f
  scaleSoftmax/softmax/n2301 (net)              3                   0.00       0.95 f
  scaleSoftmax/softmax/U4424/ZN (NR2D2BWP12T30P140LVT)
                                                          0.01      0.01       0.96 r
  scaleSoftmax/softmax/n2786 (net)              1                   0.00       0.96 r
  scaleSoftmax/softmax/U9670/ZN (OAI211OPTREPBD2BWP12T30P140LVT)
                                                          0.02      0.01       0.97 f
  scaleSoftmax/softmax/n2780 (net)              1                   0.00       0.97 f
  scaleSoftmax/softmax/U9699/ZN (AOI21OPTPBD2BWP12T30P140LVT)
                                                          0.02      0.01       0.98 r
  scaleSoftmax/softmax/n2777 (net)              1                   0.00       0.98 r
  scaleSoftmax/softmax/U4140/ZN (OAI21OPTPBD8BWP12T30P140LVT)
                                                          0.02      0.01       1.00 f
  scaleSoftmax/softmax/n3432 (net)              1                   0.00       1.00 f
  scaleSoftmax/softmax/U8773/ZN (ND2OPTFAD16BWP12T30P140LVT)
                                                          0.03      0.02       1.02 r
  scaleSoftmax/softmax/n19267 (net)            40                   0.00       1.02 r
  scaleSoftmax/softmax/U8407/ZN (CKND16BWP12T30P140LVT)
                                                          0.01      0.01       1.03 f
  scaleSoftmax/softmax/n4373 (net)             13                   0.00       1.03 f
  scaleSoftmax/softmax/U8485/Z (MUX2OPTD6BWP12T30P140LVT)
                                                          0.01      0.02       1.05 r
  scaleSoftmax/softmax/n4401 (net)              3                   0.00       1.05 r
  scaleSoftmax/softmax/U8207/ZN (ND2OPTFAD4BWP12T30P140LVT)
                                                          0.02      0.01       1.06 f
  scaleSoftmax/softmax/n941 (net)               2                   0.00       1.06 f
  scaleSoftmax/softmax/U8206/ZN (AOI21OPTPBD2BWP12T30P140LVT)
                                                          0.01      0.01       1.06 r
  scaleSoftmax/softmax/n1677 (net)              1                   0.00       1.06 r
  scaleSoftmax/softmax/U8843/ZN (OAI21OPTPBD2BWP12T30P140LVT)
                                                          0.01      0.01       1.07 f
  scaleSoftmax/softmax/n2867 (net)              1                   0.00       1.07 f
  scaleSoftmax/softmax/U9737/ZN (AOI21OPTPBD2BWP12T30P140LVT)
                                                          0.01      0.01       1.08 r
  scaleSoftmax/softmax/n4254 (net)              1                   0.00       1.08 r
  scaleSoftmax/softmax/U16413/ZN (NR2D4BWP12T30P140LVT)
                                                          0.01      0.01       1.09 f
  scaleSoftmax/softmax/n4057 (net)              1                   0.00       1.09 f
  scaleSoftmax/softmax/U8359/ZN (NR3OPTPAD6BWP12T30P140LVT)
                                                          0.02      0.02       1.11 r
  scaleSoftmax/softmax/n4055 (net)              1                   0.00       1.11 r
  scaleSoftmax/softmax/U3181/ZN (ND2OPTFAD16BWP12T30P140LVT)
                                                          0.02      0.02       1.12 f
  scaleSoftmax/softmax/n4344 (net)             27                   0.00       1.12 f
  scaleSoftmax/softmax/U2139/ZN (CKND6BWP12T30P140LVT)
                                                          0.01      0.01       1.13 r
  scaleSoftmax/softmax/n158 (net)               3                   0.00       1.13 r
  scaleSoftmax/softmax/U2275/ZN (ND2OPTFAD4BWP12T30P140LVT)
                                                          0.01      0.01       1.14 f
  scaleSoftmax/softmax/n1798 (net)              2                   0.00       1.14 f
  scaleSoftmax/softmax/U3191/ZN (INR2D4BWP12T30P140LVT)
                                                          0.01      0.01       1.15 f
  scaleSoftmax/softmax/n6125 (net)              2                   0.00       1.15 f
  scaleSoftmax/softmax/U2623/ZN (INVD4BWP12T30P140LVT)
                                                          0.01      0.01       1.16 r
  scaleSoftmax/softmax/n186 (net)               1                   0.00       1.16 r
  scaleSoftmax/softmax/U2681/ZN (ND2D4BWP12T30P140LVT)
                                                          0.01      0.01       1.17 f
  scaleSoftmax/softmax/n789 (net)               2                   0.00       1.17 f
  scaleSoftmax/softmax/U2856/ZN (NR2D3BWP12T30P140LVT)
                                                          0.01      0.01       1.18 r
  scaleSoftmax/softmax/n19421 (net)             2                   0.00       1.18 r
  scaleSoftmax/softmax/U8761/ZN (ND3OPTFAD4BWP12T30P140LVT)
                                                          0.01      0.01       1.19 f
  scaleSoftmax/softmax/n1530 (net)              1                   0.00       1.19 f
  scaleSoftmax/softmax/U8121/ZN (INR2D16BWP12T30P140LVT)
                                                          0.01      0.02       1.21 f
  scaleSoftmax/softmax/n1632 (net)             15                   0.00       1.21 f
  scaleSoftmax/softmax/U2602/Z (MUX2OPTD6BWP12T30P140LVT)
                                                          0.01      0.02       1.23 r
  scaleSoftmax/softmax/n4180 (net)              3                   0.00       1.23 r
  scaleSoftmax/softmax/U9470/ZN (OAI21OPTREPBD2BWP12T30P140LVT)
                                                          0.01      0.01       1.24 f
  scaleSoftmax/softmax/n2210 (net)              1                   0.00       1.24 f
  scaleSoftmax/softmax/U2649/ZN (AOI21OPTPBD4BWP12T30P140LVT)
                                                          0.01      0.01       1.25 r
  scaleSoftmax/softmax/n822 (net)               2                   0.00       1.25 r
  scaleSoftmax/softmax/U3278/ZN (ND2OPTFAD4BWP12T30P140LVT)
                                                          0.01      0.01       1.26 f
  scaleSoftmax/softmax/n904 (net)               2                   0.00       1.26 f
  scaleSoftmax/softmax/U3352/ZN (NR2OPTPAD2BWP12T30P140LVT)
                                                          0.01      0.01       1.27 r
  scaleSoftmax/softmax/n925 (net)               1                   0.00       1.27 r
  scaleSoftmax/softmax/U2427/ZN (ND3OPTPAD2BWP12T30P140LVT)
                                                          0.02      0.01       1.28 f
  scaleSoftmax/softmax/n107 (net)               1                   0.00       1.28 f
  scaleSoftmax/softmax/U2426/ZN (ND2OPTFAD4BWP12T30P140LVT)
                                                          0.01      0.01       1.29 r
  scaleSoftmax/softmax/n1531 (net)              1                   0.00       1.29 r
  scaleSoftmax/softmax/U2633/ZN (NR2OPTD12BWP12T30P140LVT)
                                                          0.01      0.01       1.30 f
  scaleSoftmax/softmax/n4353 (net)              9                   0.00       1.30 f
  scaleSoftmax/softmax/U8749/ZN (AOI21OPTPBD4BWP12T30P140LVT)
                                                          0.01      0.01       1.31 r
  scaleSoftmax/softmax/n5038 (net)              1                   0.00       1.31 r
  scaleSoftmax/softmax/U2501/ZN (ND2OPTFAD6BWP12T30P140LVT)
                                                          0.02      0.01       1.32 f
  scaleSoftmax/softmax/n1129 (net)              2                   0.00       1.32 f
  scaleSoftmax/softmax/U8289/ZN (NR2D16BWP12T30P140LVT)
                                                          0.02      0.02       1.34 r
  scaleSoftmax/softmax/n6669 (net)             17                   0.00       1.34 r
  scaleSoftmax/softmax/U2132/Z (BUFFXD6BWP12T30P140LVT)
                                                          0.01      0.01       1.36 r
  scaleSoftmax/softmax/n379 (net)               3                   0.00       1.36 r
  scaleSoftmax/softmax/U8786/ZN (OAI22OPTPBD4BWP12T30P140LVT)
                                                          0.02      0.01       1.37 f
  scaleSoftmax/softmax/n19579 (net)             3                   0.00       1.37 f
  scaleSoftmax/softmax/U701/ZN (NR2D2BWP12T30P140LVT)     0.01      0.01       1.38 r
  scaleSoftmax/softmax/n99 (net)                1                   0.00       1.38 r
  scaleSoftmax/softmax/U2404/ZN (AOI21OPTPBD2BWP12T30P140LVT)
                                                          0.01      0.01       1.39 f
  scaleSoftmax/softmax/n4278 (net)              1                   0.00       1.39 f
  scaleSoftmax/softmax/U2912/ZN (NR2D2BWP12T30P140LVT)
                                                          0.01      0.01       1.40 r
  scaleSoftmax/softmax/n1579 (net)              1                   0.00       1.40 r
  scaleSoftmax/softmax/U6104/ZN (OAI21D2BWP12T30P140LVT)
                                                          0.02      0.01       1.41 f
  scaleSoftmax/softmax/n3878 (net)              1                   0.00       1.41 f
  scaleSoftmax/softmax/U8849/ZN (AOI21D4BWP12T30P140LVT)
                                                          0.02      0.01       1.42 r
  scaleSoftmax/softmax/n4018 (net)              1                   0.00       1.42 r
  scaleSoftmax/softmax/U8070/ZN (NR2D8BWP12T30P140LVT)
                                                          0.01      0.01       1.43 f
  scaleSoftmax/softmax/n711 (net)               3                   0.00       1.43 f
  scaleSoftmax/softmax/U8068/ZN (ND2OPTFAD16BWP12T30P140LVT)
                                                          0.02      0.01       1.44 r
  scaleSoftmax/softmax/n3169 (net)             18                   0.00       1.44 r
  scaleSoftmax/softmax/U2919/ZN (CKND16BWP12T30P140LVT)
                                                          0.01      0.01       1.45 f
  scaleSoftmax/softmax/n4151 (net)             12                   0.00       1.45 f
  scaleSoftmax/softmax/U2833/Z (MUX2OPTD6BWP12T30P140LVT)
                                                          0.01      0.02       1.47 r
  scaleSoftmax/softmax/n19763 (net)             3                   0.00       1.47 r
  scaleSoftmax/softmax/U2832/ZN (ND2OPTPAD2BWP12T30P140LVT)
                                                          0.01      0.01       1.48 f
  scaleSoftmax/softmax/n1322 (net)              1                   0.00       1.48 f
  scaleSoftmax/softmax/U2936/ZN (INVD4BWP12T30P140LVT)
                                                          0.01      0.01       1.49 r
  scaleSoftmax/softmax/n937 (net)               1                   0.00       1.49 r
  scaleSoftmax/softmax/U2783/ZN (NR2OPTFAD4BWP12T30P140LVT)
                                                          0.01      0.01       1.50 f
  scaleSoftmax/softmax/n936 (net)               1                   0.00       1.50 f
  scaleSoftmax/softmax/U8203/ZN (AOI21OPTPBD2BWP12T30P140LVT)
                                                          0.01      0.01       1.51 r
  scaleSoftmax/softmax/n934 (net)               1                   0.00       1.51 r
  scaleSoftmax/softmax/U8200/ZN (NR2OPTPAD2BWP12T30P140LVT)
                                                          0.01      0.01       1.51 f
  scaleSoftmax/softmax/n1026 (net)              1                   0.00       1.51 f
  scaleSoftmax/softmax/U8245/ZN (INR2D4BWP12T30P140LVT)
                                                          0.01      0.01       1.52 r
  scaleSoftmax/softmax/n1035 (net)              1                   0.00       1.52 r
  scaleSoftmax/softmax/U4135/ZN (NR2D8BWP12T30P140LVT)
                                                          0.01      0.01       1.53 f
  scaleSoftmax/softmax/n4065 (net)              1                   0.00       1.53 f
  scaleSoftmax/softmax/U16539/ZN (ND2OPTFAD16BWP12T30P140LVT)
                                                          0.02      0.02       1.55 r
  scaleSoftmax/softmax/n19725 (net)            35                   0.00       1.55 r
  scaleSoftmax/softmax/U2010/Z (MUX2OPTD4BWP12T30P140LVT)
                                                          0.01      0.03       1.57 f
  scaleSoftmax/softmax/n19872 (net)             3                   0.00       1.57 f
  scaleSoftmax/softmax/U8133/ZN (INR2D8BWP12T30P140LVT)
                                                          0.01      0.01       1.58 r
  scaleSoftmax/softmax/n2396 (net)              3                   0.00       1.58 r
  scaleSoftmax/softmax/U396/ZN (INR2D1BWP12T30P140LVT)
                                                          0.01      0.01       1.59 f
  scaleSoftmax/softmax/n1481 (net)              1                   0.00       1.59 f
  scaleSoftmax/softmax/U8713/ZN (AOI21OPTPBD2BWP12T30P140LVT)
                                                          0.02      0.01       1.60 r
  scaleSoftmax/softmax/n1567 (net)              1                   0.00       1.60 r
  scaleSoftmax/softmax/U8210/ZN (ND2OPTPAD2BWP12T30P140LVT)
                                                          0.01      0.01       1.61 f
  scaleSoftmax/softmax/n946 (net)               1                   0.00       1.61 f
  scaleSoftmax/softmax/U2384/ZN (AOI21OPTPBD4BWP12T30P140LVT)
                                                          0.02      0.01       1.62 r
  scaleSoftmax/softmax/n945 (net)               1                   0.00       1.62 r
  scaleSoftmax/softmax/U8208/ZN (AOI21OPTPBD6BWP12T30P140LVT)
                                                          0.02      0.01       1.63 f
  scaleSoftmax/softmax/n3921 (net)              1                   0.00       1.63 f
  scaleSoftmax/softmax/U3194/ZN (NR2D16BWP12T30P140LVT)
                                                          0.02      0.02       1.65 r
  scaleSoftmax/softmax/n19838 (net)            16                   0.00       1.65 r
  scaleSoftmax/softmax/U16460/ZN (ND2OPTPAD2BWP12T30P140LVT)
                                                          0.02      0.01       1.66 f
  scaleSoftmax/softmax/n4758 (net)              1                   0.00       1.66 f
  scaleSoftmax/softmax/U8774/ZN (ND2OPTFAD4BWP12T30P140LVT)
                                                          0.01      0.01       1.67 r
  scaleSoftmax/softmax/n19981 (net)             3                   0.00       1.67 r
  scaleSoftmax/softmax/U9290/ZN (ND2OPTFAD6BWP12T30P140LVT)
                                                          0.01      0.01       1.68 f
  scaleSoftmax/softmax/n4729 (net)              2                   0.00       1.68 f
  scaleSoftmax/softmax/U8254/ZN (ND2OPTFAD4BWP12T30P140LVT)
                                                          0.01      0.01       1.69 r
  scaleSoftmax/softmax/n1040 (net)              2                   0.00       1.69 r
  scaleSoftmax/softmax/U8253/ZN (OAI21OPTREPBD2BWP12T30P140LVT)
                                                          0.01      0.01       1.70 f
  scaleSoftmax/softmax/n1568 (net)              1                   0.00       1.70 f
  scaleSoftmax/softmax/U8811/ZN (ND2D3BWP12T30P140LVT)
                                                          0.01      0.01       1.71 r
  scaleSoftmax/softmax/n4516 (net)              1                   0.00       1.71 r
  scaleSoftmax/softmax/U16483/ZN (ND3OPTFAD4BWP12T30P140LVT)
                                                          0.01      0.01       1.72 f
  scaleSoftmax/softmax/n4944 (net)              1                   0.00       1.72 f
  scaleSoftmax/softmax/U16769/ZN (AOI21OPTPBD2BWP12T30P140LVT)
                                                          0.01      0.01       1.73 r
  scaleSoftmax/softmax/n6616 (net)              1                   0.00       1.73 r
  scaleSoftmax/softmax/U16750/ZN (ND3OPTPAD2BWP12T30P140LVT)
                                                          0.02      0.01       1.74 f
  scaleSoftmax/softmax/n19964 (net)             1                   0.00       1.74 f
  scaleSoftmax/softmax/U16675/ZN (AOI21OPTPBD4BWP12T30P140LVT)
                                                          0.02      0.01       1.75 r
  scaleSoftmax/softmax/n19980 (net)             2                   0.00       1.75 r
  scaleSoftmax/softmax/U8898/ZN (CKND8BWP12T30P140LVT)
                                                          0.01      0.01       1.76 f
  scaleSoftmax/softmax/n4415 (net)              8                   0.00       1.76 f
  scaleSoftmax/softmax/U2802/ZN (CKND8BWP12T30P140LVT)
                                                          0.01      0.01       1.77 r
  scaleSoftmax/softmax/n1189 (net)              5                   0.00       1.77 r
  scaleSoftmax/softmax/U2186/ZN (ND2OPTPAD4BWP12T30P140LVT)
                                                          0.01      0.01       1.78 f
  scaleSoftmax/softmax/n2802 (net)              1                   0.00       1.78 f
  scaleSoftmax/softmax/U9704/ZN (OAI21OPTPBD2BWP12T30P140LVT)
                                                          0.01      0.01       1.79 r
  scaleSoftmax/softmax/n20006 (net)             3                   0.00       1.79 r
  scaleSoftmax/softmax/U143/ZN (ND2D2BWP12T30P140LVT)     0.01      0.01       1.80 f
  scaleSoftmax/softmax/n6948 (net)              2                   0.00       1.80 f
  scaleSoftmax/softmax/U8890/ZN (AOI31D2BWP12T30P140LVT)
                                                          0.02      0.01       1.81 r
  scaleSoftmax/softmax/n4669 (net)              1                   0.00       1.81 r
  scaleSoftmax/softmax/U9364/ZN (NR2D2BWP12T30P140LVT)
                                                          0.01      0.01       1.82 f
  scaleSoftmax/softmax/n4470 (net)              1                   0.00       1.82 f
  scaleSoftmax/softmax/U8778/ZN (OAI21D2BWP12T30P140LVT)
                                                          0.01      0.01       1.83 r
  scaleSoftmax/softmax/n4904 (net)              1                   0.00       1.83 r
  scaleSoftmax/softmax/U16746/ZN (AOI21OPTPBD2BWP12T30P140LVT)
                                                          0.01      0.01       1.84 f
  scaleSoftmax/softmax/n4902 (net)              1                   0.00       1.84 f
  scaleSoftmax/softmax/U4124/ZN (NR2D4BWP12T30P140LVT)
                                                          0.01      0.01       1.85 r
  scaleSoftmax/softmax/n7083 (net)              1                   0.00       1.85 r
  scaleSoftmax/softmax/U2366/ZN (ND2OPTFAD6BWP12T30P140LVT)
                                                          0.01      0.01       1.85 f
  scaleSoftmax/softmax/n3806 (net)              2                   0.00       1.85 f
  scaleSoftmax/softmax/U2365/ZN (INR2D8BWP12T30P140LVT)
                                                          0.01      0.01       1.87 r
  scaleSoftmax/softmax/n494 (net)               5                   0.00       1.87 r
  scaleSoftmax/softmax/U9242/ZN (ND2OPTFAD8BWP12T30P140LVT)
                                                          0.01      0.01       1.87 f
  scaleSoftmax/softmax/n20097 (net)             2                   0.00       1.87 f
  scaleSoftmax/softmax/U2244/ZN (INVD9BWP12T30P140LVT)
                                                          0.01      0.01       1.88 r
  scaleSoftmax/softmax/n40384 (net)             9                   0.00       1.88 r
  scaleSoftmax/softmax/U9405/ZN (CKND12BWP12T30P140LVT)
                                                          0.01      0.01       1.89 f
  scaleSoftmax/softmax/n40918 (net)            30                   0.00       1.89 f
  scaleSoftmax/softmax/U16802/ZN (OAI22D1BWP12T30P140LVT)
                                                          0.02      0.01       1.90 r
  scaleSoftmax/softmax/n5521 (net)              1                   0.00       1.90 r
  scaleSoftmax/softmax/globalMaximum_reg[20]/D (DFQD2BWP12T30P140LVT)
                                                          0.02      0.00       1.90 r
  data arrival time                                                            1.90

  clock clk (rise edge)                                             2.00       2.00
  clock network delay (ideal)                                       0.00       2.00
  clock uncertainty                                                -0.10       1.90
  scaleSoftmax/softmax/globalMaximum_reg[20]/CP (DFQD2BWP12T30P140LVT)
                                                                    0.00       1.90 r
  library setup time                                               -0.01       1.89
  data required time                                                           1.89
  ------------------------------------------------------------------------------------
  data required time                                                           1.89
  data arrival time                                                           -1.90
  ------------------------------------------------------------------------------------
  slack (VIOLATED)                                                            -0.02


  Startpoint: scaleSoftmax/softmax/packCountReg_reg[0]
              (rising edge-triggered flip-flop clocked by clk)
  Endpoint: scaleSoftmax/softmax/globalMaximum_reg[24]
            (rising edge-triggered flip-flop clocked by clk)
  Path Group: clk
  Path Type: max

  Des/Clust/Port     Wire Load Model       Library
  ------------------------------------------------
  AttentionFeaturePacketizer_0
                     ZeroWireload          tcbn28hpcplusbwp12t30p140lvtssg0p81v125c
  PackDescriptorDecoder_1
                     ZeroWireload          tcbn28hpcplusbwp12t30p140lvtssg0p81v125c
  PackDescriptorDecoder
                     ZeroWireload          tcbn28hpcplusbwp12t30p140lvtssg0p81v125c
  BufferedPackMetadataDequantizer_1
                     ZeroWireload          tcbn28hpcplusbwp12t30p140lvtssg0p81v125c
  DynamicBitUnpacker_1
                     ZeroWireload          tcbn28hpcplusbwp12t30p140lvtssg0p81v125c
  BufferedPackMetadataDequantizer
                     ZeroWireload          tcbn28hpcplusbwp12t30p140lvtssg0p81v125c
  DynamicBitUnpacker ZeroWireload          tcbn28hpcplusbwp12t30p140lvtssg0p81v125c
  KvStreamDequantizer_1
                     ZeroWireload          tcbn28hpcplusbwp12t30p140lvtssg0p81v125c
  KvStreamDequantizer
                     ZeroWireload          tcbn28hpcplusbwp12t30p140lvtssg0p81v125c
  DecompressionPipelineController_1
                     ZeroWireload          tcbn28hpcplusbwp12t30p140lvtssg0p81v125c
  DecompressionPipelineController
                     ZeroWireload          tcbn28hpcplusbwp12t30p140lvtssg0p81v125c
  QkDotProductAccumulator
                     ZeroWireload          tcbn28hpcplusbwp12t30p140lvtssg0p81v125c
  QueryReplayBuffer  ZeroWireload          tcbn28hpcplusbwp12t30p140lvtssg0p81v125c
  AttentionFeaturePacketizer_1
                     ZeroWireload          tcbn28hpcplusbwp12t30p140lvtssg0p81v125c
  DualKvDecompressionController
                     ZeroWireload          tcbn28hpcplusbwp12t30p140lvtssg0p81v125c
  SoftmaxVAccumulator
                     ZeroWireload          tcbn28hpcplusbwp12t30p140lvtssg0p81v125c
  StreamingSoftmax   ZeroWireload          tcbn28hpcplusbwp12t30p140lvtssg0p81v125c
  AttentionScaleUnit ZeroWireload          tcbn28hpcplusbwp12t30p140lvtssg0p81v125c
  AvOutputQuantizer  ZeroWireload          tcbn28hpcplusbwp12t30p140lvtssg0p81v125c
  BriskKvAttentionTop
                     ZeroWireload          tcbn28hpcplusbwp12t30p140lvtssg0p81v125c

  Point                                       Fanout     Trans      Incr       Path
  ------------------------------------------------------------------------------------
  clock clk (rise edge)                                             0.00       0.00
  clock network delay (ideal)                                       0.00       0.00
  scaleSoftmax/softmax/packCountReg_reg[0]/CP (DFQOPTMAD8BWP12T30P140LVT)
                                                          0.00      0.00 #     0.00 r
  scaleSoftmax/softmax/packCountReg_reg[0]/Q (DFQOPTMAD8BWP12T30P140LVT)
                                                          0.01      0.02       0.02 f
  scaleSoftmax/softmax/packCountReg[0] (net)
                                                5                   0.00       0.02 f
  scaleSoftmax/softmax/U16327/ZN (NR2OPTD12BWP12T30P140LVT)
                                                          0.01      0.01       0.03 r
  scaleSoftmax/softmax/n4197 (net)              1                   0.00       0.03 r
  scaleSoftmax/softmax/U4071/ZN (ND3OPTFAD16BWP12T30P140LVT)
                                                          0.01      0.01       0.04 f
  scaleSoftmax/softmax/n6641 (net)              1                   0.00       0.04 f
  scaleSoftmax/softmax/U16385/ZN (NR2OPTPAD16BWP12T30P140LVT)
                                                          0.02      0.01       0.06 r
  scaleSoftmax/softmax/n6989 (net)             11                   0.00       0.06 r
  scaleSoftmax/softmax/U1973/ZN (ND2OPTD6BWP12T30P140LVT)
                                                          0.01      0.01       0.07 f
  scaleSoftmax/softmax/n27900 (net)             3                   0.00       0.07 f
  scaleSoftmax/softmax/U3042/ZN (AOI21OPTREPBD2BWP12T30P140LVT)
                                                          0.01      0.01       0.08 r
  scaleSoftmax/softmax/n298 (net)               1                   0.00       0.08 r
  scaleSoftmax/softmax/U3041/ZN (NR2D3BWP12T30P140LVT)
                                                          0.01      0.01       0.08 f
  scaleSoftmax/softmax/n3693 (net)              1                   0.00       0.08 f
  scaleSoftmax/softmax/U16282/ZN (ND2OPTFAD4BWP12T30P140LVT)
                                                          0.01      0.01       0.09 r
  scaleSoftmax/softmax/n3654 (net)              2                   0.00       0.09 r
  scaleSoftmax/softmax/U8918/ZN (NR3OPTFAD4BWP12T30P140LVT)
                                                          0.01      0.01       0.10 f
  scaleSoftmax/softmax/n4748 (net)              1                   0.00       0.10 f
  scaleSoftmax/softmax/U16710/ZN (ND2OPTFAD4BWP12T30P140LVT)
                                                          0.01      0.01       0.11 r
  scaleSoftmax/softmax/n4747 (net)              1                   0.00       0.11 r
  scaleSoftmax/softmax/U9152/ZN (NR2OPTD12BWP12T30P140LVT)
                                                          0.01      0.01       0.12 f
  scaleSoftmax/softmax/n4745 (net)              2                   0.00       0.12 f
  scaleSoftmax/softmax/U2510/ZN (ND2OPTFAD16BWP12T30P140LVT)
                                                          0.02      0.02       0.14 r
  scaleSoftmax/softmax/n6944 (net)             24                   0.00       0.14 r
  scaleSoftmax/softmax/U9041/ZN (ND2D4BWP12T30P140LVT)
                                                          0.01      0.01       0.15 f
  scaleSoftmax/softmax/n3809 (net)              1                   0.00       0.15 f
  scaleSoftmax/softmax/U3085/ZN (INVD4BWP12T30P140LVT)
                                                          0.01      0.01       0.15 r
  scaleSoftmax/softmax/n18388 (net)             3                   0.00       0.15 r
  scaleSoftmax/softmax/U9632/ZN (NR2OPTPAD2BWP12T30P140LVT)
                                                          0.01      0.01       0.16 f
  scaleSoftmax/softmax/n2576 (net)              2                   0.00       0.16 f
  scaleSoftmax/softmax/U9542/ZN (OAI21D2BWP12T30P140LVT)
                                                          0.01      0.01       0.17 r
  scaleSoftmax/softmax/n2569 (net)              1                   0.00       0.17 r
  scaleSoftmax/softmax/U9624/ZN (AOI21OPTPBD2BWP12T30P140LVT)
                                                          0.01      0.01       0.18 f
  scaleSoftmax/softmax/n3706 (net)              1                   0.00       0.18 f
  scaleSoftmax/softmax/U9099/ZN (NR2D4BWP12T30P140LVT)
                                                          0.01      0.01       0.20 r
  scaleSoftmax/softmax/n4249 (net)              1                   0.00       0.20 r
  scaleSoftmax/softmax/U16454/ZN (NR3OPTFAD4BWP12T30P140LVT)
                                                          0.01      0.01       0.21 f
  scaleSoftmax/softmax/n4248 (net)              1                   0.00       0.21 f
  scaleSoftmax/softmax/U4139/ZN (NR2D8BWP12T30P140LVT)
                                                          0.02      0.01       0.22 r
  scaleSoftmax/softmax/n4243 (net)              1                   0.00       0.22 r
  scaleSoftmax/softmax/U2946/ZN (NR2OPTPAD16BWP12T30P140LVT)
                                                          0.02      0.01       0.24 f
  scaleSoftmax/softmax/n6703 (net)             31                   0.00       0.24 f
  scaleSoftmax/softmax/U9805/Z (MUX2OPTD4BWP12T30P140LVT)
                                                          0.01      0.02       0.26 r
  scaleSoftmax/softmax/n3041 (net)              3                   0.00       0.26 r
  scaleSoftmax/softmax/U5717/ZN (ND2OPTFAD4BWP12T30P140LVT)
                                                          0.01      0.01       0.27 f
  scaleSoftmax/softmax/n2269 (net)              2                   0.00       0.27 f
  scaleSoftmax/softmax/U9222/ZN (AOI21OPTPBD2BWP12T30P140LVT)
                                                          0.01      0.01       0.28 r
  scaleSoftmax/softmax/n18507 (net)             1                   0.00       0.28 r
  scaleSoftmax/softmax/U9715/ZN (OAI21OPTREPBD2BWP12T30P140LVT)
                                                          0.01      0.01       0.29 f
  scaleSoftmax/softmax/n18509 (net)             1                   0.00       0.29 f
  scaleSoftmax/softmax/U9814/ZN (AOI21OPTPBD2BWP12T30P140LVT)
                                                          0.01      0.01       0.30 r
  scaleSoftmax/softmax/n3065 (net)              1                   0.00       0.30 r
  scaleSoftmax/softmax/U9813/ZN (OAI21OPTPBD2BWP12T30P140LVT)
                                                          0.01      0.01       0.31 f
  scaleSoftmax/softmax/n3064 (net)              1                   0.00       0.31 f
  scaleSoftmax/softmax/U2800/ZN (NR2OPTPAD2BWP12T30P140LVT)
                                                          0.01      0.01       0.33 r
  scaleSoftmax/softmax/n228 (net)               1                   0.00       0.33 r
  scaleSoftmax/softmax/U2799/ZN (NR2OPTD6BWP12T30P140LVT)
                                                          0.01      0.01       0.33 f
  scaleSoftmax/softmax/n226 (net)               1                   0.00       0.33 f
  scaleSoftmax/softmax/U2798/ZN (INR2D16BWP12T30P140LVT)
                                                          0.03      0.02       0.35 r
  scaleSoftmax/softmax/n4484 (net)             32                   0.00       0.35 r
  scaleSoftmax/softmax/U1771/ZN (INR2D2BWP12T30P140LVT)
                                                          0.01      0.01       0.36 f
  scaleSoftmax/softmax/n1956 (net)              1                   0.00       0.36 f
  scaleSoftmax/softmax/U7313/ZN (INVD2BWP12T30P140LVT)
                                                          0.01      0.01       0.36 r
  scaleSoftmax/softmax/n3055 (net)              1                   0.00       0.36 r
  scaleSoftmax/softmax/U2885/ZN (CKND2D3BWP12T30P140LVT)
                                                          0.01      0.01       0.37 f
  scaleSoftmax/softmax/n18710 (net)             3                   0.00       0.37 f
  scaleSoftmax/softmax/U1732/ZN (NR2OPTFAD4BWP12T30P140LVT)
                                                          0.01      0.01       0.38 r
  scaleSoftmax/softmax/n6473 (net)              2                   0.00       0.38 r
  scaleSoftmax/softmax/U2097/ZN (NR3OPTPAD2BWP12T30P140LVT)
                                                          0.01      0.01       0.39 f
  scaleSoftmax/softmax/n6845 (net)              1                   0.00       0.39 f
  scaleSoftmax/softmax/U1706/ZN (NR2OPTPAD2BWP12T30P140LVT)
                                                          0.01      0.01       0.40 r
  scaleSoftmax/softmax/n4574 (net)              1                   0.00       0.40 r
  scaleSoftmax/softmax/U7265/ZN (OAI21D2BWP12T30P140LVT)
                                                          0.01      0.01       0.41 f
  scaleSoftmax/softmax/n4572 (net)              1                   0.00       0.41 f
  scaleSoftmax/softmax/U16689/ZN (AOI21OPTREPBD2BWP12T30P140LVT)
                                                          0.01      0.01       0.42 r
  scaleSoftmax/softmax/n6526 (net)              1                   0.00       0.42 r
  scaleSoftmax/softmax/U8494/ZN (OAI21OPTREPBD2BWP12T30P140LVT)
                                                          0.02      0.01       0.43 f
  scaleSoftmax/softmax/n6538 (net)              1                   0.00       0.43 f
  scaleSoftmax/softmax/U16902/ZN (OAI21OPTPBD4BWP12T30P140LVT)
                                                          0.02      0.01       0.44 r
  scaleSoftmax/softmax/n6730 (net)              1                   0.00       0.44 r
  scaleSoftmax/softmax/U8524/ZN (ND2OPTD12BWP12T30P140LVT)
                                                          0.02      0.02       0.46 f
  scaleSoftmax/softmax/n18684 (net)             8                   0.00       0.46 f
  scaleSoftmax/softmax/U2026/Z (MUX2D4BWP12T30P140LVT)
                                                          0.01      0.03       0.49 r
  scaleSoftmax/softmax/n18845 (net)             2                   0.00       0.49 r
  scaleSoftmax/softmax/U1651/Z (BUFFXD6BWP12T30P140LVT)
                                                          0.01      0.01       0.50 r
  scaleSoftmax/softmax/n4548 (net)              2                   0.00       0.50 r
  scaleSoftmax/softmax/U16986/ZN (INR2D4BWP12T30P140LVT)
                                                          0.01      0.00       0.50 f
  scaleSoftmax/softmax/n6990 (net)              1                   0.00       0.50 f
  scaleSoftmax/softmax/U16886/ZN (NR2OPTPAD2BWP12T30P140LVT)
                                                          0.01      0.01       0.51 r
  scaleSoftmax/softmax/n6386 (net)              1                   0.00       0.51 r
  scaleSoftmax/softmax/U8425/ZN (OAI21OPTREPBD2BWP12T30P140LVT)
                                                          0.01      0.01       0.52 f
  scaleSoftmax/softmax/n1151 (net)              1                   0.00       0.52 f
  scaleSoftmax/softmax/U2048/ZN (ND2D3BWP12T30P140LVT)
                                                          0.01      0.01       0.53 r
  scaleSoftmax/softmax/n4475 (net)              1                   0.00       0.53 r
  scaleSoftmax/softmax/U2140/ZN (AOI21OPTPBD6BWP12T30P140LVT)
                                                          0.02      0.01       0.54 f
  scaleSoftmax/softmax/n7123 (net)              1                   0.00       0.54 f
  scaleSoftmax/softmax/U8928/ZN (INR2D16BWP12T30P140LVT)
                                                          0.02      0.01       0.55 r
  scaleSoftmax/softmax/n1751 (net)             12                   0.00       0.55 r
  scaleSoftmax/softmax/U8979/Z (MUX2D2BWP12T30P140LVT)
                                                          0.01      0.02       0.58 f
  scaleSoftmax/softmax/n18956 (net)             3                   0.00       0.58 f
  scaleSoftmax/softmax/U1558/ZN (INR2D1BWP12T30P140LVT)
                                                          0.02      0.01       0.59 r
  scaleSoftmax/softmax/n18894 (net)             2                   0.00       0.59 r
  scaleSoftmax/softmax/U1530/ZN (INVD1BWP12T30P140LVT)
                                                          0.01      0.01       0.60 f
  scaleSoftmax/softmax/n6379 (net)              1                   0.00       0.60 f
  scaleSoftmax/softmax/U9248/ZN (AOI21OPTPBD2BWP12T30P140LVT)
                                                          0.01      0.01       0.61 r
  scaleSoftmax/softmax/n1998 (net)              1                   0.00       0.61 r
  scaleSoftmax/softmax/U9247/ZN (OAI21OPTREPBD2BWP12T30P140LVT)
                                                          0.01      0.01       0.62 f
  scaleSoftmax/softmax/n4641 (net)              1                   0.00       0.62 f
  scaleSoftmax/softmax/U9396/ZN (AOI21OPTPBD2BWP12T30P140LVT)
                                                          0.02      0.02       0.64 r
  scaleSoftmax/softmax/n18955 (net)             2                   0.00       0.64 r
  scaleSoftmax/softmax/U16699/ZN (ND3OPTPAD2BWP12T30P140LVT)
                                                          0.02      0.02       0.65 f
  scaleSoftmax/softmax/n6520 (net)              1                   0.00       0.65 f
  scaleSoftmax/softmax/U16336/ZN (NR2OPTFAD4BWP12T30P140LVT)
                                                          0.01      0.01       0.66 r
  scaleSoftmax/softmax/n3781 (net)              1                   0.00       0.66 r
  scaleSoftmax/softmax/U1999/ZN (ND2OPTFAD8BWP12T30P140LVT)
                                                          0.01      0.01       0.68 f
  scaleSoftmax/softmax/n18941 (net)             4                   0.00       0.68 f
  scaleSoftmax/softmax/U8376/ZN (CKND16BWP12T30P140LVT)
                                                          0.01      0.01       0.69 r
  scaleSoftmax/softmax/n4526 (net)             12                   0.00       0.69 r
  scaleSoftmax/softmax/U2122/ZN (CKND8BWP12T30P140LVT)
                                                          0.01      0.01       0.69 f
  scaleSoftmax/softmax/n6496 (net)              4                   0.00       0.69 f
  scaleSoftmax/softmax/U8277/Z (MUX2OPTD6BWP12T30P140LVT)
                                                          0.01      0.02       0.71 r
  scaleSoftmax/softmax/n4363 (net)              3                   0.00       0.71 r
  scaleSoftmax/softmax/U8276/ZN (ND2OPTFAD4BWP12T30P140LVT)
                                                          0.01      0.01       0.72 f
  scaleSoftmax/softmax/n2146 (net)              2                   0.00       0.72 f
  scaleSoftmax/softmax/U6882/ZN (ND2D2BWP12T30P140LVT)
                                                          0.01      0.01       0.72 r
  scaleSoftmax/softmax/n1813 (net)              1                   0.00       0.72 r
  scaleSoftmax/softmax/U9007/ZN (ND2OPTPAD2BWP12T30P140LVT)
                                                          0.01      0.01       0.73 f
  scaleSoftmax/softmax/n4724 (net)              1                   0.00       0.73 f
  scaleSoftmax/softmax/U16408/ZN (AOI21OPTPBD2BWP12T30P140LVT)
                                                          0.01      0.01       0.74 r
  scaleSoftmax/softmax/n3746 (net)              1                   0.00       0.74 r
  scaleSoftmax/softmax/U16403/ZN (NR2D2BWP12T30P140LVT)
                                                          0.01      0.01       0.74 f
  scaleSoftmax/softmax/n6187 (net)              1                   0.00       0.74 f
  scaleSoftmax/softmax/U16622/ZN (OAI21D2BWP12T30P140LVT)
                                                          0.01      0.01       0.75 r
  scaleSoftmax/softmax/n6651 (net)              1                   0.00       0.75 r
  scaleSoftmax/softmax/U16932/ZN (AOI21OPTPBD2BWP12T30P140LVT)
                                                          0.02      0.01       0.76 f
  scaleSoftmax/softmax/n6649 (net)              1                   0.00       0.76 f
  scaleSoftmax/softmax/U16646/ZN (NR3OPTD6BWP12T30P140LVT)
                                                          0.03      0.02       0.79 r
  scaleSoftmax/softmax/n19026 (net)             4                   0.00       0.79 r
  scaleSoftmax/softmax/U8752/ZN (CKND8BWP12T30P140LVT)
                                                          0.02      0.01       0.80 f
  scaleSoftmax/softmax/n4468 (net)             14                   0.00       0.80 f
  scaleSoftmax/softmax/U2747/ZN (INR2D2BWP12T30P140LVT)
                                                          0.01      0.01       0.81 r
  scaleSoftmax/softmax/n3691 (net)              1                   0.00       0.81 r
  scaleSoftmax/softmax/U9219/ZN (INVD1P25BWP12T30P140LVT)
                                                          0.01      0.01       0.81 f
  scaleSoftmax/softmax/n4509 (net)              1                   0.00       0.81 f
  scaleSoftmax/softmax/U9265/ZN (OAI21OPTREPBD2BWP12T30P140LVT)
                                                          0.03      0.01       0.82 r
  scaleSoftmax/softmax/n19157 (net)             3                   0.00       0.82 r
  scaleSoftmax/softmax/U1343/ZN (ND2D2BWP12T30P140LVT)
                                                          0.02      0.01       0.83 f
  scaleSoftmax/softmax/n2582 (net)              2                   0.00       0.83 f
  scaleSoftmax/softmax/U2120/ZN (OAI211OPTREPBD2BWP12T30P140LVT)
                                                          0.01      0.01       0.84 r
  scaleSoftmax/softmax/n22 (net)                1                   0.00       0.84 r
  scaleSoftmax/softmax/U1321/ZN (AOI21OPTPBD1BWP12T30P140LVT)
                                                          0.01      0.01       0.85 f
  scaleSoftmax/softmax/n2733 (net)              1                   0.00       0.85 f
  scaleSoftmax/softmax/U2383/ZN (OAI21OPTPBD2BWP12T30P140LVT)
                                                          0.01      0.01       0.86 r
  scaleSoftmax/softmax/n6275 (net)              1                   0.00       0.86 r
  scaleSoftmax/softmax/U5271/ZN (ND2D2BWP12T30P140LVT)
                                                          0.01      0.01       0.87 f
  scaleSoftmax/softmax/n4491 (net)              1                   0.00       0.87 f
  scaleSoftmax/softmax/U6734/ZN (ND2OPTPAD2BWP12T30P140LVT)
                                                          0.01      0.01       0.88 r
  scaleSoftmax/softmax/n6272 (net)              1                   0.00       0.88 r
  scaleSoftmax/softmax/U8619/ZN (AOI21OPTPBD6BWP12T30P140LVT)
                                                          0.02      0.01       0.89 f
  scaleSoftmax/softmax/n1271 (net)              4                   0.00       0.89 f
  scaleSoftmax/softmax/U8617/ZN (NR2OPTPAD16BWP12T30P140LVT)
                                                          0.03      0.02       0.91 r
  scaleSoftmax/softmax/n6472 (net)             30                   0.00       0.91 r
  scaleSoftmax/softmax/U1235/Z (MUX2D4BWP12T30P140LVT)
                                                          0.01      0.03       0.94 r
  scaleSoftmax/softmax/n4372 (net)              3                   0.00       0.94 r
  scaleSoftmax/softmax/U9515/ZN (INR2D4BWP12T30P140LVT)
                                                          0.01      0.01       0.95 f
  scaleSoftmax/softmax/n2301 (net)              3                   0.00       0.95 f
  scaleSoftmax/softmax/U4424/ZN (NR2D2BWP12T30P140LVT)
                                                          0.01      0.01       0.96 r
  scaleSoftmax/softmax/n2786 (net)              1                   0.00       0.96 r
  scaleSoftmax/softmax/U9670/ZN (OAI211OPTREPBD2BWP12T30P140LVT)
                                                          0.02      0.01       0.97 f
  scaleSoftmax/softmax/n2780 (net)              1                   0.00       0.97 f
  scaleSoftmax/softmax/U9699/ZN (AOI21OPTPBD2BWP12T30P140LVT)
                                                          0.02      0.01       0.98 r
  scaleSoftmax/softmax/n2777 (net)              1                   0.00       0.98 r
  scaleSoftmax/softmax/U4140/ZN (OAI21OPTPBD8BWP12T30P140LVT)
                                                          0.02      0.01       1.00 f
  scaleSoftmax/softmax/n3432 (net)              1                   0.00       1.00 f
  scaleSoftmax/softmax/U8773/ZN (ND2OPTFAD16BWP12T30P140LVT)
                                                          0.03      0.02       1.02 r
  scaleSoftmax/softmax/n19267 (net)            40                   0.00       1.02 r
  scaleSoftmax/softmax/U8407/ZN (CKND16BWP12T30P140LVT)
                                                          0.01      0.01       1.03 f
  scaleSoftmax/softmax/n4373 (net)             13                   0.00       1.03 f
  scaleSoftmax/softmax/U8485/Z (MUX2OPTD6BWP12T30P140LVT)
                                                          0.01      0.02       1.05 r
  scaleSoftmax/softmax/n4401 (net)              3                   0.00       1.05 r
  scaleSoftmax/softmax/U8207/ZN (ND2OPTFAD4BWP12T30P140LVT)
                                                          0.02      0.01       1.06 f
  scaleSoftmax/softmax/n941 (net)               2                   0.00       1.06 f
  scaleSoftmax/softmax/U8206/ZN (AOI21OPTPBD2BWP12T30P140LVT)
                                                          0.01      0.01       1.06 r
  scaleSoftmax/softmax/n1677 (net)              1                   0.00       1.06 r
  scaleSoftmax/softmax/U8843/ZN (OAI21OPTPBD2BWP12T30P140LVT)
                                                          0.01      0.01       1.07 f
  scaleSoftmax/softmax/n2867 (net)              1                   0.00       1.07 f
  scaleSoftmax/softmax/U9737/ZN (AOI21OPTPBD2BWP12T30P140LVT)
                                                          0.01      0.01       1.08 r
  scaleSoftmax/softmax/n4254 (net)              1                   0.00       1.08 r
  scaleSoftmax/softmax/U16413/ZN (NR2D4BWP12T30P140LVT)
                                                          0.01      0.01       1.09 f
  scaleSoftmax/softmax/n4057 (net)              1                   0.00       1.09 f
  scaleSoftmax/softmax/U8359/ZN (NR3OPTPAD6BWP12T30P140LVT)
                                                          0.02      0.02       1.11 r
  scaleSoftmax/softmax/n4055 (net)              1                   0.00       1.11 r
  scaleSoftmax/softmax/U3181/ZN (ND2OPTFAD16BWP12T30P140LVT)
                                                          0.02      0.02       1.12 f
  scaleSoftmax/softmax/n4344 (net)             27                   0.00       1.12 f
  scaleSoftmax/softmax/U2139/ZN (CKND6BWP12T30P140LVT)
                                                          0.01      0.01       1.13 r
  scaleSoftmax/softmax/n158 (net)               3                   0.00       1.13 r
  scaleSoftmax/softmax/U2275/ZN (ND2OPTFAD4BWP12T30P140LVT)
                                                          0.01      0.01       1.14 f
  scaleSoftmax/softmax/n1798 (net)              2                   0.00       1.14 f
  scaleSoftmax/softmax/U3191/ZN (INR2D4BWP12T30P140LVT)
                                                          0.01      0.01       1.15 f
  scaleSoftmax/softmax/n6125 (net)              2                   0.00       1.15 f
  scaleSoftmax/softmax/U2623/ZN (INVD4BWP12T30P140LVT)
                                                          0.01      0.01       1.16 r
  scaleSoftmax/softmax/n186 (net)               1                   0.00       1.16 r
  scaleSoftmax/softmax/U2681/ZN (ND2D4BWP12T30P140LVT)
                                                          0.01      0.01       1.17 f
  scaleSoftmax/softmax/n789 (net)               2                   0.00       1.17 f
  scaleSoftmax/softmax/U2856/ZN (NR2D3BWP12T30P140LVT)
                                                          0.01      0.01       1.18 r
  scaleSoftmax/softmax/n19421 (net)             2                   0.00       1.18 r
  scaleSoftmax/softmax/U8761/ZN (ND3OPTFAD4BWP12T30P140LVT)
                                                          0.01      0.01       1.19 f
  scaleSoftmax/softmax/n1530 (net)              1                   0.00       1.19 f
  scaleSoftmax/softmax/U8121/ZN (INR2D16BWP12T30P140LVT)
                                                          0.01      0.02       1.21 f
  scaleSoftmax/softmax/n1632 (net)             15                   0.00       1.21 f
  scaleSoftmax/softmax/U2602/Z (MUX2OPTD6BWP12T30P140LVT)
                                                          0.01      0.02       1.23 r
  scaleSoftmax/softmax/n4180 (net)              3                   0.00       1.23 r
  scaleSoftmax/softmax/U9470/ZN (OAI21OPTREPBD2BWP12T30P140LVT)
                                                          0.01      0.01       1.24 f
  scaleSoftmax/softmax/n2210 (net)              1                   0.00       1.24 f
  scaleSoftmax/softmax/U2649/ZN (AOI21OPTPBD4BWP12T30P140LVT)
                                                          0.01      0.01       1.25 r
  scaleSoftmax/softmax/n822 (net)               2                   0.00       1.25 r
  scaleSoftmax/softmax/U3278/ZN (ND2OPTFAD4BWP12T30P140LVT)
                                                          0.01      0.01       1.26 f
  scaleSoftmax/softmax/n904 (net)               2                   0.00       1.26 f
  scaleSoftmax/softmax/U3352/ZN (NR2OPTPAD2BWP12T30P140LVT)
                                                          0.01      0.01       1.27 r
  scaleSoftmax/softmax/n925 (net)               1                   0.00       1.27 r
  scaleSoftmax/softmax/U2427/ZN (ND3OPTPAD2BWP12T30P140LVT)
                                                          0.02      0.01       1.28 f
  scaleSoftmax/softmax/n107 (net)               1                   0.00       1.28 f
  scaleSoftmax/softmax/U2426/ZN (ND2OPTFAD4BWP12T30P140LVT)
                                                          0.01      0.01       1.29 r
  scaleSoftmax/softmax/n1531 (net)              1                   0.00       1.29 r
  scaleSoftmax/softmax/U2633/ZN (NR2OPTD12BWP12T30P140LVT)
                                                          0.01      0.01       1.30 f
  scaleSoftmax/softmax/n4353 (net)              9                   0.00       1.30 f
  scaleSoftmax/softmax/U8749/ZN (AOI21OPTPBD4BWP12T30P140LVT)
                                                          0.01      0.01       1.31 r
  scaleSoftmax/softmax/n5038 (net)              1                   0.00       1.31 r
  scaleSoftmax/softmax/U2501/ZN (ND2OPTFAD6BWP12T30P140LVT)
                                                          0.02      0.01       1.32 f
  scaleSoftmax/softmax/n1129 (net)              2                   0.00       1.32 f
  scaleSoftmax/softmax/U8289/ZN (NR2D16BWP12T30P140LVT)
                                                          0.02      0.02       1.34 r
  scaleSoftmax/softmax/n6669 (net)             17                   0.00       1.34 r
  scaleSoftmax/softmax/U2132/Z (BUFFXD6BWP12T30P140LVT)
                                                          0.01      0.01       1.36 r
  scaleSoftmax/softmax/n379 (net)               3                   0.00       1.36 r
  scaleSoftmax/softmax/U8786/ZN (OAI22OPTPBD4BWP12T30P140LVT)
                                                          0.02      0.01       1.37 f
  scaleSoftmax/softmax/n19579 (net)             3                   0.00       1.37 f
  scaleSoftmax/softmax/U701/ZN (NR2D2BWP12T30P140LVT)     0.01      0.01       1.38 r
  scaleSoftmax/softmax/n99 (net)                1                   0.00       1.38 r
  scaleSoftmax/softmax/U2404/ZN (AOI21OPTPBD2BWP12T30P140LVT)
                                                          0.01      0.01       1.39 f
  scaleSoftmax/softmax/n4278 (net)              1                   0.00       1.39 f
  scaleSoftmax/softmax/U2912/ZN (NR2D2BWP12T30P140LVT)
                                                          0.01      0.01       1.40 r
  scaleSoftmax/softmax/n1579 (net)              1                   0.00       1.40 r
  scaleSoftmax/softmax/U6104/ZN (OAI21D2BWP12T30P140LVT)
                                                          0.02      0.01       1.41 f
  scaleSoftmax/softmax/n3878 (net)              1                   0.00       1.41 f
  scaleSoftmax/softmax/U8849/ZN (AOI21D4BWP12T30P140LVT)
                                                          0.02      0.01       1.42 r
  scaleSoftmax/softmax/n4018 (net)              1                   0.00       1.42 r
  scaleSoftmax/softmax/U8070/ZN (NR2D8BWP12T30P140LVT)
                                                          0.01      0.01       1.43 f
  scaleSoftmax/softmax/n711 (net)               3                   0.00       1.43 f
  scaleSoftmax/softmax/U8068/ZN (ND2OPTFAD16BWP12T30P140LVT)
                                                          0.02      0.01       1.44 r
  scaleSoftmax/softmax/n3169 (net)             18                   0.00       1.44 r
  scaleSoftmax/softmax/U2919/ZN (CKND16BWP12T30P140LVT)
                                                          0.01      0.01       1.45 f
  scaleSoftmax/softmax/n4151 (net)             12                   0.00       1.45 f
  scaleSoftmax/softmax/U2833/Z (MUX2OPTD6BWP12T30P140LVT)
                                                          0.01      0.02       1.47 r
  scaleSoftmax/softmax/n19763 (net)             3                   0.00       1.47 r
  scaleSoftmax/softmax/U2832/ZN (ND2OPTPAD2BWP12T30P140LVT)
                                                          0.01      0.01       1.48 f
  scaleSoftmax/softmax/n1322 (net)              1                   0.00       1.48 f
  scaleSoftmax/softmax/U2936/ZN (INVD4BWP12T30P140LVT)
                                                          0.01      0.01       1.49 r
  scaleSoftmax/softmax/n937 (net)               1                   0.00       1.49 r
  scaleSoftmax/softmax/U2783/ZN (NR2OPTFAD4BWP12T30P140LVT)
                                                          0.01      0.01       1.50 f
  scaleSoftmax/softmax/n936 (net)               1                   0.00       1.50 f
  scaleSoftmax/softmax/U8203/ZN (AOI21OPTPBD2BWP12T30P140LVT)
                                                          0.01      0.01       1.51 r
  scaleSoftmax/softmax/n934 (net)               1                   0.00       1.51 r
  scaleSoftmax/softmax/U8200/ZN (NR2OPTPAD2BWP12T30P140LVT)
                                                          0.01      0.01       1.51 f
  scaleSoftmax/softmax/n1026 (net)              1                   0.00       1.51 f
  scaleSoftmax/softmax/U8245/ZN (INR2D4BWP12T30P140LVT)
                                                          0.01      0.01       1.52 r
  scaleSoftmax/softmax/n1035 (net)              1                   0.00       1.52 r
  scaleSoftmax/softmax/U4135/ZN (NR2D8BWP12T30P140LVT)
                                                          0.01      0.01       1.53 f
  scaleSoftmax/softmax/n4065 (net)              1                   0.00       1.53 f
  scaleSoftmax/softmax/U16539/ZN (ND2OPTFAD16BWP12T30P140LVT)
                                                          0.02      0.02       1.55 r
  scaleSoftmax/softmax/n19725 (net)            35                   0.00       1.55 r
  scaleSoftmax/softmax/U2010/Z (MUX2OPTD4BWP12T30P140LVT)
                                                          0.01      0.03       1.57 f
  scaleSoftmax/softmax/n19872 (net)             3                   0.00       1.57 f
  scaleSoftmax/softmax/U8133/ZN (INR2D8BWP12T30P140LVT)
                                                          0.01      0.01       1.58 r
  scaleSoftmax/softmax/n2396 (net)              3                   0.00       1.58 r
  scaleSoftmax/softmax/U396/ZN (INR2D1BWP12T30P140LVT)
                                                          0.01      0.01       1.59 f
  scaleSoftmax/softmax/n1481 (net)              1                   0.00       1.59 f
  scaleSoftmax/softmax/U8713/ZN (AOI21OPTPBD2BWP12T30P140LVT)
                                                          0.02      0.01       1.60 r
  scaleSoftmax/softmax/n1567 (net)              1                   0.00       1.60 r
  scaleSoftmax/softmax/U8210/ZN (ND2OPTPAD2BWP12T30P140LVT)
                                                          0.01      0.01       1.61 f
  scaleSoftmax/softmax/n946 (net)               1                   0.00       1.61 f
  scaleSoftmax/softmax/U2384/ZN (AOI21OPTPBD4BWP12T30P140LVT)
                                                          0.02      0.01       1.62 r
  scaleSoftmax/softmax/n945 (net)               1                   0.00       1.62 r
  scaleSoftmax/softmax/U8208/ZN (AOI21OPTPBD6BWP12T30P140LVT)
                                                          0.02      0.01       1.63 f
  scaleSoftmax/softmax/n3921 (net)              1                   0.00       1.63 f
  scaleSoftmax/softmax/U3194/ZN (NR2D16BWP12T30P140LVT)
                                                          0.02      0.02       1.65 r
  scaleSoftmax/softmax/n19838 (net)            16                   0.00       1.65 r
  scaleSoftmax/softmax/U16460/ZN (ND2OPTPAD2BWP12T30P140LVT)
                                                          0.02      0.01       1.66 f
  scaleSoftmax/softmax/n4758 (net)              1                   0.00       1.66 f
  scaleSoftmax/softmax/U8774/ZN (ND2OPTFAD4BWP12T30P140LVT)
                                                          0.01      0.01       1.67 r
  scaleSoftmax/softmax/n19981 (net)             3                   0.00       1.67 r
  scaleSoftmax/softmax/U9290/ZN (ND2OPTFAD6BWP12T30P140LVT)
                                                          0.01      0.01       1.68 f
  scaleSoftmax/softmax/n4729 (net)              2                   0.00       1.68 f
  scaleSoftmax/softmax/U8254/ZN (ND2OPTFAD4BWP12T30P140LVT)
                                                          0.01      0.01       1.69 r
  scaleSoftmax/softmax/n1040 (net)              2                   0.00       1.69 r
  scaleSoftmax/softmax/U8253/ZN (OAI21OPTREPBD2BWP12T30P140LVT)
                                                          0.01      0.01       1.70 f
  scaleSoftmax/softmax/n1568 (net)              1                   0.00       1.70 f
  scaleSoftmax/softmax/U8811/ZN (ND2D3BWP12T30P140LVT)
                                                          0.01      0.01       1.71 r
  scaleSoftmax/softmax/n4516 (net)              1                   0.00       1.71 r
  scaleSoftmax/softmax/U16483/ZN (ND3OPTFAD4BWP12T30P140LVT)
                                                          0.01      0.01       1.72 f
  scaleSoftmax/softmax/n4944 (net)              1                   0.00       1.72 f
  scaleSoftmax/softmax/U16769/ZN (AOI21OPTPBD2BWP12T30P140LVT)
                                                          0.01      0.01       1.73 r
  scaleSoftmax/softmax/n6616 (net)              1                   0.00       1.73 r
  scaleSoftmax/softmax/U16750/ZN (ND3OPTPAD2BWP12T30P140LVT)
                                                          0.02      0.01       1.74 f
  scaleSoftmax/softmax/n19964 (net)             1                   0.00       1.74 f
  scaleSoftmax/softmax/U16675/ZN (AOI21OPTPBD4BWP12T30P140LVT)
                                                          0.02      0.01       1.75 r
  scaleSoftmax/softmax/n19980 (net)             2                   0.00       1.75 r
  scaleSoftmax/softmax/U8898/ZN (CKND8BWP12T30P140LVT)
                                                          0.01      0.01       1.76 f
  scaleSoftmax/softmax/n4415 (net)              8                   0.00       1.76 f
  scaleSoftmax/softmax/U2802/ZN (CKND8BWP12T30P140LVT)
                                                          0.01      0.01       1.77 r
  scaleSoftmax/softmax/n1189 (net)              5                   0.00       1.77 r
  scaleSoftmax/softmax/U2186/ZN (ND2OPTPAD4BWP12T30P140LVT)
                                                          0.01      0.01       1.78 f
  scaleSoftmax/softmax/n2802 (net)              1                   0.00       1.78 f
  scaleSoftmax/softmax/U9704/ZN (OAI21OPTPBD2BWP12T30P140LVT)
                                                          0.01      0.01       1.79 r
  scaleSoftmax/softmax/n20006 (net)             3                   0.00       1.79 r
  scaleSoftmax/softmax/U143/ZN (ND2D2BWP12T30P140LVT)     0.01      0.01       1.80 f
  scaleSoftmax/softmax/n6948 (net)              2                   0.00       1.80 f
  scaleSoftmax/softmax/U8890/ZN (AOI31D2BWP12T30P140LVT)
                                                          0.02      0.01       1.81 r
  scaleSoftmax/softmax/n4669 (net)              1                   0.00       1.81 r
  scaleSoftmax/softmax/U9364/ZN (NR2D2BWP12T30P140LVT)
                                                          0.01      0.01       1.82 f
  scaleSoftmax/softmax/n4470 (net)              1                   0.00       1.82 f
  scaleSoftmax/softmax/U8778/ZN (OAI21D2BWP12T30P140LVT)
                                                          0.01      0.01       1.83 r
  scaleSoftmax/softmax/n4904 (net)              1                   0.00       1.83 r
  scaleSoftmax/softmax/U16746/ZN (AOI21OPTPBD2BWP12T30P140LVT)
                                                          0.01      0.01       1.84 f
  scaleSoftmax/softmax/n4902 (net)              1                   0.00       1.84 f
  scaleSoftmax/softmax/U4124/ZN (NR2D4BWP12T30P140LVT)
                                                          0.01      0.01       1.85 r
  scaleSoftmax/softmax/n7083 (net)              1                   0.00       1.85 r
  scaleSoftmax/softmax/U2366/ZN (ND2OPTFAD6BWP12T30P140LVT)
                                                          0.01      0.01       1.85 f
  scaleSoftmax/softmax/n3806 (net)              2                   0.00       1.85 f
  scaleSoftmax/softmax/U2365/ZN (INR2D8BWP12T30P140LVT)
                                                          0.01      0.01       1.87 r
  scaleSoftmax/softmax/n494 (net)               5                   0.00       1.87 r
  scaleSoftmax/softmax/U9242/ZN (ND2OPTFAD8BWP12T30P140LVT)
                                                          0.01      0.01       1.87 f
  scaleSoftmax/softmax/n20097 (net)             2                   0.00       1.87 f
  scaleSoftmax/softmax/U2244/ZN (INVD9BWP12T30P140LVT)
                                                          0.01      0.01       1.88 r
  scaleSoftmax/softmax/n40384 (net)             9                   0.00       1.88 r
  scaleSoftmax/softmax/U9405/ZN (CKND12BWP12T30P140LVT)
                                                          0.01      0.01       1.89 f
  scaleSoftmax/softmax/n40918 (net)            30                   0.00       1.89 f
  scaleSoftmax/softmax/U16789/ZN (OAI22D1BWP12T30P140LVT)
                                                          0.02      0.01       1.90 r
  scaleSoftmax/softmax/n5525 (net)              1                   0.00       1.90 r
  scaleSoftmax/softmax/globalMaximum_reg[24]/D (DFQD2BWP12T30P140LVT)
                                                          0.02      0.00       1.90 r
  data arrival time                                                            1.90

  clock clk (rise edge)                                             2.00       2.00
  clock network delay (ideal)                                       0.00       2.00
  clock uncertainty                                                -0.10       1.90
  scaleSoftmax/softmax/globalMaximum_reg[24]/CP (DFQD2BWP12T30P140LVT)
                                                                    0.00       1.90 r
  library setup time                                               -0.01       1.89
  data required time                                                           1.89
  ------------------------------------------------------------------------------------
  data required time                                                           1.89
  data arrival time                                                           -1.90
  ------------------------------------------------------------------------------------
  slack (VIOLATED)                                                            -0.02


  Startpoint: scaleSoftmax/softmax/packCountReg_reg[0]
              (rising edge-triggered flip-flop clocked by clk)
  Endpoint: scaleSoftmax/softmax/globalMaximum_reg[21]
            (rising edge-triggered flip-flop clocked by clk)
  Path Group: clk
  Path Type: max

  Des/Clust/Port     Wire Load Model       Library
  ------------------------------------------------
  AttentionFeaturePacketizer_0
                     ZeroWireload          tcbn28hpcplusbwp12t30p140lvtssg0p81v125c
  PackDescriptorDecoder_1
                     ZeroWireload          tcbn28hpcplusbwp12t30p140lvtssg0p81v125c
  PackDescriptorDecoder
                     ZeroWireload          tcbn28hpcplusbwp12t30p140lvtssg0p81v125c
  BufferedPackMetadataDequantizer_1
                     ZeroWireload          tcbn28hpcplusbwp12t30p140lvtssg0p81v125c
  DynamicBitUnpacker_1
                     ZeroWireload          tcbn28hpcplusbwp12t30p140lvtssg0p81v125c
  BufferedPackMetadataDequantizer
                     ZeroWireload          tcbn28hpcplusbwp12t30p140lvtssg0p81v125c
  DynamicBitUnpacker ZeroWireload          tcbn28hpcplusbwp12t30p140lvtssg0p81v125c
  KvStreamDequantizer_1
                     ZeroWireload          tcbn28hpcplusbwp12t30p140lvtssg0p81v125c
  KvStreamDequantizer
                     ZeroWireload          tcbn28hpcplusbwp12t30p140lvtssg0p81v125c
  DecompressionPipelineController_1
                     ZeroWireload          tcbn28hpcplusbwp12t30p140lvtssg0p81v125c
  DecompressionPipelineController
                     ZeroWireload          tcbn28hpcplusbwp12t30p140lvtssg0p81v125c
  QkDotProductAccumulator
                     ZeroWireload          tcbn28hpcplusbwp12t30p140lvtssg0p81v125c
  QueryReplayBuffer  ZeroWireload          tcbn28hpcplusbwp12t30p140lvtssg0p81v125c
  AttentionFeaturePacketizer_1
                     ZeroWireload          tcbn28hpcplusbwp12t30p140lvtssg0p81v125c
  DualKvDecompressionController
                     ZeroWireload          tcbn28hpcplusbwp12t30p140lvtssg0p81v125c
  SoftmaxVAccumulator
                     ZeroWireload          tcbn28hpcplusbwp12t30p140lvtssg0p81v125c
  StreamingSoftmax   ZeroWireload          tcbn28hpcplusbwp12t30p140lvtssg0p81v125c
  AttentionScaleUnit ZeroWireload          tcbn28hpcplusbwp12t30p140lvtssg0p81v125c
  AvOutputQuantizer  ZeroWireload          tcbn28hpcplusbwp12t30p140lvtssg0p81v125c
  BriskKvAttentionTop
                     ZeroWireload          tcbn28hpcplusbwp12t30p140lvtssg0p81v125c

  Point                                       Fanout     Trans      Incr       Path
  ------------------------------------------------------------------------------------
  clock clk (rise edge)                                             0.00       0.00
  clock network delay (ideal)                                       0.00       0.00
  scaleSoftmax/softmax/packCountReg_reg[0]/CP (DFQOPTMAD8BWP12T30P140LVT)
                                                          0.00      0.00 #     0.00 r
  scaleSoftmax/softmax/packCountReg_reg[0]/Q (DFQOPTMAD8BWP12T30P140LVT)
                                                          0.01      0.02       0.02 f
  scaleSoftmax/softmax/packCountReg[0] (net)
                                                5                   0.00       0.02 f
  scaleSoftmax/softmax/U16327/ZN (NR2OPTD12BWP12T30P140LVT)
                                                          0.01      0.01       0.03 r
  scaleSoftmax/softmax/n4197 (net)              1                   0.00       0.03 r
  scaleSoftmax/softmax/U4071/ZN (ND3OPTFAD16BWP12T30P140LVT)
                                                          0.01      0.01       0.04 f
  scaleSoftmax/softmax/n6641 (net)              1                   0.00       0.04 f
  scaleSoftmax/softmax/U16385/ZN (NR2OPTPAD16BWP12T30P140LVT)
                                                          0.02      0.01       0.06 r
  scaleSoftmax/softmax/n6989 (net)             11                   0.00       0.06 r
  scaleSoftmax/softmax/U1973/ZN (ND2OPTD6BWP12T30P140LVT)
                                                          0.01      0.01       0.07 f
  scaleSoftmax/softmax/n27900 (net)             3                   0.00       0.07 f
  scaleSoftmax/softmax/U3042/ZN (AOI21OPTREPBD2BWP12T30P140LVT)
                                                          0.01      0.01       0.08 r
  scaleSoftmax/softmax/n298 (net)               1                   0.00       0.08 r
  scaleSoftmax/softmax/U3041/ZN (NR2D3BWP12T30P140LVT)
                                                          0.01      0.01       0.08 f
  scaleSoftmax/softmax/n3693 (net)              1                   0.00       0.08 f
  scaleSoftmax/softmax/U16282/ZN (ND2OPTFAD4BWP12T30P140LVT)
                                                          0.01      0.01       0.09 r
  scaleSoftmax/softmax/n3654 (net)              2                   0.00       0.09 r
  scaleSoftmax/softmax/U8918/ZN (NR3OPTFAD4BWP12T30P140LVT)
                                                          0.01      0.01       0.10 f
  scaleSoftmax/softmax/n4748 (net)              1                   0.00       0.10 f
  scaleSoftmax/softmax/U16710/ZN (ND2OPTFAD4BWP12T30P140LVT)
                                                          0.01      0.01       0.11 r
  scaleSoftmax/softmax/n4747 (net)              1                   0.00       0.11 r
  scaleSoftmax/softmax/U9152/ZN (NR2OPTD12BWP12T30P140LVT)
                                                          0.01      0.01       0.12 f
  scaleSoftmax/softmax/n4745 (net)              2                   0.00       0.12 f
  scaleSoftmax/softmax/U2510/ZN (ND2OPTFAD16BWP12T30P140LVT)
                                                          0.02      0.02       0.14 r
  scaleSoftmax/softmax/n6944 (net)             24                   0.00       0.14 r
  scaleSoftmax/softmax/U9041/ZN (ND2D4BWP12T30P140LVT)
                                                          0.01      0.01       0.15 f
  scaleSoftmax/softmax/n3809 (net)              1                   0.00       0.15 f
  scaleSoftmax/softmax/U3085/ZN (INVD4BWP12T30P140LVT)
                                                          0.01      0.01       0.15 r
  scaleSoftmax/softmax/n18388 (net)             3                   0.00       0.15 r
  scaleSoftmax/softmax/U9632/ZN (NR2OPTPAD2BWP12T30P140LVT)
                                                          0.01      0.01       0.16 f
  scaleSoftmax/softmax/n2576 (net)              2                   0.00       0.16 f
  scaleSoftmax/softmax/U9542/ZN (OAI21D2BWP12T30P140LVT)
                                                          0.01      0.01       0.17 r
  scaleSoftmax/softmax/n2569 (net)              1                   0.00       0.17 r
  scaleSoftmax/softmax/U9624/ZN (AOI21OPTPBD2BWP12T30P140LVT)
                                                          0.01      0.01       0.18 f
  scaleSoftmax/softmax/n3706 (net)              1                   0.00       0.18 f
  scaleSoftmax/softmax/U9099/ZN (NR2D4BWP12T30P140LVT)
                                                          0.01      0.01       0.20 r
  scaleSoftmax/softmax/n4249 (net)              1                   0.00       0.20 r
  scaleSoftmax/softmax/U16454/ZN (NR3OPTFAD4BWP12T30P140LVT)
                                                          0.01      0.01       0.21 f
  scaleSoftmax/softmax/n4248 (net)              1                   0.00       0.21 f
  scaleSoftmax/softmax/U4139/ZN (NR2D8BWP12T30P140LVT)
                                                          0.02      0.01       0.22 r
  scaleSoftmax/softmax/n4243 (net)              1                   0.00       0.22 r
  scaleSoftmax/softmax/U2946/ZN (NR2OPTPAD16BWP12T30P140LVT)
                                                          0.02      0.01       0.24 f
  scaleSoftmax/softmax/n6703 (net)             31                   0.00       0.24 f
  scaleSoftmax/softmax/U9805/Z (MUX2OPTD4BWP12T30P140LVT)
                                                          0.01      0.02       0.26 r
  scaleSoftmax/softmax/n3041 (net)              3                   0.00       0.26 r
  scaleSoftmax/softmax/U5717/ZN (ND2OPTFAD4BWP12T30P140LVT)
                                                          0.01      0.01       0.27 f
  scaleSoftmax/softmax/n2269 (net)              2                   0.00       0.27 f
  scaleSoftmax/softmax/U9222/ZN (AOI21OPTPBD2BWP12T30P140LVT)
                                                          0.01      0.01       0.28 r
  scaleSoftmax/softmax/n18507 (net)             1                   0.00       0.28 r
  scaleSoftmax/softmax/U9715/ZN (OAI21OPTREPBD2BWP12T30P140LVT)
                                                          0.01      0.01       0.29 f
  scaleSoftmax/softmax/n18509 (net)             1                   0.00       0.29 f
  scaleSoftmax/softmax/U9814/ZN (AOI21OPTPBD2BWP12T30P140LVT)
                                                          0.01      0.01       0.30 r
  scaleSoftmax/softmax/n3065 (net)              1                   0.00       0.30 r
  scaleSoftmax/softmax/U9813/ZN (OAI21OPTPBD2BWP12T30P140LVT)
                                                          0.01      0.01       0.31 f
  scaleSoftmax/softmax/n3064 (net)              1                   0.00       0.31 f
  scaleSoftmax/softmax/U2800/ZN (NR2OPTPAD2BWP12T30P140LVT)
                                                          0.01      0.01       0.33 r
  scaleSoftmax/softmax/n228 (net)               1                   0.00       0.33 r
  scaleSoftmax/softmax/U2799/ZN (NR2OPTD6BWP12T30P140LVT)
                                                          0.01      0.01       0.33 f
  scaleSoftmax/softmax/n226 (net)               1                   0.00       0.33 f
  scaleSoftmax/softmax/U2798/ZN (INR2D16BWP12T30P140LVT)
                                                          0.03      0.02       0.35 r
  scaleSoftmax/softmax/n4484 (net)             32                   0.00       0.35 r
  scaleSoftmax/softmax/U1771/ZN (INR2D2BWP12T30P140LVT)
                                                          0.01      0.01       0.36 f
  scaleSoftmax/softmax/n1956 (net)              1                   0.00       0.36 f
  scaleSoftmax/softmax/U7313/ZN (INVD2BWP12T30P140LVT)
                                                          0.01      0.01       0.36 r
  scaleSoftmax/softmax/n3055 (net)              1                   0.00       0.36 r
  scaleSoftmax/softmax/U2885/ZN (CKND2D3BWP12T30P140LVT)
                                                          0.01      0.01       0.37 f
  scaleSoftmax/softmax/n18710 (net)             3                   0.00       0.37 f
  scaleSoftmax/softmax/U1732/ZN (NR2OPTFAD4BWP12T30P140LVT)
                                                          0.01      0.01       0.38 r
  scaleSoftmax/softmax/n6473 (net)              2                   0.00       0.38 r
  scaleSoftmax/softmax/U2097/ZN (NR3OPTPAD2BWP12T30P140LVT)
                                                          0.01      0.01       0.39 f
  scaleSoftmax/softmax/n6845 (net)              1                   0.00       0.39 f
  scaleSoftmax/softmax/U1706/ZN (NR2OPTPAD2BWP12T30P140LVT)
                                                          0.01      0.01       0.40 r
  scaleSoftmax/softmax/n4574 (net)              1                   0.00       0.40 r
  scaleSoftmax/softmax/U7265/ZN (OAI21D2BWP12T30P140LVT)
                                                          0.01      0.01       0.41 f
  scaleSoftmax/softmax/n4572 (net)              1                   0.00       0.41 f
  scaleSoftmax/softmax/U16689/ZN (AOI21OPTREPBD2BWP12T30P140LVT)
                                                          0.01      0.01       0.42 r
  scaleSoftmax/softmax/n6526 (net)              1                   0.00       0.42 r
  scaleSoftmax/softmax/U8494/ZN (OAI21OPTREPBD2BWP12T30P140LVT)
                                                          0.02      0.01       0.43 f
  scaleSoftmax/softmax/n6538 (net)              1                   0.00       0.43 f
  scaleSoftmax/softmax/U16902/ZN (OAI21OPTPBD4BWP12T30P140LVT)
                                                          0.02      0.01       0.44 r
  scaleSoftmax/softmax/n6730 (net)              1                   0.00       0.44 r
  scaleSoftmax/softmax/U8524/ZN (ND2OPTD12BWP12T30P140LVT)
                                                          0.02      0.02       0.46 f
  scaleSoftmax/softmax/n18684 (net)             8                   0.00       0.46 f
  scaleSoftmax/softmax/U2026/Z (MUX2D4BWP12T30P140LVT)
                                                          0.01      0.03       0.49 r
  scaleSoftmax/softmax/n18845 (net)             2                   0.00       0.49 r
  scaleSoftmax/softmax/U1651/Z (BUFFXD6BWP12T30P140LVT)
                                                          0.01      0.01       0.50 r
  scaleSoftmax/softmax/n4548 (net)              2                   0.00       0.50 r
  scaleSoftmax/softmax/U16986/ZN (INR2D4BWP12T30P140LVT)
                                                          0.01      0.00       0.50 f
  scaleSoftmax/softmax/n6990 (net)              1                   0.00       0.50 f
  scaleSoftmax/softmax/U16886/ZN (NR2OPTPAD2BWP12T30P140LVT)
                                                          0.01      0.01       0.51 r
  scaleSoftmax/softmax/n6386 (net)              1                   0.00       0.51 r
  scaleSoftmax/softmax/U8425/ZN (OAI21OPTREPBD2BWP12T30P140LVT)
                                                          0.01      0.01       0.52 f
  scaleSoftmax/softmax/n1151 (net)              1                   0.00       0.52 f
  scaleSoftmax/softmax/U2048/ZN (ND2D3BWP12T30P140LVT)
                                                          0.01      0.01       0.53 r
  scaleSoftmax/softmax/n4475 (net)              1                   0.00       0.53 r
  scaleSoftmax/softmax/U2140/ZN (AOI21OPTPBD6BWP12T30P140LVT)
                                                          0.02      0.01       0.54 f
  scaleSoftmax/softmax/n7123 (net)              1                   0.00       0.54 f
  scaleSoftmax/softmax/U8928/ZN (INR2D16BWP12T30P140LVT)
                                                          0.02      0.01       0.55 r
  scaleSoftmax/softmax/n1751 (net)             12                   0.00       0.55 r
  scaleSoftmax/softmax/U8979/Z (MUX2D2BWP12T30P140LVT)
                                                          0.01      0.02       0.58 f
  scaleSoftmax/softmax/n18956 (net)             3                   0.00       0.58 f
  scaleSoftmax/softmax/U1558/ZN (INR2D1BWP12T30P140LVT)
                                                          0.02      0.01       0.59 r
  scaleSoftmax/softmax/n18894 (net)             2                   0.00       0.59 r
  scaleSoftmax/softmax/U1530/ZN (INVD1BWP12T30P140LVT)
                                                          0.01      0.01       0.60 f
  scaleSoftmax/softmax/n6379 (net)              1                   0.00       0.60 f
  scaleSoftmax/softmax/U9248/ZN (AOI21OPTPBD2BWP12T30P140LVT)
                                                          0.01      0.01       0.61 r
  scaleSoftmax/softmax/n1998 (net)              1                   0.00       0.61 r
  scaleSoftmax/softmax/U9247/ZN (OAI21OPTREPBD2BWP12T30P140LVT)
                                                          0.01      0.01       0.62 f
  scaleSoftmax/softmax/n4641 (net)              1                   0.00       0.62 f
  scaleSoftmax/softmax/U9396/ZN (AOI21OPTPBD2BWP12T30P140LVT)
                                                          0.02      0.02       0.64 r
  scaleSoftmax/softmax/n18955 (net)             2                   0.00       0.64 r
  scaleSoftmax/softmax/U16699/ZN (ND3OPTPAD2BWP12T30P140LVT)
                                                          0.02      0.02       0.65 f
  scaleSoftmax/softmax/n6520 (net)              1                   0.00       0.65 f
  scaleSoftmax/softmax/U16336/ZN (NR2OPTFAD4BWP12T30P140LVT)
                                                          0.01      0.01       0.66 r
  scaleSoftmax/softmax/n3781 (net)              1                   0.00       0.66 r
  scaleSoftmax/softmax/U1999/ZN (ND2OPTFAD8BWP12T30P140LVT)
                                                          0.01      0.01       0.68 f
  scaleSoftmax/softmax/n18941 (net)             4                   0.00       0.68 f
  scaleSoftmax/softmax/U8376/ZN (CKND16BWP12T30P140LVT)
                                                          0.01      0.01       0.69 r
  scaleSoftmax/softmax/n4526 (net)             12                   0.00       0.69 r
  scaleSoftmax/softmax/U2122/ZN (CKND8BWP12T30P140LVT)
                                                          0.01      0.01       0.69 f
  scaleSoftmax/softmax/n6496 (net)              4                   0.00       0.69 f
  scaleSoftmax/softmax/U8277/Z (MUX2OPTD6BWP12T30P140LVT)
                                                          0.01      0.02       0.71 r
  scaleSoftmax/softmax/n4363 (net)              3                   0.00       0.71 r
  scaleSoftmax/softmax/U8276/ZN (ND2OPTFAD4BWP12T30P140LVT)
                                                          0.01      0.01       0.72 f
  scaleSoftmax/softmax/n2146 (net)              2                   0.00       0.72 f
  scaleSoftmax/softmax/U6882/ZN (ND2D2BWP12T30P140LVT)
                                                          0.01      0.01       0.72 r
  scaleSoftmax/softmax/n1813 (net)              1                   0.00       0.72 r
  scaleSoftmax/softmax/U9007/ZN (ND2OPTPAD2BWP12T30P140LVT)
                                                          0.01      0.01       0.73 f
  scaleSoftmax/softmax/n4724 (net)              1                   0.00       0.73 f
  scaleSoftmax/softmax/U16408/ZN (AOI21OPTPBD2BWP12T30P140LVT)
                                                          0.01      0.01       0.74 r
  scaleSoftmax/softmax/n3746 (net)              1                   0.00       0.74 r
  scaleSoftmax/softmax/U16403/ZN (NR2D2BWP12T30P140LVT)
                                                          0.01      0.01       0.74 f
  scaleSoftmax/softmax/n6187 (net)              1                   0.00       0.74 f
  scaleSoftmax/softmax/U16622/ZN (OAI21D2BWP12T30P140LVT)
                                                          0.01      0.01       0.75 r
  scaleSoftmax/softmax/n6651 (net)              1                   0.00       0.75 r
  scaleSoftmax/softmax/U16932/ZN (AOI21OPTPBD2BWP12T30P140LVT)
                                                          0.02      0.01       0.76 f
  scaleSoftmax/softmax/n6649 (net)              1                   0.00       0.76 f
  scaleSoftmax/softmax/U16646/ZN (NR3OPTD6BWP12T30P140LVT)
                                                          0.03      0.02       0.79 r
  scaleSoftmax/softmax/n19026 (net)             4                   0.00       0.79 r
  scaleSoftmax/softmax/U8752/ZN (CKND8BWP12T30P140LVT)
                                                          0.02      0.01       0.80 f
  scaleSoftmax/softmax/n4468 (net)             14                   0.00       0.80 f
  scaleSoftmax/softmax/U2747/ZN (INR2D2BWP12T30P140LVT)
                                                          0.01      0.01       0.81 r
  scaleSoftmax/softmax/n3691 (net)              1                   0.00       0.81 r
  scaleSoftmax/softmax/U9219/ZN (INVD1P25BWP12T30P140LVT)
                                                          0.01      0.01       0.81 f
  scaleSoftmax/softmax/n4509 (net)              1                   0.00       0.81 f
  scaleSoftmax/softmax/U9265/ZN (OAI21OPTREPBD2BWP12T30P140LVT)
                                                          0.03      0.01       0.82 r
  scaleSoftmax/softmax/n19157 (net)             3                   0.00       0.82 r
  scaleSoftmax/softmax/U1343/ZN (ND2D2BWP12T30P140LVT)
                                                          0.02      0.01       0.83 f
  scaleSoftmax/softmax/n2582 (net)              2                   0.00       0.83 f
  scaleSoftmax/softmax/U2120/ZN (OAI211OPTREPBD2BWP12T30P140LVT)
                                                          0.01      0.01       0.84 r
  scaleSoftmax/softmax/n22 (net)                1                   0.00       0.84 r
  scaleSoftmax/softmax/U1321/ZN (AOI21OPTPBD1BWP12T30P140LVT)
                                                          0.01      0.01       0.85 f
  scaleSoftmax/softmax/n2733 (net)              1                   0.00       0.85 f
  scaleSoftmax/softmax/U2383/ZN (OAI21OPTPBD2BWP12T30P140LVT)
                                                          0.01      0.01       0.86 r
  scaleSoftmax/softmax/n6275 (net)              1                   0.00       0.86 r
  scaleSoftmax/softmax/U5271/ZN (ND2D2BWP12T30P140LVT)
                                                          0.01      0.01       0.87 f
  scaleSoftmax/softmax/n4491 (net)              1                   0.00       0.87 f
  scaleSoftmax/softmax/U6734/ZN (ND2OPTPAD2BWP12T30P140LVT)
                                                          0.01      0.01       0.88 r
  scaleSoftmax/softmax/n6272 (net)              1                   0.00       0.88 r
  scaleSoftmax/softmax/U8619/ZN (AOI21OPTPBD6BWP12T30P140LVT)
                                                          0.02      0.01       0.89 f
  scaleSoftmax/softmax/n1271 (net)              4                   0.00       0.89 f
  scaleSoftmax/softmax/U8617/ZN (NR2OPTPAD16BWP12T30P140LVT)
                                                          0.03      0.02       0.91 r
  scaleSoftmax/softmax/n6472 (net)             30                   0.00       0.91 r
  scaleSoftmax/softmax/U1235/Z (MUX2D4BWP12T30P140LVT)
                                                          0.01      0.03       0.94 r
  scaleSoftmax/softmax/n4372 (net)              3                   0.00       0.94 r
  scaleSoftmax/softmax/U9515/ZN (INR2D4BWP12T30P140LVT)
                                                          0.01      0.01       0.95 f
  scaleSoftmax/softmax/n2301 (net)              3                   0.00       0.95 f
  scaleSoftmax/softmax/U4424/ZN (NR2D2BWP12T30P140LVT)
                                                          0.01      0.01       0.96 r
  scaleSoftmax/softmax/n2786 (net)              1                   0.00       0.96 r
  scaleSoftmax/softmax/U9670/ZN (OAI211OPTREPBD2BWP12T30P140LVT)
                                                          0.02      0.01       0.97 f
  scaleSoftmax/softmax/n2780 (net)              1                   0.00       0.97 f
  scaleSoftmax/softmax/U9699/ZN (AOI21OPTPBD2BWP12T30P140LVT)
                                                          0.02      0.01       0.98 r
  scaleSoftmax/softmax/n2777 (net)              1                   0.00       0.98 r
  scaleSoftmax/softmax/U4140/ZN (OAI21OPTPBD8BWP12T30P140LVT)
                                                          0.02      0.01       1.00 f
  scaleSoftmax/softmax/n3432 (net)              1                   0.00       1.00 f
  scaleSoftmax/softmax/U8773/ZN (ND2OPTFAD16BWP12T30P140LVT)
                                                          0.03      0.02       1.02 r
  scaleSoftmax/softmax/n19267 (net)            40                   0.00       1.02 r
  scaleSoftmax/softmax/U8407/ZN (CKND16BWP12T30P140LVT)
                                                          0.01      0.01       1.03 f
  scaleSoftmax/softmax/n4373 (net)             13                   0.00       1.03 f
  scaleSoftmax/softmax/U8485/Z (MUX2OPTD6BWP12T30P140LVT)
                                                          0.01      0.02       1.05 r
  scaleSoftmax/softmax/n4401 (net)              3                   0.00       1.05 r
  scaleSoftmax/softmax/U8207/ZN (ND2OPTFAD4BWP12T30P140LVT)
                                                          0.02      0.01       1.06 f
  scaleSoftmax/softmax/n941 (net)               2                   0.00       1.06 f
  scaleSoftmax/softmax/U8206/ZN (AOI21OPTPBD2BWP12T30P140LVT)
                                                          0.01      0.01       1.06 r
  scaleSoftmax/softmax/n1677 (net)              1                   0.00       1.06 r
  scaleSoftmax/softmax/U8843/ZN (OAI21OPTPBD2BWP12T30P140LVT)
                                                          0.01      0.01       1.07 f
  scaleSoftmax/softmax/n2867 (net)              1                   0.00       1.07 f
  scaleSoftmax/softmax/U9737/ZN (AOI21OPTPBD2BWP12T30P140LVT)
                                                          0.01      0.01       1.08 r
  scaleSoftmax/softmax/n4254 (net)              1                   0.00       1.08 r
  scaleSoftmax/softmax/U16413/ZN (NR2D4BWP12T30P140LVT)
                                                          0.01      0.01       1.09 f
  scaleSoftmax/softmax/n4057 (net)              1                   0.00       1.09 f
  scaleSoftmax/softmax/U8359/ZN (NR3OPTPAD6BWP12T30P140LVT)
                                                          0.02      0.02       1.11 r
  scaleSoftmax/softmax/n4055 (net)              1                   0.00       1.11 r
  scaleSoftmax/softmax/U3181/ZN (ND2OPTFAD16BWP12T30P140LVT)
                                                          0.02      0.02       1.12 f
  scaleSoftmax/softmax/n4344 (net)             27                   0.00       1.12 f
  scaleSoftmax/softmax/U2139/ZN (CKND6BWP12T30P140LVT)
                                                          0.01      0.01       1.13 r
  scaleSoftmax/softmax/n158 (net)               3                   0.00       1.13 r
  scaleSoftmax/softmax/U2275/ZN (ND2OPTFAD4BWP12T30P140LVT)
                                                          0.01      0.01       1.14 f
  scaleSoftmax/softmax/n1798 (net)              2                   0.00       1.14 f
  scaleSoftmax/softmax/U3191/ZN (INR2D4BWP12T30P140LVT)
                                                          0.01      0.01       1.15 f
  scaleSoftmax/softmax/n6125 (net)              2                   0.00       1.15 f
  scaleSoftmax/softmax/U2623/ZN (INVD4BWP12T30P140LVT)
                                                          0.01      0.01       1.16 r
  scaleSoftmax/softmax/n186 (net)               1                   0.00       1.16 r
  scaleSoftmax/softmax/U2681/ZN (ND2D4BWP12T30P140LVT)
                                                          0.01      0.01       1.17 f
  scaleSoftmax/softmax/n789 (net)               2                   0.00       1.17 f
  scaleSoftmax/softmax/U2856/ZN (NR2D3BWP12T30P140LVT)
                                                          0.01      0.01       1.18 r
  scaleSoftmax/softmax/n19421 (net)             2                   0.00       1.18 r
  scaleSoftmax/softmax/U8761/ZN (ND3OPTFAD4BWP12T30P140LVT)
                                                          0.01      0.01       1.19 f
  scaleSoftmax/softmax/n1530 (net)              1                   0.00       1.19 f
  scaleSoftmax/softmax/U8121/ZN (INR2D16BWP12T30P140LVT)
                                                          0.01      0.02       1.21 f
  scaleSoftmax/softmax/n1632 (net)             15                   0.00       1.21 f
  scaleSoftmax/softmax/U2602/Z (MUX2OPTD6BWP12T30P140LVT)
                                                          0.01      0.02       1.23 r
  scaleSoftmax/softmax/n4180 (net)              3                   0.00       1.23 r
  scaleSoftmax/softmax/U9470/ZN (OAI21OPTREPBD2BWP12T30P140LVT)
                                                          0.01      0.01       1.24 f
  scaleSoftmax/softmax/n2210 (net)              1                   0.00       1.24 f
  scaleSoftmax/softmax/U2649/ZN (AOI21OPTPBD4BWP12T30P140LVT)
                                                          0.01      0.01       1.25 r
  scaleSoftmax/softmax/n822 (net)               2                   0.00       1.25 r
  scaleSoftmax/softmax/U3278/ZN (ND2OPTFAD4BWP12T30P140LVT)
                                                          0.01      0.01       1.26 f
  scaleSoftmax/softmax/n904 (net)               2                   0.00       1.26 f
  scaleSoftmax/softmax/U3352/ZN (NR2OPTPAD2BWP12T30P140LVT)
                                                          0.01      0.01       1.27 r
  scaleSoftmax/softmax/n925 (net)               1                   0.00       1.27 r
  scaleSoftmax/softmax/U2427/ZN (ND3OPTPAD2BWP12T30P140LVT)
                                                          0.02      0.01       1.28 f
  scaleSoftmax/softmax/n107 (net)               1                   0.00       1.28 f
  scaleSoftmax/softmax/U2426/ZN (ND2OPTFAD4BWP12T30P140LVT)
                                                          0.01      0.01       1.29 r
  scaleSoftmax/softmax/n1531 (net)              1                   0.00       1.29 r
  scaleSoftmax/softmax/U2633/ZN (NR2OPTD12BWP12T30P140LVT)
                                                          0.01      0.01       1.30 f
  scaleSoftmax/softmax/n4353 (net)              9                   0.00       1.30 f
  scaleSoftmax/softmax/U8749/ZN (AOI21OPTPBD4BWP12T30P140LVT)
                                                          0.01      0.01       1.31 r
  scaleSoftmax/softmax/n5038 (net)              1                   0.00       1.31 r
  scaleSoftmax/softmax/U2501/ZN (ND2OPTFAD6BWP12T30P140LVT)
                                                          0.02      0.01       1.32 f
  scaleSoftmax/softmax/n1129 (net)              2                   0.00       1.32 f
  scaleSoftmax/softmax/U8289/ZN (NR2D16BWP12T30P140LVT)
                                                          0.02      0.02       1.34 r
  scaleSoftmax/softmax/n6669 (net)             17                   0.00       1.34 r
  scaleSoftmax/softmax/U2132/Z (BUFFXD6BWP12T30P140LVT)
                                                          0.01      0.01       1.36 r
  scaleSoftmax/softmax/n379 (net)               3                   0.00       1.36 r
  scaleSoftmax/softmax/U8786/ZN (OAI22OPTPBD4BWP12T30P140LVT)
                                                          0.02      0.01       1.37 f
  scaleSoftmax/softmax/n19579 (net)             3                   0.00       1.37 f
  scaleSoftmax/softmax/U701/ZN (NR2D2BWP12T30P140LVT)     0.01      0.01       1.38 r
  scaleSoftmax/softmax/n99 (net)                1                   0.00       1.38 r
  scaleSoftmax/softmax/U2404/ZN (AOI21OPTPBD2BWP12T30P140LVT)
                                                          0.01      0.01       1.39 f
  scaleSoftmax/softmax/n4278 (net)              1                   0.00       1.39 f
  scaleSoftmax/softmax/U2912/ZN (NR2D2BWP12T30P140LVT)
                                                          0.01      0.01       1.40 r
  scaleSoftmax/softmax/n1579 (net)              1                   0.00       1.40 r
  scaleSoftmax/softmax/U6104/ZN (OAI21D2BWP12T30P140LVT)
                                                          0.02      0.01       1.41 f
  scaleSoftmax/softmax/n3878 (net)              1                   0.00       1.41 f
  scaleSoftmax/softmax/U8849/ZN (AOI21D4BWP12T30P140LVT)
                                                          0.02      0.01       1.42 r
  scaleSoftmax/softmax/n4018 (net)              1                   0.00       1.42 r
  scaleSoftmax/softmax/U8070/ZN (NR2D8BWP12T30P140LVT)
                                                          0.01      0.01       1.43 f
  scaleSoftmax/softmax/n711 (net)               3                   0.00       1.43 f
  scaleSoftmax/softmax/U8068/ZN (ND2OPTFAD16BWP12T30P140LVT)
                                                          0.02      0.01       1.44 r
  scaleSoftmax/softmax/n3169 (net)             18                   0.00       1.44 r
  scaleSoftmax/softmax/U2919/ZN (CKND16BWP12T30P140LVT)
                                                          0.01      0.01       1.45 f
  scaleSoftmax/softmax/n4151 (net)             12                   0.00       1.45 f
  scaleSoftmax/softmax/U2833/Z (MUX2OPTD6BWP12T30P140LVT)
                                                          0.01      0.02       1.47 r
  scaleSoftmax/softmax/n19763 (net)             3                   0.00       1.47 r
  scaleSoftmax/softmax/U2832/ZN (ND2OPTPAD2BWP12T30P140LVT)
                                                          0.01      0.01       1.48 f
  scaleSoftmax/softmax/n1322 (net)              1                   0.00       1.48 f
  scaleSoftmax/softmax/U2936/ZN (INVD4BWP12T30P140LVT)
                                                          0.01      0.01       1.49 r
  scaleSoftmax/softmax/n937 (net)               1                   0.00       1.49 r
  scaleSoftmax/softmax/U2783/ZN (NR2OPTFAD4BWP12T30P140LVT)
                                                          0.01      0.01       1.50 f
  scaleSoftmax/softmax/n936 (net)               1                   0.00       1.50 f
  scaleSoftmax/softmax/U8203/ZN (AOI21OPTPBD2BWP12T30P140LVT)
                                                          0.01      0.01       1.51 r
  scaleSoftmax/softmax/n934 (net)               1                   0.00       1.51 r
  scaleSoftmax/softmax/U8200/ZN (NR2OPTPAD2BWP12T30P140LVT)
                                                          0.01      0.01       1.51 f
  scaleSoftmax/softmax/n1026 (net)              1                   0.00       1.51 f
  scaleSoftmax/softmax/U8245/ZN (INR2D4BWP12T30P140LVT)
                                                          0.01      0.01       1.52 r
  scaleSoftmax/softmax/n1035 (net)              1                   0.00       1.52 r
  scaleSoftmax/softmax/U4135/ZN (NR2D8BWP12T30P140LVT)
                                                          0.01      0.01       1.53 f
  scaleSoftmax/softmax/n4065 (net)              1                   0.00       1.53 f
  scaleSoftmax/softmax/U16539/ZN (ND2OPTFAD16BWP12T30P140LVT)
                                                          0.02      0.02       1.55 r
  scaleSoftmax/softmax/n19725 (net)            35                   0.00       1.55 r
  scaleSoftmax/softmax/U2010/Z (MUX2OPTD4BWP12T30P140LVT)
                                                          0.01      0.03       1.57 f
  scaleSoftmax/softmax/n19872 (net)             3                   0.00       1.57 f
  scaleSoftmax/softmax/U8133/ZN (INR2D8BWP12T30P140LVT)
                                                          0.01      0.01       1.58 r
  scaleSoftmax/softmax/n2396 (net)              3                   0.00       1.58 r
  scaleSoftmax/softmax/U396/ZN (INR2D1BWP12T30P140LVT)
                                                          0.01      0.01       1.59 f
  scaleSoftmax/softmax/n1481 (net)              1                   0.00       1.59 f
  scaleSoftmax/softmax/U8713/ZN (AOI21OPTPBD2BWP12T30P140LVT)
                                                          0.02      0.01       1.60 r
  scaleSoftmax/softmax/n1567 (net)              1                   0.00       1.60 r
  scaleSoftmax/softmax/U8210/ZN (ND2OPTPAD2BWP12T30P140LVT)
                                                          0.01      0.01       1.61 f
  scaleSoftmax/softmax/n946 (net)               1                   0.00       1.61 f
  scaleSoftmax/softmax/U2384/ZN (AOI21OPTPBD4BWP12T30P140LVT)
                                                          0.02      0.01       1.62 r
  scaleSoftmax/softmax/n945 (net)               1                   0.00       1.62 r
  scaleSoftmax/softmax/U8208/ZN (AOI21OPTPBD6BWP12T30P140LVT)
                                                          0.02      0.01       1.63 f
  scaleSoftmax/softmax/n3921 (net)              1                   0.00       1.63 f
  scaleSoftmax/softmax/U3194/ZN (NR2D16BWP12T30P140LVT)
                                                          0.02      0.02       1.65 r
  scaleSoftmax/softmax/n19838 (net)            16                   0.00       1.65 r
  scaleSoftmax/softmax/U16460/ZN (ND2OPTPAD2BWP12T30P140LVT)
                                                          0.02      0.01       1.66 f
  scaleSoftmax/softmax/n4758 (net)              1                   0.00       1.66 f
  scaleSoftmax/softmax/U8774/ZN (ND2OPTFAD4BWP12T30P140LVT)
                                                          0.01      0.01       1.67 r
  scaleSoftmax/softmax/n19981 (net)             3                   0.00       1.67 r
  scaleSoftmax/softmax/U9290/ZN (ND2OPTFAD6BWP12T30P140LVT)
                                                          0.01      0.01       1.68 f
  scaleSoftmax/softmax/n4729 (net)              2                   0.00       1.68 f
  scaleSoftmax/softmax/U8254/ZN (ND2OPTFAD4BWP12T30P140LVT)
                                                          0.01      0.01       1.69 r
  scaleSoftmax/softmax/n1040 (net)              2                   0.00       1.69 r
  scaleSoftmax/softmax/U8253/ZN (OAI21OPTREPBD2BWP12T30P140LVT)
                                                          0.01      0.01       1.70 f
  scaleSoftmax/softmax/n1568 (net)              1                   0.00       1.70 f
  scaleSoftmax/softmax/U8811/ZN (ND2D3BWP12T30P140LVT)
                                                          0.01      0.01       1.71 r
  scaleSoftmax/softmax/n4516 (net)              1                   0.00       1.71 r
  scaleSoftmax/softmax/U16483/ZN (ND3OPTFAD4BWP12T30P140LVT)
                                                          0.01      0.01       1.72 f
  scaleSoftmax/softmax/n4944 (net)              1                   0.00       1.72 f
  scaleSoftmax/softmax/U16769/ZN (AOI21OPTPBD2BWP12T30P140LVT)
                                                          0.01      0.01       1.73 r
  scaleSoftmax/softmax/n6616 (net)              1                   0.00       1.73 r
  scaleSoftmax/softmax/U16750/ZN (ND3OPTPAD2BWP12T30P140LVT)
                                                          0.02      0.01       1.74 f
  scaleSoftmax/softmax/n19964 (net)             1                   0.00       1.74 f
  scaleSoftmax/softmax/U16675/ZN (AOI21OPTPBD4BWP12T30P140LVT)
                                                          0.02      0.01       1.75 r
  scaleSoftmax/softmax/n19980 (net)             2                   0.00       1.75 r
  scaleSoftmax/softmax/U8898/ZN (CKND8BWP12T30P140LVT)
                                                          0.01      0.01       1.76 f
  scaleSoftmax/softmax/n4415 (net)              8                   0.00       1.76 f
  scaleSoftmax/softmax/U2802/ZN (CKND8BWP12T30P140LVT)
                                                          0.01      0.01       1.77 r
  scaleSoftmax/softmax/n1189 (net)              5                   0.00       1.77 r
  scaleSoftmax/softmax/U2186/ZN (ND2OPTPAD4BWP12T30P140LVT)
                                                          0.01      0.01       1.78 f
  scaleSoftmax/softmax/n2802 (net)              1                   0.00       1.78 f
  scaleSoftmax/softmax/U9704/ZN (OAI21OPTPBD2BWP12T30P140LVT)
                                                          0.01      0.01       1.79 r
  scaleSoftmax/softmax/n20006 (net)             3                   0.00       1.79 r
  scaleSoftmax/softmax/U143/ZN (ND2D2BWP12T30P140LVT)     0.01      0.01       1.80 f
  scaleSoftmax/softmax/n6948 (net)              2                   0.00       1.80 f
  scaleSoftmax/softmax/U8890/ZN (AOI31D2BWP12T30P140LVT)
                                                          0.02      0.01       1.81 r
  scaleSoftmax/softmax/n4669 (net)              1                   0.00       1.81 r
  scaleSoftmax/softmax/U9364/ZN (NR2D2BWP12T30P140LVT)
                                                          0.01      0.01       1.82 f
  scaleSoftmax/softmax/n4470 (net)              1                   0.00       1.82 f
  scaleSoftmax/softmax/U8778/ZN (OAI21D2BWP12T30P140LVT)
                                                          0.01      0.01       1.83 r
  scaleSoftmax/softmax/n4904 (net)              1                   0.00       1.83 r
  scaleSoftmax/softmax/U16746/ZN (AOI21OPTPBD2BWP12T30P140LVT)
                                                          0.01      0.01       1.84 f
  scaleSoftmax/softmax/n4902 (net)              1                   0.00       1.84 f
  scaleSoftmax/softmax/U4124/ZN (NR2D4BWP12T30P140LVT)
                                                          0.01      0.01       1.85 r
  scaleSoftmax/softmax/n7083 (net)              1                   0.00       1.85 r
  scaleSoftmax/softmax/U2366/ZN (ND2OPTFAD6BWP12T30P140LVT)
                                                          0.01      0.01       1.85 f
  scaleSoftmax/softmax/n3806 (net)              2                   0.00       1.85 f
  scaleSoftmax/softmax/U2365/ZN (INR2D8BWP12T30P140LVT)
                                                          0.01      0.01       1.87 r
  scaleSoftmax/softmax/n494 (net)               5                   0.00       1.87 r
  scaleSoftmax/softmax/U9242/ZN (ND2OPTFAD8BWP12T30P140LVT)
                                                          0.01      0.01       1.87 f
  scaleSoftmax/softmax/n20097 (net)             2                   0.00       1.87 f
  scaleSoftmax/softmax/U2244/ZN (INVD9BWP12T30P140LVT)
                                                          0.01      0.01       1.88 r
  scaleSoftmax/softmax/n40384 (net)             9                   0.00       1.88 r
  scaleSoftmax/softmax/U9405/ZN (CKND12BWP12T30P140LVT)
                                                          0.01      0.01       1.89 f
  scaleSoftmax/softmax/n40918 (net)            30                   0.00       1.89 f
  scaleSoftmax/softmax/U16780/ZN (OAI22D1BWP12T30P140LVT)
                                                          0.02      0.01       1.90 r
  scaleSoftmax/softmax/n5522 (net)              1                   0.00       1.90 r
  scaleSoftmax/softmax/globalMaximum_reg[21]/D (DFQD2BWP12T30P140LVT)
                                                          0.02      0.00       1.90 r
  data arrival time                                                            1.90

  clock clk (rise edge)                                             2.00       2.00
  clock network delay (ideal)                                       0.00       2.00
  clock uncertainty                                                -0.10       1.90
  scaleSoftmax/softmax/globalMaximum_reg[21]/CP (DFQD2BWP12T30P140LVT)
                                                                    0.00       1.90 r
  library setup time                                               -0.01       1.89
  data required time                                                           1.89
  ------------------------------------------------------------------------------------
  data required time                                                           1.89
  data arrival time                                                           -1.90
  ------------------------------------------------------------------------------------
  slack (VIOLATED)                                                            -0.02


  Startpoint: scaleSoftmax/softmax/packCountReg_reg[0]
              (rising edge-triggered flip-flop clocked by clk)
  Endpoint: scaleSoftmax/softmax/globalMaximum_reg[0]
            (rising edge-triggered flip-flop clocked by clk)
  Path Group: clk
  Path Type: max

  Des/Clust/Port     Wire Load Model       Library
  ------------------------------------------------
  AttentionFeaturePacketizer_0
                     ZeroWireload          tcbn28hpcplusbwp12t30p140lvtssg0p81v125c
  PackDescriptorDecoder_1
                     ZeroWireload          tcbn28hpcplusbwp12t30p140lvtssg0p81v125c
  PackDescriptorDecoder
                     ZeroWireload          tcbn28hpcplusbwp12t30p140lvtssg0p81v125c
  BufferedPackMetadataDequantizer_1
                     ZeroWireload          tcbn28hpcplusbwp12t30p140lvtssg0p81v125c
  DynamicBitUnpacker_1
                     ZeroWireload          tcbn28hpcplusbwp12t30p140lvtssg0p81v125c
  BufferedPackMetadataDequantizer
                     ZeroWireload          tcbn28hpcplusbwp12t30p140lvtssg0p81v125c
  DynamicBitUnpacker ZeroWireload          tcbn28hpcplusbwp12t30p140lvtssg0p81v125c
  KvStreamDequantizer_1
                     ZeroWireload          tcbn28hpcplusbwp12t30p140lvtssg0p81v125c
  KvStreamDequantizer
                     ZeroWireload          tcbn28hpcplusbwp12t30p140lvtssg0p81v125c
  DecompressionPipelineController_1
                     ZeroWireload          tcbn28hpcplusbwp12t30p140lvtssg0p81v125c
  DecompressionPipelineController
                     ZeroWireload          tcbn28hpcplusbwp12t30p140lvtssg0p81v125c
  QkDotProductAccumulator
                     ZeroWireload          tcbn28hpcplusbwp12t30p140lvtssg0p81v125c
  QueryReplayBuffer  ZeroWireload          tcbn28hpcplusbwp12t30p140lvtssg0p81v125c
  AttentionFeaturePacketizer_1
                     ZeroWireload          tcbn28hpcplusbwp12t30p140lvtssg0p81v125c
  DualKvDecompressionController
                     ZeroWireload          tcbn28hpcplusbwp12t30p140lvtssg0p81v125c
  SoftmaxVAccumulator
                     ZeroWireload          tcbn28hpcplusbwp12t30p140lvtssg0p81v125c
  StreamingSoftmax   ZeroWireload          tcbn28hpcplusbwp12t30p140lvtssg0p81v125c
  AttentionScaleUnit ZeroWireload          tcbn28hpcplusbwp12t30p140lvtssg0p81v125c
  AvOutputQuantizer  ZeroWireload          tcbn28hpcplusbwp12t30p140lvtssg0p81v125c
  BriskKvAttentionTop
                     ZeroWireload          tcbn28hpcplusbwp12t30p140lvtssg0p81v125c

  Point                                       Fanout     Trans      Incr       Path
  ------------------------------------------------------------------------------------
  clock clk (rise edge)                                             0.00       0.00
  clock network delay (ideal)                                       0.00       0.00
  scaleSoftmax/softmax/packCountReg_reg[0]/CP (DFQOPTMAD8BWP12T30P140LVT)
                                                          0.00      0.00 #     0.00 r
  scaleSoftmax/softmax/packCountReg_reg[0]/Q (DFQOPTMAD8BWP12T30P140LVT)
                                                          0.01      0.02       0.02 f
  scaleSoftmax/softmax/packCountReg[0] (net)
                                                5                   0.00       0.02 f
  scaleSoftmax/softmax/U16327/ZN (NR2OPTD12BWP12T30P140LVT)
                                                          0.01      0.01       0.03 r
  scaleSoftmax/softmax/n4197 (net)              1                   0.00       0.03 r
  scaleSoftmax/softmax/U4071/ZN (ND3OPTFAD16BWP12T30P140LVT)
                                                          0.01      0.01       0.04 f
  scaleSoftmax/softmax/n6641 (net)              1                   0.00       0.04 f
  scaleSoftmax/softmax/U16385/ZN (NR2OPTPAD16BWP12T30P140LVT)
                                                          0.02      0.01       0.06 r
  scaleSoftmax/softmax/n6989 (net)             11                   0.00       0.06 r
  scaleSoftmax/softmax/U1973/ZN (ND2OPTD6BWP12T30P140LVT)
                                                          0.01      0.01       0.07 f
  scaleSoftmax/softmax/n27900 (net)             3                   0.00       0.07 f
  scaleSoftmax/softmax/U3042/ZN (AOI21OPTREPBD2BWP12T30P140LVT)
                                                          0.01      0.01       0.08 r
  scaleSoftmax/softmax/n298 (net)               1                   0.00       0.08 r
  scaleSoftmax/softmax/U3041/ZN (NR2D3BWP12T30P140LVT)
                                                          0.01      0.01       0.08 f
  scaleSoftmax/softmax/n3693 (net)              1                   0.00       0.08 f
  scaleSoftmax/softmax/U16282/ZN (ND2OPTFAD4BWP12T30P140LVT)
                                                          0.01      0.01       0.09 r
  scaleSoftmax/softmax/n3654 (net)              2                   0.00       0.09 r
  scaleSoftmax/softmax/U8918/ZN (NR3OPTFAD4BWP12T30P140LVT)
                                                          0.01      0.01       0.10 f
  scaleSoftmax/softmax/n4748 (net)              1                   0.00       0.10 f
  scaleSoftmax/softmax/U16710/ZN (ND2OPTFAD4BWP12T30P140LVT)
                                                          0.01      0.01       0.11 r
  scaleSoftmax/softmax/n4747 (net)              1                   0.00       0.11 r
  scaleSoftmax/softmax/U9152/ZN (NR2OPTD12BWP12T30P140LVT)
                                                          0.01      0.01       0.12 f
  scaleSoftmax/softmax/n4745 (net)              2                   0.00       0.12 f
  scaleSoftmax/softmax/U2510/ZN (ND2OPTFAD16BWP12T30P140LVT)
                                                          0.02      0.02       0.14 r
  scaleSoftmax/softmax/n6944 (net)             24                   0.00       0.14 r
  scaleSoftmax/softmax/U9041/ZN (ND2D4BWP12T30P140LVT)
                                                          0.01      0.01       0.15 f
  scaleSoftmax/softmax/n3809 (net)              1                   0.00       0.15 f
  scaleSoftmax/softmax/U3085/ZN (INVD4BWP12T30P140LVT)
                                                          0.01      0.01       0.15 r
  scaleSoftmax/softmax/n18388 (net)             3                   0.00       0.15 r
  scaleSoftmax/softmax/U9632/ZN (NR2OPTPAD2BWP12T30P140LVT)
                                                          0.01      0.01       0.16 f
  scaleSoftmax/softmax/n2576 (net)              2                   0.00       0.16 f
  scaleSoftmax/softmax/U9542/ZN (OAI21D2BWP12T30P140LVT)
                                                          0.01      0.01       0.17 r
  scaleSoftmax/softmax/n2569 (net)              1                   0.00       0.17 r
  scaleSoftmax/softmax/U9624/ZN (AOI21OPTPBD2BWP12T30P140LVT)
                                                          0.01      0.01       0.18 f
  scaleSoftmax/softmax/n3706 (net)              1                   0.00       0.18 f
  scaleSoftmax/softmax/U9099/ZN (NR2D4BWP12T30P140LVT)
                                                          0.01      0.01       0.20 r
  scaleSoftmax/softmax/n4249 (net)              1                   0.00       0.20 r
  scaleSoftmax/softmax/U16454/ZN (NR3OPTFAD4BWP12T30P140LVT)
                                                          0.01      0.01       0.21 f
  scaleSoftmax/softmax/n4248 (net)              1                   0.00       0.21 f
  scaleSoftmax/softmax/U4139/ZN (NR2D8BWP12T30P140LVT)
                                                          0.02      0.01       0.22 r
  scaleSoftmax/softmax/n4243 (net)              1                   0.00       0.22 r
  scaleSoftmax/softmax/U2946/ZN (NR2OPTPAD16BWP12T30P140LVT)
                                                          0.02      0.01       0.24 f
  scaleSoftmax/softmax/n6703 (net)             31                   0.00       0.24 f
  scaleSoftmax/softmax/U9805/Z (MUX2OPTD4BWP12T30P140LVT)
                                                          0.01      0.02       0.26 r
  scaleSoftmax/softmax/n3041 (net)              3                   0.00       0.26 r
  scaleSoftmax/softmax/U5717/ZN (ND2OPTFAD4BWP12T30P140LVT)
                                                          0.01      0.01       0.27 f
  scaleSoftmax/softmax/n2269 (net)              2                   0.00       0.27 f
  scaleSoftmax/softmax/U9222/ZN (AOI21OPTPBD2BWP12T30P140LVT)
                                                          0.01      0.01       0.28 r
  scaleSoftmax/softmax/n18507 (net)             1                   0.00       0.28 r
  scaleSoftmax/softmax/U9715/ZN (OAI21OPTREPBD2BWP12T30P140LVT)
                                                          0.01      0.01       0.29 f
  scaleSoftmax/softmax/n18509 (net)             1                   0.00       0.29 f
  scaleSoftmax/softmax/U9814/ZN (AOI21OPTPBD2BWP12T30P140LVT)
                                                          0.01      0.01       0.30 r
  scaleSoftmax/softmax/n3065 (net)              1                   0.00       0.30 r
  scaleSoftmax/softmax/U9813/ZN (OAI21OPTPBD2BWP12T30P140LVT)
                                                          0.01      0.01       0.31 f
  scaleSoftmax/softmax/n3064 (net)              1                   0.00       0.31 f
  scaleSoftmax/softmax/U2800/ZN (NR2OPTPAD2BWP12T30P140LVT)
                                                          0.01      0.01       0.33 r
  scaleSoftmax/softmax/n228 (net)               1                   0.00       0.33 r
  scaleSoftmax/softmax/U2799/ZN (NR2OPTD6BWP12T30P140LVT)
                                                          0.01      0.01       0.33 f
  scaleSoftmax/softmax/n226 (net)               1                   0.00       0.33 f
  scaleSoftmax/softmax/U2798/ZN (INR2D16BWP12T30P140LVT)
                                                          0.03      0.02       0.35 r
  scaleSoftmax/softmax/n4484 (net)             32                   0.00       0.35 r
  scaleSoftmax/softmax/U1771/ZN (INR2D2BWP12T30P140LVT)
                                                          0.01      0.01       0.36 f
  scaleSoftmax/softmax/n1956 (net)              1                   0.00       0.36 f
  scaleSoftmax/softmax/U7313/ZN (INVD2BWP12T30P140LVT)
                                                          0.01      0.01       0.36 r
  scaleSoftmax/softmax/n3055 (net)              1                   0.00       0.36 r
  scaleSoftmax/softmax/U2885/ZN (CKND2D3BWP12T30P140LVT)
                                                          0.01      0.01       0.37 f
  scaleSoftmax/softmax/n18710 (net)             3                   0.00       0.37 f
  scaleSoftmax/softmax/U1732/ZN (NR2OPTFAD4BWP12T30P140LVT)
                                                          0.01      0.01       0.38 r
  scaleSoftmax/softmax/n6473 (net)              2                   0.00       0.38 r
  scaleSoftmax/softmax/U2097/ZN (NR3OPTPAD2BWP12T30P140LVT)
                                                          0.01      0.01       0.39 f
  scaleSoftmax/softmax/n6845 (net)              1                   0.00       0.39 f
  scaleSoftmax/softmax/U1706/ZN (NR2OPTPAD2BWP12T30P140LVT)
                                                          0.01      0.01       0.40 r
  scaleSoftmax/softmax/n4574 (net)              1                   0.00       0.40 r
  scaleSoftmax/softmax/U7265/ZN (OAI21D2BWP12T30P140LVT)
                                                          0.01      0.01       0.41 f
  scaleSoftmax/softmax/n4572 (net)              1                   0.00       0.41 f
  scaleSoftmax/softmax/U16689/ZN (AOI21OPTREPBD2BWP12T30P140LVT)
                                                          0.01      0.01       0.42 r
  scaleSoftmax/softmax/n6526 (net)              1                   0.00       0.42 r
  scaleSoftmax/softmax/U8494/ZN (OAI21OPTREPBD2BWP12T30P140LVT)
                                                          0.02      0.01       0.43 f
  scaleSoftmax/softmax/n6538 (net)              1                   0.00       0.43 f
  scaleSoftmax/softmax/U16902/ZN (OAI21OPTPBD4BWP12T30P140LVT)
                                                          0.02      0.01       0.44 r
  scaleSoftmax/softmax/n6730 (net)              1                   0.00       0.44 r
  scaleSoftmax/softmax/U8524/ZN (ND2OPTD12BWP12T30P140LVT)
                                                          0.02      0.02       0.46 f
  scaleSoftmax/softmax/n18684 (net)             8                   0.00       0.46 f
  scaleSoftmax/softmax/U2026/Z (MUX2D4BWP12T30P140LVT)
                                                          0.01      0.03       0.49 r
  scaleSoftmax/softmax/n18845 (net)             2                   0.00       0.49 r
  scaleSoftmax/softmax/U1651/Z (BUFFXD6BWP12T30P140LVT)
                                                          0.01      0.01       0.50 r
  scaleSoftmax/softmax/n4548 (net)              2                   0.00       0.50 r
  scaleSoftmax/softmax/U16986/ZN (INR2D4BWP12T30P140LVT)
                                                          0.01      0.00       0.50 f
  scaleSoftmax/softmax/n6990 (net)              1                   0.00       0.50 f
  scaleSoftmax/softmax/U16886/ZN (NR2OPTPAD2BWP12T30P140LVT)
                                                          0.01      0.01       0.51 r
  scaleSoftmax/softmax/n6386 (net)              1                   0.00       0.51 r
  scaleSoftmax/softmax/U8425/ZN (OAI21OPTREPBD2BWP12T30P140LVT)
                                                          0.01      0.01       0.52 f
  scaleSoftmax/softmax/n1151 (net)              1                   0.00       0.52 f
  scaleSoftmax/softmax/U2048/ZN (ND2D3BWP12T30P140LVT)
                                                          0.01      0.01       0.53 r
  scaleSoftmax/softmax/n4475 (net)              1                   0.00       0.53 r
  scaleSoftmax/softmax/U2140/ZN (AOI21OPTPBD6BWP12T30P140LVT)
                                                          0.02      0.01       0.54 f
  scaleSoftmax/softmax/n7123 (net)              1                   0.00       0.54 f
  scaleSoftmax/softmax/U8928/ZN (INR2D16BWP12T30P140LVT)
                                                          0.02      0.01       0.55 r
  scaleSoftmax/softmax/n1751 (net)             12                   0.00       0.55 r
  scaleSoftmax/softmax/U8979/Z (MUX2D2BWP12T30P140LVT)
                                                          0.01      0.02       0.58 f
  scaleSoftmax/softmax/n18956 (net)             3                   0.00       0.58 f
  scaleSoftmax/softmax/U1558/ZN (INR2D1BWP12T30P140LVT)
                                                          0.02      0.01       0.59 r
  scaleSoftmax/softmax/n18894 (net)             2                   0.00       0.59 r
  scaleSoftmax/softmax/U1530/ZN (INVD1BWP12T30P140LVT)
                                                          0.01      0.01       0.60 f
  scaleSoftmax/softmax/n6379 (net)              1                   0.00       0.60 f
  scaleSoftmax/softmax/U9248/ZN (AOI21OPTPBD2BWP12T30P140LVT)
                                                          0.01      0.01       0.61 r
  scaleSoftmax/softmax/n1998 (net)              1                   0.00       0.61 r
  scaleSoftmax/softmax/U9247/ZN (OAI21OPTREPBD2BWP12T30P140LVT)
                                                          0.01      0.01       0.62 f
  scaleSoftmax/softmax/n4641 (net)              1                   0.00       0.62 f
  scaleSoftmax/softmax/U9396/ZN (AOI21OPTPBD2BWP12T30P140LVT)
                                                          0.02      0.02       0.64 r
  scaleSoftmax/softmax/n18955 (net)             2                   0.00       0.64 r
  scaleSoftmax/softmax/U16699/ZN (ND3OPTPAD2BWP12T30P140LVT)
                                                          0.02      0.02       0.65 f
  scaleSoftmax/softmax/n6520 (net)              1                   0.00       0.65 f
  scaleSoftmax/softmax/U16336/ZN (NR2OPTFAD4BWP12T30P140LVT)
                                                          0.01      0.01       0.66 r
  scaleSoftmax/softmax/n3781 (net)              1                   0.00       0.66 r
  scaleSoftmax/softmax/U1999/ZN (ND2OPTFAD8BWP12T30P140LVT)
                                                          0.01      0.01       0.68 f
  scaleSoftmax/softmax/n18941 (net)             4                   0.00       0.68 f
  scaleSoftmax/softmax/U8376/ZN (CKND16BWP12T30P140LVT)
                                                          0.01      0.01       0.69 r
  scaleSoftmax/softmax/n4526 (net)             12                   0.00       0.69 r
  scaleSoftmax/softmax/U2122/ZN (CKND8BWP12T30P140LVT)
                                                          0.01      0.01       0.69 f
  scaleSoftmax/softmax/n6496 (net)              4                   0.00       0.69 f
  scaleSoftmax/softmax/U8277/Z (MUX2OPTD6BWP12T30P140LVT)
                                                          0.01      0.02       0.71 r
  scaleSoftmax/softmax/n4363 (net)              3                   0.00       0.71 r
  scaleSoftmax/softmax/U8276/ZN (ND2OPTFAD4BWP12T30P140LVT)
                                                          0.01      0.01       0.72 f
  scaleSoftmax/softmax/n2146 (net)              2                   0.00       0.72 f
  scaleSoftmax/softmax/U6882/ZN (ND2D2BWP12T30P140LVT)
                                                          0.01      0.01       0.72 r
  scaleSoftmax/softmax/n1813 (net)              1                   0.00       0.72 r
  scaleSoftmax/softmax/U9007/ZN (ND2OPTPAD2BWP12T30P140LVT)
                                                          0.01      0.01       0.73 f
  scaleSoftmax/softmax/n4724 (net)              1                   0.00       0.73 f
  scaleSoftmax/softmax/U16408/ZN (AOI21OPTPBD2BWP12T30P140LVT)
                                                          0.01      0.01       0.74 r
  scaleSoftmax/softmax/n3746 (net)              1                   0.00       0.74 r
  scaleSoftmax/softmax/U16403/ZN (NR2D2BWP12T30P140LVT)
                                                          0.01      0.01       0.74 f
  scaleSoftmax/softmax/n6187 (net)              1                   0.00       0.74 f
  scaleSoftmax/softmax/U16622/ZN (OAI21D2BWP12T30P140LVT)
                                                          0.01      0.01       0.75 r
  scaleSoftmax/softmax/n6651 (net)              1                   0.00       0.75 r
  scaleSoftmax/softmax/U16932/ZN (AOI21OPTPBD2BWP12T30P140LVT)
                                                          0.02      0.01       0.76 f
  scaleSoftmax/softmax/n6649 (net)              1                   0.00       0.76 f
  scaleSoftmax/softmax/U16646/ZN (NR3OPTD6BWP12T30P140LVT)
                                                          0.03      0.02       0.79 r
  scaleSoftmax/softmax/n19026 (net)             4                   0.00       0.79 r
  scaleSoftmax/softmax/U8752/ZN (CKND8BWP12T30P140LVT)
                                                          0.02      0.01       0.80 f
  scaleSoftmax/softmax/n4468 (net)             14                   0.00       0.80 f
  scaleSoftmax/softmax/U2747/ZN (INR2D2BWP12T30P140LVT)
                                                          0.01      0.01       0.81 r
  scaleSoftmax/softmax/n3691 (net)              1                   0.00       0.81 r
  scaleSoftmax/softmax/U9219/ZN (INVD1P25BWP12T30P140LVT)
                                                          0.01      0.01       0.81 f
  scaleSoftmax/softmax/n4509 (net)              1                   0.00       0.81 f
  scaleSoftmax/softmax/U9265/ZN (OAI21OPTREPBD2BWP12T30P140LVT)
                                                          0.03      0.01       0.82 r
  scaleSoftmax/softmax/n19157 (net)             3                   0.00       0.82 r
  scaleSoftmax/softmax/U1343/ZN (ND2D2BWP12T30P140LVT)
                                                          0.02      0.01       0.83 f
  scaleSoftmax/softmax/n2582 (net)              2                   0.00       0.83 f
  scaleSoftmax/softmax/U2120/ZN (OAI211OPTREPBD2BWP12T30P140LVT)
                                                          0.01      0.01       0.84 r
  scaleSoftmax/softmax/n22 (net)                1                   0.00       0.84 r
  scaleSoftmax/softmax/U1321/ZN (AOI21OPTPBD1BWP12T30P140LVT)
                                                          0.01      0.01       0.85 f
  scaleSoftmax/softmax/n2733 (net)              1                   0.00       0.85 f
  scaleSoftmax/softmax/U2383/ZN (OAI21OPTPBD2BWP12T30P140LVT)
                                                          0.01      0.01       0.86 r
  scaleSoftmax/softmax/n6275 (net)              1                   0.00       0.86 r
  scaleSoftmax/softmax/U5271/ZN (ND2D2BWP12T30P140LVT)
                                                          0.01      0.01       0.87 f
  scaleSoftmax/softmax/n4491 (net)              1                   0.00       0.87 f
  scaleSoftmax/softmax/U6734/ZN (ND2OPTPAD2BWP12T30P140LVT)
                                                          0.01      0.01       0.88 r
  scaleSoftmax/softmax/n6272 (net)              1                   0.00       0.88 r
  scaleSoftmax/softmax/U8619/ZN (AOI21OPTPBD6BWP12T30P140LVT)
                                                          0.02      0.01       0.89 f
  scaleSoftmax/softmax/n1271 (net)              4                   0.00       0.89 f
  scaleSoftmax/softmax/U8617/ZN (NR2OPTPAD16BWP12T30P140LVT)
                                                          0.03      0.02       0.91 r
  scaleSoftmax/softmax/n6472 (net)             30                   0.00       0.91 r
  scaleSoftmax/softmax/U1235/Z (MUX2D4BWP12T30P140LVT)
                                                          0.01      0.03       0.94 r
  scaleSoftmax/softmax/n4372 (net)              3                   0.00       0.94 r
  scaleSoftmax/softmax/U9515/ZN (INR2D4BWP12T30P140LVT)
                                                          0.01      0.01       0.95 f
  scaleSoftmax/softmax/n2301 (net)              3                   0.00       0.95 f
  scaleSoftmax/softmax/U4424/ZN (NR2D2BWP12T30P140LVT)
                                                          0.01      0.01       0.96 r
  scaleSoftmax/softmax/n2786 (net)              1                   0.00       0.96 r
  scaleSoftmax/softmax/U9670/ZN (OAI211OPTREPBD2BWP12T30P140LVT)
                                                          0.02      0.01       0.97 f
  scaleSoftmax/softmax/n2780 (net)              1                   0.00       0.97 f
  scaleSoftmax/softmax/U9699/ZN (AOI21OPTPBD2BWP12T30P140LVT)
                                                          0.02      0.01       0.98 r
  scaleSoftmax/softmax/n2777 (net)              1                   0.00       0.98 r
  scaleSoftmax/softmax/U4140/ZN (OAI21OPTPBD8BWP12T30P140LVT)
                                                          0.02      0.01       1.00 f
  scaleSoftmax/softmax/n3432 (net)              1                   0.00       1.00 f
  scaleSoftmax/softmax/U8773/ZN (ND2OPTFAD16BWP12T30P140LVT)
                                                          0.03      0.02       1.02 r
  scaleSoftmax/softmax/n19267 (net)            40                   0.00       1.02 r
  scaleSoftmax/softmax/U8407/ZN (CKND16BWP12T30P140LVT)
                                                          0.01      0.01       1.03 f
  scaleSoftmax/softmax/n4373 (net)             13                   0.00       1.03 f
  scaleSoftmax/softmax/U8485/Z (MUX2OPTD6BWP12T30P140LVT)
                                                          0.01      0.02       1.05 r
  scaleSoftmax/softmax/n4401 (net)              3                   0.00       1.05 r
  scaleSoftmax/softmax/U8207/ZN (ND2OPTFAD4BWP12T30P140LVT)
                                                          0.02      0.01       1.06 f
  scaleSoftmax/softmax/n941 (net)               2                   0.00       1.06 f
  scaleSoftmax/softmax/U8206/ZN (AOI21OPTPBD2BWP12T30P140LVT)
                                                          0.01      0.01       1.06 r
  scaleSoftmax/softmax/n1677 (net)              1                   0.00       1.06 r
  scaleSoftmax/softmax/U8843/ZN (OAI21OPTPBD2BWP12T30P140LVT)
                                                          0.01      0.01       1.07 f
  scaleSoftmax/softmax/n2867 (net)              1                   0.00       1.07 f
  scaleSoftmax/softmax/U9737/ZN (AOI21OPTPBD2BWP12T30P140LVT)
                                                          0.01      0.01       1.08 r
  scaleSoftmax/softmax/n4254 (net)              1                   0.00       1.08 r
  scaleSoftmax/softmax/U16413/ZN (NR2D4BWP12T30P140LVT)
                                                          0.01      0.01       1.09 f
  scaleSoftmax/softmax/n4057 (net)              1                   0.00       1.09 f
  scaleSoftmax/softmax/U8359/ZN (NR3OPTPAD6BWP12T30P140LVT)
                                                          0.02      0.02       1.11 r
  scaleSoftmax/softmax/n4055 (net)              1                   0.00       1.11 r
  scaleSoftmax/softmax/U3181/ZN (ND2OPTFAD16BWP12T30P140LVT)
                                                          0.02      0.02       1.12 f
  scaleSoftmax/softmax/n4344 (net)             27                   0.00       1.12 f
  scaleSoftmax/softmax/U2139/ZN (CKND6BWP12T30P140LVT)
                                                          0.01      0.01       1.13 r
  scaleSoftmax/softmax/n158 (net)               3                   0.00       1.13 r
  scaleSoftmax/softmax/U2275/ZN (ND2OPTFAD4BWP12T30P140LVT)
                                                          0.01      0.01       1.14 f
  scaleSoftmax/softmax/n1798 (net)              2                   0.00       1.14 f
  scaleSoftmax/softmax/U3191/ZN (INR2D4BWP12T30P140LVT)
                                                          0.01      0.01       1.15 f
  scaleSoftmax/softmax/n6125 (net)              2                   0.00       1.15 f
  scaleSoftmax/softmax/U2623/ZN (INVD4BWP12T30P140LVT)
                                                          0.01      0.01       1.16 r
  scaleSoftmax/softmax/n186 (net)               1                   0.00       1.16 r
  scaleSoftmax/softmax/U2681/ZN (ND2D4BWP12T30P140LVT)
                                                          0.01      0.01       1.17 f
  scaleSoftmax/softmax/n789 (net)               2                   0.00       1.17 f
  scaleSoftmax/softmax/U2856/ZN (NR2D3BWP12T30P140LVT)
                                                          0.01      0.01       1.18 r
  scaleSoftmax/softmax/n19421 (net)             2                   0.00       1.18 r
  scaleSoftmax/softmax/U8761/ZN (ND3OPTFAD4BWP12T30P140LVT)
                                                          0.01      0.01       1.19 f
  scaleSoftmax/softmax/n1530 (net)              1                   0.00       1.19 f
  scaleSoftmax/softmax/U8121/ZN (INR2D16BWP12T30P140LVT)
                                                          0.01      0.02       1.21 f
  scaleSoftmax/softmax/n1632 (net)             15                   0.00       1.21 f
  scaleSoftmax/softmax/U2602/Z (MUX2OPTD6BWP12T30P140LVT)
                                                          0.01      0.02       1.23 r
  scaleSoftmax/softmax/n4180 (net)              3                   0.00       1.23 r
  scaleSoftmax/softmax/U9470/ZN (OAI21OPTREPBD2BWP12T30P140LVT)
                                                          0.01      0.01       1.24 f
  scaleSoftmax/softmax/n2210 (net)              1                   0.00       1.24 f
  scaleSoftmax/softmax/U2649/ZN (AOI21OPTPBD4BWP12T30P140LVT)
                                                          0.01      0.01       1.25 r
  scaleSoftmax/softmax/n822 (net)               2                   0.00       1.25 r
  scaleSoftmax/softmax/U3278/ZN (ND2OPTFAD4BWP12T30P140LVT)
                                                          0.01      0.01       1.26 f
  scaleSoftmax/softmax/n904 (net)               2                   0.00       1.26 f
  scaleSoftmax/softmax/U3352/ZN (NR2OPTPAD2BWP12T30P140LVT)
                                                          0.01      0.01       1.27 r
  scaleSoftmax/softmax/n925 (net)               1                   0.00       1.27 r
  scaleSoftmax/softmax/U2427/ZN (ND3OPTPAD2BWP12T30P140LVT)
                                                          0.02      0.01       1.28 f
  scaleSoftmax/softmax/n107 (net)               1                   0.00       1.28 f
  scaleSoftmax/softmax/U2426/ZN (ND2OPTFAD4BWP12T30P140LVT)
                                                          0.01      0.01       1.29 r
  scaleSoftmax/softmax/n1531 (net)              1                   0.00       1.29 r
  scaleSoftmax/softmax/U2633/ZN (NR2OPTD12BWP12T30P140LVT)
                                                          0.01      0.01       1.30 f
  scaleSoftmax/softmax/n4353 (net)              9                   0.00       1.30 f
  scaleSoftmax/softmax/U8749/ZN (AOI21OPTPBD4BWP12T30P140LVT)
                                                          0.01      0.01       1.31 r
  scaleSoftmax/softmax/n5038 (net)              1                   0.00       1.31 r
  scaleSoftmax/softmax/U2501/ZN (ND2OPTFAD6BWP12T30P140LVT)
                                                          0.02      0.01       1.32 f
  scaleSoftmax/softmax/n1129 (net)              2                   0.00       1.32 f
  scaleSoftmax/softmax/U8289/ZN (NR2D16BWP12T30P140LVT)
                                                          0.02      0.02       1.34 r
  scaleSoftmax/softmax/n6669 (net)             17                   0.00       1.34 r
  scaleSoftmax/softmax/U2132/Z (BUFFXD6BWP12T30P140LVT)
                                                          0.01      0.01       1.36 r
  scaleSoftmax/softmax/n379 (net)               3                   0.00       1.36 r
  scaleSoftmax/softmax/U8786/ZN (OAI22OPTPBD4BWP12T30P140LVT)
                                                          0.02      0.01       1.37 f
  scaleSoftmax/softmax/n19579 (net)             3                   0.00       1.37 f
  scaleSoftmax/softmax/U701/ZN (NR2D2BWP12T30P140LVT)     0.01      0.01       1.38 r
  scaleSoftmax/softmax/n99 (net)                1                   0.00       1.38 r
  scaleSoftmax/softmax/U2404/ZN (AOI21OPTPBD2BWP12T30P140LVT)
                                                          0.01      0.01       1.39 f
  scaleSoftmax/softmax/n4278 (net)              1                   0.00       1.39 f
  scaleSoftmax/softmax/U2912/ZN (NR2D2BWP12T30P140LVT)
                                                          0.01      0.01       1.40 r
  scaleSoftmax/softmax/n1579 (net)              1                   0.00       1.40 r
  scaleSoftmax/softmax/U6104/ZN (OAI21D2BWP12T30P140LVT)
                                                          0.02      0.01       1.41 f
  scaleSoftmax/softmax/n3878 (net)              1                   0.00       1.41 f
  scaleSoftmax/softmax/U8849/ZN (AOI21D4BWP12T30P140LVT)
                                                          0.02      0.01       1.42 r
  scaleSoftmax/softmax/n4018 (net)              1                   0.00       1.42 r
  scaleSoftmax/softmax/U8070/ZN (NR2D8BWP12T30P140LVT)
                                                          0.01      0.01       1.43 f
  scaleSoftmax/softmax/n711 (net)               3                   0.00       1.43 f
  scaleSoftmax/softmax/U8068/ZN (ND2OPTFAD16BWP12T30P140LVT)
                                                          0.02      0.01       1.44 r
  scaleSoftmax/softmax/n3169 (net)             18                   0.00       1.44 r
  scaleSoftmax/softmax/U2919/ZN (CKND16BWP12T30P140LVT)
                                                          0.01      0.01       1.45 f
  scaleSoftmax/softmax/n4151 (net)             12                   0.00       1.45 f
  scaleSoftmax/softmax/U2833/Z (MUX2OPTD6BWP12T30P140LVT)
                                                          0.01      0.02       1.47 r
  scaleSoftmax/softmax/n19763 (net)             3                   0.00       1.47 r
  scaleSoftmax/softmax/U2832/ZN (ND2OPTPAD2BWP12T30P140LVT)
                                                          0.01      0.01       1.48 f
  scaleSoftmax/softmax/n1322 (net)              1                   0.00       1.48 f
  scaleSoftmax/softmax/U2936/ZN (INVD4BWP12T30P140LVT)
                                                          0.01      0.01       1.49 r
  scaleSoftmax/softmax/n937 (net)               1                   0.00       1.49 r
  scaleSoftmax/softmax/U2783/ZN (NR2OPTFAD4BWP12T30P140LVT)
                                                          0.01      0.01       1.50 f
  scaleSoftmax/softmax/n936 (net)               1                   0.00       1.50 f
  scaleSoftmax/softmax/U8203/ZN (AOI21OPTPBD2BWP12T30P140LVT)
                                                          0.01      0.01       1.51 r
  scaleSoftmax/softmax/n934 (net)               1                   0.00       1.51 r
  scaleSoftmax/softmax/U8200/ZN (NR2OPTPAD2BWP12T30P140LVT)
                                                          0.01      0.01       1.51 f
  scaleSoftmax/softmax/n1026 (net)              1                   0.00       1.51 f
  scaleSoftmax/softmax/U8245/ZN (INR2D4BWP12T30P140LVT)
                                                          0.01      0.01       1.52 r
  scaleSoftmax/softmax/n1035 (net)              1                   0.00       1.52 r
  scaleSoftmax/softmax/U4135/ZN (NR2D8BWP12T30P140LVT)
                                                          0.01      0.01       1.53 f
  scaleSoftmax/softmax/n4065 (net)              1                   0.00       1.53 f
  scaleSoftmax/softmax/U16539/ZN (ND2OPTFAD16BWP12T30P140LVT)
                                                          0.02      0.02       1.55 r
  scaleSoftmax/softmax/n19725 (net)            35                   0.00       1.55 r
  scaleSoftmax/softmax/U2010/Z (MUX2OPTD4BWP12T30P140LVT)
                                                          0.01      0.03       1.57 f
  scaleSoftmax/softmax/n19872 (net)             3                   0.00       1.57 f
  scaleSoftmax/softmax/U8133/ZN (INR2D8BWP12T30P140LVT)
                                                          0.01      0.01       1.58 r
  scaleSoftmax/softmax/n2396 (net)              3                   0.00       1.58 r
  scaleSoftmax/softmax/U396/ZN (INR2D1BWP12T30P140LVT)
                                                          0.01      0.01       1.59 f
  scaleSoftmax/softmax/n1481 (net)              1                   0.00       1.59 f
  scaleSoftmax/softmax/U8713/ZN (AOI21OPTPBD2BWP12T30P140LVT)
                                                          0.02      0.01       1.60 r
  scaleSoftmax/softmax/n1567 (net)              1                   0.00       1.60 r
  scaleSoftmax/softmax/U8210/ZN (ND2OPTPAD2BWP12T30P140LVT)
                                                          0.01      0.01       1.61 f
  scaleSoftmax/softmax/n946 (net)               1                   0.00       1.61 f
  scaleSoftmax/softmax/U2384/ZN (AOI21OPTPBD4BWP12T30P140LVT)
                                                          0.02      0.01       1.62 r
  scaleSoftmax/softmax/n945 (net)               1                   0.00       1.62 r
  scaleSoftmax/softmax/U8208/ZN (AOI21OPTPBD6BWP12T30P140LVT)
                                                          0.02      0.01       1.63 f
  scaleSoftmax/softmax/n3921 (net)              1                   0.00       1.63 f
  scaleSoftmax/softmax/U3194/ZN (NR2D16BWP12T30P140LVT)
                                                          0.02      0.02       1.65 r
  scaleSoftmax/softmax/n19838 (net)            16                   0.00       1.65 r
  scaleSoftmax/softmax/U16460/ZN (ND2OPTPAD2BWP12T30P140LVT)
                                                          0.02      0.01       1.66 f
  scaleSoftmax/softmax/n4758 (net)              1                   0.00       1.66 f
  scaleSoftmax/softmax/U8774/ZN (ND2OPTFAD4BWP12T30P140LVT)
                                                          0.01      0.01       1.67 r
  scaleSoftmax/softmax/n19981 (net)             3                   0.00       1.67 r
  scaleSoftmax/softmax/U9290/ZN (ND2OPTFAD6BWP12T30P140LVT)
                                                          0.01      0.01       1.68 f
  scaleSoftmax/softmax/n4729 (net)              2                   0.00       1.68 f
  scaleSoftmax/softmax/U8254/ZN (ND2OPTFAD4BWP12T30P140LVT)
                                                          0.01      0.01       1.69 r
  scaleSoftmax/softmax/n1040 (net)              2                   0.00       1.69 r
  scaleSoftmax/softmax/U8253/ZN (OAI21OPTREPBD2BWP12T30P140LVT)
                                                          0.01      0.01       1.70 f
  scaleSoftmax/softmax/n1568 (net)              1                   0.00       1.70 f
  scaleSoftmax/softmax/U8811/ZN (ND2D3BWP12T30P140LVT)
                                                          0.01      0.01       1.71 r
  scaleSoftmax/softmax/n4516 (net)              1                   0.00       1.71 r
  scaleSoftmax/softmax/U16483/ZN (ND3OPTFAD4BWP12T30P140LVT)
                                                          0.01      0.01       1.72 f
  scaleSoftmax/softmax/n4944 (net)              1                   0.00       1.72 f
  scaleSoftmax/softmax/U16769/ZN (AOI21OPTPBD2BWP12T30P140LVT)
                                                          0.01      0.01       1.73 r
  scaleSoftmax/softmax/n6616 (net)              1                   0.00       1.73 r
  scaleSoftmax/softmax/U16750/ZN (ND3OPTPAD2BWP12T30P140LVT)
                                                          0.02      0.01       1.74 f
  scaleSoftmax/softmax/n19964 (net)             1                   0.00       1.74 f
  scaleSoftmax/softmax/U16675/ZN (AOI21OPTPBD4BWP12T30P140LVT)
                                                          0.02      0.01       1.75 r
  scaleSoftmax/softmax/n19980 (net)             2                   0.00       1.75 r
  scaleSoftmax/softmax/U8898/ZN (CKND8BWP12T30P140LVT)
                                                          0.01      0.01       1.76 f
  scaleSoftmax/softmax/n4415 (net)              8                   0.00       1.76 f
  scaleSoftmax/softmax/U2802/ZN (CKND8BWP12T30P140LVT)
                                                          0.01      0.01       1.77 r
  scaleSoftmax/softmax/n1189 (net)              5                   0.00       1.77 r
  scaleSoftmax/softmax/U2186/ZN (ND2OPTPAD4BWP12T30P140LVT)
                                                          0.01      0.01       1.78 f
  scaleSoftmax/softmax/n2802 (net)              1                   0.00       1.78 f
  scaleSoftmax/softmax/U9704/ZN (OAI21OPTPBD2BWP12T30P140LVT)
                                                          0.01      0.01       1.79 r
  scaleSoftmax/softmax/n20006 (net)             3                   0.00       1.79 r
  scaleSoftmax/softmax/U143/ZN (ND2D2BWP12T30P140LVT)     0.01      0.01       1.80 f
  scaleSoftmax/softmax/n6948 (net)              2                   0.00       1.80 f
  scaleSoftmax/softmax/U8890/ZN (AOI31D2BWP12T30P140LVT)
                                                          0.02      0.01       1.81 r
  scaleSoftmax/softmax/n4669 (net)              1                   0.00       1.81 r
  scaleSoftmax/softmax/U9364/ZN (NR2D2BWP12T30P140LVT)
                                                          0.01      0.01       1.82 f
  scaleSoftmax/softmax/n4470 (net)              1                   0.00       1.82 f
  scaleSoftmax/softmax/U8778/ZN (OAI21D2BWP12T30P140LVT)
                                                          0.01      0.01       1.83 r
  scaleSoftmax/softmax/n4904 (net)              1                   0.00       1.83 r
  scaleSoftmax/softmax/U16746/ZN (AOI21OPTPBD2BWP12T30P140LVT)
                                                          0.01      0.01       1.84 f
  scaleSoftmax/softmax/n4902 (net)              1                   0.00       1.84 f
  scaleSoftmax/softmax/U4124/ZN (NR2D4BWP12T30P140LVT)
                                                          0.01      0.01       1.85 r
  scaleSoftmax/softmax/n7083 (net)              1                   0.00       1.85 r
  scaleSoftmax/softmax/U2366/ZN (ND2OPTFAD6BWP12T30P140LVT)
                                                          0.01      0.01       1.85 f
  scaleSoftmax/softmax/n3806 (net)              2                   0.00       1.85 f
  scaleSoftmax/softmax/U2365/ZN (INR2D8BWP12T30P140LVT)
                                                          0.01      0.01       1.87 r
  scaleSoftmax/softmax/n494 (net)               5                   0.00       1.87 r
  scaleSoftmax/softmax/U9242/ZN (ND2OPTFAD8BWP12T30P140LVT)
                                                          0.01      0.01       1.87 f
  scaleSoftmax/softmax/n20097 (net)             2                   0.00       1.87 f
  scaleSoftmax/softmax/U2244/ZN (INVD9BWP12T30P140LVT)
                                                          0.01      0.01       1.88 r
  scaleSoftmax/softmax/n40384 (net)             9                   0.00       1.88 r
  scaleSoftmax/softmax/U9405/ZN (CKND12BWP12T30P140LVT)
                                                          0.01      0.01       1.89 f
  scaleSoftmax/softmax/n40918 (net)            30                   0.00       1.89 f
  scaleSoftmax/softmax/U16771/ZN (OAI22D1BWP12T30P140LVT)
                                                          0.02      0.01       1.90 r
  scaleSoftmax/softmax/n5545 (net)              1                   0.00       1.90 r
  scaleSoftmax/softmax/globalMaximum_reg[0]/D (DFQD2BWP12T30P140LVT)
                                                          0.02      0.00       1.90 r
  data arrival time                                                            1.90

  clock clk (rise edge)                                             2.00       2.00
  clock network delay (ideal)                                       0.00       2.00
  clock uncertainty                                                -0.10       1.90
  scaleSoftmax/softmax/globalMaximum_reg[0]/CP (DFQD2BWP12T30P140LVT)
                                                                    0.00       1.90 r
  library setup time                                               -0.01       1.89
  data required time                                                           1.89
  ------------------------------------------------------------------------------------
  data required time                                                           1.89
  data arrival time                                                           -1.90
  ------------------------------------------------------------------------------------
  slack (VIOLATED)                                                            -0.02


  Startpoint: scaleSoftmax/softmax/packCountReg_reg[0]
              (rising edge-triggered flip-flop clocked by clk)
  Endpoint: scaleSoftmax/softmax/globalMaximum_reg[39]
            (rising edge-triggered flip-flop clocked by clk)
  Path Group: clk
  Path Type: max

  Des/Clust/Port     Wire Load Model       Library
  ------------------------------------------------
  AttentionFeaturePacketizer_0
                     ZeroWireload          tcbn28hpcplusbwp12t30p140lvtssg0p81v125c
  PackDescriptorDecoder_1
                     ZeroWireload          tcbn28hpcplusbwp12t30p140lvtssg0p81v125c
  PackDescriptorDecoder
                     ZeroWireload          tcbn28hpcplusbwp12t30p140lvtssg0p81v125c
  BufferedPackMetadataDequantizer_1
                     ZeroWireload          tcbn28hpcplusbwp12t30p140lvtssg0p81v125c
  DynamicBitUnpacker_1
                     ZeroWireload          tcbn28hpcplusbwp12t30p140lvtssg0p81v125c
  BufferedPackMetadataDequantizer
                     ZeroWireload          tcbn28hpcplusbwp12t30p140lvtssg0p81v125c
  DynamicBitUnpacker ZeroWireload          tcbn28hpcplusbwp12t30p140lvtssg0p81v125c
  KvStreamDequantizer_1
                     ZeroWireload          tcbn28hpcplusbwp12t30p140lvtssg0p81v125c
  KvStreamDequantizer
                     ZeroWireload          tcbn28hpcplusbwp12t30p140lvtssg0p81v125c
  DecompressionPipelineController_1
                     ZeroWireload          tcbn28hpcplusbwp12t30p140lvtssg0p81v125c
  DecompressionPipelineController
                     ZeroWireload          tcbn28hpcplusbwp12t30p140lvtssg0p81v125c
  QkDotProductAccumulator
                     ZeroWireload          tcbn28hpcplusbwp12t30p140lvtssg0p81v125c
  QueryReplayBuffer  ZeroWireload          tcbn28hpcplusbwp12t30p140lvtssg0p81v125c
  AttentionFeaturePacketizer_1
                     ZeroWireload          tcbn28hpcplusbwp12t30p140lvtssg0p81v125c
  DualKvDecompressionController
                     ZeroWireload          tcbn28hpcplusbwp12t30p140lvtssg0p81v125c
  SoftmaxVAccumulator
                     ZeroWireload          tcbn28hpcplusbwp12t30p140lvtssg0p81v125c
  StreamingSoftmax   ZeroWireload          tcbn28hpcplusbwp12t30p140lvtssg0p81v125c
  AttentionScaleUnit ZeroWireload          tcbn28hpcplusbwp12t30p140lvtssg0p81v125c
  AvOutputQuantizer  ZeroWireload          tcbn28hpcplusbwp12t30p140lvtssg0p81v125c
  BriskKvAttentionTop
                     ZeroWireload          tcbn28hpcplusbwp12t30p140lvtssg0p81v125c

  Point                                       Fanout     Trans      Incr       Path
  ------------------------------------------------------------------------------------
  clock clk (rise edge)                                             0.00       0.00
  clock network delay (ideal)                                       0.00       0.00
  scaleSoftmax/softmax/packCountReg_reg[0]/CP (DFQOPTMAD8BWP12T30P140LVT)
                                                          0.00      0.00 #     0.00 r
  scaleSoftmax/softmax/packCountReg_reg[0]/Q (DFQOPTMAD8BWP12T30P140LVT)
                                                          0.01      0.02       0.02 f
  scaleSoftmax/softmax/packCountReg[0] (net)
                                                5                   0.00       0.02 f
  scaleSoftmax/softmax/U16327/ZN (NR2OPTD12BWP12T30P140LVT)
                                                          0.01      0.01       0.03 r
  scaleSoftmax/softmax/n4197 (net)              1                   0.00       0.03 r
  scaleSoftmax/softmax/U4071/ZN (ND3OPTFAD16BWP12T30P140LVT)
                                                          0.01      0.01       0.04 f
  scaleSoftmax/softmax/n6641 (net)              1                   0.00       0.04 f
  scaleSoftmax/softmax/U16385/ZN (NR2OPTPAD16BWP12T30P140LVT)
                                                          0.02      0.01       0.06 r
  scaleSoftmax/softmax/n6989 (net)             11                   0.00       0.06 r
  scaleSoftmax/softmax/U1973/ZN (ND2OPTD6BWP12T30P140LVT)
                                                          0.01      0.01       0.07 f
  scaleSoftmax/softmax/n27900 (net)             3                   0.00       0.07 f
  scaleSoftmax/softmax/U3042/ZN (AOI21OPTREPBD2BWP12T30P140LVT)
                                                          0.01      0.01       0.08 r
  scaleSoftmax/softmax/n298 (net)               1                   0.00       0.08 r
  scaleSoftmax/softmax/U3041/ZN (NR2D3BWP12T30P140LVT)
                                                          0.01      0.01       0.08 f
  scaleSoftmax/softmax/n3693 (net)              1                   0.00       0.08 f
  scaleSoftmax/softmax/U16282/ZN (ND2OPTFAD4BWP12T30P140LVT)
                                                          0.01      0.01       0.09 r
  scaleSoftmax/softmax/n3654 (net)              2                   0.00       0.09 r
  scaleSoftmax/softmax/U8918/ZN (NR3OPTFAD4BWP12T30P140LVT)
                                                          0.01      0.01       0.10 f
  scaleSoftmax/softmax/n4748 (net)              1                   0.00       0.10 f
  scaleSoftmax/softmax/U16710/ZN (ND2OPTFAD4BWP12T30P140LVT)
                                                          0.01      0.01       0.11 r
  scaleSoftmax/softmax/n4747 (net)              1                   0.00       0.11 r
  scaleSoftmax/softmax/U9152/ZN (NR2OPTD12BWP12T30P140LVT)
                                                          0.01      0.01       0.12 f
  scaleSoftmax/softmax/n4745 (net)              2                   0.00       0.12 f
  scaleSoftmax/softmax/U2510/ZN (ND2OPTFAD16BWP12T30P140LVT)
                                                          0.02      0.02       0.14 r
  scaleSoftmax/softmax/n6944 (net)             24                   0.00       0.14 r
  scaleSoftmax/softmax/U9041/ZN (ND2D4BWP12T30P140LVT)
                                                          0.01      0.01       0.15 f
  scaleSoftmax/softmax/n3809 (net)              1                   0.00       0.15 f
  scaleSoftmax/softmax/U3085/ZN (INVD4BWP12T30P140LVT)
                                                          0.01      0.01       0.15 r
  scaleSoftmax/softmax/n18388 (net)             3                   0.00       0.15 r
  scaleSoftmax/softmax/U9632/ZN (NR2OPTPAD2BWP12T30P140LVT)
                                                          0.01      0.01       0.16 f
  scaleSoftmax/softmax/n2576 (net)              2                   0.00       0.16 f
  scaleSoftmax/softmax/U9542/ZN (OAI21D2BWP12T30P140LVT)
                                                          0.01      0.01       0.17 r
  scaleSoftmax/softmax/n2569 (net)              1                   0.00       0.17 r
  scaleSoftmax/softmax/U9624/ZN (AOI21OPTPBD2BWP12T30P140LVT)
                                                          0.01      0.01       0.18 f
  scaleSoftmax/softmax/n3706 (net)              1                   0.00       0.18 f
  scaleSoftmax/softmax/U9099/ZN (NR2D4BWP12T30P140LVT)
                                                          0.01      0.01       0.20 r
  scaleSoftmax/softmax/n4249 (net)              1                   0.00       0.20 r
  scaleSoftmax/softmax/U16454/ZN (NR3OPTFAD4BWP12T30P140LVT)
                                                          0.01      0.01       0.21 f
  scaleSoftmax/softmax/n4248 (net)              1                   0.00       0.21 f
  scaleSoftmax/softmax/U4139/ZN (NR2D8BWP12T30P140LVT)
                                                          0.02      0.01       0.22 r
  scaleSoftmax/softmax/n4243 (net)              1                   0.00       0.22 r
  scaleSoftmax/softmax/U2946/ZN (NR2OPTPAD16BWP12T30P140LVT)
                                                          0.02      0.01       0.24 f
  scaleSoftmax/softmax/n6703 (net)             31                   0.00       0.24 f
  scaleSoftmax/softmax/U9805/Z (MUX2OPTD4BWP12T30P140LVT)
                                                          0.01      0.02       0.26 r
  scaleSoftmax/softmax/n3041 (net)              3                   0.00       0.26 r
  scaleSoftmax/softmax/U5717/ZN (ND2OPTFAD4BWP12T30P140LVT)
                                                          0.01      0.01       0.27 f
  scaleSoftmax/softmax/n2269 (net)              2                   0.00       0.27 f
  scaleSoftmax/softmax/U9222/ZN (AOI21OPTPBD2BWP12T30P140LVT)
                                                          0.01      0.01       0.28 r
  scaleSoftmax/softmax/n18507 (net)             1                   0.00       0.28 r
  scaleSoftmax/softmax/U9715/ZN (OAI21OPTREPBD2BWP12T30P140LVT)
                                                          0.01      0.01       0.29 f
  scaleSoftmax/softmax/n18509 (net)             1                   0.00       0.29 f
  scaleSoftmax/softmax/U9814/ZN (AOI21OPTPBD2BWP12T30P140LVT)
                                                          0.01      0.01       0.30 r
  scaleSoftmax/softmax/n3065 (net)              1                   0.00       0.30 r
  scaleSoftmax/softmax/U9813/ZN (OAI21OPTPBD2BWP12T30P140LVT)
                                                          0.01      0.01       0.31 f
  scaleSoftmax/softmax/n3064 (net)              1                   0.00       0.31 f
  scaleSoftmax/softmax/U2800/ZN (NR2OPTPAD2BWP12T30P140LVT)
                                                          0.01      0.01       0.33 r
  scaleSoftmax/softmax/n228 (net)               1                   0.00       0.33 r
  scaleSoftmax/softmax/U2799/ZN (NR2OPTD6BWP12T30P140LVT)
                                                          0.01      0.01       0.33 f
  scaleSoftmax/softmax/n226 (net)               1                   0.00       0.33 f
  scaleSoftmax/softmax/U2798/ZN (INR2D16BWP12T30P140LVT)
                                                          0.03      0.02       0.35 r
  scaleSoftmax/softmax/n4484 (net)             32                   0.00       0.35 r
  scaleSoftmax/softmax/U1771/ZN (INR2D2BWP12T30P140LVT)
                                                          0.01      0.01       0.36 f
  scaleSoftmax/softmax/n1956 (net)              1                   0.00       0.36 f
  scaleSoftmax/softmax/U7313/ZN (INVD2BWP12T30P140LVT)
                                                          0.01      0.01       0.36 r
  scaleSoftmax/softmax/n3055 (net)              1                   0.00       0.36 r
  scaleSoftmax/softmax/U2885/ZN (CKND2D3BWP12T30P140LVT)
                                                          0.01      0.01       0.37 f
  scaleSoftmax/softmax/n18710 (net)             3                   0.00       0.37 f
  scaleSoftmax/softmax/U1732/ZN (NR2OPTFAD4BWP12T30P140LVT)
                                                          0.01      0.01       0.38 r
  scaleSoftmax/softmax/n6473 (net)              2                   0.00       0.38 r
  scaleSoftmax/softmax/U2097/ZN (NR3OPTPAD2BWP12T30P140LVT)
                                                          0.01      0.01       0.39 f
  scaleSoftmax/softmax/n6845 (net)              1                   0.00       0.39 f
  scaleSoftmax/softmax/U1706/ZN (NR2OPTPAD2BWP12T30P140LVT)
                                                          0.01      0.01       0.40 r
  scaleSoftmax/softmax/n4574 (net)              1                   0.00       0.40 r
  scaleSoftmax/softmax/U7265/ZN (OAI21D2BWP12T30P140LVT)
                                                          0.01      0.01       0.41 f
  scaleSoftmax/softmax/n4572 (net)              1                   0.00       0.41 f
  scaleSoftmax/softmax/U16689/ZN (AOI21OPTREPBD2BWP12T30P140LVT)
                                                          0.01      0.01       0.42 r
  scaleSoftmax/softmax/n6526 (net)              1                   0.00       0.42 r
  scaleSoftmax/softmax/U8494/ZN (OAI21OPTREPBD2BWP12T30P140LVT)
                                                          0.02      0.01       0.43 f
  scaleSoftmax/softmax/n6538 (net)              1                   0.00       0.43 f
  scaleSoftmax/softmax/U16902/ZN (OAI21OPTPBD4BWP12T30P140LVT)
                                                          0.02      0.01       0.44 r
  scaleSoftmax/softmax/n6730 (net)              1                   0.00       0.44 r
  scaleSoftmax/softmax/U8524/ZN (ND2OPTD12BWP12T30P140LVT)
                                                          0.02      0.02       0.46 f
  scaleSoftmax/softmax/n18684 (net)             8                   0.00       0.46 f
  scaleSoftmax/softmax/U2026/Z (MUX2D4BWP12T30P140LVT)
                                                          0.01      0.03       0.49 r
  scaleSoftmax/softmax/n18845 (net)             2                   0.00       0.49 r
  scaleSoftmax/softmax/U1651/Z (BUFFXD6BWP12T30P140LVT)
                                                          0.01      0.01       0.50 r
  scaleSoftmax/softmax/n4548 (net)              2                   0.00       0.50 r
  scaleSoftmax/softmax/U16986/ZN (INR2D4BWP12T30P140LVT)
                                                          0.01      0.00       0.50 f
  scaleSoftmax/softmax/n6990 (net)              1                   0.00       0.50 f
  scaleSoftmax/softmax/U16886/ZN (NR2OPTPAD2BWP12T30P140LVT)
                                                          0.01      0.01       0.51 r
  scaleSoftmax/softmax/n6386 (net)              1                   0.00       0.51 r
  scaleSoftmax/softmax/U8425/ZN (OAI21OPTREPBD2BWP12T30P140LVT)
                                                          0.01      0.01       0.52 f
  scaleSoftmax/softmax/n1151 (net)              1                   0.00       0.52 f
  scaleSoftmax/softmax/U2048/ZN (ND2D3BWP12T30P140LVT)
                                                          0.01      0.01       0.53 r
  scaleSoftmax/softmax/n4475 (net)              1                   0.00       0.53 r
  scaleSoftmax/softmax/U2140/ZN (AOI21OPTPBD6BWP12T30P140LVT)
                                                          0.02      0.01       0.54 f
  scaleSoftmax/softmax/n7123 (net)              1                   0.00       0.54 f
  scaleSoftmax/softmax/U8928/ZN (INR2D16BWP12T30P140LVT)
                                                          0.02      0.01       0.55 r
  scaleSoftmax/softmax/n1751 (net)             12                   0.00       0.55 r
  scaleSoftmax/softmax/U8979/Z (MUX2D2BWP12T30P140LVT)
                                                          0.01      0.02       0.58 f
  scaleSoftmax/softmax/n18956 (net)             3                   0.00       0.58 f
  scaleSoftmax/softmax/U1558/ZN (INR2D1BWP12T30P140LVT)
                                                          0.02      0.01       0.59 r
  scaleSoftmax/softmax/n18894 (net)             2                   0.00       0.59 r
  scaleSoftmax/softmax/U1530/ZN (INVD1BWP12T30P140LVT)
                                                          0.01      0.01       0.60 f
  scaleSoftmax/softmax/n6379 (net)              1                   0.00       0.60 f
  scaleSoftmax/softmax/U9248/ZN (AOI21OPTPBD2BWP12T30P140LVT)
                                                          0.01      0.01       0.61 r
  scaleSoftmax/softmax/n1998 (net)              1                   0.00       0.61 r
  scaleSoftmax/softmax/U9247/ZN (OAI21OPTREPBD2BWP12T30P140LVT)
                                                          0.01      0.01       0.62 f
  scaleSoftmax/softmax/n4641 (net)              1                   0.00       0.62 f
  scaleSoftmax/softmax/U9396/ZN (AOI21OPTPBD2BWP12T30P140LVT)
                                                          0.02      0.02       0.64 r
  scaleSoftmax/softmax/n18955 (net)             2                   0.00       0.64 r
  scaleSoftmax/softmax/U16699/ZN (ND3OPTPAD2BWP12T30P140LVT)
                                                          0.02      0.02       0.65 f
  scaleSoftmax/softmax/n6520 (net)              1                   0.00       0.65 f
  scaleSoftmax/softmax/U16336/ZN (NR2OPTFAD4BWP12T30P140LVT)
                                                          0.01      0.01       0.66 r
  scaleSoftmax/softmax/n3781 (net)              1                   0.00       0.66 r
  scaleSoftmax/softmax/U1999/ZN (ND2OPTFAD8BWP12T30P140LVT)
                                                          0.01      0.01       0.68 f
  scaleSoftmax/softmax/n18941 (net)             4                   0.00       0.68 f
  scaleSoftmax/softmax/U8376/ZN (CKND16BWP12T30P140LVT)
                                                          0.01      0.01       0.69 r
  scaleSoftmax/softmax/n4526 (net)             12                   0.00       0.69 r
  scaleSoftmax/softmax/U2122/ZN (CKND8BWP12T30P140LVT)
                                                          0.01      0.01       0.69 f
  scaleSoftmax/softmax/n6496 (net)              4                   0.00       0.69 f
  scaleSoftmax/softmax/U8277/Z (MUX2OPTD6BWP12T30P140LVT)
                                                          0.01      0.02       0.71 r
  scaleSoftmax/softmax/n4363 (net)              3                   0.00       0.71 r
  scaleSoftmax/softmax/U8276/ZN (ND2OPTFAD4BWP12T30P140LVT)
                                                          0.01      0.01       0.72 f
  scaleSoftmax/softmax/n2146 (net)              2                   0.00       0.72 f
  scaleSoftmax/softmax/U6882/ZN (ND2D2BWP12T30P140LVT)
                                                          0.01      0.01       0.72 r
  scaleSoftmax/softmax/n1813 (net)              1                   0.00       0.72 r
  scaleSoftmax/softmax/U9007/ZN (ND2OPTPAD2BWP12T30P140LVT)
                                                          0.01      0.01       0.73 f
  scaleSoftmax/softmax/n4724 (net)              1                   0.00       0.73 f
  scaleSoftmax/softmax/U16408/ZN (AOI21OPTPBD2BWP12T30P140LVT)
                                                          0.01      0.01       0.74 r
  scaleSoftmax/softmax/n3746 (net)              1                   0.00       0.74 r
  scaleSoftmax/softmax/U16403/ZN (NR2D2BWP12T30P140LVT)
                                                          0.01      0.01       0.74 f
  scaleSoftmax/softmax/n6187 (net)              1                   0.00       0.74 f
  scaleSoftmax/softmax/U16622/ZN (OAI21D2BWP12T30P140LVT)
                                                          0.01      0.01       0.75 r
  scaleSoftmax/softmax/n6651 (net)              1                   0.00       0.75 r
  scaleSoftmax/softmax/U16932/ZN (AOI21OPTPBD2BWP12T30P140LVT)
                                                          0.02      0.01       0.76 f
  scaleSoftmax/softmax/n6649 (net)              1                   0.00       0.76 f
  scaleSoftmax/softmax/U16646/ZN (NR3OPTD6BWP12T30P140LVT)
                                                          0.03      0.02       0.79 r
  scaleSoftmax/softmax/n19026 (net)             4                   0.00       0.79 r
  scaleSoftmax/softmax/U8752/ZN (CKND8BWP12T30P140LVT)
                                                          0.02      0.01       0.80 f
  scaleSoftmax/softmax/n4468 (net)             14                   0.00       0.80 f
  scaleSoftmax/softmax/U2747/ZN (INR2D2BWP12T30P140LVT)
                                                          0.01      0.01       0.81 r
  scaleSoftmax/softmax/n3691 (net)              1                   0.00       0.81 r
  scaleSoftmax/softmax/U9219/ZN (INVD1P25BWP12T30P140LVT)
                                                          0.01      0.01       0.81 f
  scaleSoftmax/softmax/n4509 (net)              1                   0.00       0.81 f
  scaleSoftmax/softmax/U9265/ZN (OAI21OPTREPBD2BWP12T30P140LVT)
                                                          0.03      0.01       0.82 r
  scaleSoftmax/softmax/n19157 (net)             3                   0.00       0.82 r
  scaleSoftmax/softmax/U1343/ZN (ND2D2BWP12T30P140LVT)
                                                          0.02      0.01       0.83 f
  scaleSoftmax/softmax/n2582 (net)              2                   0.00       0.83 f
  scaleSoftmax/softmax/U2120/ZN (OAI211OPTREPBD2BWP12T30P140LVT)
                                                          0.01      0.01       0.84 r
  scaleSoftmax/softmax/n22 (net)                1                   0.00       0.84 r
  scaleSoftmax/softmax/U1321/ZN (AOI21OPTPBD1BWP12T30P140LVT)
                                                          0.01      0.01       0.85 f
  scaleSoftmax/softmax/n2733 (net)              1                   0.00       0.85 f
  scaleSoftmax/softmax/U2383/ZN (OAI21OPTPBD2BWP12T30P140LVT)
                                                          0.01      0.01       0.86 r
  scaleSoftmax/softmax/n6275 (net)              1                   0.00       0.86 r
  scaleSoftmax/softmax/U5271/ZN (ND2D2BWP12T30P140LVT)
                                                          0.01      0.01       0.87 f
  scaleSoftmax/softmax/n4491 (net)              1                   0.00       0.87 f
  scaleSoftmax/softmax/U6734/ZN (ND2OPTPAD2BWP12T30P140LVT)
                                                          0.01      0.01       0.88 r
  scaleSoftmax/softmax/n6272 (net)              1                   0.00       0.88 r
  scaleSoftmax/softmax/U8619/ZN (AOI21OPTPBD6BWP12T30P140LVT)
                                                          0.02      0.01       0.89 f
  scaleSoftmax/softmax/n1271 (net)              4                   0.00       0.89 f
  scaleSoftmax/softmax/U8617/ZN (NR2OPTPAD16BWP12T30P140LVT)
                                                          0.03      0.02       0.91 r
  scaleSoftmax/softmax/n6472 (net)             30                   0.00       0.91 r
  scaleSoftmax/softmax/U1235/Z (MUX2D4BWP12T30P140LVT)
                                                          0.01      0.03       0.94 r
  scaleSoftmax/softmax/n4372 (net)              3                   0.00       0.94 r
  scaleSoftmax/softmax/U9515/ZN (INR2D4BWP12T30P140LVT)
                                                          0.01      0.01       0.95 f
  scaleSoftmax/softmax/n2301 (net)              3                   0.00       0.95 f
  scaleSoftmax/softmax/U4424/ZN (NR2D2BWP12T30P140LVT)
                                                          0.01      0.01       0.96 r
  scaleSoftmax/softmax/n2786 (net)              1                   0.00       0.96 r
  scaleSoftmax/softmax/U9670/ZN (OAI211OPTREPBD2BWP12T30P140LVT)
                                                          0.02      0.01       0.97 f
  scaleSoftmax/softmax/n2780 (net)              1                   0.00       0.97 f
  scaleSoftmax/softmax/U9699/ZN (AOI21OPTPBD2BWP12T30P140LVT)
                                                          0.02      0.01       0.98 r
  scaleSoftmax/softmax/n2777 (net)              1                   0.00       0.98 r
  scaleSoftmax/softmax/U4140/ZN (OAI21OPTPBD8BWP12T30P140LVT)
                                                          0.02      0.01       1.00 f
  scaleSoftmax/softmax/n3432 (net)              1                   0.00       1.00 f
  scaleSoftmax/softmax/U8773/ZN (ND2OPTFAD16BWP12T30P140LVT)
                                                          0.03      0.02       1.02 r
  scaleSoftmax/softmax/n19267 (net)            40                   0.00       1.02 r
  scaleSoftmax/softmax/U8407/ZN (CKND16BWP12T30P140LVT)
                                                          0.01      0.01       1.03 f
  scaleSoftmax/softmax/n4373 (net)             13                   0.00       1.03 f
  scaleSoftmax/softmax/U8485/Z (MUX2OPTD6BWP12T30P140LVT)
                                                          0.01      0.02       1.05 r
  scaleSoftmax/softmax/n4401 (net)              3                   0.00       1.05 r
  scaleSoftmax/softmax/U8207/ZN (ND2OPTFAD4BWP12T30P140LVT)
                                                          0.02      0.01       1.06 f
  scaleSoftmax/softmax/n941 (net)               2                   0.00       1.06 f
  scaleSoftmax/softmax/U8206/ZN (AOI21OPTPBD2BWP12T30P140LVT)
                                                          0.01      0.01       1.06 r
  scaleSoftmax/softmax/n1677 (net)              1                   0.00       1.06 r
  scaleSoftmax/softmax/U8843/ZN (OAI21OPTPBD2BWP12T30P140LVT)
                                                          0.01      0.01       1.07 f
  scaleSoftmax/softmax/n2867 (net)              1                   0.00       1.07 f
  scaleSoftmax/softmax/U9737/ZN (AOI21OPTPBD2BWP12T30P140LVT)
                                                          0.01      0.01       1.08 r
  scaleSoftmax/softmax/n4254 (net)              1                   0.00       1.08 r
  scaleSoftmax/softmax/U16413/ZN (NR2D4BWP12T30P140LVT)
                                                          0.01      0.01       1.09 f
  scaleSoftmax/softmax/n4057 (net)              1                   0.00       1.09 f
  scaleSoftmax/softmax/U8359/ZN (NR3OPTPAD6BWP12T30P140LVT)
                                                          0.02      0.02       1.11 r
  scaleSoftmax/softmax/n4055 (net)              1                   0.00       1.11 r
  scaleSoftmax/softmax/U3181/ZN (ND2OPTFAD16BWP12T30P140LVT)
                                                          0.02      0.02       1.12 f
  scaleSoftmax/softmax/n4344 (net)             27                   0.00       1.12 f
  scaleSoftmax/softmax/U2139/ZN (CKND6BWP12T30P140LVT)
                                                          0.01      0.01       1.13 r
  scaleSoftmax/softmax/n158 (net)               3                   0.00       1.13 r
  scaleSoftmax/softmax/U2275/ZN (ND2OPTFAD4BWP12T30P140LVT)
                                                          0.01      0.01       1.14 f
  scaleSoftmax/softmax/n1798 (net)              2                   0.00       1.14 f
  scaleSoftmax/softmax/U3191/ZN (INR2D4BWP12T30P140LVT)
                                                          0.01      0.01       1.15 f
  scaleSoftmax/softmax/n6125 (net)              2                   0.00       1.15 f
  scaleSoftmax/softmax/U2623/ZN (INVD4BWP12T30P140LVT)
                                                          0.01      0.01       1.16 r
  scaleSoftmax/softmax/n186 (net)               1                   0.00       1.16 r
  scaleSoftmax/softmax/U2681/ZN (ND2D4BWP12T30P140LVT)
                                                          0.01      0.01       1.17 f
  scaleSoftmax/softmax/n789 (net)               2                   0.00       1.17 f
  scaleSoftmax/softmax/U2856/ZN (NR2D3BWP12T30P140LVT)
                                                          0.01      0.01       1.18 r
  scaleSoftmax/softmax/n19421 (net)             2                   0.00       1.18 r
  scaleSoftmax/softmax/U8761/ZN (ND3OPTFAD4BWP12T30P140LVT)
                                                          0.01      0.01       1.19 f
  scaleSoftmax/softmax/n1530 (net)              1                   0.00       1.19 f
  scaleSoftmax/softmax/U8121/ZN (INR2D16BWP12T30P140LVT)
                                                          0.01      0.02       1.21 f
  scaleSoftmax/softmax/n1632 (net)             15                   0.00       1.21 f
  scaleSoftmax/softmax/U2602/Z (MUX2OPTD6BWP12T30P140LVT)
                                                          0.01      0.02       1.23 r
  scaleSoftmax/softmax/n4180 (net)              3                   0.00       1.23 r
  scaleSoftmax/softmax/U9470/ZN (OAI21OPTREPBD2BWP12T30P140LVT)
                                                          0.01      0.01       1.24 f
  scaleSoftmax/softmax/n2210 (net)              1                   0.00       1.24 f
  scaleSoftmax/softmax/U2649/ZN (AOI21OPTPBD4BWP12T30P140LVT)
                                                          0.01      0.01       1.25 r
  scaleSoftmax/softmax/n822 (net)               2                   0.00       1.25 r
  scaleSoftmax/softmax/U3278/ZN (ND2OPTFAD4BWP12T30P140LVT)
                                                          0.01      0.01       1.26 f
  scaleSoftmax/softmax/n904 (net)               2                   0.00       1.26 f
  scaleSoftmax/softmax/U3352/ZN (NR2OPTPAD2BWP12T30P140LVT)
                                                          0.01      0.01       1.27 r
  scaleSoftmax/softmax/n925 (net)               1                   0.00       1.27 r
  scaleSoftmax/softmax/U2427/ZN (ND3OPTPAD2BWP12T30P140LVT)
                                                          0.02      0.01       1.28 f
  scaleSoftmax/softmax/n107 (net)               1                   0.00       1.28 f
  scaleSoftmax/softmax/U2426/ZN (ND2OPTFAD4BWP12T30P140LVT)
                                                          0.01      0.01       1.29 r
  scaleSoftmax/softmax/n1531 (net)              1                   0.00       1.29 r
  scaleSoftmax/softmax/U2633/ZN (NR2OPTD12BWP12T30P140LVT)
                                                          0.01      0.01       1.30 f
  scaleSoftmax/softmax/n4353 (net)              9                   0.00       1.30 f
  scaleSoftmax/softmax/U8749/ZN (AOI21OPTPBD4BWP12T30P140LVT)
                                                          0.01      0.01       1.31 r
  scaleSoftmax/softmax/n5038 (net)              1                   0.00       1.31 r
  scaleSoftmax/softmax/U2501/ZN (ND2OPTFAD6BWP12T30P140LVT)
                                                          0.02      0.01       1.32 f
  scaleSoftmax/softmax/n1129 (net)              2                   0.00       1.32 f
  scaleSoftmax/softmax/U8289/ZN (NR2D16BWP12T30P140LVT)
                                                          0.02      0.02       1.34 r
  scaleSoftmax/softmax/n6669 (net)             17                   0.00       1.34 r
  scaleSoftmax/softmax/U2132/Z (BUFFXD6BWP12T30P140LVT)
                                                          0.01      0.01       1.36 r
  scaleSoftmax/softmax/n379 (net)               3                   0.00       1.36 r
  scaleSoftmax/softmax/U8786/ZN (OAI22OPTPBD4BWP12T30P140LVT)
                                                          0.02      0.01       1.37 f
  scaleSoftmax/softmax/n19579 (net)             3                   0.00       1.37 f
  scaleSoftmax/softmax/U701/ZN (NR2D2BWP12T30P140LVT)     0.01      0.01       1.38 r
  scaleSoftmax/softmax/n99 (net)                1                   0.00       1.38 r
  scaleSoftmax/softmax/U2404/ZN (AOI21OPTPBD2BWP12T30P140LVT)
                                                          0.01      0.01       1.39 f
  scaleSoftmax/softmax/n4278 (net)              1                   0.00       1.39 f
  scaleSoftmax/softmax/U2912/ZN (NR2D2BWP12T30P140LVT)
                                                          0.01      0.01       1.40 r
  scaleSoftmax/softmax/n1579 (net)              1                   0.00       1.40 r
  scaleSoftmax/softmax/U6104/ZN (OAI21D2BWP12T30P140LVT)
                                                          0.02      0.01       1.41 f
  scaleSoftmax/softmax/n3878 (net)              1                   0.00       1.41 f
  scaleSoftmax/softmax/U8849/ZN (AOI21D4BWP12T30P140LVT)
                                                          0.02      0.01       1.42 r
  scaleSoftmax/softmax/n4018 (net)              1                   0.00       1.42 r
  scaleSoftmax/softmax/U8070/ZN (NR2D8BWP12T30P140LVT)
                                                          0.01      0.01       1.43 f
  scaleSoftmax/softmax/n711 (net)               3                   0.00       1.43 f
  scaleSoftmax/softmax/U8068/ZN (ND2OPTFAD16BWP12T30P140LVT)
                                                          0.02      0.01       1.44 r
  scaleSoftmax/softmax/n3169 (net)             18                   0.00       1.44 r
  scaleSoftmax/softmax/U2919/ZN (CKND16BWP12T30P140LVT)
                                                          0.01      0.01       1.45 f
  scaleSoftmax/softmax/n4151 (net)             12                   0.00       1.45 f
  scaleSoftmax/softmax/U2833/Z (MUX2OPTD6BWP12T30P140LVT)
                                                          0.01      0.02       1.47 r
  scaleSoftmax/softmax/n19763 (net)             3                   0.00       1.47 r
  scaleSoftmax/softmax/U2832/ZN (ND2OPTPAD2BWP12T30P140LVT)
                                                          0.01      0.01       1.48 f
  scaleSoftmax/softmax/n1322 (net)              1                   0.00       1.48 f
  scaleSoftmax/softmax/U2936/ZN (INVD4BWP12T30P140LVT)
                                                          0.01      0.01       1.49 r
  scaleSoftmax/softmax/n937 (net)               1                   0.00       1.49 r
  scaleSoftmax/softmax/U2783/ZN (NR2OPTFAD4BWP12T30P140LVT)
                                                          0.01      0.01       1.50 f
  scaleSoftmax/softmax/n936 (net)               1                   0.00       1.50 f
  scaleSoftmax/softmax/U8203/ZN (AOI21OPTPBD2BWP12T30P140LVT)
                                                          0.01      0.01       1.51 r
  scaleSoftmax/softmax/n934 (net)               1                   0.00       1.51 r
  scaleSoftmax/softmax/U8200/ZN (NR2OPTPAD2BWP12T30P140LVT)
                                                          0.01      0.01       1.51 f
  scaleSoftmax/softmax/n1026 (net)              1                   0.00       1.51 f
  scaleSoftmax/softmax/U8245/ZN (INR2D4BWP12T30P140LVT)
                                                          0.01      0.01       1.52 r
  scaleSoftmax/softmax/n1035 (net)              1                   0.00       1.52 r
  scaleSoftmax/softmax/U4135/ZN (NR2D8BWP12T30P140LVT)
                                                          0.01      0.01       1.53 f
  scaleSoftmax/softmax/n4065 (net)              1                   0.00       1.53 f
  scaleSoftmax/softmax/U16539/ZN (ND2OPTFAD16BWP12T30P140LVT)
                                                          0.02      0.02       1.55 r
  scaleSoftmax/softmax/n19725 (net)            35                   0.00       1.55 r
  scaleSoftmax/softmax/U2010/Z (MUX2OPTD4BWP12T30P140LVT)
                                                          0.01      0.03       1.57 f
  scaleSoftmax/softmax/n19872 (net)             3                   0.00       1.57 f
  scaleSoftmax/softmax/U8133/ZN (INR2D8BWP12T30P140LVT)
                                                          0.01      0.01       1.58 r
  scaleSoftmax/softmax/n2396 (net)              3                   0.00       1.58 r
  scaleSoftmax/softmax/U396/ZN (INR2D1BWP12T30P140LVT)
                                                          0.01      0.01       1.59 f
  scaleSoftmax/softmax/n1481 (net)              1                   0.00       1.59 f
  scaleSoftmax/softmax/U8713/ZN (AOI21OPTPBD2BWP12T30P140LVT)
                                                          0.02      0.01       1.60 r
  scaleSoftmax/softmax/n1567 (net)              1                   0.00       1.60 r
  scaleSoftmax/softmax/U8210/ZN (ND2OPTPAD2BWP12T30P140LVT)
                                                          0.01      0.01       1.61 f
  scaleSoftmax/softmax/n946 (net)               1                   0.00       1.61 f
  scaleSoftmax/softmax/U2384/ZN (AOI21OPTPBD4BWP12T30P140LVT)
                                                          0.02      0.01       1.62 r
  scaleSoftmax/softmax/n945 (net)               1                   0.00       1.62 r
  scaleSoftmax/softmax/U8208/ZN (AOI21OPTPBD6BWP12T30P140LVT)
                                                          0.02      0.01       1.63 f
  scaleSoftmax/softmax/n3921 (net)              1                   0.00       1.63 f
  scaleSoftmax/softmax/U3194/ZN (NR2D16BWP12T30P140LVT)
                                                          0.02      0.02       1.65 r
  scaleSoftmax/softmax/n19838 (net)            16                   0.00       1.65 r
  scaleSoftmax/softmax/U16460/ZN (ND2OPTPAD2BWP12T30P140LVT)
                                                          0.02      0.01       1.66 f
  scaleSoftmax/softmax/n4758 (net)              1                   0.00       1.66 f
  scaleSoftmax/softmax/U8774/ZN (ND2OPTFAD4BWP12T30P140LVT)
                                                          0.01      0.01       1.67 r
  scaleSoftmax/softmax/n19981 (net)             3                   0.00       1.67 r
  scaleSoftmax/softmax/U9290/ZN (ND2OPTFAD6BWP12T30P140LVT)
                                                          0.01      0.01       1.68 f
  scaleSoftmax/softmax/n4729 (net)              2                   0.00       1.68 f
  scaleSoftmax/softmax/U8254/ZN (ND2OPTFAD4BWP12T30P140LVT)
                                                          0.01      0.01       1.69 r
  scaleSoftmax/softmax/n1040 (net)              2                   0.00       1.69 r
  scaleSoftmax/softmax/U8253/ZN (OAI21OPTREPBD2BWP12T30P140LVT)
                                                          0.01      0.01       1.70 f
  scaleSoftmax/softmax/n1568 (net)              1                   0.00       1.70 f
  scaleSoftmax/softmax/U8811/ZN (ND2D3BWP12T30P140LVT)
                                                          0.01      0.01       1.71 r
  scaleSoftmax/softmax/n4516 (net)              1                   0.00       1.71 r
  scaleSoftmax/softmax/U16483/ZN (ND3OPTFAD4BWP12T30P140LVT)
                                                          0.01      0.01       1.72 f
  scaleSoftmax/softmax/n4944 (net)              1                   0.00       1.72 f
  scaleSoftmax/softmax/U16769/ZN (AOI21OPTPBD2BWP12T30P140LVT)
                                                          0.01      0.01       1.73 r
  scaleSoftmax/softmax/n6616 (net)              1                   0.00       1.73 r
  scaleSoftmax/softmax/U16750/ZN (ND3OPTPAD2BWP12T30P140LVT)
                                                          0.02      0.01       1.74 f
  scaleSoftmax/softmax/n19964 (net)             1                   0.00       1.74 f
  scaleSoftmax/softmax/U16675/ZN (AOI21OPTPBD4BWP12T30P140LVT)
                                                          0.02      0.01       1.75 r
  scaleSoftmax/softmax/n19980 (net)             2                   0.00       1.75 r
  scaleSoftmax/softmax/U8898/ZN (CKND8BWP12T30P140LVT)
                                                          0.01      0.01       1.76 f
  scaleSoftmax/softmax/n4415 (net)              8                   0.00       1.76 f
  scaleSoftmax/softmax/U2802/ZN (CKND8BWP12T30P140LVT)
                                                          0.01      0.01       1.77 r
  scaleSoftmax/softmax/n1189 (net)              5                   0.00       1.77 r
  scaleSoftmax/softmax/U2186/ZN (ND2OPTPAD4BWP12T30P140LVT)
                                                          0.01      0.01       1.78 f
  scaleSoftmax/softmax/n2802 (net)              1                   0.00       1.78 f
  scaleSoftmax/softmax/U9704/ZN (OAI21OPTPBD2BWP12T30P140LVT)
                                                          0.01      0.01       1.79 r
  scaleSoftmax/softmax/n20006 (net)             3                   0.00       1.79 r
  scaleSoftmax/softmax/U143/ZN (ND2D2BWP12T30P140LVT)     0.01      0.01       1.80 f
  scaleSoftmax/softmax/n6948 (net)              2                   0.00       1.80 f
  scaleSoftmax/softmax/U8890/ZN (AOI31D2BWP12T30P140LVT)
                                                          0.02      0.01       1.81 r
  scaleSoftmax/softmax/n4669 (net)              1                   0.00       1.81 r
  scaleSoftmax/softmax/U9364/ZN (NR2D2BWP12T30P140LVT)
                                                          0.01      0.01       1.82 f
  scaleSoftmax/softmax/n4470 (net)              1                   0.00       1.82 f
  scaleSoftmax/softmax/U8778/ZN (OAI21D2BWP12T30P140LVT)
                                                          0.01      0.01       1.83 r
  scaleSoftmax/softmax/n4904 (net)              1                   0.00       1.83 r
  scaleSoftmax/softmax/U16746/ZN (AOI21OPTPBD2BWP12T30P140LVT)
                                                          0.01      0.01       1.84 f
  scaleSoftmax/softmax/n4902 (net)              1                   0.00       1.84 f
  scaleSoftmax/softmax/U4124/ZN (NR2D4BWP12T30P140LVT)
                                                          0.01      0.01       1.85 r
  scaleSoftmax/softmax/n7083 (net)              1                   0.00       1.85 r
  scaleSoftmax/softmax/U2366/ZN (ND2OPTFAD6BWP12T30P140LVT)
                                                          0.01      0.01       1.85 f
  scaleSoftmax/softmax/n3806 (net)              2                   0.00       1.85 f
  scaleSoftmax/softmax/U2365/ZN (INR2D8BWP12T30P140LVT)
                                                          0.01      0.01       1.87 r
  scaleSoftmax/softmax/n494 (net)               5                   0.00       1.87 r
  scaleSoftmax/softmax/U9242/ZN (ND2OPTFAD8BWP12T30P140LVT)
                                                          0.01      0.01       1.87 f
  scaleSoftmax/softmax/n20097 (net)             2                   0.00       1.87 f
  scaleSoftmax/softmax/U2244/ZN (INVD9BWP12T30P140LVT)
                                                          0.01      0.01       1.88 r
  scaleSoftmax/softmax/n40384 (net)             9                   0.00       1.88 r
  scaleSoftmax/softmax/U9405/ZN (CKND12BWP12T30P140LVT)
                                                          0.01      0.01       1.89 f
  scaleSoftmax/softmax/n40918 (net)            30                   0.00       1.89 f
  scaleSoftmax/softmax/U16784/ZN (OAI22D1BWP12T30P140LVT)
                                                          0.02      0.01       1.90 r
  scaleSoftmax/softmax/n5540 (net)              1                   0.00       1.90 r
  scaleSoftmax/softmax/globalMaximum_reg[39]/D (DFQD2BWP12T30P140LVT)
                                                          0.02      0.00       1.90 r
  data arrival time                                                            1.90

  clock clk (rise edge)                                             2.00       2.00
  clock network delay (ideal)                                       0.00       2.00
  clock uncertainty                                                -0.10       1.90
  scaleSoftmax/softmax/globalMaximum_reg[39]/CP (DFQD2BWP12T30P140LVT)
                                                                    0.00       1.90 r
  library setup time                                               -0.01       1.89
  data required time                                                           1.89
  ------------------------------------------------------------------------------------
  data required time                                                           1.89
  data arrival time                                                           -1.90
  ------------------------------------------------------------------------------------
  slack (VIOLATED)                                                            -0.02


  Startpoint: scaleSoftmax/softmax/packCountReg_reg[0]
              (rising edge-triggered flip-flop clocked by clk)
  Endpoint: scaleSoftmax/softmax/globalMaximum_reg[33]
            (rising edge-triggered flip-flop clocked by clk)
  Path Group: clk
  Path Type: max

  Des/Clust/Port     Wire Load Model       Library
  ------------------------------------------------
  AttentionFeaturePacketizer_0
                     ZeroWireload          tcbn28hpcplusbwp12t30p140lvtssg0p81v125c
  PackDescriptorDecoder_1
                     ZeroWireload          tcbn28hpcplusbwp12t30p140lvtssg0p81v125c
  PackDescriptorDecoder
                     ZeroWireload          tcbn28hpcplusbwp12t30p140lvtssg0p81v125c
  BufferedPackMetadataDequantizer_1
                     ZeroWireload          tcbn28hpcplusbwp12t30p140lvtssg0p81v125c
  DynamicBitUnpacker_1
                     ZeroWireload          tcbn28hpcplusbwp12t30p140lvtssg0p81v125c
  BufferedPackMetadataDequantizer
                     ZeroWireload          tcbn28hpcplusbwp12t30p140lvtssg0p81v125c
  DynamicBitUnpacker ZeroWireload          tcbn28hpcplusbwp12t30p140lvtssg0p81v125c
  KvStreamDequantizer_1
                     ZeroWireload          tcbn28hpcplusbwp12t30p140lvtssg0p81v125c
  KvStreamDequantizer
                     ZeroWireload          tcbn28hpcplusbwp12t30p140lvtssg0p81v125c
  DecompressionPipelineController_1
                     ZeroWireload          tcbn28hpcplusbwp12t30p140lvtssg0p81v125c
  DecompressionPipelineController
                     ZeroWireload          tcbn28hpcplusbwp12t30p140lvtssg0p81v125c
  QkDotProductAccumulator
                     ZeroWireload          tcbn28hpcplusbwp12t30p140lvtssg0p81v125c
  QueryReplayBuffer  ZeroWireload          tcbn28hpcplusbwp12t30p140lvtssg0p81v125c
  AttentionFeaturePacketizer_1
                     ZeroWireload          tcbn28hpcplusbwp12t30p140lvtssg0p81v125c
  DualKvDecompressionController
                     ZeroWireload          tcbn28hpcplusbwp12t30p140lvtssg0p81v125c
  SoftmaxVAccumulator
                     ZeroWireload          tcbn28hpcplusbwp12t30p140lvtssg0p81v125c
  StreamingSoftmax   ZeroWireload          tcbn28hpcplusbwp12t30p140lvtssg0p81v125c
  AttentionScaleUnit ZeroWireload          tcbn28hpcplusbwp12t30p140lvtssg0p81v125c
  AvOutputQuantizer  ZeroWireload          tcbn28hpcplusbwp12t30p140lvtssg0p81v125c
  BriskKvAttentionTop
                     ZeroWireload          tcbn28hpcplusbwp12t30p140lvtssg0p81v125c

  Point                                       Fanout     Trans      Incr       Path
  ------------------------------------------------------------------------------------
  clock clk (rise edge)                                             0.00       0.00
  clock network delay (ideal)                                       0.00       0.00
  scaleSoftmax/softmax/packCountReg_reg[0]/CP (DFQOPTMAD8BWP12T30P140LVT)
                                                          0.00      0.00 #     0.00 r
  scaleSoftmax/softmax/packCountReg_reg[0]/Q (DFQOPTMAD8BWP12T30P140LVT)
                                                          0.01      0.02       0.02 f
  scaleSoftmax/softmax/packCountReg[0] (net)
                                                5                   0.00       0.02 f
  scaleSoftmax/softmax/U16327/ZN (NR2OPTD12BWP12T30P140LVT)
                                                          0.01      0.01       0.03 r
  scaleSoftmax/softmax/n4197 (net)              1                   0.00       0.03 r
  scaleSoftmax/softmax/U4071/ZN (ND3OPTFAD16BWP12T30P140LVT)
                                                          0.01      0.01       0.04 f
  scaleSoftmax/softmax/n6641 (net)              1                   0.00       0.04 f
  scaleSoftmax/softmax/U16385/ZN (NR2OPTPAD16BWP12T30P140LVT)
                                                          0.02      0.01       0.06 r
  scaleSoftmax/softmax/n6989 (net)             11                   0.00       0.06 r
  scaleSoftmax/softmax/U1973/ZN (ND2OPTD6BWP12T30P140LVT)
                                                          0.01      0.01       0.07 f
  scaleSoftmax/softmax/n27900 (net)             3                   0.00       0.07 f
  scaleSoftmax/softmax/U3042/ZN (AOI21OPTREPBD2BWP12T30P140LVT)
                                                          0.01      0.01       0.08 r
  scaleSoftmax/softmax/n298 (net)               1                   0.00       0.08 r
  scaleSoftmax/softmax/U3041/ZN (NR2D3BWP12T30P140LVT)
                                                          0.01      0.01       0.08 f
  scaleSoftmax/softmax/n3693 (net)              1                   0.00       0.08 f
  scaleSoftmax/softmax/U16282/ZN (ND2OPTFAD4BWP12T30P140LVT)
                                                          0.01      0.01       0.09 r
  scaleSoftmax/softmax/n3654 (net)              2                   0.00       0.09 r
  scaleSoftmax/softmax/U8918/ZN (NR3OPTFAD4BWP12T30P140LVT)
                                                          0.01      0.01       0.10 f
  scaleSoftmax/softmax/n4748 (net)              1                   0.00       0.10 f
  scaleSoftmax/softmax/U16710/ZN (ND2OPTFAD4BWP12T30P140LVT)
                                                          0.01      0.01       0.11 r
  scaleSoftmax/softmax/n4747 (net)              1                   0.00       0.11 r
  scaleSoftmax/softmax/U9152/ZN (NR2OPTD12BWP12T30P140LVT)
                                                          0.01      0.01       0.12 f
  scaleSoftmax/softmax/n4745 (net)              2                   0.00       0.12 f
  scaleSoftmax/softmax/U2510/ZN (ND2OPTFAD16BWP12T30P140LVT)
                                                          0.02      0.02       0.14 r
  scaleSoftmax/softmax/n6944 (net)             24                   0.00       0.14 r
  scaleSoftmax/softmax/U9041/ZN (ND2D4BWP12T30P140LVT)
                                                          0.01      0.01       0.15 f
  scaleSoftmax/softmax/n3809 (net)              1                   0.00       0.15 f
  scaleSoftmax/softmax/U3085/ZN (INVD4BWP12T30P140LVT)
                                                          0.01      0.01       0.15 r
  scaleSoftmax/softmax/n18388 (net)             3                   0.00       0.15 r
  scaleSoftmax/softmax/U9632/ZN (NR2OPTPAD2BWP12T30P140LVT)
                                                          0.01      0.01       0.16 f
  scaleSoftmax/softmax/n2576 (net)              2                   0.00       0.16 f
  scaleSoftmax/softmax/U9542/ZN (OAI21D2BWP12T30P140LVT)
                                                          0.01      0.01       0.17 r
  scaleSoftmax/softmax/n2569 (net)              1                   0.00       0.17 r
  scaleSoftmax/softmax/U9624/ZN (AOI21OPTPBD2BWP12T30P140LVT)
                                                          0.01      0.01       0.18 f
  scaleSoftmax/softmax/n3706 (net)              1                   0.00       0.18 f
  scaleSoftmax/softmax/U9099/ZN (NR2D4BWP12T30P140LVT)
                                                          0.01      0.01       0.20 r
  scaleSoftmax/softmax/n4249 (net)              1                   0.00       0.20 r
  scaleSoftmax/softmax/U16454/ZN (NR3OPTFAD4BWP12T30P140LVT)
                                                          0.01      0.01       0.21 f
  scaleSoftmax/softmax/n4248 (net)              1                   0.00       0.21 f
  scaleSoftmax/softmax/U4139/ZN (NR2D8BWP12T30P140LVT)
                                                          0.02      0.01       0.22 r
  scaleSoftmax/softmax/n4243 (net)              1                   0.00       0.22 r
  scaleSoftmax/softmax/U2946/ZN (NR2OPTPAD16BWP12T30P140LVT)
                                                          0.02      0.01       0.24 f
  scaleSoftmax/softmax/n6703 (net)             31                   0.00       0.24 f
  scaleSoftmax/softmax/U9805/Z (MUX2OPTD4BWP12T30P140LVT)
                                                          0.01      0.02       0.26 r
  scaleSoftmax/softmax/n3041 (net)              3                   0.00       0.26 r
  scaleSoftmax/softmax/U5717/ZN (ND2OPTFAD4BWP12T30P140LVT)
                                                          0.01      0.01       0.27 f
  scaleSoftmax/softmax/n2269 (net)              2                   0.00       0.27 f
  scaleSoftmax/softmax/U9222/ZN (AOI21OPTPBD2BWP12T30P140LVT)
                                                          0.01      0.01       0.28 r
  scaleSoftmax/softmax/n18507 (net)             1                   0.00       0.28 r
  scaleSoftmax/softmax/U9715/ZN (OAI21OPTREPBD2BWP12T30P140LVT)
                                                          0.01      0.01       0.29 f
  scaleSoftmax/softmax/n18509 (net)             1                   0.00       0.29 f
  scaleSoftmax/softmax/U9814/ZN (AOI21OPTPBD2BWP12T30P140LVT)
                                                          0.01      0.01       0.30 r
  scaleSoftmax/softmax/n3065 (net)              1                   0.00       0.30 r
  scaleSoftmax/softmax/U9813/ZN (OAI21OPTPBD2BWP12T30P140LVT)
                                                          0.01      0.01       0.31 f
  scaleSoftmax/softmax/n3064 (net)              1                   0.00       0.31 f
  scaleSoftmax/softmax/U2800/ZN (NR2OPTPAD2BWP12T30P140LVT)
                                                          0.01      0.01       0.33 r
  scaleSoftmax/softmax/n228 (net)               1                   0.00       0.33 r
  scaleSoftmax/softmax/U2799/ZN (NR2OPTD6BWP12T30P140LVT)
                                                          0.01      0.01       0.33 f
  scaleSoftmax/softmax/n226 (net)               1                   0.00       0.33 f
  scaleSoftmax/softmax/U2798/ZN (INR2D16BWP12T30P140LVT)
                                                          0.03      0.02       0.35 r
  scaleSoftmax/softmax/n4484 (net)             32                   0.00       0.35 r
  scaleSoftmax/softmax/U1771/ZN (INR2D2BWP12T30P140LVT)
                                                          0.01      0.01       0.36 f
  scaleSoftmax/softmax/n1956 (net)              1                   0.00       0.36 f
  scaleSoftmax/softmax/U7313/ZN (INVD2BWP12T30P140LVT)
                                                          0.01      0.01       0.36 r
  scaleSoftmax/softmax/n3055 (net)              1                   0.00       0.36 r
  scaleSoftmax/softmax/U2885/ZN (CKND2D3BWP12T30P140LVT)
                                                          0.01      0.01       0.37 f
  scaleSoftmax/softmax/n18710 (net)             3                   0.00       0.37 f
  scaleSoftmax/softmax/U1732/ZN (NR2OPTFAD4BWP12T30P140LVT)
                                                          0.01      0.01       0.38 r
  scaleSoftmax/softmax/n6473 (net)              2                   0.00       0.38 r
  scaleSoftmax/softmax/U2097/ZN (NR3OPTPAD2BWP12T30P140LVT)
                                                          0.01      0.01       0.39 f
  scaleSoftmax/softmax/n6845 (net)              1                   0.00       0.39 f
  scaleSoftmax/softmax/U1706/ZN (NR2OPTPAD2BWP12T30P140LVT)
                                                          0.01      0.01       0.40 r
  scaleSoftmax/softmax/n4574 (net)              1                   0.00       0.40 r
  scaleSoftmax/softmax/U7265/ZN (OAI21D2BWP12T30P140LVT)
                                                          0.01      0.01       0.41 f
  scaleSoftmax/softmax/n4572 (net)              1                   0.00       0.41 f
  scaleSoftmax/softmax/U16689/ZN (AOI21OPTREPBD2BWP12T30P140LVT)
                                                          0.01      0.01       0.42 r
  scaleSoftmax/softmax/n6526 (net)              1                   0.00       0.42 r
  scaleSoftmax/softmax/U8494/ZN (OAI21OPTREPBD2BWP12T30P140LVT)
                                                          0.02      0.01       0.43 f
  scaleSoftmax/softmax/n6538 (net)              1                   0.00       0.43 f
  scaleSoftmax/softmax/U16902/ZN (OAI21OPTPBD4BWP12T30P140LVT)
                                                          0.02      0.01       0.44 r
  scaleSoftmax/softmax/n6730 (net)              1                   0.00       0.44 r
  scaleSoftmax/softmax/U8524/ZN (ND2OPTD12BWP12T30P140LVT)
                                                          0.02      0.02       0.46 f
  scaleSoftmax/softmax/n18684 (net)             8                   0.00       0.46 f
  scaleSoftmax/softmax/U2026/Z (MUX2D4BWP12T30P140LVT)
                                                          0.01      0.03       0.49 r
  scaleSoftmax/softmax/n18845 (net)             2                   0.00       0.49 r
  scaleSoftmax/softmax/U1651/Z (BUFFXD6BWP12T30P140LVT)
                                                          0.01      0.01       0.50 r
  scaleSoftmax/softmax/n4548 (net)              2                   0.00       0.50 r
  scaleSoftmax/softmax/U16986/ZN (INR2D4BWP12T30P140LVT)
                                                          0.01      0.00       0.50 f
  scaleSoftmax/softmax/n6990 (net)              1                   0.00       0.50 f
  scaleSoftmax/softmax/U16886/ZN (NR2OPTPAD2BWP12T30P140LVT)
                                                          0.01      0.01       0.51 r
  scaleSoftmax/softmax/n6386 (net)              1                   0.00       0.51 r
  scaleSoftmax/softmax/U8425/ZN (OAI21OPTREPBD2BWP12T30P140LVT)
                                                          0.01      0.01       0.52 f
  scaleSoftmax/softmax/n1151 (net)              1                   0.00       0.52 f
  scaleSoftmax/softmax/U2048/ZN (ND2D3BWP12T30P140LVT)
                                                          0.01      0.01       0.53 r
  scaleSoftmax/softmax/n4475 (net)              1                   0.00       0.53 r
  scaleSoftmax/softmax/U2140/ZN (AOI21OPTPBD6BWP12T30P140LVT)
                                                          0.02      0.01       0.54 f
  scaleSoftmax/softmax/n7123 (net)              1                   0.00       0.54 f
  scaleSoftmax/softmax/U8928/ZN (INR2D16BWP12T30P140LVT)
                                                          0.02      0.01       0.55 r
  scaleSoftmax/softmax/n1751 (net)             12                   0.00       0.55 r
  scaleSoftmax/softmax/U8979/Z (MUX2D2BWP12T30P140LVT)
                                                          0.01      0.02       0.58 f
  scaleSoftmax/softmax/n18956 (net)             3                   0.00       0.58 f
  scaleSoftmax/softmax/U1558/ZN (INR2D1BWP12T30P140LVT)
                                                          0.02      0.01       0.59 r
  scaleSoftmax/softmax/n18894 (net)             2                   0.00       0.59 r
  scaleSoftmax/softmax/U1530/ZN (INVD1BWP12T30P140LVT)
                                                          0.01      0.01       0.60 f
  scaleSoftmax/softmax/n6379 (net)              1                   0.00       0.60 f
  scaleSoftmax/softmax/U9248/ZN (AOI21OPTPBD2BWP12T30P140LVT)
                                                          0.01      0.01       0.61 r
  scaleSoftmax/softmax/n1998 (net)              1                   0.00       0.61 r
  scaleSoftmax/softmax/U9247/ZN (OAI21OPTREPBD2BWP12T30P140LVT)
                                                          0.01      0.01       0.62 f
  scaleSoftmax/softmax/n4641 (net)              1                   0.00       0.62 f
  scaleSoftmax/softmax/U9396/ZN (AOI21OPTPBD2BWP12T30P140LVT)
                                                          0.02      0.02       0.64 r
  scaleSoftmax/softmax/n18955 (net)             2                   0.00       0.64 r
  scaleSoftmax/softmax/U16699/ZN (ND3OPTPAD2BWP12T30P140LVT)
                                                          0.02      0.02       0.65 f
  scaleSoftmax/softmax/n6520 (net)              1                   0.00       0.65 f
  scaleSoftmax/softmax/U16336/ZN (NR2OPTFAD4BWP12T30P140LVT)
                                                          0.01      0.01       0.66 r
  scaleSoftmax/softmax/n3781 (net)              1                   0.00       0.66 r
  scaleSoftmax/softmax/U1999/ZN (ND2OPTFAD8BWP12T30P140LVT)
                                                          0.01      0.01       0.68 f
  scaleSoftmax/softmax/n18941 (net)             4                   0.00       0.68 f
  scaleSoftmax/softmax/U8376/ZN (CKND16BWP12T30P140LVT)
                                                          0.01      0.01       0.69 r
  scaleSoftmax/softmax/n4526 (net)             12                   0.00       0.69 r
  scaleSoftmax/softmax/U2122/ZN (CKND8BWP12T30P140LVT)
                                                          0.01      0.01       0.69 f
  scaleSoftmax/softmax/n6496 (net)              4                   0.00       0.69 f
  scaleSoftmax/softmax/U8277/Z (MUX2OPTD6BWP12T30P140LVT)
                                                          0.01      0.02       0.71 r
  scaleSoftmax/softmax/n4363 (net)              3                   0.00       0.71 r
  scaleSoftmax/softmax/U8276/ZN (ND2OPTFAD4BWP12T30P140LVT)
                                                          0.01      0.01       0.72 f
  scaleSoftmax/softmax/n2146 (net)              2                   0.00       0.72 f
  scaleSoftmax/softmax/U6882/ZN (ND2D2BWP12T30P140LVT)
                                                          0.01      0.01       0.72 r
  scaleSoftmax/softmax/n1813 (net)              1                   0.00       0.72 r
  scaleSoftmax/softmax/U9007/ZN (ND2OPTPAD2BWP12T30P140LVT)
                                                          0.01      0.01       0.73 f
  scaleSoftmax/softmax/n4724 (net)              1                   0.00       0.73 f
  scaleSoftmax/softmax/U16408/ZN (AOI21OPTPBD2BWP12T30P140LVT)
                                                          0.01      0.01       0.74 r
  scaleSoftmax/softmax/n3746 (net)              1                   0.00       0.74 r
  scaleSoftmax/softmax/U16403/ZN (NR2D2BWP12T30P140LVT)
                                                          0.01      0.01       0.74 f
  scaleSoftmax/softmax/n6187 (net)              1                   0.00       0.74 f
  scaleSoftmax/softmax/U16622/ZN (OAI21D2BWP12T30P140LVT)
                                                          0.01      0.01       0.75 r
  scaleSoftmax/softmax/n6651 (net)              1                   0.00       0.75 r
  scaleSoftmax/softmax/U16932/ZN (AOI21OPTPBD2BWP12T30P140LVT)
                                                          0.02      0.01       0.76 f
  scaleSoftmax/softmax/n6649 (net)              1                   0.00       0.76 f
  scaleSoftmax/softmax/U16646/ZN (NR3OPTD6BWP12T30P140LVT)
                                                          0.03      0.02       0.79 r
  scaleSoftmax/softmax/n19026 (net)             4                   0.00       0.79 r
  scaleSoftmax/softmax/U8752/ZN (CKND8BWP12T30P140LVT)
                                                          0.02      0.01       0.80 f
  scaleSoftmax/softmax/n4468 (net)             14                   0.00       0.80 f
  scaleSoftmax/softmax/U2747/ZN (INR2D2BWP12T30P140LVT)
                                                          0.01      0.01       0.81 r
  scaleSoftmax/softmax/n3691 (net)              1                   0.00       0.81 r
  scaleSoftmax/softmax/U9219/ZN (INVD1P25BWP12T30P140LVT)
                                                          0.01      0.01       0.81 f
  scaleSoftmax/softmax/n4509 (net)              1                   0.00       0.81 f
  scaleSoftmax/softmax/U9265/ZN (OAI21OPTREPBD2BWP12T30P140LVT)
                                                          0.03      0.01       0.82 r
  scaleSoftmax/softmax/n19157 (net)             3                   0.00       0.82 r
  scaleSoftmax/softmax/U1343/ZN (ND2D2BWP12T30P140LVT)
                                                          0.02      0.01       0.83 f
  scaleSoftmax/softmax/n2582 (net)              2                   0.00       0.83 f
  scaleSoftmax/softmax/U2120/ZN (OAI211OPTREPBD2BWP12T30P140LVT)
                                                          0.01      0.01       0.84 r
  scaleSoftmax/softmax/n22 (net)                1                   0.00       0.84 r
  scaleSoftmax/softmax/U1321/ZN (AOI21OPTPBD1BWP12T30P140LVT)
                                                          0.01      0.01       0.85 f
  scaleSoftmax/softmax/n2733 (net)              1                   0.00       0.85 f
  scaleSoftmax/softmax/U2383/ZN (OAI21OPTPBD2BWP12T30P140LVT)
                                                          0.01      0.01       0.86 r
  scaleSoftmax/softmax/n6275 (net)              1                   0.00       0.86 r
  scaleSoftmax/softmax/U5271/ZN (ND2D2BWP12T30P140LVT)
                                                          0.01      0.01       0.87 f
  scaleSoftmax/softmax/n4491 (net)              1                   0.00       0.87 f
  scaleSoftmax/softmax/U6734/ZN (ND2OPTPAD2BWP12T30P140LVT)
                                                          0.01      0.01       0.88 r
  scaleSoftmax/softmax/n6272 (net)              1                   0.00       0.88 r
  scaleSoftmax/softmax/U8619/ZN (AOI21OPTPBD6BWP12T30P140LVT)
                                                          0.02      0.01       0.89 f
  scaleSoftmax/softmax/n1271 (net)              4                   0.00       0.89 f
  scaleSoftmax/softmax/U8617/ZN (NR2OPTPAD16BWP12T30P140LVT)
                                                          0.03      0.02       0.91 r
  scaleSoftmax/softmax/n6472 (net)             30                   0.00       0.91 r
  scaleSoftmax/softmax/U1235/Z (MUX2D4BWP12T30P140LVT)
                                                          0.01      0.03       0.94 r
  scaleSoftmax/softmax/n4372 (net)              3                   0.00       0.94 r
  scaleSoftmax/softmax/U9515/ZN (INR2D4BWP12T30P140LVT)
                                                          0.01      0.01       0.95 f
  scaleSoftmax/softmax/n2301 (net)              3                   0.00       0.95 f
  scaleSoftmax/softmax/U4424/ZN (NR2D2BWP12T30P140LVT)
                                                          0.01      0.01       0.96 r
  scaleSoftmax/softmax/n2786 (net)              1                   0.00       0.96 r
  scaleSoftmax/softmax/U9670/ZN (OAI211OPTREPBD2BWP12T30P140LVT)
                                                          0.02      0.01       0.97 f
  scaleSoftmax/softmax/n2780 (net)              1                   0.00       0.97 f
  scaleSoftmax/softmax/U9699/ZN (AOI21OPTPBD2BWP12T30P140LVT)
                                                          0.02      0.01       0.98 r
  scaleSoftmax/softmax/n2777 (net)              1                   0.00       0.98 r
  scaleSoftmax/softmax/U4140/ZN (OAI21OPTPBD8BWP12T30P140LVT)
                                                          0.02      0.01       1.00 f
  scaleSoftmax/softmax/n3432 (net)              1                   0.00       1.00 f
  scaleSoftmax/softmax/U8773/ZN (ND2OPTFAD16BWP12T30P140LVT)
                                                          0.03      0.02       1.02 r
  scaleSoftmax/softmax/n19267 (net)            40                   0.00       1.02 r
  scaleSoftmax/softmax/U8407/ZN (CKND16BWP12T30P140LVT)
                                                          0.01      0.01       1.03 f
  scaleSoftmax/softmax/n4373 (net)             13                   0.00       1.03 f
  scaleSoftmax/softmax/U8485/Z (MUX2OPTD6BWP12T30P140LVT)
                                                          0.01      0.02       1.05 r
  scaleSoftmax/softmax/n4401 (net)              3                   0.00       1.05 r
  scaleSoftmax/softmax/U8207/ZN (ND2OPTFAD4BWP12T30P140LVT)
                                                          0.02      0.01       1.06 f
  scaleSoftmax/softmax/n941 (net)               2                   0.00       1.06 f
  scaleSoftmax/softmax/U8206/ZN (AOI21OPTPBD2BWP12T30P140LVT)
                                                          0.01      0.01       1.06 r
  scaleSoftmax/softmax/n1677 (net)              1                   0.00       1.06 r
  scaleSoftmax/softmax/U8843/ZN (OAI21OPTPBD2BWP12T30P140LVT)
                                                          0.01      0.01       1.07 f
  scaleSoftmax/softmax/n2867 (net)              1                   0.00       1.07 f
  scaleSoftmax/softmax/U9737/ZN (AOI21OPTPBD2BWP12T30P140LVT)
                                                          0.01      0.01       1.08 r
  scaleSoftmax/softmax/n4254 (net)              1                   0.00       1.08 r
  scaleSoftmax/softmax/U16413/ZN (NR2D4BWP12T30P140LVT)
                                                          0.01      0.01       1.09 f
  scaleSoftmax/softmax/n4057 (net)              1                   0.00       1.09 f
  scaleSoftmax/softmax/U8359/ZN (NR3OPTPAD6BWP12T30P140LVT)
                                                          0.02      0.02       1.11 r
  scaleSoftmax/softmax/n4055 (net)              1                   0.00       1.11 r
  scaleSoftmax/softmax/U3181/ZN (ND2OPTFAD16BWP12T30P140LVT)
                                                          0.02      0.02       1.12 f
  scaleSoftmax/softmax/n4344 (net)             27                   0.00       1.12 f
  scaleSoftmax/softmax/U2139/ZN (CKND6BWP12T30P140LVT)
                                                          0.01      0.01       1.13 r
  scaleSoftmax/softmax/n158 (net)               3                   0.00       1.13 r
  scaleSoftmax/softmax/U2275/ZN (ND2OPTFAD4BWP12T30P140LVT)
                                                          0.01      0.01       1.14 f
  scaleSoftmax/softmax/n1798 (net)              2                   0.00       1.14 f
  scaleSoftmax/softmax/U3191/ZN (INR2D4BWP12T30P140LVT)
                                                          0.01      0.01       1.15 f
  scaleSoftmax/softmax/n6125 (net)              2                   0.00       1.15 f
  scaleSoftmax/softmax/U2623/ZN (INVD4BWP12T30P140LVT)
                                                          0.01      0.01       1.16 r
  scaleSoftmax/softmax/n186 (net)               1                   0.00       1.16 r
  scaleSoftmax/softmax/U2681/ZN (ND2D4BWP12T30P140LVT)
                                                          0.01      0.01       1.17 f
  scaleSoftmax/softmax/n789 (net)               2                   0.00       1.17 f
  scaleSoftmax/softmax/U2856/ZN (NR2D3BWP12T30P140LVT)
                                                          0.01      0.01       1.18 r
  scaleSoftmax/softmax/n19421 (net)             2                   0.00       1.18 r
  scaleSoftmax/softmax/U8761/ZN (ND3OPTFAD4BWP12T30P140LVT)
                                                          0.01      0.01       1.19 f
  scaleSoftmax/softmax/n1530 (net)              1                   0.00       1.19 f
  scaleSoftmax/softmax/U8121/ZN (INR2D16BWP12T30P140LVT)
                                                          0.01      0.02       1.21 f
  scaleSoftmax/softmax/n1632 (net)             15                   0.00       1.21 f
  scaleSoftmax/softmax/U2602/Z (MUX2OPTD6BWP12T30P140LVT)
                                                          0.01      0.02       1.23 r
  scaleSoftmax/softmax/n4180 (net)              3                   0.00       1.23 r
  scaleSoftmax/softmax/U9470/ZN (OAI21OPTREPBD2BWP12T30P140LVT)
                                                          0.01      0.01       1.24 f
  scaleSoftmax/softmax/n2210 (net)              1                   0.00       1.24 f
  scaleSoftmax/softmax/U2649/ZN (AOI21OPTPBD4BWP12T30P140LVT)
                                                          0.01      0.01       1.25 r
  scaleSoftmax/softmax/n822 (net)               2                   0.00       1.25 r
  scaleSoftmax/softmax/U3278/ZN (ND2OPTFAD4BWP12T30P140LVT)
                                                          0.01      0.01       1.26 f
  scaleSoftmax/softmax/n904 (net)               2                   0.00       1.26 f
  scaleSoftmax/softmax/U3352/ZN (NR2OPTPAD2BWP12T30P140LVT)
                                                          0.01      0.01       1.27 r
  scaleSoftmax/softmax/n925 (net)               1                   0.00       1.27 r
  scaleSoftmax/softmax/U2427/ZN (ND3OPTPAD2BWP12T30P140LVT)
                                                          0.02      0.01       1.28 f
  scaleSoftmax/softmax/n107 (net)               1                   0.00       1.28 f
  scaleSoftmax/softmax/U2426/ZN (ND2OPTFAD4BWP12T30P140LVT)
                                                          0.01      0.01       1.29 r
  scaleSoftmax/softmax/n1531 (net)              1                   0.00       1.29 r
  scaleSoftmax/softmax/U2633/ZN (NR2OPTD12BWP12T30P140LVT)
                                                          0.01      0.01       1.30 f
  scaleSoftmax/softmax/n4353 (net)              9                   0.00       1.30 f
  scaleSoftmax/softmax/U8749/ZN (AOI21OPTPBD4BWP12T30P140LVT)
                                                          0.01      0.01       1.31 r
  scaleSoftmax/softmax/n5038 (net)              1                   0.00       1.31 r
  scaleSoftmax/softmax/U2501/ZN (ND2OPTFAD6BWP12T30P140LVT)
                                                          0.02      0.01       1.32 f
  scaleSoftmax/softmax/n1129 (net)              2                   0.00       1.32 f
  scaleSoftmax/softmax/U8289/ZN (NR2D16BWP12T30P140LVT)
                                                          0.02      0.02       1.34 r
  scaleSoftmax/softmax/n6669 (net)             17                   0.00       1.34 r
  scaleSoftmax/softmax/U2132/Z (BUFFXD6BWP12T30P140LVT)
                                                          0.01      0.01       1.36 r
  scaleSoftmax/softmax/n379 (net)               3                   0.00       1.36 r
  scaleSoftmax/softmax/U8786/ZN (OAI22OPTPBD4BWP12T30P140LVT)
                                                          0.02      0.01       1.37 f
  scaleSoftmax/softmax/n19579 (net)             3                   0.00       1.37 f
  scaleSoftmax/softmax/U701/ZN (NR2D2BWP12T30P140LVT)     0.01      0.01       1.38 r
  scaleSoftmax/softmax/n99 (net)                1                   0.00       1.38 r
  scaleSoftmax/softmax/U2404/ZN (AOI21OPTPBD2BWP12T30P140LVT)
                                                          0.01      0.01       1.39 f
  scaleSoftmax/softmax/n4278 (net)              1                   0.00       1.39 f
  scaleSoftmax/softmax/U2912/ZN (NR2D2BWP12T30P140LVT)
                                                          0.01      0.01       1.40 r
  scaleSoftmax/softmax/n1579 (net)              1                   0.00       1.40 r
  scaleSoftmax/softmax/U6104/ZN (OAI21D2BWP12T30P140LVT)
                                                          0.02      0.01       1.41 f
  scaleSoftmax/softmax/n3878 (net)              1                   0.00       1.41 f
  scaleSoftmax/softmax/U8849/ZN (AOI21D4BWP12T30P140LVT)
                                                          0.02      0.01       1.42 r
  scaleSoftmax/softmax/n4018 (net)              1                   0.00       1.42 r
  scaleSoftmax/softmax/U8070/ZN (NR2D8BWP12T30P140LVT)
                                                          0.01      0.01       1.43 f
  scaleSoftmax/softmax/n711 (net)               3                   0.00       1.43 f
  scaleSoftmax/softmax/U8068/ZN (ND2OPTFAD16BWP12T30P140LVT)
                                                          0.02      0.01       1.44 r
  scaleSoftmax/softmax/n3169 (net)             18                   0.00       1.44 r
  scaleSoftmax/softmax/U2919/ZN (CKND16BWP12T30P140LVT)
                                                          0.01      0.01       1.45 f
  scaleSoftmax/softmax/n4151 (net)             12                   0.00       1.45 f
  scaleSoftmax/softmax/U2833/Z (MUX2OPTD6BWP12T30P140LVT)
                                                          0.01      0.02       1.47 r
  scaleSoftmax/softmax/n19763 (net)             3                   0.00       1.47 r
  scaleSoftmax/softmax/U2832/ZN (ND2OPTPAD2BWP12T30P140LVT)
                                                          0.01      0.01       1.48 f
  scaleSoftmax/softmax/n1322 (net)              1                   0.00       1.48 f
  scaleSoftmax/softmax/U2936/ZN (INVD4BWP12T30P140LVT)
                                                          0.01      0.01       1.49 r
  scaleSoftmax/softmax/n937 (net)               1                   0.00       1.49 r
  scaleSoftmax/softmax/U2783/ZN (NR2OPTFAD4BWP12T30P140LVT)
                                                          0.01      0.01       1.50 f
  scaleSoftmax/softmax/n936 (net)               1                   0.00       1.50 f
  scaleSoftmax/softmax/U8203/ZN (AOI21OPTPBD2BWP12T30P140LVT)
                                                          0.01      0.01       1.51 r
  scaleSoftmax/softmax/n934 (net)               1                   0.00       1.51 r
  scaleSoftmax/softmax/U8200/ZN (NR2OPTPAD2BWP12T30P140LVT)
                                                          0.01      0.01       1.51 f
  scaleSoftmax/softmax/n1026 (net)              1                   0.00       1.51 f
  scaleSoftmax/softmax/U8245/ZN (INR2D4BWP12T30P140LVT)
                                                          0.01      0.01       1.52 r
  scaleSoftmax/softmax/n1035 (net)              1                   0.00       1.52 r
  scaleSoftmax/softmax/U4135/ZN (NR2D8BWP12T30P140LVT)
                                                          0.01      0.01       1.53 f
  scaleSoftmax/softmax/n4065 (net)              1                   0.00       1.53 f
  scaleSoftmax/softmax/U16539/ZN (ND2OPTFAD16BWP12T30P140LVT)
                                                          0.02      0.02       1.55 r
  scaleSoftmax/softmax/n19725 (net)            35                   0.00       1.55 r
  scaleSoftmax/softmax/U2010/Z (MUX2OPTD4BWP12T30P140LVT)
                                                          0.01      0.03       1.57 f
  scaleSoftmax/softmax/n19872 (net)             3                   0.00       1.57 f
  scaleSoftmax/softmax/U8133/ZN (INR2D8BWP12T30P140LVT)
                                                          0.01      0.01       1.58 r
  scaleSoftmax/softmax/n2396 (net)              3                   0.00       1.58 r
  scaleSoftmax/softmax/U396/ZN (INR2D1BWP12T30P140LVT)
                                                          0.01      0.01       1.59 f
  scaleSoftmax/softmax/n1481 (net)              1                   0.00       1.59 f
  scaleSoftmax/softmax/U8713/ZN (AOI21OPTPBD2BWP12T30P140LVT)
                                                          0.02      0.01       1.60 r
  scaleSoftmax/softmax/n1567 (net)              1                   0.00       1.60 r
  scaleSoftmax/softmax/U8210/ZN (ND2OPTPAD2BWP12T30P140LVT)
                                                          0.01      0.01       1.61 f
  scaleSoftmax/softmax/n946 (net)               1                   0.00       1.61 f
  scaleSoftmax/softmax/U2384/ZN (AOI21OPTPBD4BWP12T30P140LVT)
                                                          0.02      0.01       1.62 r
  scaleSoftmax/softmax/n945 (net)               1                   0.00       1.62 r
  scaleSoftmax/softmax/U8208/ZN (AOI21OPTPBD6BWP12T30P140LVT)
                                                          0.02      0.01       1.63 f
  scaleSoftmax/softmax/n3921 (net)              1                   0.00       1.63 f
  scaleSoftmax/softmax/U3194/ZN (NR2D16BWP12T30P140LVT)
                                                          0.02      0.02       1.65 r
  scaleSoftmax/softmax/n19838 (net)            16                   0.00       1.65 r
  scaleSoftmax/softmax/U16460/ZN (ND2OPTPAD2BWP12T30P140LVT)
                                                          0.02      0.01       1.66 f
  scaleSoftmax/softmax/n4758 (net)              1                   0.00       1.66 f
  scaleSoftmax/softmax/U8774/ZN (ND2OPTFAD4BWP12T30P140LVT)
                                                          0.01      0.01       1.67 r
  scaleSoftmax/softmax/n19981 (net)             3                   0.00       1.67 r
  scaleSoftmax/softmax/U9290/ZN (ND2OPTFAD6BWP12T30P140LVT)
                                                          0.01      0.01       1.68 f
  scaleSoftmax/softmax/n4729 (net)              2                   0.00       1.68 f
  scaleSoftmax/softmax/U8254/ZN (ND2OPTFAD4BWP12T30P140LVT)
                                                          0.01      0.01       1.69 r
  scaleSoftmax/softmax/n1040 (net)              2                   0.00       1.69 r
  scaleSoftmax/softmax/U8253/ZN (OAI21OPTREPBD2BWP12T30P140LVT)
                                                          0.01      0.01       1.70 f
  scaleSoftmax/softmax/n1568 (net)              1                   0.00       1.70 f
  scaleSoftmax/softmax/U8811/ZN (ND2D3BWP12T30P140LVT)
                                                          0.01      0.01       1.71 r
  scaleSoftmax/softmax/n4516 (net)              1                   0.00       1.71 r
  scaleSoftmax/softmax/U16483/ZN (ND3OPTFAD4BWP12T30P140LVT)
                                                          0.01      0.01       1.72 f
  scaleSoftmax/softmax/n4944 (net)              1                   0.00       1.72 f
  scaleSoftmax/softmax/U16769/ZN (AOI21OPTPBD2BWP12T30P140LVT)
                                                          0.01      0.01       1.73 r
  scaleSoftmax/softmax/n6616 (net)              1                   0.00       1.73 r
  scaleSoftmax/softmax/U16750/ZN (ND3OPTPAD2BWP12T30P140LVT)
                                                          0.02      0.01       1.74 f
  scaleSoftmax/softmax/n19964 (net)             1                   0.00       1.74 f
  scaleSoftmax/softmax/U16675/ZN (AOI21OPTPBD4BWP12T30P140LVT)
                                                          0.02      0.01       1.75 r
  scaleSoftmax/softmax/n19980 (net)             2                   0.00       1.75 r
  scaleSoftmax/softmax/U8898/ZN (CKND8BWP12T30P140LVT)
                                                          0.01      0.01       1.76 f
  scaleSoftmax/softmax/n4415 (net)              8                   0.00       1.76 f
  scaleSoftmax/softmax/U2802/ZN (CKND8BWP12T30P140LVT)
                                                          0.01      0.01       1.77 r
  scaleSoftmax/softmax/n1189 (net)              5                   0.00       1.77 r
  scaleSoftmax/softmax/U2186/ZN (ND2OPTPAD4BWP12T30P140LVT)
                                                          0.01      0.01       1.78 f
  scaleSoftmax/softmax/n2802 (net)              1                   0.00       1.78 f
  scaleSoftmax/softmax/U9704/ZN (OAI21OPTPBD2BWP12T30P140LVT)
                                                          0.01      0.01       1.79 r
  scaleSoftmax/softmax/n20006 (net)             3                   0.00       1.79 r
  scaleSoftmax/softmax/U143/ZN (ND2D2BWP12T30P140LVT)     0.01      0.01       1.80 f
  scaleSoftmax/softmax/n6948 (net)              2                   0.00       1.80 f
  scaleSoftmax/softmax/U8890/ZN (AOI31D2BWP12T30P140LVT)
                                                          0.02      0.01       1.81 r
  scaleSoftmax/softmax/n4669 (net)              1                   0.00       1.81 r
  scaleSoftmax/softmax/U9364/ZN (NR2D2BWP12T30P140LVT)
                                                          0.01      0.01       1.82 f
  scaleSoftmax/softmax/n4470 (net)              1                   0.00       1.82 f
  scaleSoftmax/softmax/U8778/ZN (OAI21D2BWP12T30P140LVT)
                                                          0.01      0.01       1.83 r
  scaleSoftmax/softmax/n4904 (net)              1                   0.00       1.83 r
  scaleSoftmax/softmax/U16746/ZN (AOI21OPTPBD2BWP12T30P140LVT)
                                                          0.01      0.01       1.84 f
  scaleSoftmax/softmax/n4902 (net)              1                   0.00       1.84 f
  scaleSoftmax/softmax/U4124/ZN (NR2D4BWP12T30P140LVT)
                                                          0.01      0.01       1.85 r
  scaleSoftmax/softmax/n7083 (net)              1                   0.00       1.85 r
  scaleSoftmax/softmax/U2366/ZN (ND2OPTFAD6BWP12T30P140LVT)
                                                          0.01      0.01       1.85 f
  scaleSoftmax/softmax/n3806 (net)              2                   0.00       1.85 f
  scaleSoftmax/softmax/U2365/ZN (INR2D8BWP12T30P140LVT)
                                                          0.01      0.01       1.87 r
  scaleSoftmax/softmax/n494 (net)               5                   0.00       1.87 r
  scaleSoftmax/softmax/U9242/ZN (ND2OPTFAD8BWP12T30P140LVT)
                                                          0.01      0.01       1.87 f
  scaleSoftmax/softmax/n20097 (net)             2                   0.00       1.87 f
  scaleSoftmax/softmax/U2244/ZN (INVD9BWP12T30P140LVT)
                                                          0.01      0.01       1.88 r
  scaleSoftmax/softmax/n40384 (net)             9                   0.00       1.88 r
  scaleSoftmax/softmax/U9405/ZN (CKND12BWP12T30P140LVT)
                                                          0.01      0.01       1.89 f
  scaleSoftmax/softmax/n40918 (net)            30                   0.00       1.89 f
  scaleSoftmax/softmax/U16787/ZN (OAI22D1BWP12T30P140LVT)
                                                          0.02      0.01       1.90 r
  scaleSoftmax/softmax/n5534 (net)              1                   0.00       1.90 r
  scaleSoftmax/softmax/globalMaximum_reg[33]/D (DFQD2BWP12T30P140LVT)
                                                          0.02      0.00       1.90 r
  data arrival time                                                            1.90

  clock clk (rise edge)                                             2.00       2.00
  clock network delay (ideal)                                       0.00       2.00
  clock uncertainty                                                -0.10       1.90
  scaleSoftmax/softmax/globalMaximum_reg[33]/CP (DFQD2BWP12T30P140LVT)
                                                                    0.00       1.90 r
  library setup time                                               -0.01       1.89
  data required time                                                           1.89
  ------------------------------------------------------------------------------------
  data required time                                                           1.89
  data arrival time                                                           -1.90
  ------------------------------------------------------------------------------------
  slack (VIOLATED)                                                            -0.02


  Startpoint: scaleSoftmax/softmax/packCountReg_reg[0]
              (rising edge-triggered flip-flop clocked by clk)
  Endpoint: scaleSoftmax/softmax/globalMaximum_reg[11]
            (rising edge-triggered flip-flop clocked by clk)
  Path Group: clk
  Path Type: max

  Des/Clust/Port     Wire Load Model       Library
  ------------------------------------------------
  AttentionFeaturePacketizer_0
                     ZeroWireload          tcbn28hpcplusbwp12t30p140lvtssg0p81v125c
  PackDescriptorDecoder_1
                     ZeroWireload          tcbn28hpcplusbwp12t30p140lvtssg0p81v125c
  PackDescriptorDecoder
                     ZeroWireload          tcbn28hpcplusbwp12t30p140lvtssg0p81v125c
  BufferedPackMetadataDequantizer_1
                     ZeroWireload          tcbn28hpcplusbwp12t30p140lvtssg0p81v125c
  DynamicBitUnpacker_1
                     ZeroWireload          tcbn28hpcplusbwp12t30p140lvtssg0p81v125c
  BufferedPackMetadataDequantizer
                     ZeroWireload          tcbn28hpcplusbwp12t30p140lvtssg0p81v125c
  DynamicBitUnpacker ZeroWireload          tcbn28hpcplusbwp12t30p140lvtssg0p81v125c
  KvStreamDequantizer_1
                     ZeroWireload          tcbn28hpcplusbwp12t30p140lvtssg0p81v125c
  KvStreamDequantizer
                     ZeroWireload          tcbn28hpcplusbwp12t30p140lvtssg0p81v125c
  DecompressionPipelineController_1
                     ZeroWireload          tcbn28hpcplusbwp12t30p140lvtssg0p81v125c
  DecompressionPipelineController
                     ZeroWireload          tcbn28hpcplusbwp12t30p140lvtssg0p81v125c
  QkDotProductAccumulator
                     ZeroWireload          tcbn28hpcplusbwp12t30p140lvtssg0p81v125c
  QueryReplayBuffer  ZeroWireload          tcbn28hpcplusbwp12t30p140lvtssg0p81v125c
  AttentionFeaturePacketizer_1
                     ZeroWireload          tcbn28hpcplusbwp12t30p140lvtssg0p81v125c
  DualKvDecompressionController
                     ZeroWireload          tcbn28hpcplusbwp12t30p140lvtssg0p81v125c
  SoftmaxVAccumulator
                     ZeroWireload          tcbn28hpcplusbwp12t30p140lvtssg0p81v125c
  StreamingSoftmax   ZeroWireload          tcbn28hpcplusbwp12t30p140lvtssg0p81v125c
  AttentionScaleUnit ZeroWireload          tcbn28hpcplusbwp12t30p140lvtssg0p81v125c
  AvOutputQuantizer  ZeroWireload          tcbn28hpcplusbwp12t30p140lvtssg0p81v125c
  BriskKvAttentionTop
                     ZeroWireload          tcbn28hpcplusbwp12t30p140lvtssg0p81v125c

  Point                                       Fanout     Trans      Incr       Path
  ------------------------------------------------------------------------------------
  clock clk (rise edge)                                             0.00       0.00
  clock network delay (ideal)                                       0.00       0.00
  scaleSoftmax/softmax/packCountReg_reg[0]/CP (DFQOPTMAD8BWP12T30P140LVT)
                                                          0.00      0.00 #     0.00 r
  scaleSoftmax/softmax/packCountReg_reg[0]/Q (DFQOPTMAD8BWP12T30P140LVT)
                                                          0.01      0.02       0.02 f
  scaleSoftmax/softmax/packCountReg[0] (net)
                                                5                   0.00       0.02 f
  scaleSoftmax/softmax/U16327/ZN (NR2OPTD12BWP12T30P140LVT)
                                                          0.01      0.01       0.03 r
  scaleSoftmax/softmax/n4197 (net)              1                   0.00       0.03 r
  scaleSoftmax/softmax/U4071/ZN (ND3OPTFAD16BWP12T30P140LVT)
                                                          0.01      0.01       0.04 f
  scaleSoftmax/softmax/n6641 (net)              1                   0.00       0.04 f
  scaleSoftmax/softmax/U16385/ZN (NR2OPTPAD16BWP12T30P140LVT)
                                                          0.02      0.01       0.06 r
  scaleSoftmax/softmax/n6989 (net)             11                   0.00       0.06 r
  scaleSoftmax/softmax/U1973/ZN (ND2OPTD6BWP12T30P140LVT)
                                                          0.01      0.01       0.07 f
  scaleSoftmax/softmax/n27900 (net)             3                   0.00       0.07 f
  scaleSoftmax/softmax/U3042/ZN (AOI21OPTREPBD2BWP12T30P140LVT)
                                                          0.01      0.01       0.08 r
  scaleSoftmax/softmax/n298 (net)               1                   0.00       0.08 r
  scaleSoftmax/softmax/U3041/ZN (NR2D3BWP12T30P140LVT)
                                                          0.01      0.01       0.08 f
  scaleSoftmax/softmax/n3693 (net)              1                   0.00       0.08 f
  scaleSoftmax/softmax/U16282/ZN (ND2OPTFAD4BWP12T30P140LVT)
                                                          0.01      0.01       0.09 r
  scaleSoftmax/softmax/n3654 (net)              2                   0.00       0.09 r
  scaleSoftmax/softmax/U8918/ZN (NR3OPTFAD4BWP12T30P140LVT)
                                                          0.01      0.01       0.10 f
  scaleSoftmax/softmax/n4748 (net)              1                   0.00       0.10 f
  scaleSoftmax/softmax/U16710/ZN (ND2OPTFAD4BWP12T30P140LVT)
                                                          0.01      0.01       0.11 r
  scaleSoftmax/softmax/n4747 (net)              1                   0.00       0.11 r
  scaleSoftmax/softmax/U9152/ZN (NR2OPTD12BWP12T30P140LVT)
                                                          0.01      0.01       0.12 f
  scaleSoftmax/softmax/n4745 (net)              2                   0.00       0.12 f
  scaleSoftmax/softmax/U2510/ZN (ND2OPTFAD16BWP12T30P140LVT)
                                                          0.02      0.02       0.14 r
  scaleSoftmax/softmax/n6944 (net)             24                   0.00       0.14 r
  scaleSoftmax/softmax/U9041/ZN (ND2D4BWP12T30P140LVT)
                                                          0.01      0.01       0.15 f
  scaleSoftmax/softmax/n3809 (net)              1                   0.00       0.15 f
  scaleSoftmax/softmax/U3085/ZN (INVD4BWP12T30P140LVT)
                                                          0.01      0.01       0.15 r
  scaleSoftmax/softmax/n18388 (net)             3                   0.00       0.15 r
  scaleSoftmax/softmax/U9632/ZN (NR2OPTPAD2BWP12T30P140LVT)
                                                          0.01      0.01       0.16 f
  scaleSoftmax/softmax/n2576 (net)              2                   0.00       0.16 f
  scaleSoftmax/softmax/U9542/ZN (OAI21D2BWP12T30P140LVT)
                                                          0.01      0.01       0.17 r
  scaleSoftmax/softmax/n2569 (net)              1                   0.00       0.17 r
  scaleSoftmax/softmax/U9624/ZN (AOI21OPTPBD2BWP12T30P140LVT)
                                                          0.01      0.01       0.18 f
  scaleSoftmax/softmax/n3706 (net)              1                   0.00       0.18 f
  scaleSoftmax/softmax/U9099/ZN (NR2D4BWP12T30P140LVT)
                                                          0.01      0.01       0.20 r
  scaleSoftmax/softmax/n4249 (net)              1                   0.00       0.20 r
  scaleSoftmax/softmax/U16454/ZN (NR3OPTFAD4BWP12T30P140LVT)
                                                          0.01      0.01       0.21 f
  scaleSoftmax/softmax/n4248 (net)              1                   0.00       0.21 f
  scaleSoftmax/softmax/U4139/ZN (NR2D8BWP12T30P140LVT)
                                                          0.02      0.01       0.22 r
  scaleSoftmax/softmax/n4243 (net)              1                   0.00       0.22 r
  scaleSoftmax/softmax/U2946/ZN (NR2OPTPAD16BWP12T30P140LVT)
                                                          0.02      0.01       0.24 f
  scaleSoftmax/softmax/n6703 (net)             31                   0.00       0.24 f
  scaleSoftmax/softmax/U9805/Z (MUX2OPTD4BWP12T30P140LVT)
                                                          0.01      0.02       0.26 r
  scaleSoftmax/softmax/n3041 (net)              3                   0.00       0.26 r
  scaleSoftmax/softmax/U5717/ZN (ND2OPTFAD4BWP12T30P140LVT)
                                                          0.01      0.01       0.27 f
  scaleSoftmax/softmax/n2269 (net)              2                   0.00       0.27 f
  scaleSoftmax/softmax/U9222/ZN (AOI21OPTPBD2BWP12T30P140LVT)
                                                          0.01      0.01       0.28 r
  scaleSoftmax/softmax/n18507 (net)             1                   0.00       0.28 r
  scaleSoftmax/softmax/U9715/ZN (OAI21OPTREPBD2BWP12T30P140LVT)
                                                          0.01      0.01       0.29 f
  scaleSoftmax/softmax/n18509 (net)             1                   0.00       0.29 f
  scaleSoftmax/softmax/U9814/ZN (AOI21OPTPBD2BWP12T30P140LVT)
                                                          0.01      0.01       0.30 r
  scaleSoftmax/softmax/n3065 (net)              1                   0.00       0.30 r
  scaleSoftmax/softmax/U9813/ZN (OAI21OPTPBD2BWP12T30P140LVT)
                                                          0.01      0.01       0.31 f
  scaleSoftmax/softmax/n3064 (net)              1                   0.00       0.31 f
  scaleSoftmax/softmax/U2800/ZN (NR2OPTPAD2BWP12T30P140LVT)
                                                          0.01      0.01       0.33 r
  scaleSoftmax/softmax/n228 (net)               1                   0.00       0.33 r
  scaleSoftmax/softmax/U2799/ZN (NR2OPTD6BWP12T30P140LVT)
                                                          0.01      0.01       0.33 f
  scaleSoftmax/softmax/n226 (net)               1                   0.00       0.33 f
  scaleSoftmax/softmax/U2798/ZN (INR2D16BWP12T30P140LVT)
                                                          0.03      0.02       0.35 r
  scaleSoftmax/softmax/n4484 (net)             32                   0.00       0.35 r
  scaleSoftmax/softmax/U1771/ZN (INR2D2BWP12T30P140LVT)
                                                          0.01      0.01       0.36 f
  scaleSoftmax/softmax/n1956 (net)              1                   0.00       0.36 f
  scaleSoftmax/softmax/U7313/ZN (INVD2BWP12T30P140LVT)
                                                          0.01      0.01       0.36 r
  scaleSoftmax/softmax/n3055 (net)              1                   0.00       0.36 r
  scaleSoftmax/softmax/U2885/ZN (CKND2D3BWP12T30P140LVT)
                                                          0.01      0.01       0.37 f
  scaleSoftmax/softmax/n18710 (net)             3                   0.00       0.37 f
  scaleSoftmax/softmax/U1732/ZN (NR2OPTFAD4BWP12T30P140LVT)
                                                          0.01      0.01       0.38 r
  scaleSoftmax/softmax/n6473 (net)              2                   0.00       0.38 r
  scaleSoftmax/softmax/U2097/ZN (NR3OPTPAD2BWP12T30P140LVT)
                                                          0.01      0.01       0.39 f
  scaleSoftmax/softmax/n6845 (net)              1                   0.00       0.39 f
  scaleSoftmax/softmax/U1706/ZN (NR2OPTPAD2BWP12T30P140LVT)
                                                          0.01      0.01       0.40 r
  scaleSoftmax/softmax/n4574 (net)              1                   0.00       0.40 r
  scaleSoftmax/softmax/U7265/ZN (OAI21D2BWP12T30P140LVT)
                                                          0.01      0.01       0.41 f
  scaleSoftmax/softmax/n4572 (net)              1                   0.00       0.41 f
  scaleSoftmax/softmax/U16689/ZN (AOI21OPTREPBD2BWP12T30P140LVT)
                                                          0.01      0.01       0.42 r
  scaleSoftmax/softmax/n6526 (net)              1                   0.00       0.42 r
  scaleSoftmax/softmax/U8494/ZN (OAI21OPTREPBD2BWP12T30P140LVT)
                                                          0.02      0.01       0.43 f
  scaleSoftmax/softmax/n6538 (net)              1                   0.00       0.43 f
  scaleSoftmax/softmax/U16902/ZN (OAI21OPTPBD4BWP12T30P140LVT)
                                                          0.02      0.01       0.44 r
  scaleSoftmax/softmax/n6730 (net)              1                   0.00       0.44 r
  scaleSoftmax/softmax/U8524/ZN (ND2OPTD12BWP12T30P140LVT)
                                                          0.02      0.02       0.46 f
  scaleSoftmax/softmax/n18684 (net)             8                   0.00       0.46 f
  scaleSoftmax/softmax/U2026/Z (MUX2D4BWP12T30P140LVT)
                                                          0.01      0.03       0.49 r
  scaleSoftmax/softmax/n18845 (net)             2                   0.00       0.49 r
  scaleSoftmax/softmax/U1651/Z (BUFFXD6BWP12T30P140LVT)
                                                          0.01      0.01       0.50 r
  scaleSoftmax/softmax/n4548 (net)              2                   0.00       0.50 r
  scaleSoftmax/softmax/U16986/ZN (INR2D4BWP12T30P140LVT)
                                                          0.01      0.00       0.50 f
  scaleSoftmax/softmax/n6990 (net)              1                   0.00       0.50 f
  scaleSoftmax/softmax/U16886/ZN (NR2OPTPAD2BWP12T30P140LVT)
                                                          0.01      0.01       0.51 r
  scaleSoftmax/softmax/n6386 (net)              1                   0.00       0.51 r
  scaleSoftmax/softmax/U8425/ZN (OAI21OPTREPBD2BWP12T30P140LVT)
                                                          0.01      0.01       0.52 f
  scaleSoftmax/softmax/n1151 (net)              1                   0.00       0.52 f
  scaleSoftmax/softmax/U2048/ZN (ND2D3BWP12T30P140LVT)
                                                          0.01      0.01       0.53 r
  scaleSoftmax/softmax/n4475 (net)              1                   0.00       0.53 r
  scaleSoftmax/softmax/U2140/ZN (AOI21OPTPBD6BWP12T30P140LVT)
                                                          0.02      0.01       0.54 f
  scaleSoftmax/softmax/n7123 (net)              1                   0.00       0.54 f
  scaleSoftmax/softmax/U8928/ZN (INR2D16BWP12T30P140LVT)
                                                          0.02      0.01       0.55 r
  scaleSoftmax/softmax/n1751 (net)             12                   0.00       0.55 r
  scaleSoftmax/softmax/U8979/Z (MUX2D2BWP12T30P140LVT)
                                                          0.01      0.02       0.58 f
  scaleSoftmax/softmax/n18956 (net)             3                   0.00       0.58 f
  scaleSoftmax/softmax/U1558/ZN (INR2D1BWP12T30P140LVT)
                                                          0.02      0.01       0.59 r
  scaleSoftmax/softmax/n18894 (net)             2                   0.00       0.59 r
  scaleSoftmax/softmax/U1530/ZN (INVD1BWP12T30P140LVT)
                                                          0.01      0.01       0.60 f
  scaleSoftmax/softmax/n6379 (net)              1                   0.00       0.60 f
  scaleSoftmax/softmax/U9248/ZN (AOI21OPTPBD2BWP12T30P140LVT)
                                                          0.01      0.01       0.61 r
  scaleSoftmax/softmax/n1998 (net)              1                   0.00       0.61 r
  scaleSoftmax/softmax/U9247/ZN (OAI21OPTREPBD2BWP12T30P140LVT)
                                                          0.01      0.01       0.62 f
  scaleSoftmax/softmax/n4641 (net)              1                   0.00       0.62 f
  scaleSoftmax/softmax/U9396/ZN (AOI21OPTPBD2BWP12T30P140LVT)
                                                          0.02      0.02       0.64 r
  scaleSoftmax/softmax/n18955 (net)             2                   0.00       0.64 r
  scaleSoftmax/softmax/U16699/ZN (ND3OPTPAD2BWP12T30P140LVT)
                                                          0.02      0.02       0.65 f
  scaleSoftmax/softmax/n6520 (net)              1                   0.00       0.65 f
  scaleSoftmax/softmax/U16336/ZN (NR2OPTFAD4BWP12T30P140LVT)
                                                          0.01      0.01       0.66 r
  scaleSoftmax/softmax/n3781 (net)              1                   0.00       0.66 r
  scaleSoftmax/softmax/U1999/ZN (ND2OPTFAD8BWP12T30P140LVT)
                                                          0.01      0.01       0.68 f
  scaleSoftmax/softmax/n18941 (net)             4                   0.00       0.68 f
  scaleSoftmax/softmax/U8376/ZN (CKND16BWP12T30P140LVT)
                                                          0.01      0.01       0.69 r
  scaleSoftmax/softmax/n4526 (net)             12                   0.00       0.69 r
  scaleSoftmax/softmax/U2122/ZN (CKND8BWP12T30P140LVT)
                                                          0.01      0.01       0.69 f
  scaleSoftmax/softmax/n6496 (net)              4                   0.00       0.69 f
  scaleSoftmax/softmax/U8277/Z (MUX2OPTD6BWP12T30P140LVT)
                                                          0.01      0.02       0.71 r
  scaleSoftmax/softmax/n4363 (net)              3                   0.00       0.71 r
  scaleSoftmax/softmax/U8276/ZN (ND2OPTFAD4BWP12T30P140LVT)
                                                          0.01      0.01       0.72 f
  scaleSoftmax/softmax/n2146 (net)              2                   0.00       0.72 f
  scaleSoftmax/softmax/U6882/ZN (ND2D2BWP12T30P140LVT)
                                                          0.01      0.01       0.72 r
  scaleSoftmax/softmax/n1813 (net)              1                   0.00       0.72 r
  scaleSoftmax/softmax/U9007/ZN (ND2OPTPAD2BWP12T30P140LVT)
                                                          0.01      0.01       0.73 f
  scaleSoftmax/softmax/n4724 (net)              1                   0.00       0.73 f
  scaleSoftmax/softmax/U16408/ZN (AOI21OPTPBD2BWP12T30P140LVT)
                                                          0.01      0.01       0.74 r
  scaleSoftmax/softmax/n3746 (net)              1                   0.00       0.74 r
  scaleSoftmax/softmax/U16403/ZN (NR2D2BWP12T30P140LVT)
                                                          0.01      0.01       0.74 f
  scaleSoftmax/softmax/n6187 (net)              1                   0.00       0.74 f
  scaleSoftmax/softmax/U16622/ZN (OAI21D2BWP12T30P140LVT)
                                                          0.01      0.01       0.75 r
  scaleSoftmax/softmax/n6651 (net)              1                   0.00       0.75 r
  scaleSoftmax/softmax/U16932/ZN (AOI21OPTPBD2BWP12T30P140LVT)
                                                          0.02      0.01       0.76 f
  scaleSoftmax/softmax/n6649 (net)              1                   0.00       0.76 f
  scaleSoftmax/softmax/U16646/ZN (NR3OPTD6BWP12T30P140LVT)
                                                          0.03      0.02       0.79 r
  scaleSoftmax/softmax/n19026 (net)             4                   0.00       0.79 r
  scaleSoftmax/softmax/U8752/ZN (CKND8BWP12T30P140LVT)
                                                          0.02      0.01       0.80 f
  scaleSoftmax/softmax/n4468 (net)             14                   0.00       0.80 f
  scaleSoftmax/softmax/U2747/ZN (INR2D2BWP12T30P140LVT)
                                                          0.01      0.01       0.81 r
  scaleSoftmax/softmax/n3691 (net)              1                   0.00       0.81 r
  scaleSoftmax/softmax/U9219/ZN (INVD1P25BWP12T30P140LVT)
                                                          0.01      0.01       0.81 f
  scaleSoftmax/softmax/n4509 (net)              1                   0.00       0.81 f
  scaleSoftmax/softmax/U9265/ZN (OAI21OPTREPBD2BWP12T30P140LVT)
                                                          0.03      0.01       0.82 r
  scaleSoftmax/softmax/n19157 (net)             3                   0.00       0.82 r
  scaleSoftmax/softmax/U1343/ZN (ND2D2BWP12T30P140LVT)
                                                          0.02      0.01       0.83 f
  scaleSoftmax/softmax/n2582 (net)              2                   0.00       0.83 f
  scaleSoftmax/softmax/U2120/ZN (OAI211OPTREPBD2BWP12T30P140LVT)
                                                          0.01      0.01       0.84 r
  scaleSoftmax/softmax/n22 (net)                1                   0.00       0.84 r
  scaleSoftmax/softmax/U1321/ZN (AOI21OPTPBD1BWP12T30P140LVT)
                                                          0.01      0.01       0.85 f
  scaleSoftmax/softmax/n2733 (net)              1                   0.00       0.85 f
  scaleSoftmax/softmax/U2383/ZN (OAI21OPTPBD2BWP12T30P140LVT)
                                                          0.01      0.01       0.86 r
  scaleSoftmax/softmax/n6275 (net)              1                   0.00       0.86 r
  scaleSoftmax/softmax/U5271/ZN (ND2D2BWP12T30P140LVT)
                                                          0.01      0.01       0.87 f
  scaleSoftmax/softmax/n4491 (net)              1                   0.00       0.87 f
  scaleSoftmax/softmax/U6734/ZN (ND2OPTPAD2BWP12T30P140LVT)
                                                          0.01      0.01       0.88 r
  scaleSoftmax/softmax/n6272 (net)              1                   0.00       0.88 r
  scaleSoftmax/softmax/U8619/ZN (AOI21OPTPBD6BWP12T30P140LVT)
                                                          0.02      0.01       0.89 f
  scaleSoftmax/softmax/n1271 (net)              4                   0.00       0.89 f
  scaleSoftmax/softmax/U8617/ZN (NR2OPTPAD16BWP12T30P140LVT)
                                                          0.03      0.02       0.91 r
  scaleSoftmax/softmax/n6472 (net)             30                   0.00       0.91 r
  scaleSoftmax/softmax/U1235/Z (MUX2D4BWP12T30P140LVT)
                                                          0.01      0.03       0.94 r
  scaleSoftmax/softmax/n4372 (net)              3                   0.00       0.94 r
  scaleSoftmax/softmax/U9515/ZN (INR2D4BWP12T30P140LVT)
                                                          0.01      0.01       0.95 f
  scaleSoftmax/softmax/n2301 (net)              3                   0.00       0.95 f
  scaleSoftmax/softmax/U4424/ZN (NR2D2BWP12T30P140LVT)
                                                          0.01      0.01       0.96 r
  scaleSoftmax/softmax/n2786 (net)              1                   0.00       0.96 r
  scaleSoftmax/softmax/U9670/ZN (OAI211OPTREPBD2BWP12T30P140LVT)
                                                          0.02      0.01       0.97 f
  scaleSoftmax/softmax/n2780 (net)              1                   0.00       0.97 f
  scaleSoftmax/softmax/U9699/ZN (AOI21OPTPBD2BWP12T30P140LVT)
                                                          0.02      0.01       0.98 r
  scaleSoftmax/softmax/n2777 (net)              1                   0.00       0.98 r
  scaleSoftmax/softmax/U4140/ZN (OAI21OPTPBD8BWP12T30P140LVT)
                                                          0.02      0.01       1.00 f
  scaleSoftmax/softmax/n3432 (net)              1                   0.00       1.00 f
  scaleSoftmax/softmax/U8773/ZN (ND2OPTFAD16BWP12T30P140LVT)
                                                          0.03      0.02       1.02 r
  scaleSoftmax/softmax/n19267 (net)            40                   0.00       1.02 r
  scaleSoftmax/softmax/U8407/ZN (CKND16BWP12T30P140LVT)
                                                          0.01      0.01       1.03 f
  scaleSoftmax/softmax/n4373 (net)             13                   0.00       1.03 f
  scaleSoftmax/softmax/U8485/Z (MUX2OPTD6BWP12T30P140LVT)
                                                          0.01      0.02       1.05 r
  scaleSoftmax/softmax/n4401 (net)              3                   0.00       1.05 r
  scaleSoftmax/softmax/U8207/ZN (ND2OPTFAD4BWP12T30P140LVT)
                                                          0.02      0.01       1.06 f
  scaleSoftmax/softmax/n941 (net)               2                   0.00       1.06 f
  scaleSoftmax/softmax/U8206/ZN (AOI21OPTPBD2BWP12T30P140LVT)
                                                          0.01      0.01       1.06 r
  scaleSoftmax/softmax/n1677 (net)              1                   0.00       1.06 r
  scaleSoftmax/softmax/U8843/ZN (OAI21OPTPBD2BWP12T30P140LVT)
                                                          0.01      0.01       1.07 f
  scaleSoftmax/softmax/n2867 (net)              1                   0.00       1.07 f
  scaleSoftmax/softmax/U9737/ZN (AOI21OPTPBD2BWP12T30P140LVT)
                                                          0.01      0.01       1.08 r
  scaleSoftmax/softmax/n4254 (net)              1                   0.00       1.08 r
  scaleSoftmax/softmax/U16413/ZN (NR2D4BWP12T30P140LVT)
                                                          0.01      0.01       1.09 f
  scaleSoftmax/softmax/n4057 (net)              1                   0.00       1.09 f
  scaleSoftmax/softmax/U8359/ZN (NR3OPTPAD6BWP12T30P140LVT)
                                                          0.02      0.02       1.11 r
  scaleSoftmax/softmax/n4055 (net)              1                   0.00       1.11 r
  scaleSoftmax/softmax/U3181/ZN (ND2OPTFAD16BWP12T30P140LVT)
                                                          0.02      0.02       1.12 f
  scaleSoftmax/softmax/n4344 (net)             27                   0.00       1.12 f
  scaleSoftmax/softmax/U2139/ZN (CKND6BWP12T30P140LVT)
                                                          0.01      0.01       1.13 r
  scaleSoftmax/softmax/n158 (net)               3                   0.00       1.13 r
  scaleSoftmax/softmax/U2275/ZN (ND2OPTFAD4BWP12T30P140LVT)
                                                          0.01      0.01       1.14 f
  scaleSoftmax/softmax/n1798 (net)              2                   0.00       1.14 f
  scaleSoftmax/softmax/U3191/ZN (INR2D4BWP12T30P140LVT)
                                                          0.01      0.01       1.15 f
  scaleSoftmax/softmax/n6125 (net)              2                   0.00       1.15 f
  scaleSoftmax/softmax/U2623/ZN (INVD4BWP12T30P140LVT)
                                                          0.01      0.01       1.16 r
  scaleSoftmax/softmax/n186 (net)               1                   0.00       1.16 r
  scaleSoftmax/softmax/U2681/ZN (ND2D4BWP12T30P140LVT)
                                                          0.01      0.01       1.17 f
  scaleSoftmax/softmax/n789 (net)               2                   0.00       1.17 f
  scaleSoftmax/softmax/U2856/ZN (NR2D3BWP12T30P140LVT)
                                                          0.01      0.01       1.18 r
  scaleSoftmax/softmax/n19421 (net)             2                   0.00       1.18 r
  scaleSoftmax/softmax/U8761/ZN (ND3OPTFAD4BWP12T30P140LVT)
                                                          0.01      0.01       1.19 f
  scaleSoftmax/softmax/n1530 (net)              1                   0.00       1.19 f
  scaleSoftmax/softmax/U8121/ZN (INR2D16BWP12T30P140LVT)
                                                          0.01      0.02       1.21 f
  scaleSoftmax/softmax/n1632 (net)             15                   0.00       1.21 f
  scaleSoftmax/softmax/U2602/Z (MUX2OPTD6BWP12T30P140LVT)
                                                          0.01      0.02       1.23 r
  scaleSoftmax/softmax/n4180 (net)              3                   0.00       1.23 r
  scaleSoftmax/softmax/U9470/ZN (OAI21OPTREPBD2BWP12T30P140LVT)
                                                          0.01      0.01       1.24 f
  scaleSoftmax/softmax/n2210 (net)              1                   0.00       1.24 f
  scaleSoftmax/softmax/U2649/ZN (AOI21OPTPBD4BWP12T30P140LVT)
                                                          0.01      0.01       1.25 r
  scaleSoftmax/softmax/n822 (net)               2                   0.00       1.25 r
  scaleSoftmax/softmax/U3278/ZN (ND2OPTFAD4BWP12T30P140LVT)
                                                          0.01      0.01       1.26 f
  scaleSoftmax/softmax/n904 (net)               2                   0.00       1.26 f
  scaleSoftmax/softmax/U3352/ZN (NR2OPTPAD2BWP12T30P140LVT)
                                                          0.01      0.01       1.27 r
  scaleSoftmax/softmax/n925 (net)               1                   0.00       1.27 r
  scaleSoftmax/softmax/U2427/ZN (ND3OPTPAD2BWP12T30P140LVT)
                                                          0.02      0.01       1.28 f
  scaleSoftmax/softmax/n107 (net)               1                   0.00       1.28 f
  scaleSoftmax/softmax/U2426/ZN (ND2OPTFAD4BWP12T30P140LVT)
                                                          0.01      0.01       1.29 r
  scaleSoftmax/softmax/n1531 (net)              1                   0.00       1.29 r
  scaleSoftmax/softmax/U2633/ZN (NR2OPTD12BWP12T30P140LVT)
                                                          0.01      0.01       1.30 f
  scaleSoftmax/softmax/n4353 (net)              9                   0.00       1.30 f
  scaleSoftmax/softmax/U8749/ZN (AOI21OPTPBD4BWP12T30P140LVT)
                                                          0.01      0.01       1.31 r
  scaleSoftmax/softmax/n5038 (net)              1                   0.00       1.31 r
  scaleSoftmax/softmax/U2501/ZN (ND2OPTFAD6BWP12T30P140LVT)
                                                          0.02      0.01       1.32 f
  scaleSoftmax/softmax/n1129 (net)              2                   0.00       1.32 f
  scaleSoftmax/softmax/U8289/ZN (NR2D16BWP12T30P140LVT)
                                                          0.02      0.02       1.34 r
  scaleSoftmax/softmax/n6669 (net)             17                   0.00       1.34 r
  scaleSoftmax/softmax/U2132/Z (BUFFXD6BWP12T30P140LVT)
                                                          0.01      0.01       1.36 r
  scaleSoftmax/softmax/n379 (net)               3                   0.00       1.36 r
  scaleSoftmax/softmax/U8786/ZN (OAI22OPTPBD4BWP12T30P140LVT)
                                                          0.02      0.01       1.37 f
  scaleSoftmax/softmax/n19579 (net)             3                   0.00       1.37 f
  scaleSoftmax/softmax/U701/ZN (NR2D2BWP12T30P140LVT)     0.01      0.01       1.38 r
  scaleSoftmax/softmax/n99 (net)                1                   0.00       1.38 r
  scaleSoftmax/softmax/U2404/ZN (AOI21OPTPBD2BWP12T30P140LVT)
                                                          0.01      0.01       1.39 f
  scaleSoftmax/softmax/n4278 (net)              1                   0.00       1.39 f
  scaleSoftmax/softmax/U2912/ZN (NR2D2BWP12T30P140LVT)
                                                          0.01      0.01       1.40 r
  scaleSoftmax/softmax/n1579 (net)              1                   0.00       1.40 r
  scaleSoftmax/softmax/U6104/ZN (OAI21D2BWP12T30P140LVT)
                                                          0.02      0.01       1.41 f
  scaleSoftmax/softmax/n3878 (net)              1                   0.00       1.41 f
  scaleSoftmax/softmax/U8849/ZN (AOI21D4BWP12T30P140LVT)
                                                          0.02      0.01       1.42 r
  scaleSoftmax/softmax/n4018 (net)              1                   0.00       1.42 r
  scaleSoftmax/softmax/U8070/ZN (NR2D8BWP12T30P140LVT)
                                                          0.01      0.01       1.43 f
  scaleSoftmax/softmax/n711 (net)               3                   0.00       1.43 f
  scaleSoftmax/softmax/U8068/ZN (ND2OPTFAD16BWP12T30P140LVT)
                                                          0.02      0.01       1.44 r
  scaleSoftmax/softmax/n3169 (net)             18                   0.00       1.44 r
  scaleSoftmax/softmax/U2919/ZN (CKND16BWP12T30P140LVT)
                                                          0.01      0.01       1.45 f
  scaleSoftmax/softmax/n4151 (net)             12                   0.00       1.45 f
  scaleSoftmax/softmax/U2833/Z (MUX2OPTD6BWP12T30P140LVT)
                                                          0.01      0.02       1.47 r
  scaleSoftmax/softmax/n19763 (net)             3                   0.00       1.47 r
  scaleSoftmax/softmax/U2832/ZN (ND2OPTPAD2BWP12T30P140LVT)
                                                          0.01      0.01       1.48 f
  scaleSoftmax/softmax/n1322 (net)              1                   0.00       1.48 f
  scaleSoftmax/softmax/U2936/ZN (INVD4BWP12T30P140LVT)
                                                          0.01      0.01       1.49 r
  scaleSoftmax/softmax/n937 (net)               1                   0.00       1.49 r
  scaleSoftmax/softmax/U2783/ZN (NR2OPTFAD4BWP12T30P140LVT)
                                                          0.01      0.01       1.50 f
  scaleSoftmax/softmax/n936 (net)               1                   0.00       1.50 f
  scaleSoftmax/softmax/U8203/ZN (AOI21OPTPBD2BWP12T30P140LVT)
                                                          0.01      0.01       1.51 r
  scaleSoftmax/softmax/n934 (net)               1                   0.00       1.51 r
  scaleSoftmax/softmax/U8200/ZN (NR2OPTPAD2BWP12T30P140LVT)
                                                          0.01      0.01       1.51 f
  scaleSoftmax/softmax/n1026 (net)              1                   0.00       1.51 f
  scaleSoftmax/softmax/U8245/ZN (INR2D4BWP12T30P140LVT)
                                                          0.01      0.01       1.52 r
  scaleSoftmax/softmax/n1035 (net)              1                   0.00       1.52 r
  scaleSoftmax/softmax/U4135/ZN (NR2D8BWP12T30P140LVT)
                                                          0.01      0.01       1.53 f
  scaleSoftmax/softmax/n4065 (net)              1                   0.00       1.53 f
  scaleSoftmax/softmax/U16539/ZN (ND2OPTFAD16BWP12T30P140LVT)
                                                          0.02      0.02       1.55 r
  scaleSoftmax/softmax/n19725 (net)            35                   0.00       1.55 r
  scaleSoftmax/softmax/U2010/Z (MUX2OPTD4BWP12T30P140LVT)
                                                          0.01      0.03       1.57 f
  scaleSoftmax/softmax/n19872 (net)             3                   0.00       1.57 f
  scaleSoftmax/softmax/U8133/ZN (INR2D8BWP12T30P140LVT)
                                                          0.01      0.01       1.58 r
  scaleSoftmax/softmax/n2396 (net)              3                   0.00       1.58 r
  scaleSoftmax/softmax/U396/ZN (INR2D1BWP12T30P140LVT)
                                                          0.01      0.01       1.59 f
  scaleSoftmax/softmax/n1481 (net)              1                   0.00       1.59 f
  scaleSoftmax/softmax/U8713/ZN (AOI21OPTPBD2BWP12T30P140LVT)
                                                          0.02      0.01       1.60 r
  scaleSoftmax/softmax/n1567 (net)              1                   0.00       1.60 r
  scaleSoftmax/softmax/U8210/ZN (ND2OPTPAD2BWP12T30P140LVT)
                                                          0.01      0.01       1.61 f
  scaleSoftmax/softmax/n946 (net)               1                   0.00       1.61 f
  scaleSoftmax/softmax/U2384/ZN (AOI21OPTPBD4BWP12T30P140LVT)
                                                          0.02      0.01       1.62 r
  scaleSoftmax/softmax/n945 (net)               1                   0.00       1.62 r
  scaleSoftmax/softmax/U8208/ZN (AOI21OPTPBD6BWP12T30P140LVT)
                                                          0.02      0.01       1.63 f
  scaleSoftmax/softmax/n3921 (net)              1                   0.00       1.63 f
  scaleSoftmax/softmax/U3194/ZN (NR2D16BWP12T30P140LVT)
                                                          0.02      0.02       1.65 r
  scaleSoftmax/softmax/n19838 (net)            16                   0.00       1.65 r
  scaleSoftmax/softmax/U16460/ZN (ND2OPTPAD2BWP12T30P140LVT)
                                                          0.02      0.01       1.66 f
  scaleSoftmax/softmax/n4758 (net)              1                   0.00       1.66 f
  scaleSoftmax/softmax/U8774/ZN (ND2OPTFAD4BWP12T30P140LVT)
                                                          0.01      0.01       1.67 r
  scaleSoftmax/softmax/n19981 (net)             3                   0.00       1.67 r
  scaleSoftmax/softmax/U9290/ZN (ND2OPTFAD6BWP12T30P140LVT)
                                                          0.01      0.01       1.68 f
  scaleSoftmax/softmax/n4729 (net)              2                   0.00       1.68 f
  scaleSoftmax/softmax/U8254/ZN (ND2OPTFAD4BWP12T30P140LVT)
                                                          0.01      0.01       1.69 r
  scaleSoftmax/softmax/n1040 (net)              2                   0.00       1.69 r
  scaleSoftmax/softmax/U8253/ZN (OAI21OPTREPBD2BWP12T30P140LVT)
                                                          0.01      0.01       1.70 f
  scaleSoftmax/softmax/n1568 (net)              1                   0.00       1.70 f
  scaleSoftmax/softmax/U8811/ZN (ND2D3BWP12T30P140LVT)
                                                          0.01      0.01       1.71 r
  scaleSoftmax/softmax/n4516 (net)              1                   0.00       1.71 r
  scaleSoftmax/softmax/U16483/ZN (ND3OPTFAD4BWP12T30P140LVT)
                                                          0.01      0.01       1.72 f
  scaleSoftmax/softmax/n4944 (net)              1                   0.00       1.72 f
  scaleSoftmax/softmax/U16769/ZN (AOI21OPTPBD2BWP12T30P140LVT)
                                                          0.01      0.01       1.73 r
  scaleSoftmax/softmax/n6616 (net)              1                   0.00       1.73 r
  scaleSoftmax/softmax/U16750/ZN (ND3OPTPAD2BWP12T30P140LVT)
                                                          0.02      0.01       1.74 f
  scaleSoftmax/softmax/n19964 (net)             1                   0.00       1.74 f
  scaleSoftmax/softmax/U16675/ZN (AOI21OPTPBD4BWP12T30P140LVT)
                                                          0.02      0.01       1.75 r
  scaleSoftmax/softmax/n19980 (net)             2                   0.00       1.75 r
  scaleSoftmax/softmax/U8898/ZN (CKND8BWP12T30P140LVT)
                                                          0.01      0.01       1.76 f
  scaleSoftmax/softmax/n4415 (net)              8                   0.00       1.76 f
  scaleSoftmax/softmax/U2802/ZN (CKND8BWP12T30P140LVT)
                                                          0.01      0.01       1.77 r
  scaleSoftmax/softmax/n1189 (net)              5                   0.00       1.77 r
  scaleSoftmax/softmax/U2186/ZN (ND2OPTPAD4BWP12T30P140LVT)
                                                          0.01      0.01       1.78 f
  scaleSoftmax/softmax/n2802 (net)              1                   0.00       1.78 f
  scaleSoftmax/softmax/U9704/ZN (OAI21OPTPBD2BWP12T30P140LVT)
                                                          0.01      0.01       1.79 r
  scaleSoftmax/softmax/n20006 (net)             3                   0.00       1.79 r
  scaleSoftmax/softmax/U143/ZN (ND2D2BWP12T30P140LVT)     0.01      0.01       1.80 f
  scaleSoftmax/softmax/n6948 (net)              2                   0.00       1.80 f
  scaleSoftmax/softmax/U8890/ZN (AOI31D2BWP12T30P140LVT)
                                                          0.02      0.01       1.81 r
  scaleSoftmax/softmax/n4669 (net)              1                   0.00       1.81 r
  scaleSoftmax/softmax/U9364/ZN (NR2D2BWP12T30P140LVT)
                                                          0.01      0.01       1.82 f
  scaleSoftmax/softmax/n4470 (net)              1                   0.00       1.82 f
  scaleSoftmax/softmax/U8778/ZN (OAI21D2BWP12T30P140LVT)
                                                          0.01      0.01       1.83 r
  scaleSoftmax/softmax/n4904 (net)              1                   0.00       1.83 r
  scaleSoftmax/softmax/U16746/ZN (AOI21OPTPBD2BWP12T30P140LVT)
                                                          0.01      0.01       1.84 f
  scaleSoftmax/softmax/n4902 (net)              1                   0.00       1.84 f
  scaleSoftmax/softmax/U4124/ZN (NR2D4BWP12T30P140LVT)
                                                          0.01      0.01       1.85 r
  scaleSoftmax/softmax/n7083 (net)              1                   0.00       1.85 r
  scaleSoftmax/softmax/U2366/ZN (ND2OPTFAD6BWP12T30P140LVT)
                                                          0.01      0.01       1.85 f
  scaleSoftmax/softmax/n3806 (net)              2                   0.00       1.85 f
  scaleSoftmax/softmax/U2365/ZN (INR2D8BWP12T30P140LVT)
                                                          0.01      0.01       1.87 r
  scaleSoftmax/softmax/n494 (net)               5                   0.00       1.87 r
  scaleSoftmax/softmax/U9242/ZN (ND2OPTFAD8BWP12T30P140LVT)
                                                          0.01      0.01       1.87 f
  scaleSoftmax/softmax/n20097 (net)             2                   0.00       1.87 f
  scaleSoftmax/softmax/U2244/ZN (INVD9BWP12T30P140LVT)
                                                          0.01      0.01       1.88 r
  scaleSoftmax/softmax/n40384 (net)             9                   0.00       1.88 r
  scaleSoftmax/softmax/U9405/ZN (CKND12BWP12T30P140LVT)
                                                          0.01      0.01       1.89 f
  scaleSoftmax/softmax/n40918 (net)            30                   0.00       1.89 f
  scaleSoftmax/softmax/U16766/ZN (OAI22D1BWP12T30P140LVT)
                                                          0.02      0.01       1.90 r
  scaleSoftmax/softmax/n5512 (net)              1                   0.00       1.90 r
  scaleSoftmax/softmax/globalMaximum_reg[11]/D (DFQD2BWP12T30P140LVT)
                                                          0.02      0.00       1.90 r
  data arrival time                                                            1.90

  clock clk (rise edge)                                             2.00       2.00
  clock network delay (ideal)                                       0.00       2.00
  clock uncertainty                                                -0.10       1.90
  scaleSoftmax/softmax/globalMaximum_reg[11]/CP (DFQD2BWP12T30P140LVT)
                                                                    0.00       1.90 r
  library setup time                                               -0.01       1.89
  data required time                                                           1.89
  ------------------------------------------------------------------------------------
  data required time                                                           1.89
  data arrival time                                                           -1.90
  ------------------------------------------------------------------------------------
  slack (VIOLATED)                                                            -0.02


  Startpoint: scaleSoftmax/softmax/packCountReg_reg[0]
              (rising edge-triggered flip-flop clocked by clk)
  Endpoint: scaleSoftmax/softmax/globalMaximum_reg[36]
            (rising edge-triggered flip-flop clocked by clk)
  Path Group: clk
  Path Type: max

  Des/Clust/Port     Wire Load Model       Library
  ------------------------------------------------
  AttentionFeaturePacketizer_0
                     ZeroWireload          tcbn28hpcplusbwp12t30p140lvtssg0p81v125c
  PackDescriptorDecoder_1
                     ZeroWireload          tcbn28hpcplusbwp12t30p140lvtssg0p81v125c
  PackDescriptorDecoder
                     ZeroWireload          tcbn28hpcplusbwp12t30p140lvtssg0p81v125c
  BufferedPackMetadataDequantizer_1
                     ZeroWireload          tcbn28hpcplusbwp12t30p140lvtssg0p81v125c
  DynamicBitUnpacker_1
                     ZeroWireload          tcbn28hpcplusbwp12t30p140lvtssg0p81v125c
  BufferedPackMetadataDequantizer
                     ZeroWireload          tcbn28hpcplusbwp12t30p140lvtssg0p81v125c
  DynamicBitUnpacker ZeroWireload          tcbn28hpcplusbwp12t30p140lvtssg0p81v125c
  KvStreamDequantizer_1
                     ZeroWireload          tcbn28hpcplusbwp12t30p140lvtssg0p81v125c
  KvStreamDequantizer
                     ZeroWireload          tcbn28hpcplusbwp12t30p140lvtssg0p81v125c
  DecompressionPipelineController_1
                     ZeroWireload          tcbn28hpcplusbwp12t30p140lvtssg0p81v125c
  DecompressionPipelineController
                     ZeroWireload          tcbn28hpcplusbwp12t30p140lvtssg0p81v125c
  QkDotProductAccumulator
                     ZeroWireload          tcbn28hpcplusbwp12t30p140lvtssg0p81v125c
  QueryReplayBuffer  ZeroWireload          tcbn28hpcplusbwp12t30p140lvtssg0p81v125c
  AttentionFeaturePacketizer_1
                     ZeroWireload          tcbn28hpcplusbwp12t30p140lvtssg0p81v125c
  DualKvDecompressionController
                     ZeroWireload          tcbn28hpcplusbwp12t30p140lvtssg0p81v125c
  SoftmaxVAccumulator
                     ZeroWireload          tcbn28hpcplusbwp12t30p140lvtssg0p81v125c
  StreamingSoftmax   ZeroWireload          tcbn28hpcplusbwp12t30p140lvtssg0p81v125c
  AttentionScaleUnit ZeroWireload          tcbn28hpcplusbwp12t30p140lvtssg0p81v125c
  AvOutputQuantizer  ZeroWireload          tcbn28hpcplusbwp12t30p140lvtssg0p81v125c
  BriskKvAttentionTop
                     ZeroWireload          tcbn28hpcplusbwp12t30p140lvtssg0p81v125c

  Point                                       Fanout     Trans      Incr       Path
  ------------------------------------------------------------------------------------
  clock clk (rise edge)                                             0.00       0.00
  clock network delay (ideal)                                       0.00       0.00
  scaleSoftmax/softmax/packCountReg_reg[0]/CP (DFQOPTMAD8BWP12T30P140LVT)
                                                          0.00      0.00 #     0.00 r
  scaleSoftmax/softmax/packCountReg_reg[0]/Q (DFQOPTMAD8BWP12T30P140LVT)
                                                          0.01      0.02       0.02 f
  scaleSoftmax/softmax/packCountReg[0] (net)
                                                5                   0.00       0.02 f
  scaleSoftmax/softmax/U16327/ZN (NR2OPTD12BWP12T30P140LVT)
                                                          0.01      0.01       0.03 r
  scaleSoftmax/softmax/n4197 (net)              1                   0.00       0.03 r
  scaleSoftmax/softmax/U4071/ZN (ND3OPTFAD16BWP12T30P140LVT)
                                                          0.01      0.01       0.04 f
  scaleSoftmax/softmax/n6641 (net)              1                   0.00       0.04 f
  scaleSoftmax/softmax/U16385/ZN (NR2OPTPAD16BWP12T30P140LVT)
                                                          0.02      0.01       0.06 r
  scaleSoftmax/softmax/n6989 (net)             11                   0.00       0.06 r
  scaleSoftmax/softmax/U1973/ZN (ND2OPTD6BWP12T30P140LVT)
                                                          0.01      0.01       0.07 f
  scaleSoftmax/softmax/n27900 (net)             3                   0.00       0.07 f
  scaleSoftmax/softmax/U3042/ZN (AOI21OPTREPBD2BWP12T30P140LVT)
                                                          0.01      0.01       0.08 r
  scaleSoftmax/softmax/n298 (net)               1                   0.00       0.08 r
  scaleSoftmax/softmax/U3041/ZN (NR2D3BWP12T30P140LVT)
                                                          0.01      0.01       0.08 f
  scaleSoftmax/softmax/n3693 (net)              1                   0.00       0.08 f
  scaleSoftmax/softmax/U16282/ZN (ND2OPTFAD4BWP12T30P140LVT)
                                                          0.01      0.01       0.09 r
  scaleSoftmax/softmax/n3654 (net)              2                   0.00       0.09 r
  scaleSoftmax/softmax/U8918/ZN (NR3OPTFAD4BWP12T30P140LVT)
                                                          0.01      0.01       0.10 f
  scaleSoftmax/softmax/n4748 (net)              1                   0.00       0.10 f
  scaleSoftmax/softmax/U16710/ZN (ND2OPTFAD4BWP12T30P140LVT)
                                                          0.01      0.01       0.11 r
  scaleSoftmax/softmax/n4747 (net)              1                   0.00       0.11 r
  scaleSoftmax/softmax/U9152/ZN (NR2OPTD12BWP12T30P140LVT)
                                                          0.01      0.01       0.12 f
  scaleSoftmax/softmax/n4745 (net)              2                   0.00       0.12 f
  scaleSoftmax/softmax/U2510/ZN (ND2OPTFAD16BWP12T30P140LVT)
                                                          0.02      0.02       0.14 r
  scaleSoftmax/softmax/n6944 (net)             24                   0.00       0.14 r
  scaleSoftmax/softmax/U9041/ZN (ND2D4BWP12T30P140LVT)
                                                          0.01      0.01       0.15 f
  scaleSoftmax/softmax/n3809 (net)              1                   0.00       0.15 f
  scaleSoftmax/softmax/U3085/ZN (INVD4BWP12T30P140LVT)
                                                          0.01      0.01       0.15 r
  scaleSoftmax/softmax/n18388 (net)             3                   0.00       0.15 r
  scaleSoftmax/softmax/U9632/ZN (NR2OPTPAD2BWP12T30P140LVT)
                                                          0.01      0.01       0.16 f
  scaleSoftmax/softmax/n2576 (net)              2                   0.00       0.16 f
  scaleSoftmax/softmax/U9542/ZN (OAI21D2BWP12T30P140LVT)
                                                          0.01      0.01       0.17 r
  scaleSoftmax/softmax/n2569 (net)              1                   0.00       0.17 r
  scaleSoftmax/softmax/U9624/ZN (AOI21OPTPBD2BWP12T30P140LVT)
                                                          0.01      0.01       0.18 f
  scaleSoftmax/softmax/n3706 (net)              1                   0.00       0.18 f
  scaleSoftmax/softmax/U9099/ZN (NR2D4BWP12T30P140LVT)
                                                          0.01      0.01       0.20 r
  scaleSoftmax/softmax/n4249 (net)              1                   0.00       0.20 r
  scaleSoftmax/softmax/U16454/ZN (NR3OPTFAD4BWP12T30P140LVT)
                                                          0.01      0.01       0.21 f
  scaleSoftmax/softmax/n4248 (net)              1                   0.00       0.21 f
  scaleSoftmax/softmax/U4139/ZN (NR2D8BWP12T30P140LVT)
                                                          0.02      0.01       0.22 r
  scaleSoftmax/softmax/n4243 (net)              1                   0.00       0.22 r
  scaleSoftmax/softmax/U2946/ZN (NR2OPTPAD16BWP12T30P140LVT)
                                                          0.02      0.01       0.24 f
  scaleSoftmax/softmax/n6703 (net)             31                   0.00       0.24 f
  scaleSoftmax/softmax/U9805/Z (MUX2OPTD4BWP12T30P140LVT)
                                                          0.01      0.02       0.26 r
  scaleSoftmax/softmax/n3041 (net)              3                   0.00       0.26 r
  scaleSoftmax/softmax/U5717/ZN (ND2OPTFAD4BWP12T30P140LVT)
                                                          0.01      0.01       0.27 f
  scaleSoftmax/softmax/n2269 (net)              2                   0.00       0.27 f
  scaleSoftmax/softmax/U9222/ZN (AOI21OPTPBD2BWP12T30P140LVT)
                                                          0.01      0.01       0.28 r
  scaleSoftmax/softmax/n18507 (net)             1                   0.00       0.28 r
  scaleSoftmax/softmax/U9715/ZN (OAI21OPTREPBD2BWP12T30P140LVT)
                                                          0.01      0.01       0.29 f
  scaleSoftmax/softmax/n18509 (net)             1                   0.00       0.29 f
  scaleSoftmax/softmax/U9814/ZN (AOI21OPTPBD2BWP12T30P140LVT)
                                                          0.01      0.01       0.30 r
  scaleSoftmax/softmax/n3065 (net)              1                   0.00       0.30 r
  scaleSoftmax/softmax/U9813/ZN (OAI21OPTPBD2BWP12T30P140LVT)
                                                          0.01      0.01       0.31 f
  scaleSoftmax/softmax/n3064 (net)              1                   0.00       0.31 f
  scaleSoftmax/softmax/U2800/ZN (NR2OPTPAD2BWP12T30P140LVT)
                                                          0.01      0.01       0.33 r
  scaleSoftmax/softmax/n228 (net)               1                   0.00       0.33 r
  scaleSoftmax/softmax/U2799/ZN (NR2OPTD6BWP12T30P140LVT)
                                                          0.01      0.01       0.33 f
  scaleSoftmax/softmax/n226 (net)               1                   0.00       0.33 f
  scaleSoftmax/softmax/U2798/ZN (INR2D16BWP12T30P140LVT)
                                                          0.03      0.02       0.35 r
  scaleSoftmax/softmax/n4484 (net)             32                   0.00       0.35 r
  scaleSoftmax/softmax/U1771/ZN (INR2D2BWP12T30P140LVT)
                                                          0.01      0.01       0.36 f
  scaleSoftmax/softmax/n1956 (net)              1                   0.00       0.36 f
  scaleSoftmax/softmax/U7313/ZN (INVD2BWP12T30P140LVT)
                                                          0.01      0.01       0.36 r
  scaleSoftmax/softmax/n3055 (net)              1                   0.00       0.36 r
  scaleSoftmax/softmax/U2885/ZN (CKND2D3BWP12T30P140LVT)
                                                          0.01      0.01       0.37 f
  scaleSoftmax/softmax/n18710 (net)             3                   0.00       0.37 f
  scaleSoftmax/softmax/U1732/ZN (NR2OPTFAD4BWP12T30P140LVT)
                                                          0.01      0.01       0.38 r
  scaleSoftmax/softmax/n6473 (net)              2                   0.00       0.38 r
  scaleSoftmax/softmax/U2097/ZN (NR3OPTPAD2BWP12T30P140LVT)
                                                          0.01      0.01       0.39 f
  scaleSoftmax/softmax/n6845 (net)              1                   0.00       0.39 f
  scaleSoftmax/softmax/U1706/ZN (NR2OPTPAD2BWP12T30P140LVT)
                                                          0.01      0.01       0.40 r
  scaleSoftmax/softmax/n4574 (net)              1                   0.00       0.40 r
  scaleSoftmax/softmax/U7265/ZN (OAI21D2BWP12T30P140LVT)
                                                          0.01      0.01       0.41 f
  scaleSoftmax/softmax/n4572 (net)              1                   0.00       0.41 f
  scaleSoftmax/softmax/U16689/ZN (AOI21OPTREPBD2BWP12T30P140LVT)
                                                          0.01      0.01       0.42 r
  scaleSoftmax/softmax/n6526 (net)              1                   0.00       0.42 r
  scaleSoftmax/softmax/U8494/ZN (OAI21OPTREPBD2BWP12T30P140LVT)
                                                          0.02      0.01       0.43 f
  scaleSoftmax/softmax/n6538 (net)              1                   0.00       0.43 f
  scaleSoftmax/softmax/U16902/ZN (OAI21OPTPBD4BWP12T30P140LVT)
                                                          0.02      0.01       0.44 r
  scaleSoftmax/softmax/n6730 (net)              1                   0.00       0.44 r
  scaleSoftmax/softmax/U8524/ZN (ND2OPTD12BWP12T30P140LVT)
                                                          0.02      0.02       0.46 f
  scaleSoftmax/softmax/n18684 (net)             8                   0.00       0.46 f
  scaleSoftmax/softmax/U2026/Z (MUX2D4BWP12T30P140LVT)
                                                          0.01      0.03       0.49 r
  scaleSoftmax/softmax/n18845 (net)             2                   0.00       0.49 r
  scaleSoftmax/softmax/U1651/Z (BUFFXD6BWP12T30P140LVT)
                                                          0.01      0.01       0.50 r
  scaleSoftmax/softmax/n4548 (net)              2                   0.00       0.50 r
  scaleSoftmax/softmax/U16986/ZN (INR2D4BWP12T30P140LVT)
                                                          0.01      0.00       0.50 f
  scaleSoftmax/softmax/n6990 (net)              1                   0.00       0.50 f
  scaleSoftmax/softmax/U16886/ZN (NR2OPTPAD2BWP12T30P140LVT)
                                                          0.01      0.01       0.51 r
  scaleSoftmax/softmax/n6386 (net)              1                   0.00       0.51 r
  scaleSoftmax/softmax/U8425/ZN (OAI21OPTREPBD2BWP12T30P140LVT)
                                                          0.01      0.01       0.52 f
  scaleSoftmax/softmax/n1151 (net)              1                   0.00       0.52 f
  scaleSoftmax/softmax/U2048/ZN (ND2D3BWP12T30P140LVT)
                                                          0.01      0.01       0.53 r
  scaleSoftmax/softmax/n4475 (net)              1                   0.00       0.53 r
  scaleSoftmax/softmax/U2140/ZN (AOI21OPTPBD6BWP12T30P140LVT)
                                                          0.02      0.01       0.54 f
  scaleSoftmax/softmax/n7123 (net)              1                   0.00       0.54 f
  scaleSoftmax/softmax/U8928/ZN (INR2D16BWP12T30P140LVT)
                                                          0.02      0.01       0.55 r
  scaleSoftmax/softmax/n1751 (net)             12                   0.00       0.55 r
  scaleSoftmax/softmax/U8979/Z (MUX2D2BWP12T30P140LVT)
                                                          0.01      0.02       0.58 f
  scaleSoftmax/softmax/n18956 (net)             3                   0.00       0.58 f
  scaleSoftmax/softmax/U1558/ZN (INR2D1BWP12T30P140LVT)
                                                          0.02      0.01       0.59 r
  scaleSoftmax/softmax/n18894 (net)             2                   0.00       0.59 r
  scaleSoftmax/softmax/U1530/ZN (INVD1BWP12T30P140LVT)
                                                          0.01      0.01       0.60 f
  scaleSoftmax/softmax/n6379 (net)              1                   0.00       0.60 f
  scaleSoftmax/softmax/U9248/ZN (AOI21OPTPBD2BWP12T30P140LVT)
                                                          0.01      0.01       0.61 r
  scaleSoftmax/softmax/n1998 (net)              1                   0.00       0.61 r
  scaleSoftmax/softmax/U9247/ZN (OAI21OPTREPBD2BWP12T30P140LVT)
                                                          0.01      0.01       0.62 f
  scaleSoftmax/softmax/n4641 (net)              1                   0.00       0.62 f
  scaleSoftmax/softmax/U9396/ZN (AOI21OPTPBD2BWP12T30P140LVT)
                                                          0.02      0.02       0.64 r
  scaleSoftmax/softmax/n18955 (net)             2                   0.00       0.64 r
  scaleSoftmax/softmax/U16699/ZN (ND3OPTPAD2BWP12T30P140LVT)
                                                          0.02      0.02       0.65 f
  scaleSoftmax/softmax/n6520 (net)              1                   0.00       0.65 f
  scaleSoftmax/softmax/U16336/ZN (NR2OPTFAD4BWP12T30P140LVT)
                                                          0.01      0.01       0.66 r
  scaleSoftmax/softmax/n3781 (net)              1                   0.00       0.66 r
  scaleSoftmax/softmax/U1999/ZN (ND2OPTFAD8BWP12T30P140LVT)
                                                          0.01      0.01       0.68 f
  scaleSoftmax/softmax/n18941 (net)             4                   0.00       0.68 f
  scaleSoftmax/softmax/U8376/ZN (CKND16BWP12T30P140LVT)
                                                          0.01      0.01       0.69 r
  scaleSoftmax/softmax/n4526 (net)             12                   0.00       0.69 r
  scaleSoftmax/softmax/U2122/ZN (CKND8BWP12T30P140LVT)
                                                          0.01      0.01       0.69 f
  scaleSoftmax/softmax/n6496 (net)              4                   0.00       0.69 f
  scaleSoftmax/softmax/U8277/Z (MUX2OPTD6BWP12T30P140LVT)
                                                          0.01      0.02       0.71 r
  scaleSoftmax/softmax/n4363 (net)              3                   0.00       0.71 r
  scaleSoftmax/softmax/U8276/ZN (ND2OPTFAD4BWP12T30P140LVT)
                                                          0.01      0.01       0.72 f
  scaleSoftmax/softmax/n2146 (net)              2                   0.00       0.72 f
  scaleSoftmax/softmax/U6882/ZN (ND2D2BWP12T30P140LVT)
                                                          0.01      0.01       0.72 r
  scaleSoftmax/softmax/n1813 (net)              1                   0.00       0.72 r
  scaleSoftmax/softmax/U9007/ZN (ND2OPTPAD2BWP12T30P140LVT)
                                                          0.01      0.01       0.73 f
  scaleSoftmax/softmax/n4724 (net)              1                   0.00       0.73 f
  scaleSoftmax/softmax/U16408/ZN (AOI21OPTPBD2BWP12T30P140LVT)
                                                          0.01      0.01       0.74 r
  scaleSoftmax/softmax/n3746 (net)              1                   0.00       0.74 r
  scaleSoftmax/softmax/U16403/ZN (NR2D2BWP12T30P140LVT)
                                                          0.01      0.01       0.74 f
  scaleSoftmax/softmax/n6187 (net)              1                   0.00       0.74 f
  scaleSoftmax/softmax/U16622/ZN (OAI21D2BWP12T30P140LVT)
                                                          0.01      0.01       0.75 r
  scaleSoftmax/softmax/n6651 (net)              1                   0.00       0.75 r
  scaleSoftmax/softmax/U16932/ZN (AOI21OPTPBD2BWP12T30P140LVT)
                                                          0.02      0.01       0.76 f
  scaleSoftmax/softmax/n6649 (net)              1                   0.00       0.76 f
  scaleSoftmax/softmax/U16646/ZN (NR3OPTD6BWP12T30P140LVT)
                                                          0.03      0.02       0.79 r
  scaleSoftmax/softmax/n19026 (net)             4                   0.00       0.79 r
  scaleSoftmax/softmax/U8752/ZN (CKND8BWP12T30P140LVT)
                                                          0.02      0.01       0.80 f
  scaleSoftmax/softmax/n4468 (net)             14                   0.00       0.80 f
  scaleSoftmax/softmax/U2747/ZN (INR2D2BWP12T30P140LVT)
                                                          0.01      0.01       0.81 r
  scaleSoftmax/softmax/n3691 (net)              1                   0.00       0.81 r
  scaleSoftmax/softmax/U9219/ZN (INVD1P25BWP12T30P140LVT)
                                                          0.01      0.01       0.81 f
  scaleSoftmax/softmax/n4509 (net)              1                   0.00       0.81 f
  scaleSoftmax/softmax/U9265/ZN (OAI21OPTREPBD2BWP12T30P140LVT)
                                                          0.03      0.01       0.82 r
  scaleSoftmax/softmax/n19157 (net)             3                   0.00       0.82 r
  scaleSoftmax/softmax/U1343/ZN (ND2D2BWP12T30P140LVT)
                                                          0.02      0.01       0.83 f
  scaleSoftmax/softmax/n2582 (net)              2                   0.00       0.83 f
  scaleSoftmax/softmax/U2120/ZN (OAI211OPTREPBD2BWP12T30P140LVT)
                                                          0.01      0.01       0.84 r
  scaleSoftmax/softmax/n22 (net)                1                   0.00       0.84 r
  scaleSoftmax/softmax/U1321/ZN (AOI21OPTPBD1BWP12T30P140LVT)
                                                          0.01      0.01       0.85 f
  scaleSoftmax/softmax/n2733 (net)              1                   0.00       0.85 f
  scaleSoftmax/softmax/U2383/ZN (OAI21OPTPBD2BWP12T30P140LVT)
                                                          0.01      0.01       0.86 r
  scaleSoftmax/softmax/n6275 (net)              1                   0.00       0.86 r
  scaleSoftmax/softmax/U5271/ZN (ND2D2BWP12T30P140LVT)
                                                          0.01      0.01       0.87 f
  scaleSoftmax/softmax/n4491 (net)              1                   0.00       0.87 f
  scaleSoftmax/softmax/U6734/ZN (ND2OPTPAD2BWP12T30P140LVT)
                                                          0.01      0.01       0.88 r
  scaleSoftmax/softmax/n6272 (net)              1                   0.00       0.88 r
  scaleSoftmax/softmax/U8619/ZN (AOI21OPTPBD6BWP12T30P140LVT)
                                                          0.02      0.01       0.89 f
  scaleSoftmax/softmax/n1271 (net)              4                   0.00       0.89 f
  scaleSoftmax/softmax/U8617/ZN (NR2OPTPAD16BWP12T30P140LVT)
                                                          0.03      0.02       0.91 r
  scaleSoftmax/softmax/n6472 (net)             30                   0.00       0.91 r
  scaleSoftmax/softmax/U1235/Z (MUX2D4BWP12T30P140LVT)
                                                          0.01      0.03       0.94 r
  scaleSoftmax/softmax/n4372 (net)              3                   0.00       0.94 r
  scaleSoftmax/softmax/U9515/ZN (INR2D4BWP12T30P140LVT)
                                                          0.01      0.01       0.95 f
  scaleSoftmax/softmax/n2301 (net)              3                   0.00       0.95 f
  scaleSoftmax/softmax/U4424/ZN (NR2D2BWP12T30P140LVT)
                                                          0.01      0.01       0.96 r
  scaleSoftmax/softmax/n2786 (net)              1                   0.00       0.96 r
  scaleSoftmax/softmax/U9670/ZN (OAI211OPTREPBD2BWP12T30P140LVT)
                                                          0.02      0.01       0.97 f
  scaleSoftmax/softmax/n2780 (net)              1                   0.00       0.97 f
  scaleSoftmax/softmax/U9699/ZN (AOI21OPTPBD2BWP12T30P140LVT)
                                                          0.02      0.01       0.98 r
  scaleSoftmax/softmax/n2777 (net)              1                   0.00       0.98 r
  scaleSoftmax/softmax/U4140/ZN (OAI21OPTPBD8BWP12T30P140LVT)
                                                          0.02      0.01       1.00 f
  scaleSoftmax/softmax/n3432 (net)              1                   0.00       1.00 f
  scaleSoftmax/softmax/U8773/ZN (ND2OPTFAD16BWP12T30P140LVT)
                                                          0.03      0.02       1.02 r
  scaleSoftmax/softmax/n19267 (net)            40                   0.00       1.02 r
  scaleSoftmax/softmax/U8407/ZN (CKND16BWP12T30P140LVT)
                                                          0.01      0.01       1.03 f
  scaleSoftmax/softmax/n4373 (net)             13                   0.00       1.03 f
  scaleSoftmax/softmax/U8485/Z (MUX2OPTD6BWP12T30P140LVT)
                                                          0.01      0.02       1.05 r
  scaleSoftmax/softmax/n4401 (net)              3                   0.00       1.05 r
  scaleSoftmax/softmax/U8207/ZN (ND2OPTFAD4BWP12T30P140LVT)
                                                          0.02      0.01       1.06 f
  scaleSoftmax/softmax/n941 (net)               2                   0.00       1.06 f
  scaleSoftmax/softmax/U8206/ZN (AOI21OPTPBD2BWP12T30P140LVT)
                                                          0.01      0.01       1.06 r
  scaleSoftmax/softmax/n1677 (net)              1                   0.00       1.06 r
  scaleSoftmax/softmax/U8843/ZN (OAI21OPTPBD2BWP12T30P140LVT)
                                                          0.01      0.01       1.07 f
  scaleSoftmax/softmax/n2867 (net)              1                   0.00       1.07 f
  scaleSoftmax/softmax/U9737/ZN (AOI21OPTPBD2BWP12T30P140LVT)
                                                          0.01      0.01       1.08 r
  scaleSoftmax/softmax/n4254 (net)              1                   0.00       1.08 r
  scaleSoftmax/softmax/U16413/ZN (NR2D4BWP12T30P140LVT)
                                                          0.01      0.01       1.09 f
  scaleSoftmax/softmax/n4057 (net)              1                   0.00       1.09 f
  scaleSoftmax/softmax/U8359/ZN (NR3OPTPAD6BWP12T30P140LVT)
                                                          0.02      0.02       1.11 r
  scaleSoftmax/softmax/n4055 (net)              1                   0.00       1.11 r
  scaleSoftmax/softmax/U3181/ZN (ND2OPTFAD16BWP12T30P140LVT)
                                                          0.02      0.02       1.12 f
  scaleSoftmax/softmax/n4344 (net)             27                   0.00       1.12 f
  scaleSoftmax/softmax/U2139/ZN (CKND6BWP12T30P140LVT)
                                                          0.01      0.01       1.13 r
  scaleSoftmax/softmax/n158 (net)               3                   0.00       1.13 r
  scaleSoftmax/softmax/U2275/ZN (ND2OPTFAD4BWP12T30P140LVT)
                                                          0.01      0.01       1.14 f
  scaleSoftmax/softmax/n1798 (net)              2                   0.00       1.14 f
  scaleSoftmax/softmax/U3191/ZN (INR2D4BWP12T30P140LVT)
                                                          0.01      0.01       1.15 f
  scaleSoftmax/softmax/n6125 (net)              2                   0.00       1.15 f
  scaleSoftmax/softmax/U2623/ZN (INVD4BWP12T30P140LVT)
                                                          0.01      0.01       1.16 r
  scaleSoftmax/softmax/n186 (net)               1                   0.00       1.16 r
  scaleSoftmax/softmax/U2681/ZN (ND2D4BWP12T30P140LVT)
                                                          0.01      0.01       1.17 f
  scaleSoftmax/softmax/n789 (net)               2                   0.00       1.17 f
  scaleSoftmax/softmax/U2856/ZN (NR2D3BWP12T30P140LVT)
                                                          0.01      0.01       1.18 r
  scaleSoftmax/softmax/n19421 (net)             2                   0.00       1.18 r
  scaleSoftmax/softmax/U8761/ZN (ND3OPTFAD4BWP12T30P140LVT)
                                                          0.01      0.01       1.19 f
  scaleSoftmax/softmax/n1530 (net)              1                   0.00       1.19 f
  scaleSoftmax/softmax/U8121/ZN (INR2D16BWP12T30P140LVT)
                                                          0.01      0.02       1.21 f
  scaleSoftmax/softmax/n1632 (net)             15                   0.00       1.21 f
  scaleSoftmax/softmax/U2602/Z (MUX2OPTD6BWP12T30P140LVT)
                                                          0.01      0.02       1.23 r
  scaleSoftmax/softmax/n4180 (net)              3                   0.00       1.23 r
  scaleSoftmax/softmax/U9470/ZN (OAI21OPTREPBD2BWP12T30P140LVT)
                                                          0.01      0.01       1.24 f
  scaleSoftmax/softmax/n2210 (net)              1                   0.00       1.24 f
  scaleSoftmax/softmax/U2649/ZN (AOI21OPTPBD4BWP12T30P140LVT)
                                                          0.01      0.01       1.25 r
  scaleSoftmax/softmax/n822 (net)               2                   0.00       1.25 r
  scaleSoftmax/softmax/U3278/ZN (ND2OPTFAD4BWP12T30P140LVT)
                                                          0.01      0.01       1.26 f
  scaleSoftmax/softmax/n904 (net)               2                   0.00       1.26 f
  scaleSoftmax/softmax/U3352/ZN (NR2OPTPAD2BWP12T30P140LVT)
                                                          0.01      0.01       1.27 r
  scaleSoftmax/softmax/n925 (net)               1                   0.00       1.27 r
  scaleSoftmax/softmax/U2427/ZN (ND3OPTPAD2BWP12T30P140LVT)
                                                          0.02      0.01       1.28 f
  scaleSoftmax/softmax/n107 (net)               1                   0.00       1.28 f
  scaleSoftmax/softmax/U2426/ZN (ND2OPTFAD4BWP12T30P140LVT)
                                                          0.01      0.01       1.29 r
  scaleSoftmax/softmax/n1531 (net)              1                   0.00       1.29 r
  scaleSoftmax/softmax/U2633/ZN (NR2OPTD12BWP12T30P140LVT)
                                                          0.01      0.01       1.30 f
  scaleSoftmax/softmax/n4353 (net)              9                   0.00       1.30 f
  scaleSoftmax/softmax/U8749/ZN (AOI21OPTPBD4BWP12T30P140LVT)
                                                          0.01      0.01       1.31 r
  scaleSoftmax/softmax/n5038 (net)              1                   0.00       1.31 r
  scaleSoftmax/softmax/U2501/ZN (ND2OPTFAD6BWP12T30P140LVT)
                                                          0.02      0.01       1.32 f
  scaleSoftmax/softmax/n1129 (net)              2                   0.00       1.32 f
  scaleSoftmax/softmax/U8289/ZN (NR2D16BWP12T30P140LVT)
                                                          0.02      0.02       1.34 r
  scaleSoftmax/softmax/n6669 (net)             17                   0.00       1.34 r
  scaleSoftmax/softmax/U2132/Z (BUFFXD6BWP12T30P140LVT)
                                                          0.01      0.01       1.36 r
  scaleSoftmax/softmax/n379 (net)               3                   0.00       1.36 r
  scaleSoftmax/softmax/U8786/ZN (OAI22OPTPBD4BWP12T30P140LVT)
                                                          0.02      0.01       1.37 f
  scaleSoftmax/softmax/n19579 (net)             3                   0.00       1.37 f
  scaleSoftmax/softmax/U701/ZN (NR2D2BWP12T30P140LVT)     0.01      0.01       1.38 r
  scaleSoftmax/softmax/n99 (net)                1                   0.00       1.38 r
  scaleSoftmax/softmax/U2404/ZN (AOI21OPTPBD2BWP12T30P140LVT)
                                                          0.01      0.01       1.39 f
  scaleSoftmax/softmax/n4278 (net)              1                   0.00       1.39 f
  scaleSoftmax/softmax/U2912/ZN (NR2D2BWP12T30P140LVT)
                                                          0.01      0.01       1.40 r
  scaleSoftmax/softmax/n1579 (net)              1                   0.00       1.40 r
  scaleSoftmax/softmax/U6104/ZN (OAI21D2BWP12T30P140LVT)
                                                          0.02      0.01       1.41 f
  scaleSoftmax/softmax/n3878 (net)              1                   0.00       1.41 f
  scaleSoftmax/softmax/U8849/ZN (AOI21D4BWP12T30P140LVT)
                                                          0.02      0.01       1.42 r
  scaleSoftmax/softmax/n4018 (net)              1                   0.00       1.42 r
  scaleSoftmax/softmax/U8070/ZN (NR2D8BWP12T30P140LVT)
                                                          0.01      0.01       1.43 f
  scaleSoftmax/softmax/n711 (net)               3                   0.00       1.43 f
  scaleSoftmax/softmax/U8068/ZN (ND2OPTFAD16BWP12T30P140LVT)
                                                          0.02      0.01       1.44 r
  scaleSoftmax/softmax/n3169 (net)             18                   0.00       1.44 r
  scaleSoftmax/softmax/U2919/ZN (CKND16BWP12T30P140LVT)
                                                          0.01      0.01       1.45 f
  scaleSoftmax/softmax/n4151 (net)             12                   0.00       1.45 f
  scaleSoftmax/softmax/U2833/Z (MUX2OPTD6BWP12T30P140LVT)
                                                          0.01      0.02       1.47 r
  scaleSoftmax/softmax/n19763 (net)             3                   0.00       1.47 r
  scaleSoftmax/softmax/U2832/ZN (ND2OPTPAD2BWP12T30P140LVT)
                                                          0.01      0.01       1.48 f
  scaleSoftmax/softmax/n1322 (net)              1                   0.00       1.48 f
  scaleSoftmax/softmax/U2936/ZN (INVD4BWP12T30P140LVT)
                                                          0.01      0.01       1.49 r
  scaleSoftmax/softmax/n937 (net)               1                   0.00       1.49 r
  scaleSoftmax/softmax/U2783/ZN (NR2OPTFAD4BWP12T30P140LVT)
                                                          0.01      0.01       1.50 f
  scaleSoftmax/softmax/n936 (net)               1                   0.00       1.50 f
  scaleSoftmax/softmax/U8203/ZN (AOI21OPTPBD2BWP12T30P140LVT)
                                                          0.01      0.01       1.51 r
  scaleSoftmax/softmax/n934 (net)               1                   0.00       1.51 r
  scaleSoftmax/softmax/U8200/ZN (NR2OPTPAD2BWP12T30P140LVT)
                                                          0.01      0.01       1.51 f
  scaleSoftmax/softmax/n1026 (net)              1                   0.00       1.51 f
  scaleSoftmax/softmax/U8245/ZN (INR2D4BWP12T30P140LVT)
                                                          0.01      0.01       1.52 r
  scaleSoftmax/softmax/n1035 (net)              1                   0.00       1.52 r
  scaleSoftmax/softmax/U4135/ZN (NR2D8BWP12T30P140LVT)
                                                          0.01      0.01       1.53 f
  scaleSoftmax/softmax/n4065 (net)              1                   0.00       1.53 f
  scaleSoftmax/softmax/U16539/ZN (ND2OPTFAD16BWP12T30P140LVT)
                                                          0.02      0.02       1.55 r
  scaleSoftmax/softmax/n19725 (net)            35                   0.00       1.55 r
  scaleSoftmax/softmax/U2010/Z (MUX2OPTD4BWP12T30P140LVT)
                                                          0.01      0.03       1.57 f
  scaleSoftmax/softmax/n19872 (net)             3                   0.00       1.57 f
  scaleSoftmax/softmax/U8133/ZN (INR2D8BWP12T30P140LVT)
                                                          0.01      0.01       1.58 r
  scaleSoftmax/softmax/n2396 (net)              3                   0.00       1.58 r
  scaleSoftmax/softmax/U396/ZN (INR2D1BWP12T30P140LVT)
                                                          0.01      0.01       1.59 f
  scaleSoftmax/softmax/n1481 (net)              1                   0.00       1.59 f
  scaleSoftmax/softmax/U8713/ZN (AOI21OPTPBD2BWP12T30P140LVT)
                                                          0.02      0.01       1.60 r
  scaleSoftmax/softmax/n1567 (net)              1                   0.00       1.60 r
  scaleSoftmax/softmax/U8210/ZN (ND2OPTPAD2BWP12T30P140LVT)
                                                          0.01      0.01       1.61 f
  scaleSoftmax/softmax/n946 (net)               1                   0.00       1.61 f
  scaleSoftmax/softmax/U2384/ZN (AOI21OPTPBD4BWP12T30P140LVT)
                                                          0.02      0.01       1.62 r
  scaleSoftmax/softmax/n945 (net)               1                   0.00       1.62 r
  scaleSoftmax/softmax/U8208/ZN (AOI21OPTPBD6BWP12T30P140LVT)
                                                          0.02      0.01       1.63 f
  scaleSoftmax/softmax/n3921 (net)              1                   0.00       1.63 f
  scaleSoftmax/softmax/U3194/ZN (NR2D16BWP12T30P140LVT)
                                                          0.02      0.02       1.65 r
  scaleSoftmax/softmax/n19838 (net)            16                   0.00       1.65 r
  scaleSoftmax/softmax/U16460/ZN (ND2OPTPAD2BWP12T30P140LVT)
                                                          0.02      0.01       1.66 f
  scaleSoftmax/softmax/n4758 (net)              1                   0.00       1.66 f
  scaleSoftmax/softmax/U8774/ZN (ND2OPTFAD4BWP12T30P140LVT)
                                                          0.01      0.01       1.67 r
  scaleSoftmax/softmax/n19981 (net)             3                   0.00       1.67 r
  scaleSoftmax/softmax/U9290/ZN (ND2OPTFAD6BWP12T30P140LVT)
                                                          0.01      0.01       1.68 f
  scaleSoftmax/softmax/n4729 (net)              2                   0.00       1.68 f
  scaleSoftmax/softmax/U8254/ZN (ND2OPTFAD4BWP12T30P140LVT)
                                                          0.01      0.01       1.69 r
  scaleSoftmax/softmax/n1040 (net)              2                   0.00       1.69 r
  scaleSoftmax/softmax/U8253/ZN (OAI21OPTREPBD2BWP12T30P140LVT)
                                                          0.01      0.01       1.70 f
  scaleSoftmax/softmax/n1568 (net)              1                   0.00       1.70 f
  scaleSoftmax/softmax/U8811/ZN (ND2D3BWP12T30P140LVT)
                                                          0.01      0.01       1.71 r
  scaleSoftmax/softmax/n4516 (net)              1                   0.00       1.71 r
  scaleSoftmax/softmax/U16483/ZN (ND3OPTFAD4BWP12T30P140LVT)
                                                          0.01      0.01       1.72 f
  scaleSoftmax/softmax/n4944 (net)              1                   0.00       1.72 f
  scaleSoftmax/softmax/U16769/ZN (AOI21OPTPBD2BWP12T30P140LVT)
                                                          0.01      0.01       1.73 r
  scaleSoftmax/softmax/n6616 (net)              1                   0.00       1.73 r
  scaleSoftmax/softmax/U16750/ZN (ND3OPTPAD2BWP12T30P140LVT)
                                                          0.02      0.01       1.74 f
  scaleSoftmax/softmax/n19964 (net)             1                   0.00       1.74 f
  scaleSoftmax/softmax/U16675/ZN (AOI21OPTPBD4BWP12T30P140LVT)
                                                          0.02      0.01       1.75 r
  scaleSoftmax/softmax/n19980 (net)             2                   0.00       1.75 r
  scaleSoftmax/softmax/U8898/ZN (CKND8BWP12T30P140LVT)
                                                          0.01      0.01       1.76 f
  scaleSoftmax/softmax/n4415 (net)              8                   0.00       1.76 f
  scaleSoftmax/softmax/U2802/ZN (CKND8BWP12T30P140LVT)
                                                          0.01      0.01       1.77 r
  scaleSoftmax/softmax/n1189 (net)              5                   0.00       1.77 r
  scaleSoftmax/softmax/U2186/ZN (ND2OPTPAD4BWP12T30P140LVT)
                                                          0.01      0.01       1.78 f
  scaleSoftmax/softmax/n2802 (net)              1                   0.00       1.78 f
  scaleSoftmax/softmax/U9704/ZN (OAI21OPTPBD2BWP12T30P140LVT)
                                                          0.01      0.01       1.79 r
  scaleSoftmax/softmax/n20006 (net)             3                   0.00       1.79 r
  scaleSoftmax/softmax/U143/ZN (ND2D2BWP12T30P140LVT)     0.01      0.01       1.80 f
  scaleSoftmax/softmax/n6948 (net)              2                   0.00       1.80 f
  scaleSoftmax/softmax/U8890/ZN (AOI31D2BWP12T30P140LVT)
                                                          0.02      0.01       1.81 r
  scaleSoftmax/softmax/n4669 (net)              1                   0.00       1.81 r
  scaleSoftmax/softmax/U9364/ZN (NR2D2BWP12T30P140LVT)
                                                          0.01      0.01       1.82 f
  scaleSoftmax/softmax/n4470 (net)              1                   0.00       1.82 f
  scaleSoftmax/softmax/U8778/ZN (OAI21D2BWP12T30P140LVT)
                                                          0.01      0.01       1.83 r
  scaleSoftmax/softmax/n4904 (net)              1                   0.00       1.83 r
  scaleSoftmax/softmax/U16746/ZN (AOI21OPTPBD2BWP12T30P140LVT)
                                                          0.01      0.01       1.84 f
  scaleSoftmax/softmax/n4902 (net)              1                   0.00       1.84 f
  scaleSoftmax/softmax/U4124/ZN (NR2D4BWP12T30P140LVT)
                                                          0.01      0.01       1.85 r
  scaleSoftmax/softmax/n7083 (net)              1                   0.00       1.85 r
  scaleSoftmax/softmax/U2366/ZN (ND2OPTFAD6BWP12T30P140LVT)
                                                          0.01      0.01       1.85 f
  scaleSoftmax/softmax/n3806 (net)              2                   0.00       1.85 f
  scaleSoftmax/softmax/U2365/ZN (INR2D8BWP12T30P140LVT)
                                                          0.01      0.01       1.87 r
  scaleSoftmax/softmax/n494 (net)               5                   0.00       1.87 r
  scaleSoftmax/softmax/U9242/ZN (ND2OPTFAD8BWP12T30P140LVT)
                                                          0.01      0.01       1.87 f
  scaleSoftmax/softmax/n20097 (net)             2                   0.00       1.87 f
  scaleSoftmax/softmax/U2244/ZN (INVD9BWP12T30P140LVT)
                                                          0.01      0.01       1.88 r
  scaleSoftmax/softmax/n40384 (net)             9                   0.00       1.88 r
  scaleSoftmax/softmax/U9405/ZN (CKND12BWP12T30P140LVT)
                                                          0.01      0.01       1.89 f
  scaleSoftmax/softmax/n40918 (net)            30                   0.00       1.89 f
  scaleSoftmax/softmax/U16785/ZN (OAI22D1BWP12T30P140LVT)
                                                          0.02      0.01       1.90 r
  scaleSoftmax/softmax/n5537 (net)              1                   0.00       1.90 r
  scaleSoftmax/softmax/globalMaximum_reg[36]/D (DFQD2BWP12T30P140LVT)
                                                          0.02      0.00       1.90 r
  data arrival time                                                            1.90

  clock clk (rise edge)                                             2.00       2.00
  clock network delay (ideal)                                       0.00       2.00
  clock uncertainty                                                -0.10       1.90
  scaleSoftmax/softmax/globalMaximum_reg[36]/CP (DFQD2BWP12T30P140LVT)
                                                                    0.00       1.90 r
  library setup time                                               -0.01       1.89
  data required time                                                           1.89
  ------------------------------------------------------------------------------------
  data required time                                                           1.89
  data arrival time                                                           -1.90
  ------------------------------------------------------------------------------------
  slack (VIOLATED)                                                            -0.02


  Startpoint: scaleSoftmax/softmax/packCountReg_reg[0]
              (rising edge-triggered flip-flop clocked by clk)
  Endpoint: scaleSoftmax/softmax/maximumUpdates_reg[31]
            (rising edge-triggered flip-flop clocked by clk)
  Path Group: clk
  Path Type: max

  Des/Clust/Port     Wire Load Model       Library
  ------------------------------------------------
  AttentionFeaturePacketizer_0
                     ZeroWireload          tcbn28hpcplusbwp12t30p140lvtssg0p81v125c
  PackDescriptorDecoder_1
                     ZeroWireload          tcbn28hpcplusbwp12t30p140lvtssg0p81v125c
  PackDescriptorDecoder
                     ZeroWireload          tcbn28hpcplusbwp12t30p140lvtssg0p81v125c
  BufferedPackMetadataDequantizer_1
                     ZeroWireload          tcbn28hpcplusbwp12t30p140lvtssg0p81v125c
  DynamicBitUnpacker_1
                     ZeroWireload          tcbn28hpcplusbwp12t30p140lvtssg0p81v125c
  BufferedPackMetadataDequantizer
                     ZeroWireload          tcbn28hpcplusbwp12t30p140lvtssg0p81v125c
  DynamicBitUnpacker ZeroWireload          tcbn28hpcplusbwp12t30p140lvtssg0p81v125c
  KvStreamDequantizer_1
                     ZeroWireload          tcbn28hpcplusbwp12t30p140lvtssg0p81v125c
  KvStreamDequantizer
                     ZeroWireload          tcbn28hpcplusbwp12t30p140lvtssg0p81v125c
  DecompressionPipelineController_1
                     ZeroWireload          tcbn28hpcplusbwp12t30p140lvtssg0p81v125c
  DecompressionPipelineController
                     ZeroWireload          tcbn28hpcplusbwp12t30p140lvtssg0p81v125c
  QkDotProductAccumulator
                     ZeroWireload          tcbn28hpcplusbwp12t30p140lvtssg0p81v125c
  QueryReplayBuffer  ZeroWireload          tcbn28hpcplusbwp12t30p140lvtssg0p81v125c
  AttentionFeaturePacketizer_1
                     ZeroWireload          tcbn28hpcplusbwp12t30p140lvtssg0p81v125c
  DualKvDecompressionController
                     ZeroWireload          tcbn28hpcplusbwp12t30p140lvtssg0p81v125c
  SoftmaxVAccumulator
                     ZeroWireload          tcbn28hpcplusbwp12t30p140lvtssg0p81v125c
  StreamingSoftmax   ZeroWireload          tcbn28hpcplusbwp12t30p140lvtssg0p81v125c
  AttentionScaleUnit ZeroWireload          tcbn28hpcplusbwp12t30p140lvtssg0p81v125c
  AvOutputQuantizer  ZeroWireload          tcbn28hpcplusbwp12t30p140lvtssg0p81v125c
  BriskKvAttentionTop
                     ZeroWireload          tcbn28hpcplusbwp12t30p140lvtssg0p81v125c

  Point                                       Fanout     Trans      Incr       Path
  ------------------------------------------------------------------------------------
  clock clk (rise edge)                                             0.00       0.00
  clock network delay (ideal)                                       0.00       0.00
  scaleSoftmax/softmax/packCountReg_reg[0]/CP (DFQOPTMAD8BWP12T30P140LVT)
                                                          0.00      0.00 #     0.00 r
  scaleSoftmax/softmax/packCountReg_reg[0]/Q (DFQOPTMAD8BWP12T30P140LVT)
                                                          0.01      0.02       0.02 f
  scaleSoftmax/softmax/packCountReg[0] (net)
                                                5                   0.00       0.02 f
  scaleSoftmax/softmax/U16327/ZN (NR2OPTD12BWP12T30P140LVT)
                                                          0.01      0.01       0.03 r
  scaleSoftmax/softmax/n4197 (net)              1                   0.00       0.03 r
  scaleSoftmax/softmax/U4071/ZN (ND3OPTFAD16BWP12T30P140LVT)
                                                          0.01      0.01       0.04 f
  scaleSoftmax/softmax/n6641 (net)              1                   0.00       0.04 f
  scaleSoftmax/softmax/U16385/ZN (NR2OPTPAD16BWP12T30P140LVT)
                                                          0.02      0.01       0.06 r
  scaleSoftmax/softmax/n6989 (net)             11                   0.00       0.06 r
  scaleSoftmax/softmax/U1973/ZN (ND2OPTD6BWP12T30P140LVT)
                                                          0.01      0.01       0.07 f
  scaleSoftmax/softmax/n27900 (net)             3                   0.00       0.07 f
  scaleSoftmax/softmax/U3042/ZN (AOI21OPTREPBD2BWP12T30P140LVT)
                                                          0.01      0.01       0.08 r
  scaleSoftmax/softmax/n298 (net)               1                   0.00       0.08 r
  scaleSoftmax/softmax/U3041/ZN (NR2D3BWP12T30P140LVT)
                                                          0.01      0.01       0.08 f
  scaleSoftmax/softmax/n3693 (net)              1                   0.00       0.08 f
  scaleSoftmax/softmax/U16282/ZN (ND2OPTFAD4BWP12T30P140LVT)
                                                          0.01      0.01       0.09 r
  scaleSoftmax/softmax/n3654 (net)              2                   0.00       0.09 r
  scaleSoftmax/softmax/U8918/ZN (NR3OPTFAD4BWP12T30P140LVT)
                                                          0.01      0.01       0.10 f
  scaleSoftmax/softmax/n4748 (net)              1                   0.00       0.10 f
  scaleSoftmax/softmax/U16710/ZN (ND2OPTFAD4BWP12T30P140LVT)
                                                          0.01      0.01       0.11 r
  scaleSoftmax/softmax/n4747 (net)              1                   0.00       0.11 r
  scaleSoftmax/softmax/U9152/ZN (NR2OPTD12BWP12T30P140LVT)
                                                          0.01      0.01       0.12 f
  scaleSoftmax/softmax/n4745 (net)              2                   0.00       0.12 f
  scaleSoftmax/softmax/U2510/ZN (ND2OPTFAD16BWP12T30P140LVT)
                                                          0.02      0.02       0.14 r
  scaleSoftmax/softmax/n6944 (net)             24                   0.00       0.14 r
  scaleSoftmax/softmax/U9041/ZN (ND2D4BWP12T30P140LVT)
                                                          0.01      0.01       0.15 f
  scaleSoftmax/softmax/n3809 (net)              1                   0.00       0.15 f
  scaleSoftmax/softmax/U3085/ZN (INVD4BWP12T30P140LVT)
                                                          0.01      0.01       0.15 r
  scaleSoftmax/softmax/n18388 (net)             3                   0.00       0.15 r
  scaleSoftmax/softmax/U9632/ZN (NR2OPTPAD2BWP12T30P140LVT)
                                                          0.01      0.01       0.16 f
  scaleSoftmax/softmax/n2576 (net)              2                   0.00       0.16 f
  scaleSoftmax/softmax/U9542/ZN (OAI21D2BWP12T30P140LVT)
                                                          0.01      0.01       0.17 r
  scaleSoftmax/softmax/n2569 (net)              1                   0.00       0.17 r
  scaleSoftmax/softmax/U9624/ZN (AOI21OPTPBD2BWP12T30P140LVT)
                                                          0.01      0.01       0.18 f
  scaleSoftmax/softmax/n3706 (net)              1                   0.00       0.18 f
  scaleSoftmax/softmax/U9099/ZN (NR2D4BWP12T30P140LVT)
                                                          0.01      0.01       0.20 r
  scaleSoftmax/softmax/n4249 (net)              1                   0.00       0.20 r
  scaleSoftmax/softmax/U16454/ZN (NR3OPTFAD4BWP12T30P140LVT)
                                                          0.01      0.01       0.21 f
  scaleSoftmax/softmax/n4248 (net)              1                   0.00       0.21 f
  scaleSoftmax/softmax/U4139/ZN (NR2D8BWP12T30P140LVT)
                                                          0.02      0.01       0.22 r
  scaleSoftmax/softmax/n4243 (net)              1                   0.00       0.22 r
  scaleSoftmax/softmax/U2946/ZN (NR2OPTPAD16BWP12T30P140LVT)
                                                          0.02      0.01       0.24 f
  scaleSoftmax/softmax/n6703 (net)             31                   0.00       0.24 f
  scaleSoftmax/softmax/U9805/Z (MUX2OPTD4BWP12T30P140LVT)
                                                          0.01      0.02       0.26 r
  scaleSoftmax/softmax/n3041 (net)              3                   0.00       0.26 r
  scaleSoftmax/softmax/U5717/ZN (ND2OPTFAD4BWP12T30P140LVT)
                                                          0.01      0.01       0.27 f
  scaleSoftmax/softmax/n2269 (net)              2                   0.00       0.27 f
  scaleSoftmax/softmax/U9222/ZN (AOI21OPTPBD2BWP12T30P140LVT)
                                                          0.01      0.01       0.28 r
  scaleSoftmax/softmax/n18507 (net)             1                   0.00       0.28 r
  scaleSoftmax/softmax/U9715/ZN (OAI21OPTREPBD2BWP12T30P140LVT)
                                                          0.01      0.01       0.29 f
  scaleSoftmax/softmax/n18509 (net)             1                   0.00       0.29 f
  scaleSoftmax/softmax/U9814/ZN (AOI21OPTPBD2BWP12T30P140LVT)
                                                          0.01      0.01       0.30 r
  scaleSoftmax/softmax/n3065 (net)              1                   0.00       0.30 r
  scaleSoftmax/softmax/U9813/ZN (OAI21OPTPBD2BWP12T30P140LVT)
                                                          0.01      0.01       0.31 f
  scaleSoftmax/softmax/n3064 (net)              1                   0.00       0.31 f
  scaleSoftmax/softmax/U2800/ZN (NR2OPTPAD2BWP12T30P140LVT)
                                                          0.01      0.01       0.33 r
  scaleSoftmax/softmax/n228 (net)               1                   0.00       0.33 r
  scaleSoftmax/softmax/U2799/ZN (NR2OPTD6BWP12T30P140LVT)
                                                          0.01      0.01       0.33 f
  scaleSoftmax/softmax/n226 (net)               1                   0.00       0.33 f
  scaleSoftmax/softmax/U2798/ZN (INR2D16BWP12T30P140LVT)
                                                          0.03      0.02       0.35 r
  scaleSoftmax/softmax/n4484 (net)             32                   0.00       0.35 r
  scaleSoftmax/softmax/U1771/ZN (INR2D2BWP12T30P140LVT)
                                                          0.01      0.01       0.36 f
  scaleSoftmax/softmax/n1956 (net)              1                   0.00       0.36 f
  scaleSoftmax/softmax/U7313/ZN (INVD2BWP12T30P140LVT)
                                                          0.01      0.01       0.36 r
  scaleSoftmax/softmax/n3055 (net)              1                   0.00       0.36 r
  scaleSoftmax/softmax/U2885/ZN (CKND2D3BWP12T30P140LVT)
                                                          0.01      0.01       0.37 f
  scaleSoftmax/softmax/n18710 (net)             3                   0.00       0.37 f
  scaleSoftmax/softmax/U1732/ZN (NR2OPTFAD4BWP12T30P140LVT)
                                                          0.01      0.01       0.38 r
  scaleSoftmax/softmax/n6473 (net)              2                   0.00       0.38 r
  scaleSoftmax/softmax/U2097/ZN (NR3OPTPAD2BWP12T30P140LVT)
                                                          0.01      0.01       0.39 f
  scaleSoftmax/softmax/n6845 (net)              1                   0.00       0.39 f
  scaleSoftmax/softmax/U1706/ZN (NR2OPTPAD2BWP12T30P140LVT)
                                                          0.01      0.01       0.40 r
  scaleSoftmax/softmax/n4574 (net)              1                   0.00       0.40 r
  scaleSoftmax/softmax/U7265/ZN (OAI21D2BWP12T30P140LVT)
                                                          0.01      0.01       0.41 f
  scaleSoftmax/softmax/n4572 (net)              1                   0.00       0.41 f
  scaleSoftmax/softmax/U16689/ZN (AOI21OPTREPBD2BWP12T30P140LVT)
                                                          0.01      0.01       0.42 r
  scaleSoftmax/softmax/n6526 (net)              1                   0.00       0.42 r
  scaleSoftmax/softmax/U8494/ZN (OAI21OPTREPBD2BWP12T30P140LVT)
                                                          0.02      0.01       0.43 f
  scaleSoftmax/softmax/n6538 (net)              1                   0.00       0.43 f
  scaleSoftmax/softmax/U16902/ZN (OAI21OPTPBD4BWP12T30P140LVT)
                                                          0.02      0.01       0.44 r
  scaleSoftmax/softmax/n6730 (net)              1                   0.00       0.44 r
  scaleSoftmax/softmax/U8524/ZN (ND2OPTD12BWP12T30P140LVT)
                                                          0.02      0.02       0.46 f
  scaleSoftmax/softmax/n18684 (net)             8                   0.00       0.46 f
  scaleSoftmax/softmax/U2026/Z (MUX2D4BWP12T30P140LVT)
                                                          0.01      0.03       0.49 r
  scaleSoftmax/softmax/n18845 (net)             2                   0.00       0.49 r
  scaleSoftmax/softmax/U1651/Z (BUFFXD6BWP12T30P140LVT)
                                                          0.01      0.01       0.50 r
  scaleSoftmax/softmax/n4548 (net)              2                   0.00       0.50 r
  scaleSoftmax/softmax/U16986/ZN (INR2D4BWP12T30P140LVT)
                                                          0.01      0.00       0.50 f
  scaleSoftmax/softmax/n6990 (net)              1                   0.00       0.50 f
  scaleSoftmax/softmax/U16886/ZN (NR2OPTPAD2BWP12T30P140LVT)
                                                          0.01      0.01       0.51 r
  scaleSoftmax/softmax/n6386 (net)              1                   0.00       0.51 r
  scaleSoftmax/softmax/U8425/ZN (OAI21OPTREPBD2BWP12T30P140LVT)
                                                          0.01      0.01       0.52 f
  scaleSoftmax/softmax/n1151 (net)              1                   0.00       0.52 f
  scaleSoftmax/softmax/U2048/ZN (ND2D3BWP12T30P140LVT)
                                                          0.01      0.01       0.53 r
  scaleSoftmax/softmax/n4475 (net)              1                   0.00       0.53 r
  scaleSoftmax/softmax/U2140/ZN (AOI21OPTPBD6BWP12T30P140LVT)
                                                          0.02      0.01       0.54 f
  scaleSoftmax/softmax/n7123 (net)              1                   0.00       0.54 f
  scaleSoftmax/softmax/U8928/ZN (INR2D16BWP12T30P140LVT)
                                                          0.02      0.01       0.55 r
  scaleSoftmax/softmax/n1751 (net)             12                   0.00       0.55 r
  scaleSoftmax/softmax/U8979/Z (MUX2D2BWP12T30P140LVT)
                                                          0.01      0.02       0.58 f
  scaleSoftmax/softmax/n18956 (net)             3                   0.00       0.58 f
  scaleSoftmax/softmax/U1558/ZN (INR2D1BWP12T30P140LVT)
                                                          0.02      0.01       0.59 r
  scaleSoftmax/softmax/n18894 (net)             2                   0.00       0.59 r
  scaleSoftmax/softmax/U1530/ZN (INVD1BWP12T30P140LVT)
                                                          0.01      0.01       0.60 f
  scaleSoftmax/softmax/n6379 (net)              1                   0.00       0.60 f
  scaleSoftmax/softmax/U9248/ZN (AOI21OPTPBD2BWP12T30P140LVT)
                                                          0.01      0.01       0.61 r
  scaleSoftmax/softmax/n1998 (net)              1                   0.00       0.61 r
  scaleSoftmax/softmax/U9247/ZN (OAI21OPTREPBD2BWP12T30P140LVT)
                                                          0.01      0.01       0.62 f
  scaleSoftmax/softmax/n4641 (net)              1                   0.00       0.62 f
  scaleSoftmax/softmax/U9396/ZN (AOI21OPTPBD2BWP12T30P140LVT)
                                                          0.02      0.02       0.64 r
  scaleSoftmax/softmax/n18955 (net)             2                   0.00       0.64 r
  scaleSoftmax/softmax/U16699/ZN (ND3OPTPAD2BWP12T30P140LVT)
                                                          0.02      0.02       0.65 f
  scaleSoftmax/softmax/n6520 (net)              1                   0.00       0.65 f
  scaleSoftmax/softmax/U16336/ZN (NR2OPTFAD4BWP12T30P140LVT)
                                                          0.01      0.01       0.66 r
  scaleSoftmax/softmax/n3781 (net)              1                   0.00       0.66 r
  scaleSoftmax/softmax/U1999/ZN (ND2OPTFAD8BWP12T30P140LVT)
                                                          0.01      0.01       0.68 f
  scaleSoftmax/softmax/n18941 (net)             4                   0.00       0.68 f
  scaleSoftmax/softmax/U8376/ZN (CKND16BWP12T30P140LVT)
                                                          0.01      0.01       0.69 r
  scaleSoftmax/softmax/n4526 (net)             12                   0.00       0.69 r
  scaleSoftmax/softmax/U2122/ZN (CKND8BWP12T30P140LVT)
                                                          0.01      0.01       0.69 f
  scaleSoftmax/softmax/n6496 (net)              4                   0.00       0.69 f
  scaleSoftmax/softmax/U8277/Z (MUX2OPTD6BWP12T30P140LVT)
                                                          0.01      0.02       0.71 r
  scaleSoftmax/softmax/n4363 (net)              3                   0.00       0.71 r
  scaleSoftmax/softmax/U8276/ZN (ND2OPTFAD4BWP12T30P140LVT)
                                                          0.01      0.01       0.72 f
  scaleSoftmax/softmax/n2146 (net)              2                   0.00       0.72 f
  scaleSoftmax/softmax/U6882/ZN (ND2D2BWP12T30P140LVT)
                                                          0.01      0.01       0.72 r
  scaleSoftmax/softmax/n1813 (net)              1                   0.00       0.72 r
  scaleSoftmax/softmax/U9007/ZN (ND2OPTPAD2BWP12T30P140LVT)
                                                          0.01      0.01       0.73 f
  scaleSoftmax/softmax/n4724 (net)              1                   0.00       0.73 f
  scaleSoftmax/softmax/U16408/ZN (AOI21OPTPBD2BWP12T30P140LVT)
                                                          0.01      0.01       0.74 r
  scaleSoftmax/softmax/n3746 (net)              1                   0.00       0.74 r
  scaleSoftmax/softmax/U16403/ZN (NR2D2BWP12T30P140LVT)
                                                          0.01      0.01       0.74 f
  scaleSoftmax/softmax/n6187 (net)              1                   0.00       0.74 f
  scaleSoftmax/softmax/U16622/ZN (OAI21D2BWP12T30P140LVT)
                                                          0.01      0.01       0.75 r
  scaleSoftmax/softmax/n6651 (net)              1                   0.00       0.75 r
  scaleSoftmax/softmax/U16932/ZN (AOI21OPTPBD2BWP12T30P140LVT)
                                                          0.02      0.01       0.76 f
  scaleSoftmax/softmax/n6649 (net)              1                   0.00       0.76 f
  scaleSoftmax/softmax/U16646/ZN (NR3OPTD6BWP12T30P140LVT)
                                                          0.03      0.02       0.79 r
  scaleSoftmax/softmax/n19026 (net)             4                   0.00       0.79 r
  scaleSoftmax/softmax/U8752/ZN (CKND8BWP12T30P140LVT)
                                                          0.02      0.01       0.80 f
  scaleSoftmax/softmax/n4468 (net)             14                   0.00       0.80 f
  scaleSoftmax/softmax/U2747/ZN (INR2D2BWP12T30P140LVT)
                                                          0.01      0.01       0.81 r
  scaleSoftmax/softmax/n3691 (net)              1                   0.00       0.81 r
  scaleSoftmax/softmax/U9219/ZN (INVD1P25BWP12T30P140LVT)
                                                          0.01      0.01       0.81 f
  scaleSoftmax/softmax/n4509 (net)              1                   0.00       0.81 f
  scaleSoftmax/softmax/U9265/ZN (OAI21OPTREPBD2BWP12T30P140LVT)
                                                          0.03      0.01       0.82 r
  scaleSoftmax/softmax/n19157 (net)             3                   0.00       0.82 r
  scaleSoftmax/softmax/U1343/ZN (ND2D2BWP12T30P140LVT)
                                                          0.02      0.01       0.83 f
  scaleSoftmax/softmax/n2582 (net)              2                   0.00       0.83 f
  scaleSoftmax/softmax/U2120/ZN (OAI211OPTREPBD2BWP12T30P140LVT)
                                                          0.01      0.01       0.84 r
  scaleSoftmax/softmax/n22 (net)                1                   0.00       0.84 r
  scaleSoftmax/softmax/U1321/ZN (AOI21OPTPBD1BWP12T30P140LVT)
                                                          0.01      0.01       0.85 f
  scaleSoftmax/softmax/n2733 (net)              1                   0.00       0.85 f
  scaleSoftmax/softmax/U2383/ZN (OAI21OPTPBD2BWP12T30P140LVT)
                                                          0.01      0.01       0.86 r
  scaleSoftmax/softmax/n6275 (net)              1                   0.00       0.86 r
  scaleSoftmax/softmax/U5271/ZN (ND2D2BWP12T30P140LVT)
                                                          0.01      0.01       0.87 f
  scaleSoftmax/softmax/n4491 (net)              1                   0.00       0.87 f
  scaleSoftmax/softmax/U6734/ZN (ND2OPTPAD2BWP12T30P140LVT)
                                                          0.01      0.01       0.88 r
  scaleSoftmax/softmax/n6272 (net)              1                   0.00       0.88 r
  scaleSoftmax/softmax/U8619/ZN (AOI21OPTPBD6BWP12T30P140LVT)
                                                          0.02      0.01       0.89 f
  scaleSoftmax/softmax/n1271 (net)              4                   0.00       0.89 f
  scaleSoftmax/softmax/U8617/ZN (NR2OPTPAD16BWP12T30P140LVT)
                                                          0.03      0.02       0.91 r
  scaleSoftmax/softmax/n6472 (net)             30                   0.00       0.91 r
  scaleSoftmax/softmax/U1235/Z (MUX2D4BWP12T30P140LVT)
                                                          0.01      0.03       0.94 r
  scaleSoftmax/softmax/n4372 (net)              3                   0.00       0.94 r
  scaleSoftmax/softmax/U9515/ZN (INR2D4BWP12T30P140LVT)
                                                          0.01      0.01       0.95 f
  scaleSoftmax/softmax/n2301 (net)              3                   0.00       0.95 f
  scaleSoftmax/softmax/U4424/ZN (NR2D2BWP12T30P140LVT)
                                                          0.01      0.01       0.96 r
  scaleSoftmax/softmax/n2786 (net)              1                   0.00       0.96 r
  scaleSoftmax/softmax/U9670/ZN (OAI211OPTREPBD2BWP12T30P140LVT)
                                                          0.02      0.01       0.97 f
  scaleSoftmax/softmax/n2780 (net)              1                   0.00       0.97 f
  scaleSoftmax/softmax/U9699/ZN (AOI21OPTPBD2BWP12T30P140LVT)
                                                          0.02      0.01       0.98 r
  scaleSoftmax/softmax/n2777 (net)              1                   0.00       0.98 r
  scaleSoftmax/softmax/U4140/ZN (OAI21OPTPBD8BWP12T30P140LVT)
                                                          0.02      0.01       1.00 f
  scaleSoftmax/softmax/n3432 (net)              1                   0.00       1.00 f
  scaleSoftmax/softmax/U8773/ZN (ND2OPTFAD16BWP12T30P140LVT)
                                                          0.03      0.02       1.02 r
  scaleSoftmax/softmax/n19267 (net)            40                   0.00       1.02 r
  scaleSoftmax/softmax/U8407/ZN (CKND16BWP12T30P140LVT)
                                                          0.01      0.01       1.03 f
  scaleSoftmax/softmax/n4373 (net)             13                   0.00       1.03 f
  scaleSoftmax/softmax/U8485/Z (MUX2OPTD6BWP12T30P140LVT)
                                                          0.01      0.02       1.05 r
  scaleSoftmax/softmax/n4401 (net)              3                   0.00       1.05 r
  scaleSoftmax/softmax/U8207/ZN (ND2OPTFAD4BWP12T30P140LVT)
                                                          0.02      0.01       1.06 f
  scaleSoftmax/softmax/n941 (net)               2                   0.00       1.06 f
  scaleSoftmax/softmax/U8206/ZN (AOI21OPTPBD2BWP12T30P140LVT)
                                                          0.01      0.01       1.06 r
  scaleSoftmax/softmax/n1677 (net)              1                   0.00       1.06 r
  scaleSoftmax/softmax/U8843/ZN (OAI21OPTPBD2BWP12T30P140LVT)
                                                          0.01      0.01       1.07 f
  scaleSoftmax/softmax/n2867 (net)              1                   0.00       1.07 f
  scaleSoftmax/softmax/U9737/ZN (AOI21OPTPBD2BWP12T30P140LVT)
                                                          0.01      0.01       1.08 r
  scaleSoftmax/softmax/n4254 (net)              1                   0.00       1.08 r
  scaleSoftmax/softmax/U16413/ZN (NR2D4BWP12T30P140LVT)
                                                          0.01      0.01       1.09 f
  scaleSoftmax/softmax/n4057 (net)              1                   0.00       1.09 f
  scaleSoftmax/softmax/U8359/ZN (NR3OPTPAD6BWP12T30P140LVT)
                                                          0.02      0.02       1.11 r
  scaleSoftmax/softmax/n4055 (net)              1                   0.00       1.11 r
  scaleSoftmax/softmax/U3181/ZN (ND2OPTFAD16BWP12T30P140LVT)
                                                          0.02      0.02       1.12 f
  scaleSoftmax/softmax/n4344 (net)             27                   0.00       1.12 f
  scaleSoftmax/softmax/U2139/ZN (CKND6BWP12T30P140LVT)
                                                          0.01      0.01       1.13 r
  scaleSoftmax/softmax/n158 (net)               3                   0.00       1.13 r
  scaleSoftmax/softmax/U2275/ZN (ND2OPTFAD4BWP12T30P140LVT)
                                                          0.01      0.01       1.14 f
  scaleSoftmax/softmax/n1798 (net)              2                   0.00       1.14 f
  scaleSoftmax/softmax/U3191/ZN (INR2D4BWP12T30P140LVT)
                                                          0.01      0.01       1.15 f
  scaleSoftmax/softmax/n6125 (net)              2                   0.00       1.15 f
  scaleSoftmax/softmax/U2623/ZN (INVD4BWP12T30P140LVT)
                                                          0.01      0.01       1.16 r
  scaleSoftmax/softmax/n186 (net)               1                   0.00       1.16 r
  scaleSoftmax/softmax/U2681/ZN (ND2D4BWP12T30P140LVT)
                                                          0.01      0.01       1.17 f
  scaleSoftmax/softmax/n789 (net)               2                   0.00       1.17 f
  scaleSoftmax/softmax/U2856/ZN (NR2D3BWP12T30P140LVT)
                                                          0.01      0.01       1.18 r
  scaleSoftmax/softmax/n19421 (net)             2                   0.00       1.18 r
  scaleSoftmax/softmax/U8761/ZN (ND3OPTFAD4BWP12T30P140LVT)
                                                          0.01      0.01       1.19 f
  scaleSoftmax/softmax/n1530 (net)              1                   0.00       1.19 f
  scaleSoftmax/softmax/U8121/ZN (INR2D16BWP12T30P140LVT)
                                                          0.01      0.02       1.21 f
  scaleSoftmax/softmax/n1632 (net)             15                   0.00       1.21 f
  scaleSoftmax/softmax/U2602/Z (MUX2OPTD6BWP12T30P140LVT)
                                                          0.01      0.02       1.23 r
  scaleSoftmax/softmax/n4180 (net)              3                   0.00       1.23 r
  scaleSoftmax/softmax/U9470/ZN (OAI21OPTREPBD2BWP12T30P140LVT)
                                                          0.01      0.01       1.24 f
  scaleSoftmax/softmax/n2210 (net)              1                   0.00       1.24 f
  scaleSoftmax/softmax/U2649/ZN (AOI21OPTPBD4BWP12T30P140LVT)
                                                          0.01      0.01       1.25 r
  scaleSoftmax/softmax/n822 (net)               2                   0.00       1.25 r
  scaleSoftmax/softmax/U3278/ZN (ND2OPTFAD4BWP12T30P140LVT)
                                                          0.01      0.01       1.26 f
  scaleSoftmax/softmax/n904 (net)               2                   0.00       1.26 f
  scaleSoftmax/softmax/U3352/ZN (NR2OPTPAD2BWP12T30P140LVT)
                                                          0.01      0.01       1.27 r
  scaleSoftmax/softmax/n925 (net)               1                   0.00       1.27 r
  scaleSoftmax/softmax/U2427/ZN (ND3OPTPAD2BWP12T30P140LVT)
                                                          0.02      0.01       1.28 f
  scaleSoftmax/softmax/n107 (net)               1                   0.00       1.28 f
  scaleSoftmax/softmax/U2426/ZN (ND2OPTFAD4BWP12T30P140LVT)
                                                          0.01      0.01       1.29 r
  scaleSoftmax/softmax/n1531 (net)              1                   0.00       1.29 r
  scaleSoftmax/softmax/U2633/ZN (NR2OPTD12BWP12T30P140LVT)
                                                          0.01      0.01       1.30 f
  scaleSoftmax/softmax/n4353 (net)              9                   0.00       1.30 f
  scaleSoftmax/softmax/U8749/ZN (AOI21OPTPBD4BWP12T30P140LVT)
                                                          0.01      0.01       1.31 r
  scaleSoftmax/softmax/n5038 (net)              1                   0.00       1.31 r
  scaleSoftmax/softmax/U2501/ZN (ND2OPTFAD6BWP12T30P140LVT)
                                                          0.02      0.01       1.32 f
  scaleSoftmax/softmax/n1129 (net)              2                   0.00       1.32 f
  scaleSoftmax/softmax/U8289/ZN (NR2D16BWP12T30P140LVT)
                                                          0.02      0.02       1.34 r
  scaleSoftmax/softmax/n6669 (net)             17                   0.00       1.34 r
  scaleSoftmax/softmax/U2132/Z (BUFFXD6BWP12T30P140LVT)
                                                          0.01      0.01       1.36 r
  scaleSoftmax/softmax/n379 (net)               3                   0.00       1.36 r
  scaleSoftmax/softmax/U8786/ZN (OAI22OPTPBD4BWP12T30P140LVT)
                                                          0.02      0.01       1.37 f
  scaleSoftmax/softmax/n19579 (net)             3                   0.00       1.37 f
  scaleSoftmax/softmax/U701/ZN (NR2D2BWP12T30P140LVT)     0.01      0.01       1.38 r
  scaleSoftmax/softmax/n99 (net)                1                   0.00       1.38 r
  scaleSoftmax/softmax/U2404/ZN (AOI21OPTPBD2BWP12T30P140LVT)
                                                          0.01      0.01       1.39 f
  scaleSoftmax/softmax/n4278 (net)              1                   0.00       1.39 f
  scaleSoftmax/softmax/U2912/ZN (NR2D2BWP12T30P140LVT)
                                                          0.01      0.01       1.40 r
  scaleSoftmax/softmax/n1579 (net)              1                   0.00       1.40 r
  scaleSoftmax/softmax/U6104/ZN (OAI21D2BWP12T30P140LVT)
                                                          0.02      0.01       1.41 f
  scaleSoftmax/softmax/n3878 (net)              1                   0.00       1.41 f
  scaleSoftmax/softmax/U8849/ZN (AOI21D4BWP12T30P140LVT)
                                                          0.02      0.01       1.42 r
  scaleSoftmax/softmax/n4018 (net)              1                   0.00       1.42 r
  scaleSoftmax/softmax/U8070/ZN (NR2D8BWP12T30P140LVT)
                                                          0.01      0.01       1.43 f
  scaleSoftmax/softmax/n711 (net)               3                   0.00       1.43 f
  scaleSoftmax/softmax/U8068/ZN (ND2OPTFAD16BWP12T30P140LVT)
                                                          0.02      0.01       1.44 r
  scaleSoftmax/softmax/n3169 (net)             18                   0.00       1.44 r
  scaleSoftmax/softmax/U2919/ZN (CKND16BWP12T30P140LVT)
                                                          0.01      0.01       1.45 f
  scaleSoftmax/softmax/n4151 (net)             12                   0.00       1.45 f
  scaleSoftmax/softmax/U8697/Z (MUX2OPTD6BWP12T30P140LVT)
                                                          0.01      0.02       1.47 r
  scaleSoftmax/softmax/n4356 (net)              3                   0.00       1.47 r
  scaleSoftmax/softmax/U552/ZN (ND2OPTFAD6BWP12T30P140LVT)
                                                          0.01      0.01       1.48 f
  scaleSoftmax/softmax/n2489 (net)              3                   0.00       1.48 f
  scaleSoftmax/softmax/U8156/ZN (AOI21OPTPBD2BWP12T30P140LVT)
                                                          0.01      0.01       1.49 r
  scaleSoftmax/softmax/n863 (net)               1                   0.00       1.49 r
  scaleSoftmax/softmax/U8157/ZN (ND2OPTPAD2BWP12T30P140LVT)
                                                          0.01      0.01       1.50 f
  scaleSoftmax/softmax/n860 (net)               1                   0.00       1.50 f
  scaleSoftmax/softmax/U4203/ZN (ND2D2BWP12T30P140LVT)
                                                          0.01      0.01       1.50 r
  scaleSoftmax/softmax/n1034 (net)              1                   0.00       1.50 r
  scaleSoftmax/softmax/U8250/ZN (ND2OPTPAD2BWP12T30P140LVT)
                                                          0.02      0.01       1.52 f
  scaleSoftmax/softmax/n1032 (net)              1                   0.00       1.52 f
  scaleSoftmax/softmax/U4135/ZN (NR2D8BWP12T30P140LVT)
                                                          0.01      0.01       1.53 r
  scaleSoftmax/softmax/n4065 (net)              1                   0.00       1.53 r
  scaleSoftmax/softmax/U16539/ZN (ND2OPTFAD16BWP12T30P140LVT)
                                                          0.02      0.01       1.54 f
  scaleSoftmax/softmax/n19725 (net)            35                   0.00       1.54 f
  scaleSoftmax/softmax/U2010/Z (MUX2OPTD4BWP12T30P140LVT)
                                                          0.01      0.03       1.57 r
  scaleSoftmax/softmax/n19872 (net)             3                   0.00       1.57 r
  scaleSoftmax/softmax/U8133/ZN (INR2D8BWP12T30P140LVT)
                                                          0.01      0.01       1.58 f
  scaleSoftmax/softmax/n2396 (net)              3                   0.00       1.58 f
  scaleSoftmax/softmax/U396/ZN (INR2D1BWP12T30P140LVT)
                                                          0.01      0.01       1.59 r
  scaleSoftmax/softmax/n1481 (net)              1                   0.00       1.59 r
  scaleSoftmax/softmax/U8713/ZN (AOI21OPTPBD2BWP12T30P140LVT)
                                                          0.01      0.01       1.60 f
  scaleSoftmax/softmax/n1567 (net)              1                   0.00       1.60 f
  scaleSoftmax/softmax/U8210/ZN (ND2OPTPAD2BWP12T30P140LVT)
                                                          0.01      0.01       1.61 r
  scaleSoftmax/softmax/n946 (net)               1                   0.00       1.61 r
  scaleSoftmax/softmax/U2384/ZN (AOI21OPTPBD4BWP12T30P140LVT)
                                                          0.02      0.01       1.62 f
  scaleSoftmax/softmax/n945 (net)               1                   0.00       1.62 f
  scaleSoftmax/softmax/U8208/ZN (AOI21OPTPBD6BWP12T30P140LVT)
                                                          0.02      0.01       1.63 r
  scaleSoftmax/softmax/n3921 (net)              1                   0.00       1.63 r
  scaleSoftmax/softmax/U3194/ZN (NR2D16BWP12T30P140LVT)
                                                          0.02      0.01       1.65 f
  scaleSoftmax/softmax/n19838 (net)            16                   0.00       1.65 f
  scaleSoftmax/softmax/U2253/ZN (CKND12BWP12T30P140LVT)
                                                          0.01      0.01       1.66 r
  scaleSoftmax/softmax/n19851 (net)             9                   0.00       1.66 r
  scaleSoftmax/softmax/U2851/Z (MUX2OPTD6BWP12T30P140LVT)
                                                          0.01      0.02       1.68 f
  scaleSoftmax/softmax/n4501 (net)              3                   0.00       1.68 f
  scaleSoftmax/softmax/U2850/ZN (ND2OPTFAD6BWP12T30P140LVT)
                                                          0.02      0.01       1.68 r
  scaleSoftmax/softmax/n1738 (net)              2                   0.00       1.68 r
  scaleSoftmax/softmax/U273/ZN (CKND3BWP12T30P140LVT)     0.01      0.01       1.69 f
  scaleSoftmax/softmax/n1642 (net)              1                   0.00       1.69 f
  scaleSoftmax/softmax/U8585/ZN (NR2OPTFAD4BWP12T30P140LVT)
                                                          0.01      0.01       1.70 r
  scaleSoftmax/softmax/n4561 (net)              2                   0.00       1.70 r
  scaleSoftmax/softmax/U8466/ZN (ND2OPTFAD4BWP12T30P140LVT)
                                                          0.01      0.01       1.70 f
  scaleSoftmax/softmax/n6614 (net)              2                   0.00       1.70 f
  scaleSoftmax/softmax/U245/ZN (NR2D2BWP12T30P140LVT)     0.01      0.01       1.71 r
  scaleSoftmax/softmax/n6613 (net)              1                   0.00       1.71 r
  scaleSoftmax/softmax/U8261/ZN (ND3OPTPAD2BWP12T30P140LVT)
                                                          0.01      0.01       1.73 f
  scaleSoftmax/softmax/n6612 (net)              1                   0.00       1.73 f
  scaleSoftmax/softmax/U16750/ZN (ND3OPTPAD2BWP12T30P140LVT)
                                                          0.01      0.01       1.74 r
  scaleSoftmax/softmax/n19964 (net)             1                   0.00       1.74 r
  scaleSoftmax/softmax/U16675/ZN (AOI21OPTPBD4BWP12T30P140LVT)
                                                          0.02      0.01       1.75 f
  scaleSoftmax/softmax/n19980 (net)             2                   0.00       1.75 f
  scaleSoftmax/softmax/U8892/ZN (CKND8BWP12T30P140LVT)
                                                          0.02      0.01       1.76 r
  scaleSoftmax/softmax/n4506 (net)             17                   0.00       1.76 r
  scaleSoftmax/softmax/U8793/ZN (INVD1BWP12T30P140LVT)
                                                          0.01      0.01       1.78 f
  scaleSoftmax/softmax/n1548 (net)              2                   0.00       1.78 f
  scaleSoftmax/softmax/U8797/ZN (ND2OPTPAD2BWP12T30P140LVT)
                                                          0.01      0.01       1.78 r
  scaleSoftmax/softmax/n3788 (net)              1                   0.00       1.78 r
  scaleSoftmax/softmax/U16433/ZN (OAI21OPTREPBD2BWP12T30P140LVT)
                                                          0.02      0.01       1.79 f
  scaleSoftmax/softmax/n19968 (net)             3                   0.00       1.79 f
  scaleSoftmax/softmax/U9395/ZN (INR2D2BWP12T30P140LVT)
                                                          0.01      0.01       1.80 r
  scaleSoftmax/softmax/n2341 (net)              1                   0.00       1.80 r
  scaleSoftmax/softmax/U2008/ZN (AOI22D2BWP12T30P140LVT)
                                                          0.02      0.01       1.81 f
  scaleSoftmax/softmax/n2340 (net)              1                   0.00       1.81 f
  scaleSoftmax/softmax/U9529/ZN (NR2OPTPAD2BWP12T30P140LVT)
                                                          0.01      0.01       1.82 r
  scaleSoftmax/softmax/n2338 (net)              1                   0.00       1.82 r
  scaleSoftmax/softmax/U8815/ZN (OAI21OPTREPBD2BWP12T30P140LVT)
                                                          0.01      0.01       1.83 f
  scaleSoftmax/softmax/n3787 (net)              1                   0.00       1.83 f
  scaleSoftmax/softmax/U16219/ZN (ND2D2BWP12T30P140LVT)
                                                          0.01      0.01       1.84 r
  scaleSoftmax/softmax/n3552 (net)              1                   0.00       1.84 r
  scaleSoftmax/softmax/U2367/ZN (ND2OPTPAD2BWP12T30P140LVT)
                                                          0.01      0.01       1.85 f
  scaleSoftmax/softmax/n4524 (net)              2                   0.00       1.85 f
  scaleSoftmax/softmax/U4131/ZN (INR2D8BWP12T30P140LVT)
                                                          0.01      0.02       1.87 f
  scaleSoftmax/softmax/n20124 (net)             4                   0.00       1.87 f
  scaleSoftmax/softmax/U9209/ZN (CKND12BWP12T30P140LVT)
                                                          0.01      0.01       1.88 r
  scaleSoftmax/softmax/n7092 (net)             12                   0.00       1.88 r
  scaleSoftmax/softmax/U27/ZN (NR2OPTPAD1BWP12T30P140LVT)
                                                          0.01      0.01       1.88 f
  scaleSoftmax/softmax/n40921 (net)             2                   0.00       1.88 f
  scaleSoftmax/softmax/U16994/Z (MUX2D1BWP12T30P140LVT)
                                                          0.01      0.02       1.91 r
  scaleSoftmax/softmax/n5893 (net)              1                   0.00       1.91 r
  scaleSoftmax/softmax/maximumUpdates_reg[31]/D (DFD1BWP12T30P140LVT)
                                                          0.01      0.00       1.91 r
  data arrival time                                                            1.91

  clock clk (rise edge)                                             2.00       2.00
  clock network delay (ideal)                                       0.00       2.00
  clock uncertainty                                                -0.10       1.90
  scaleSoftmax/softmax/maximumUpdates_reg[31]/CP (DFD1BWP12T30P140LVT)
                                                                    0.00       1.90 r
  library setup time                                               -0.01       1.89
  data required time                                                           1.89
  ------------------------------------------------------------------------------------
  data required time                                                           1.89
  data arrival time                                                           -1.91
  ------------------------------------------------------------------------------------
  slack (VIOLATED)                                                            -0.02


  Startpoint: scaleSoftmax/softmax/packCountReg_reg[0]
              (rising edge-triggered flip-flop clocked by clk)
  Endpoint: scaleSoftmax/softmax/globalMaximum_reg[10]
            (rising edge-triggered flip-flop clocked by clk)
  Path Group: clk
  Path Type: max

  Des/Clust/Port     Wire Load Model       Library
  ------------------------------------------------
  AttentionFeaturePacketizer_0
                     ZeroWireload          tcbn28hpcplusbwp12t30p140lvtssg0p81v125c
  PackDescriptorDecoder_1
                     ZeroWireload          tcbn28hpcplusbwp12t30p140lvtssg0p81v125c
  PackDescriptorDecoder
                     ZeroWireload          tcbn28hpcplusbwp12t30p140lvtssg0p81v125c
  BufferedPackMetadataDequantizer_1
                     ZeroWireload          tcbn28hpcplusbwp12t30p140lvtssg0p81v125c
  DynamicBitUnpacker_1
                     ZeroWireload          tcbn28hpcplusbwp12t30p140lvtssg0p81v125c
  BufferedPackMetadataDequantizer
                     ZeroWireload          tcbn28hpcplusbwp12t30p140lvtssg0p81v125c
  DynamicBitUnpacker ZeroWireload          tcbn28hpcplusbwp12t30p140lvtssg0p81v125c
  KvStreamDequantizer_1
                     ZeroWireload          tcbn28hpcplusbwp12t30p140lvtssg0p81v125c
  KvStreamDequantizer
                     ZeroWireload          tcbn28hpcplusbwp12t30p140lvtssg0p81v125c
  DecompressionPipelineController_1
                     ZeroWireload          tcbn28hpcplusbwp12t30p140lvtssg0p81v125c
  DecompressionPipelineController
                     ZeroWireload          tcbn28hpcplusbwp12t30p140lvtssg0p81v125c
  QkDotProductAccumulator
                     ZeroWireload          tcbn28hpcplusbwp12t30p140lvtssg0p81v125c
  QueryReplayBuffer  ZeroWireload          tcbn28hpcplusbwp12t30p140lvtssg0p81v125c
  AttentionFeaturePacketizer_1
                     ZeroWireload          tcbn28hpcplusbwp12t30p140lvtssg0p81v125c
  DualKvDecompressionController
                     ZeroWireload          tcbn28hpcplusbwp12t30p140lvtssg0p81v125c
  SoftmaxVAccumulator
                     ZeroWireload          tcbn28hpcplusbwp12t30p140lvtssg0p81v125c
  StreamingSoftmax   ZeroWireload          tcbn28hpcplusbwp12t30p140lvtssg0p81v125c
  AttentionScaleUnit ZeroWireload          tcbn28hpcplusbwp12t30p140lvtssg0p81v125c
  AvOutputQuantizer  ZeroWireload          tcbn28hpcplusbwp12t30p140lvtssg0p81v125c
  BriskKvAttentionTop
                     ZeroWireload          tcbn28hpcplusbwp12t30p140lvtssg0p81v125c

  Point                                       Fanout     Trans      Incr       Path
  ------------------------------------------------------------------------------------
  clock clk (rise edge)                                             0.00       0.00
  clock network delay (ideal)                                       0.00       0.00
  scaleSoftmax/softmax/packCountReg_reg[0]/CP (DFQOPTMAD8BWP12T30P140LVT)
                                                          0.00      0.00 #     0.00 r
  scaleSoftmax/softmax/packCountReg_reg[0]/Q (DFQOPTMAD8BWP12T30P140LVT)
                                                          0.01      0.02       0.02 f
  scaleSoftmax/softmax/packCountReg[0] (net)
                                                5                   0.00       0.02 f
  scaleSoftmax/softmax/U16327/ZN (NR2OPTD12BWP12T30P140LVT)
                                                          0.01      0.01       0.03 r
  scaleSoftmax/softmax/n4197 (net)              1                   0.00       0.03 r
  scaleSoftmax/softmax/U4071/ZN (ND3OPTFAD16BWP12T30P140LVT)
                                                          0.01      0.01       0.04 f
  scaleSoftmax/softmax/n6641 (net)              1                   0.00       0.04 f
  scaleSoftmax/softmax/U16385/ZN (NR2OPTPAD16BWP12T30P140LVT)
                                                          0.02      0.01       0.06 r
  scaleSoftmax/softmax/n6989 (net)             11                   0.00       0.06 r
  scaleSoftmax/softmax/U1973/ZN (ND2OPTD6BWP12T30P140LVT)
                                                          0.01      0.01       0.07 f
  scaleSoftmax/softmax/n27900 (net)             3                   0.00       0.07 f
  scaleSoftmax/softmax/U3042/ZN (AOI21OPTREPBD2BWP12T30P140LVT)
                                                          0.01      0.01       0.08 r
  scaleSoftmax/softmax/n298 (net)               1                   0.00       0.08 r
  scaleSoftmax/softmax/U3041/ZN (NR2D3BWP12T30P140LVT)
                                                          0.01      0.01       0.08 f
  scaleSoftmax/softmax/n3693 (net)              1                   0.00       0.08 f
  scaleSoftmax/softmax/U16282/ZN (ND2OPTFAD4BWP12T30P140LVT)
                                                          0.01      0.01       0.09 r
  scaleSoftmax/softmax/n3654 (net)              2                   0.00       0.09 r
  scaleSoftmax/softmax/U8918/ZN (NR3OPTFAD4BWP12T30P140LVT)
                                                          0.01      0.01       0.10 f
  scaleSoftmax/softmax/n4748 (net)              1                   0.00       0.10 f
  scaleSoftmax/softmax/U16710/ZN (ND2OPTFAD4BWP12T30P140LVT)
                                                          0.01      0.01       0.11 r
  scaleSoftmax/softmax/n4747 (net)              1                   0.00       0.11 r
  scaleSoftmax/softmax/U9152/ZN (NR2OPTD12BWP12T30P140LVT)
                                                          0.01      0.01       0.12 f
  scaleSoftmax/softmax/n4745 (net)              2                   0.00       0.12 f
  scaleSoftmax/softmax/U2510/ZN (ND2OPTFAD16BWP12T30P140LVT)
                                                          0.02      0.02       0.14 r
  scaleSoftmax/softmax/n6944 (net)             24                   0.00       0.14 r
  scaleSoftmax/softmax/U9041/ZN (ND2D4BWP12T30P140LVT)
                                                          0.01      0.01       0.15 f
  scaleSoftmax/softmax/n3809 (net)              1                   0.00       0.15 f
  scaleSoftmax/softmax/U3085/ZN (INVD4BWP12T30P140LVT)
                                                          0.01      0.01       0.15 r
  scaleSoftmax/softmax/n18388 (net)             3                   0.00       0.15 r
  scaleSoftmax/softmax/U9632/ZN (NR2OPTPAD2BWP12T30P140LVT)
                                                          0.01      0.01       0.16 f
  scaleSoftmax/softmax/n2576 (net)              2                   0.00       0.16 f
  scaleSoftmax/softmax/U9542/ZN (OAI21D2BWP12T30P140LVT)
                                                          0.01      0.01       0.17 r
  scaleSoftmax/softmax/n2569 (net)              1                   0.00       0.17 r
  scaleSoftmax/softmax/U9624/ZN (AOI21OPTPBD2BWP12T30P140LVT)
                                                          0.01      0.01       0.18 f
  scaleSoftmax/softmax/n3706 (net)              1                   0.00       0.18 f
  scaleSoftmax/softmax/U9099/ZN (NR2D4BWP12T30P140LVT)
                                                          0.01      0.01       0.20 r
  scaleSoftmax/softmax/n4249 (net)              1                   0.00       0.20 r
  scaleSoftmax/softmax/U16454/ZN (NR3OPTFAD4BWP12T30P140LVT)
                                                          0.01      0.01       0.21 f
  scaleSoftmax/softmax/n4248 (net)              1                   0.00       0.21 f
  scaleSoftmax/softmax/U4139/ZN (NR2D8BWP12T30P140LVT)
                                                          0.02      0.01       0.22 r
  scaleSoftmax/softmax/n4243 (net)              1                   0.00       0.22 r
  scaleSoftmax/softmax/U2946/ZN (NR2OPTPAD16BWP12T30P140LVT)
                                                          0.02      0.01       0.24 f
  scaleSoftmax/softmax/n6703 (net)             31                   0.00       0.24 f
  scaleSoftmax/softmax/U9805/Z (MUX2OPTD4BWP12T30P140LVT)
                                                          0.01      0.02       0.26 r
  scaleSoftmax/softmax/n3041 (net)              3                   0.00       0.26 r
  scaleSoftmax/softmax/U5717/ZN (ND2OPTFAD4BWP12T30P140LVT)
                                                          0.01      0.01       0.27 f
  scaleSoftmax/softmax/n2269 (net)              2                   0.00       0.27 f
  scaleSoftmax/softmax/U9222/ZN (AOI21OPTPBD2BWP12T30P140LVT)
                                                          0.01      0.01       0.28 r
  scaleSoftmax/softmax/n18507 (net)             1                   0.00       0.28 r
  scaleSoftmax/softmax/U9715/ZN (OAI21OPTREPBD2BWP12T30P140LVT)
                                                          0.01      0.01       0.29 f
  scaleSoftmax/softmax/n18509 (net)             1                   0.00       0.29 f
  scaleSoftmax/softmax/U9814/ZN (AOI21OPTPBD2BWP12T30P140LVT)
                                                          0.01      0.01       0.30 r
  scaleSoftmax/softmax/n3065 (net)              1                   0.00       0.30 r
  scaleSoftmax/softmax/U9813/ZN (OAI21OPTPBD2BWP12T30P140LVT)
                                                          0.01      0.01       0.31 f
  scaleSoftmax/softmax/n3064 (net)              1                   0.00       0.31 f
  scaleSoftmax/softmax/U2800/ZN (NR2OPTPAD2BWP12T30P140LVT)
                                                          0.01      0.01       0.33 r
  scaleSoftmax/softmax/n228 (net)               1                   0.00       0.33 r
  scaleSoftmax/softmax/U2799/ZN (NR2OPTD6BWP12T30P140LVT)
                                                          0.01      0.01       0.33 f
  scaleSoftmax/softmax/n226 (net)               1                   0.00       0.33 f
  scaleSoftmax/softmax/U2798/ZN (INR2D16BWP12T30P140LVT)
                                                          0.03      0.02       0.35 r
  scaleSoftmax/softmax/n4484 (net)             32                   0.00       0.35 r
  scaleSoftmax/softmax/U1771/ZN (INR2D2BWP12T30P140LVT)
                                                          0.01      0.01       0.36 f
  scaleSoftmax/softmax/n1956 (net)              1                   0.00       0.36 f
  scaleSoftmax/softmax/U7313/ZN (INVD2BWP12T30P140LVT)
                                                          0.01      0.01       0.36 r
  scaleSoftmax/softmax/n3055 (net)              1                   0.00       0.36 r
  scaleSoftmax/softmax/U2885/ZN (CKND2D3BWP12T30P140LVT)
                                                          0.01      0.01       0.37 f
  scaleSoftmax/softmax/n18710 (net)             3                   0.00       0.37 f
  scaleSoftmax/softmax/U1732/ZN (NR2OPTFAD4BWP12T30P140LVT)
                                                          0.01      0.01       0.38 r
  scaleSoftmax/softmax/n6473 (net)              2                   0.00       0.38 r
  scaleSoftmax/softmax/U2097/ZN (NR3OPTPAD2BWP12T30P140LVT)
                                                          0.01      0.01       0.39 f
  scaleSoftmax/softmax/n6845 (net)              1                   0.00       0.39 f
  scaleSoftmax/softmax/U1706/ZN (NR2OPTPAD2BWP12T30P140LVT)
                                                          0.01      0.01       0.40 r
  scaleSoftmax/softmax/n4574 (net)              1                   0.00       0.40 r
  scaleSoftmax/softmax/U7265/ZN (OAI21D2BWP12T30P140LVT)
                                                          0.01      0.01       0.41 f
  scaleSoftmax/softmax/n4572 (net)              1                   0.00       0.41 f
  scaleSoftmax/softmax/U16689/ZN (AOI21OPTREPBD2BWP12T30P140LVT)
                                                          0.01      0.01       0.42 r
  scaleSoftmax/softmax/n6526 (net)              1                   0.00       0.42 r
  scaleSoftmax/softmax/U8494/ZN (OAI21OPTREPBD2BWP12T30P140LVT)
                                                          0.02      0.01       0.43 f
  scaleSoftmax/softmax/n6538 (net)              1                   0.00       0.43 f
  scaleSoftmax/softmax/U16902/ZN (OAI21OPTPBD4BWP12T30P140LVT)
                                                          0.02      0.01       0.44 r
  scaleSoftmax/softmax/n6730 (net)              1                   0.00       0.44 r
  scaleSoftmax/softmax/U8524/ZN (ND2OPTD12BWP12T30P140LVT)
                                                          0.02      0.02       0.46 f
  scaleSoftmax/softmax/n18684 (net)             8                   0.00       0.46 f
  scaleSoftmax/softmax/U2026/Z (MUX2D4BWP12T30P140LVT)
                                                          0.01      0.03       0.49 r
  scaleSoftmax/softmax/n18845 (net)             2                   0.00       0.49 r
  scaleSoftmax/softmax/U1651/Z (BUFFXD6BWP12T30P140LVT)
                                                          0.01      0.01       0.50 r
  scaleSoftmax/softmax/n4548 (net)              2                   0.00       0.50 r
  scaleSoftmax/softmax/U16986/ZN (INR2D4BWP12T30P140LVT)
                                                          0.01      0.00       0.50 f
  scaleSoftmax/softmax/n6990 (net)              1                   0.00       0.50 f
  scaleSoftmax/softmax/U16886/ZN (NR2OPTPAD2BWP12T30P140LVT)
                                                          0.01      0.01       0.51 r
  scaleSoftmax/softmax/n6386 (net)              1                   0.00       0.51 r
  scaleSoftmax/softmax/U8425/ZN (OAI21OPTREPBD2BWP12T30P140LVT)
                                                          0.01      0.01       0.52 f
  scaleSoftmax/softmax/n1151 (net)              1                   0.00       0.52 f
  scaleSoftmax/softmax/U2048/ZN (ND2D3BWP12T30P140LVT)
                                                          0.01      0.01       0.53 r
  scaleSoftmax/softmax/n4475 (net)              1                   0.00       0.53 r
  scaleSoftmax/softmax/U2140/ZN (AOI21OPTPBD6BWP12T30P140LVT)
                                                          0.02      0.01       0.54 f
  scaleSoftmax/softmax/n7123 (net)              1                   0.00       0.54 f
  scaleSoftmax/softmax/U8928/ZN (INR2D16BWP12T30P140LVT)
                                                          0.02      0.01       0.55 r
  scaleSoftmax/softmax/n1751 (net)             12                   0.00       0.55 r
  scaleSoftmax/softmax/U8979/Z (MUX2D2BWP12T30P140LVT)
                                                          0.01      0.02       0.58 f
  scaleSoftmax/softmax/n18956 (net)             3                   0.00       0.58 f
  scaleSoftmax/softmax/U1558/ZN (INR2D1BWP12T30P140LVT)
                                                          0.02      0.01       0.59 r
  scaleSoftmax/softmax/n18894 (net)             2                   0.00       0.59 r
  scaleSoftmax/softmax/U1530/ZN (INVD1BWP12T30P140LVT)
                                                          0.01      0.01       0.60 f
  scaleSoftmax/softmax/n6379 (net)              1                   0.00       0.60 f
  scaleSoftmax/softmax/U9248/ZN (AOI21OPTPBD2BWP12T30P140LVT)
                                                          0.01      0.01       0.61 r
  scaleSoftmax/softmax/n1998 (net)              1                   0.00       0.61 r
  scaleSoftmax/softmax/U9247/ZN (OAI21OPTREPBD2BWP12T30P140LVT)
                                                          0.01      0.01       0.62 f
  scaleSoftmax/softmax/n4641 (net)              1                   0.00       0.62 f
  scaleSoftmax/softmax/U9396/ZN (AOI21OPTPBD2BWP12T30P140LVT)
                                                          0.02      0.02       0.64 r
  scaleSoftmax/softmax/n18955 (net)             2                   0.00       0.64 r
  scaleSoftmax/softmax/U16699/ZN (ND3OPTPAD2BWP12T30P140LVT)
                                                          0.02      0.02       0.65 f
  scaleSoftmax/softmax/n6520 (net)              1                   0.00       0.65 f
  scaleSoftmax/softmax/U16336/ZN (NR2OPTFAD4BWP12T30P140LVT)
                                                          0.01      0.01       0.66 r
  scaleSoftmax/softmax/n3781 (net)              1                   0.00       0.66 r
  scaleSoftmax/softmax/U1999/ZN (ND2OPTFAD8BWP12T30P140LVT)
                                                          0.01      0.01       0.68 f
  scaleSoftmax/softmax/n18941 (net)             4                   0.00       0.68 f
  scaleSoftmax/softmax/U8376/ZN (CKND16BWP12T30P140LVT)
                                                          0.01      0.01       0.69 r
  scaleSoftmax/softmax/n4526 (net)             12                   0.00       0.69 r
  scaleSoftmax/softmax/U2122/ZN (CKND8BWP12T30P140LVT)
                                                          0.01      0.01       0.69 f
  scaleSoftmax/softmax/n6496 (net)              4                   0.00       0.69 f
  scaleSoftmax/softmax/U8277/Z (MUX2OPTD6BWP12T30P140LVT)
                                                          0.01      0.02       0.71 r
  scaleSoftmax/softmax/n4363 (net)              3                   0.00       0.71 r
  scaleSoftmax/softmax/U8276/ZN (ND2OPTFAD4BWP12T30P140LVT)
                                                          0.01      0.01       0.72 f
  scaleSoftmax/softmax/n2146 (net)              2                   0.00       0.72 f
  scaleSoftmax/softmax/U6882/ZN (ND2D2BWP12T30P140LVT)
                                                          0.01      0.01       0.72 r
  scaleSoftmax/softmax/n1813 (net)              1                   0.00       0.72 r
  scaleSoftmax/softmax/U9007/ZN (ND2OPTPAD2BWP12T30P140LVT)
                                                          0.01      0.01       0.73 f
  scaleSoftmax/softmax/n4724 (net)              1                   0.00       0.73 f
  scaleSoftmax/softmax/U16408/ZN (AOI21OPTPBD2BWP12T30P140LVT)
                                                          0.01      0.01       0.74 r
  scaleSoftmax/softmax/n3746 (net)              1                   0.00       0.74 r
  scaleSoftmax/softmax/U16403/ZN (NR2D2BWP12T30P140LVT)
                                                          0.01      0.01       0.74 f
  scaleSoftmax/softmax/n6187 (net)              1                   0.00       0.74 f
  scaleSoftmax/softmax/U16622/ZN (OAI21D2BWP12T30P140LVT)
                                                          0.01      0.01       0.75 r
  scaleSoftmax/softmax/n6651 (net)              1                   0.00       0.75 r
  scaleSoftmax/softmax/U16932/ZN (AOI21OPTPBD2BWP12T30P140LVT)
                                                          0.02      0.01       0.76 f
  scaleSoftmax/softmax/n6649 (net)              1                   0.00       0.76 f
  scaleSoftmax/softmax/U16646/ZN (NR3OPTD6BWP12T30P140LVT)
                                                          0.03      0.02       0.79 r
  scaleSoftmax/softmax/n19026 (net)             4                   0.00       0.79 r
  scaleSoftmax/softmax/U8752/ZN (CKND8BWP12T30P140LVT)
                                                          0.02      0.01       0.80 f
  scaleSoftmax/softmax/n4468 (net)             14                   0.00       0.80 f
  scaleSoftmax/softmax/U2747/ZN (INR2D2BWP12T30P140LVT)
                                                          0.01      0.01       0.81 r
  scaleSoftmax/softmax/n3691 (net)              1                   0.00       0.81 r
  scaleSoftmax/softmax/U9219/ZN (INVD1P25BWP12T30P140LVT)
                                                          0.01      0.01       0.81 f
  scaleSoftmax/softmax/n4509 (net)              1                   0.00       0.81 f
  scaleSoftmax/softmax/U9265/ZN (OAI21OPTREPBD2BWP12T30P140LVT)
                                                          0.03      0.01       0.82 r
  scaleSoftmax/softmax/n19157 (net)             3                   0.00       0.82 r
  scaleSoftmax/softmax/U1343/ZN (ND2D2BWP12T30P140LVT)
                                                          0.02      0.01       0.83 f
  scaleSoftmax/softmax/n2582 (net)              2                   0.00       0.83 f
  scaleSoftmax/softmax/U2120/ZN (OAI211OPTREPBD2BWP12T30P140LVT)
                                                          0.01      0.01       0.84 r
  scaleSoftmax/softmax/n22 (net)                1                   0.00       0.84 r
  scaleSoftmax/softmax/U1321/ZN (AOI21OPTPBD1BWP12T30P140LVT)
                                                          0.01      0.01       0.85 f
  scaleSoftmax/softmax/n2733 (net)              1                   0.00       0.85 f
  scaleSoftmax/softmax/U2383/ZN (OAI21OPTPBD2BWP12T30P140LVT)
                                                          0.01      0.01       0.86 r
  scaleSoftmax/softmax/n6275 (net)              1                   0.00       0.86 r
  scaleSoftmax/softmax/U5271/ZN (ND2D2BWP12T30P140LVT)
                                                          0.01      0.01       0.87 f
  scaleSoftmax/softmax/n4491 (net)              1                   0.00       0.87 f
  scaleSoftmax/softmax/U6734/ZN (ND2OPTPAD2BWP12T30P140LVT)
                                                          0.01      0.01       0.88 r
  scaleSoftmax/softmax/n6272 (net)              1                   0.00       0.88 r
  scaleSoftmax/softmax/U8619/ZN (AOI21OPTPBD6BWP12T30P140LVT)
                                                          0.02      0.01       0.89 f
  scaleSoftmax/softmax/n1271 (net)              4                   0.00       0.89 f
  scaleSoftmax/softmax/U8617/ZN (NR2OPTPAD16BWP12T30P140LVT)
                                                          0.03      0.02       0.91 r
  scaleSoftmax/softmax/n6472 (net)             30                   0.00       0.91 r
  scaleSoftmax/softmax/U1235/Z (MUX2D4BWP12T30P140LVT)
                                                          0.01      0.03       0.94 r
  scaleSoftmax/softmax/n4372 (net)              3                   0.00       0.94 r
  scaleSoftmax/softmax/U9515/ZN (INR2D4BWP12T30P140LVT)
                                                          0.01      0.01       0.95 f
  scaleSoftmax/softmax/n2301 (net)              3                   0.00       0.95 f
  scaleSoftmax/softmax/U4424/ZN (NR2D2BWP12T30P140LVT)
                                                          0.01      0.01       0.96 r
  scaleSoftmax/softmax/n2786 (net)              1                   0.00       0.96 r
  scaleSoftmax/softmax/U9670/ZN (OAI211OPTREPBD2BWP12T30P140LVT)
                                                          0.02      0.01       0.97 f
  scaleSoftmax/softmax/n2780 (net)              1                   0.00       0.97 f
  scaleSoftmax/softmax/U9699/ZN (AOI21OPTPBD2BWP12T30P140LVT)
                                                          0.02      0.01       0.98 r
  scaleSoftmax/softmax/n2777 (net)              1                   0.00       0.98 r
  scaleSoftmax/softmax/U4140/ZN (OAI21OPTPBD8BWP12T30P140LVT)
                                                          0.02      0.01       1.00 f
  scaleSoftmax/softmax/n3432 (net)              1                   0.00       1.00 f
  scaleSoftmax/softmax/U8773/ZN (ND2OPTFAD16BWP12T30P140LVT)
                                                          0.03      0.02       1.02 r
  scaleSoftmax/softmax/n19267 (net)            40                   0.00       1.02 r
  scaleSoftmax/softmax/U8407/ZN (CKND16BWP12T30P140LVT)
                                                          0.01      0.01       1.03 f
  scaleSoftmax/softmax/n4373 (net)             13                   0.00       1.03 f
  scaleSoftmax/softmax/U8485/Z (MUX2OPTD6BWP12T30P140LVT)
                                                          0.01      0.02       1.05 r
  scaleSoftmax/softmax/n4401 (net)              3                   0.00       1.05 r
  scaleSoftmax/softmax/U8207/ZN (ND2OPTFAD4BWP12T30P140LVT)
                                                          0.02      0.01       1.06 f
  scaleSoftmax/softmax/n941 (net)               2                   0.00       1.06 f
  scaleSoftmax/softmax/U8206/ZN (AOI21OPTPBD2BWP12T30P140LVT)
                                                          0.01      0.01       1.06 r
  scaleSoftmax/softmax/n1677 (net)              1                   0.00       1.06 r
  scaleSoftmax/softmax/U8843/ZN (OAI21OPTPBD2BWP12T30P140LVT)
                                                          0.01      0.01       1.07 f
  scaleSoftmax/softmax/n2867 (net)              1                   0.00       1.07 f
  scaleSoftmax/softmax/U9737/ZN (AOI21OPTPBD2BWP12T30P140LVT)
                                                          0.01      0.01       1.08 r
  scaleSoftmax/softmax/n4254 (net)              1                   0.00       1.08 r
  scaleSoftmax/softmax/U16413/ZN (NR2D4BWP12T30P140LVT)
                                                          0.01      0.01       1.09 f
  scaleSoftmax/softmax/n4057 (net)              1                   0.00       1.09 f
  scaleSoftmax/softmax/U8359/ZN (NR3OPTPAD6BWP12T30P140LVT)
                                                          0.02      0.02       1.11 r
  scaleSoftmax/softmax/n4055 (net)              1                   0.00       1.11 r
  scaleSoftmax/softmax/U3181/ZN (ND2OPTFAD16BWP12T30P140LVT)
                                                          0.02      0.02       1.12 f
  scaleSoftmax/softmax/n4344 (net)             27                   0.00       1.12 f
  scaleSoftmax/softmax/U2139/ZN (CKND6BWP12T30P140LVT)
                                                          0.01      0.01       1.13 r
  scaleSoftmax/softmax/n158 (net)               3                   0.00       1.13 r
  scaleSoftmax/softmax/U2275/ZN (ND2OPTFAD4BWP12T30P140LVT)
                                                          0.01      0.01       1.14 f
  scaleSoftmax/softmax/n1798 (net)              2                   0.00       1.14 f
  scaleSoftmax/softmax/U3191/ZN (INR2D4BWP12T30P140LVT)
                                                          0.01      0.01       1.15 f
  scaleSoftmax/softmax/n6125 (net)              2                   0.00       1.15 f
  scaleSoftmax/softmax/U2623/ZN (INVD4BWP12T30P140LVT)
                                                          0.01      0.01       1.16 r
  scaleSoftmax/softmax/n186 (net)               1                   0.00       1.16 r
  scaleSoftmax/softmax/U2681/ZN (ND2D4BWP12T30P140LVT)
                                                          0.01      0.01       1.17 f
  scaleSoftmax/softmax/n789 (net)               2                   0.00       1.17 f
  scaleSoftmax/softmax/U2856/ZN (NR2D3BWP12T30P140LVT)
                                                          0.01      0.01       1.18 r
  scaleSoftmax/softmax/n19421 (net)             2                   0.00       1.18 r
  scaleSoftmax/softmax/U8761/ZN (ND3OPTFAD4BWP12T30P140LVT)
                                                          0.01      0.01       1.19 f
  scaleSoftmax/softmax/n1530 (net)              1                   0.00       1.19 f
  scaleSoftmax/softmax/U8121/ZN (INR2D16BWP12T30P140LVT)
                                                          0.01      0.02       1.21 f
  scaleSoftmax/softmax/n1632 (net)             15                   0.00       1.21 f
  scaleSoftmax/softmax/U2602/Z (MUX2OPTD6BWP12T30P140LVT)
                                                          0.01      0.02       1.23 r
  scaleSoftmax/softmax/n4180 (net)              3                   0.00       1.23 r
  scaleSoftmax/softmax/U9470/ZN (OAI21OPTREPBD2BWP12T30P140LVT)
                                                          0.01      0.01       1.24 f
  scaleSoftmax/softmax/n2210 (net)              1                   0.00       1.24 f
  scaleSoftmax/softmax/U2649/ZN (AOI21OPTPBD4BWP12T30P140LVT)
                                                          0.01      0.01       1.25 r
  scaleSoftmax/softmax/n822 (net)               2                   0.00       1.25 r
  scaleSoftmax/softmax/U3278/ZN (ND2OPTFAD4BWP12T30P140LVT)
                                                          0.01      0.01       1.26 f
  scaleSoftmax/softmax/n904 (net)               2                   0.00       1.26 f
  scaleSoftmax/softmax/U3352/ZN (NR2OPTPAD2BWP12T30P140LVT)
                                                          0.01      0.01       1.27 r
  scaleSoftmax/softmax/n925 (net)               1                   0.00       1.27 r
  scaleSoftmax/softmax/U2427/ZN (ND3OPTPAD2BWP12T30P140LVT)
                                                          0.02      0.01       1.28 f
  scaleSoftmax/softmax/n107 (net)               1                   0.00       1.28 f
  scaleSoftmax/softmax/U2426/ZN (ND2OPTFAD4BWP12T30P140LVT)
                                                          0.01      0.01       1.29 r
  scaleSoftmax/softmax/n1531 (net)              1                   0.00       1.29 r
  scaleSoftmax/softmax/U2633/ZN (NR2OPTD12BWP12T30P140LVT)
                                                          0.01      0.01       1.30 f
  scaleSoftmax/softmax/n4353 (net)              9                   0.00       1.30 f
  scaleSoftmax/softmax/U8749/ZN (AOI21OPTPBD4BWP12T30P140LVT)
                                                          0.01      0.01       1.31 r
  scaleSoftmax/softmax/n5038 (net)              1                   0.00       1.31 r
  scaleSoftmax/softmax/U2501/ZN (ND2OPTFAD6BWP12T30P140LVT)
                                                          0.02      0.01       1.32 f
  scaleSoftmax/softmax/n1129 (net)              2                   0.00       1.32 f
  scaleSoftmax/softmax/U8289/ZN (NR2D16BWP12T30P140LVT)
                                                          0.02      0.02       1.34 r
  scaleSoftmax/softmax/n6669 (net)             17                   0.00       1.34 r
  scaleSoftmax/softmax/U2132/Z (BUFFXD6BWP12T30P140LVT)
                                                          0.01      0.01       1.36 r
  scaleSoftmax/softmax/n379 (net)               3                   0.00       1.36 r
  scaleSoftmax/softmax/U8786/ZN (OAI22OPTPBD4BWP12T30P140LVT)
                                                          0.02      0.01       1.37 f
  scaleSoftmax/softmax/n19579 (net)             3                   0.00       1.37 f
  scaleSoftmax/softmax/U701/ZN (NR2D2BWP12T30P140LVT)     0.01      0.01       1.38 r
  scaleSoftmax/softmax/n99 (net)                1                   0.00       1.38 r
  scaleSoftmax/softmax/U2404/ZN (AOI21OPTPBD2BWP12T30P140LVT)
                                                          0.01      0.01       1.39 f
  scaleSoftmax/softmax/n4278 (net)              1                   0.00       1.39 f
  scaleSoftmax/softmax/U2912/ZN (NR2D2BWP12T30P140LVT)
                                                          0.01      0.01       1.40 r
  scaleSoftmax/softmax/n1579 (net)              1                   0.00       1.40 r
  scaleSoftmax/softmax/U6104/ZN (OAI21D2BWP12T30P140LVT)
                                                          0.02      0.01       1.41 f
  scaleSoftmax/softmax/n3878 (net)              1                   0.00       1.41 f
  scaleSoftmax/softmax/U8849/ZN (AOI21D4BWP12T30P140LVT)
                                                          0.02      0.01       1.42 r
  scaleSoftmax/softmax/n4018 (net)              1                   0.00       1.42 r
  scaleSoftmax/softmax/U8070/ZN (NR2D8BWP12T30P140LVT)
                                                          0.01      0.01       1.43 f
  scaleSoftmax/softmax/n711 (net)               3                   0.00       1.43 f
  scaleSoftmax/softmax/U8068/ZN (ND2OPTFAD16BWP12T30P140LVT)
                                                          0.02      0.01       1.44 r
  scaleSoftmax/softmax/n3169 (net)             18                   0.00       1.44 r
  scaleSoftmax/softmax/U2919/ZN (CKND16BWP12T30P140LVT)
                                                          0.01      0.01       1.45 f
  scaleSoftmax/softmax/n4151 (net)             12                   0.00       1.45 f
  scaleSoftmax/softmax/U8697/Z (MUX2OPTD6BWP12T30P140LVT)
                                                          0.01      0.02       1.47 r
  scaleSoftmax/softmax/n4356 (net)              3                   0.00       1.47 r
  scaleSoftmax/softmax/U552/ZN (ND2OPTFAD6BWP12T30P140LVT)
                                                          0.01      0.01       1.48 f
  scaleSoftmax/softmax/n2489 (net)              3                   0.00       1.48 f
  scaleSoftmax/softmax/U8156/ZN (AOI21OPTPBD2BWP12T30P140LVT)
                                                          0.01      0.01       1.49 r
  scaleSoftmax/softmax/n863 (net)               1                   0.00       1.49 r
  scaleSoftmax/softmax/U8157/ZN (ND2OPTPAD2BWP12T30P140LVT)
                                                          0.01      0.01       1.50 f
  scaleSoftmax/softmax/n860 (net)               1                   0.00       1.50 f
  scaleSoftmax/softmax/U4203/ZN (ND2D2BWP12T30P140LVT)
                                                          0.01      0.01       1.50 r
  scaleSoftmax/softmax/n1034 (net)              1                   0.00       1.50 r
  scaleSoftmax/softmax/U8250/ZN (ND2OPTPAD2BWP12T30P140LVT)
                                                          0.02      0.01       1.52 f
  scaleSoftmax/softmax/n1032 (net)              1                   0.00       1.52 f
  scaleSoftmax/softmax/U4135/ZN (NR2D8BWP12T30P140LVT)
                                                          0.01      0.01       1.53 r
  scaleSoftmax/softmax/n4065 (net)              1                   0.00       1.53 r
  scaleSoftmax/softmax/U16539/ZN (ND2OPTFAD16BWP12T30P140LVT)
                                                          0.02      0.01       1.54 f
  scaleSoftmax/softmax/n19725 (net)            35                   0.00       1.54 f
  scaleSoftmax/softmax/U2010/Z (MUX2OPTD4BWP12T30P140LVT)
                                                          0.01      0.03       1.57 r
  scaleSoftmax/softmax/n19872 (net)             3                   0.00       1.57 r
  scaleSoftmax/softmax/U8133/ZN (INR2D8BWP12T30P140LVT)
                                                          0.01      0.01       1.58 f
  scaleSoftmax/softmax/n2396 (net)              3                   0.00       1.58 f
  scaleSoftmax/softmax/U396/ZN (INR2D1BWP12T30P140LVT)
                                                          0.01      0.01       1.59 r
  scaleSoftmax/softmax/n1481 (net)              1                   0.00       1.59 r
  scaleSoftmax/softmax/U8713/ZN (AOI21OPTPBD2BWP12T30P140LVT)
                                                          0.01      0.01       1.60 f
  scaleSoftmax/softmax/n1567 (net)              1                   0.00       1.60 f
  scaleSoftmax/softmax/U8210/ZN (ND2OPTPAD2BWP12T30P140LVT)
                                                          0.01      0.01       1.61 r
  scaleSoftmax/softmax/n946 (net)               1                   0.00       1.61 r
  scaleSoftmax/softmax/U2384/ZN (AOI21OPTPBD4BWP12T30P140LVT)
                                                          0.02      0.01       1.62 f
  scaleSoftmax/softmax/n945 (net)               1                   0.00       1.62 f
  scaleSoftmax/softmax/U8208/ZN (AOI21OPTPBD6BWP12T30P140LVT)
                                                          0.02      0.01       1.63 r
  scaleSoftmax/softmax/n3921 (net)              1                   0.00       1.63 r
  scaleSoftmax/softmax/U3194/ZN (NR2D16BWP12T30P140LVT)
                                                          0.02      0.01       1.65 f
  scaleSoftmax/softmax/n19838 (net)            16                   0.00       1.65 f
  scaleSoftmax/softmax/U2253/ZN (CKND12BWP12T30P140LVT)
                                                          0.01      0.01       1.66 r
  scaleSoftmax/softmax/n19851 (net)             9                   0.00       1.66 r
  scaleSoftmax/softmax/U2851/Z (MUX2OPTD6BWP12T30P140LVT)
                                                          0.01      0.02       1.68 f
  scaleSoftmax/softmax/n4501 (net)              3                   0.00       1.68 f
  scaleSoftmax/softmax/U2850/ZN (ND2OPTFAD6BWP12T30P140LVT)
                                                          0.02      0.01       1.68 r
  scaleSoftmax/softmax/n1738 (net)              2                   0.00       1.68 r
  scaleSoftmax/softmax/U273/ZN (CKND3BWP12T30P140LVT)     0.01      0.01       1.69 f
  scaleSoftmax/softmax/n1642 (net)              1                   0.00       1.69 f
  scaleSoftmax/softmax/U8585/ZN (NR2OPTFAD4BWP12T30P140LVT)
                                                          0.01      0.01       1.70 r
  scaleSoftmax/softmax/n4561 (net)              2                   0.00       1.70 r
  scaleSoftmax/softmax/U8466/ZN (ND2OPTFAD4BWP12T30P140LVT)
                                                          0.01      0.01       1.70 f
  scaleSoftmax/softmax/n6614 (net)              2                   0.00       1.70 f
  scaleSoftmax/softmax/U245/ZN (NR2D2BWP12T30P140LVT)     0.01      0.01       1.71 r
  scaleSoftmax/softmax/n6613 (net)              1                   0.00       1.71 r
  scaleSoftmax/softmax/U8261/ZN (ND3OPTPAD2BWP12T30P140LVT)
                                                          0.01      0.01       1.73 f
  scaleSoftmax/softmax/n6612 (net)              1                   0.00       1.73 f
  scaleSoftmax/softmax/U16750/ZN (ND3OPTPAD2BWP12T30P140LVT)
                                                          0.01      0.01       1.74 r
  scaleSoftmax/softmax/n19964 (net)             1                   0.00       1.74 r
  scaleSoftmax/softmax/U16675/ZN (AOI21OPTPBD4BWP12T30P140LVT)
                                                          0.02      0.01       1.75 f
  scaleSoftmax/softmax/n19980 (net)             2                   0.00       1.75 f
  scaleSoftmax/softmax/U8892/ZN (CKND8BWP12T30P140LVT)
                                                          0.02      0.01       1.76 r
  scaleSoftmax/softmax/n4506 (net)             17                   0.00       1.76 r
  scaleSoftmax/softmax/U8793/ZN (INVD1BWP12T30P140LVT)
                                                          0.01      0.01       1.78 f
  scaleSoftmax/softmax/n1548 (net)              2                   0.00       1.78 f
  scaleSoftmax/softmax/U8797/ZN (ND2OPTPAD2BWP12T30P140LVT)
                                                          0.01      0.01       1.78 r
  scaleSoftmax/softmax/n3788 (net)              1                   0.00       1.78 r
  scaleSoftmax/softmax/U16433/ZN (OAI21OPTREPBD2BWP12T30P140LVT)
                                                          0.02      0.01       1.79 f
  scaleSoftmax/softmax/n19968 (net)             3                   0.00       1.79 f
  scaleSoftmax/softmax/U9395/ZN (INR2D2BWP12T30P140LVT)
                                                          0.01      0.01       1.80 r
  scaleSoftmax/softmax/n2341 (net)              1                   0.00       1.80 r
  scaleSoftmax/softmax/U2008/ZN (AOI22D2BWP12T30P140LVT)
                                                          0.02      0.01       1.81 f
  scaleSoftmax/softmax/n2340 (net)              1                   0.00       1.81 f
  scaleSoftmax/softmax/U9529/ZN (NR2OPTPAD2BWP12T30P140LVT)
                                                          0.01      0.01       1.82 r
  scaleSoftmax/softmax/n2338 (net)              1                   0.00       1.82 r
  scaleSoftmax/softmax/U8815/ZN (OAI21OPTREPBD2BWP12T30P140LVT)
                                                          0.01      0.01       1.83 f
  scaleSoftmax/softmax/n3787 (net)              1                   0.00       1.83 f
  scaleSoftmax/softmax/U16219/ZN (ND2D2BWP12T30P140LVT)
                                                          0.01      0.01       1.84 r
  scaleSoftmax/softmax/n3552 (net)              1                   0.00       1.84 r
  scaleSoftmax/softmax/U2367/ZN (ND2OPTPAD2BWP12T30P140LVT)
                                                          0.01      0.01       1.85 f
  scaleSoftmax/softmax/n4524 (net)              2                   0.00       1.85 f
  scaleSoftmax/softmax/U2365/ZN (INR2D8BWP12T30P140LVT)
                                                          0.01      0.02       1.87 f
  scaleSoftmax/softmax/n494 (net)               5                   0.00       1.87 f
  scaleSoftmax/softmax/U9242/ZN (ND2OPTFAD8BWP12T30P140LVT)
                                                          0.01      0.01       1.87 r
  scaleSoftmax/softmax/n20097 (net)             2                   0.00       1.87 r
  scaleSoftmax/softmax/U9857/ZN (ND2OPTFAD8BWP12T30P140LVT)
                                                          0.02      0.02       1.89 f
  scaleSoftmax/softmax/n5007 (net)             44                   0.00       1.89 f
  scaleSoftmax/softmax/U16280/ZN (OAI21D1BWP12T30P140LVT)
                                                          0.01      0.01       1.90 r
  scaleSoftmax/softmax/n5511 (net)              1                   0.00       1.90 r
  scaleSoftmax/softmax/globalMaximum_reg[10]/D (DFQD2BWP12T30P140LVT)
                                                          0.01      0.00       1.90 r
  data arrival time                                                            1.90

  clock clk (rise edge)                                             2.00       2.00
  clock network delay (ideal)                                       0.00       2.00
  clock uncertainty                                                -0.10       1.90
  scaleSoftmax/softmax/globalMaximum_reg[10]/CP (DFQD2BWP12T30P140LVT)
                                                                    0.00       1.90 r
  library setup time                                               -0.01       1.89
  data required time                                                           1.89
  ------------------------------------------------------------------------------------
  data required time                                                           1.89
  data arrival time                                                           -1.90
  ------------------------------------------------------------------------------------
  slack (VIOLATED)                                                            -0.02


  Startpoint: scaleSoftmax/softmax/packCountReg_reg[0]
              (rising edge-triggered flip-flop clocked by clk)
  Endpoint: scaleSoftmax/softmax/maximumUpdates_reg[45]
            (rising edge-triggered flip-flop clocked by clk)
  Path Group: clk
  Path Type: max

  Des/Clust/Port     Wire Load Model       Library
  ------------------------------------------------
  AttentionFeaturePacketizer_0
                     ZeroWireload          tcbn28hpcplusbwp12t30p140lvtssg0p81v125c
  PackDescriptorDecoder_1
                     ZeroWireload          tcbn28hpcplusbwp12t30p140lvtssg0p81v125c
  PackDescriptorDecoder
                     ZeroWireload          tcbn28hpcplusbwp12t30p140lvtssg0p81v125c
  BufferedPackMetadataDequantizer_1
                     ZeroWireload          tcbn28hpcplusbwp12t30p140lvtssg0p81v125c
  DynamicBitUnpacker_1
                     ZeroWireload          tcbn28hpcplusbwp12t30p140lvtssg0p81v125c
  BufferedPackMetadataDequantizer
                     ZeroWireload          tcbn28hpcplusbwp12t30p140lvtssg0p81v125c
  DynamicBitUnpacker ZeroWireload          tcbn28hpcplusbwp12t30p140lvtssg0p81v125c
  KvStreamDequantizer_1
                     ZeroWireload          tcbn28hpcplusbwp12t30p140lvtssg0p81v125c
  KvStreamDequantizer
                     ZeroWireload          tcbn28hpcplusbwp12t30p140lvtssg0p81v125c
  DecompressionPipelineController_1
                     ZeroWireload          tcbn28hpcplusbwp12t30p140lvtssg0p81v125c
  DecompressionPipelineController
                     ZeroWireload          tcbn28hpcplusbwp12t30p140lvtssg0p81v125c
  QkDotProductAccumulator
                     ZeroWireload          tcbn28hpcplusbwp12t30p140lvtssg0p81v125c
  QueryReplayBuffer  ZeroWireload          tcbn28hpcplusbwp12t30p140lvtssg0p81v125c
  AttentionFeaturePacketizer_1
                     ZeroWireload          tcbn28hpcplusbwp12t30p140lvtssg0p81v125c
  DualKvDecompressionController
                     ZeroWireload          tcbn28hpcplusbwp12t30p140lvtssg0p81v125c
  SoftmaxVAccumulator
                     ZeroWireload          tcbn28hpcplusbwp12t30p140lvtssg0p81v125c
  StreamingSoftmax   ZeroWireload          tcbn28hpcplusbwp12t30p140lvtssg0p81v125c
  AttentionScaleUnit ZeroWireload          tcbn28hpcplusbwp12t30p140lvtssg0p81v125c
  AvOutputQuantizer  ZeroWireload          tcbn28hpcplusbwp12t30p140lvtssg0p81v125c
  BriskKvAttentionTop
                     ZeroWireload          tcbn28hpcplusbwp12t30p140lvtssg0p81v125c

  Point                                       Fanout     Trans      Incr       Path
  ------------------------------------------------------------------------------------
  clock clk (rise edge)                                             0.00       0.00
  clock network delay (ideal)                                       0.00       0.00
  scaleSoftmax/softmax/packCountReg_reg[0]/CP (DFQOPTMAD8BWP12T30P140LVT)
                                                          0.00      0.00 #     0.00 r
  scaleSoftmax/softmax/packCountReg_reg[0]/Q (DFQOPTMAD8BWP12T30P140LVT)
                                                          0.01      0.02       0.02 f
  scaleSoftmax/softmax/packCountReg[0] (net)
                                                5                   0.00       0.02 f
  scaleSoftmax/softmax/U16327/ZN (NR2OPTD12BWP12T30P140LVT)
                                                          0.01      0.01       0.03 r
  scaleSoftmax/softmax/n4197 (net)              1                   0.00       0.03 r
  scaleSoftmax/softmax/U4071/ZN (ND3OPTFAD16BWP12T30P140LVT)
                                                          0.01      0.01       0.04 f
  scaleSoftmax/softmax/n6641 (net)              1                   0.00       0.04 f
  scaleSoftmax/softmax/U16385/ZN (NR2OPTPAD16BWP12T30P140LVT)
                                                          0.02      0.01       0.06 r
  scaleSoftmax/softmax/n6989 (net)             11                   0.00       0.06 r
  scaleSoftmax/softmax/U1973/ZN (ND2OPTD6BWP12T30P140LVT)
                                                          0.01      0.01       0.07 f
  scaleSoftmax/softmax/n27900 (net)             3                   0.00       0.07 f
  scaleSoftmax/softmax/U3042/ZN (AOI21OPTREPBD2BWP12T30P140LVT)
                                                          0.01      0.01       0.08 r
  scaleSoftmax/softmax/n298 (net)               1                   0.00       0.08 r
  scaleSoftmax/softmax/U3041/ZN (NR2D3BWP12T30P140LVT)
                                                          0.01      0.01       0.08 f
  scaleSoftmax/softmax/n3693 (net)              1                   0.00       0.08 f
  scaleSoftmax/softmax/U16282/ZN (ND2OPTFAD4BWP12T30P140LVT)
                                                          0.01      0.01       0.09 r
  scaleSoftmax/softmax/n3654 (net)              2                   0.00       0.09 r
  scaleSoftmax/softmax/U8918/ZN (NR3OPTFAD4BWP12T30P140LVT)
                                                          0.01      0.01       0.10 f
  scaleSoftmax/softmax/n4748 (net)              1                   0.00       0.10 f
  scaleSoftmax/softmax/U16710/ZN (ND2OPTFAD4BWP12T30P140LVT)
                                                          0.01      0.01       0.11 r
  scaleSoftmax/softmax/n4747 (net)              1                   0.00       0.11 r
  scaleSoftmax/softmax/U9152/ZN (NR2OPTD12BWP12T30P140LVT)
                                                          0.01      0.01       0.12 f
  scaleSoftmax/softmax/n4745 (net)              2                   0.00       0.12 f
  scaleSoftmax/softmax/U2510/ZN (ND2OPTFAD16BWP12T30P140LVT)
                                                          0.02      0.02       0.14 r
  scaleSoftmax/softmax/n6944 (net)             24                   0.00       0.14 r
  scaleSoftmax/softmax/U9041/ZN (ND2D4BWP12T30P140LVT)
                                                          0.01      0.01       0.15 f
  scaleSoftmax/softmax/n3809 (net)              1                   0.00       0.15 f
  scaleSoftmax/softmax/U3085/ZN (INVD4BWP12T30P140LVT)
                                                          0.01      0.01       0.15 r
  scaleSoftmax/softmax/n18388 (net)             3                   0.00       0.15 r
  scaleSoftmax/softmax/U9632/ZN (NR2OPTPAD2BWP12T30P140LVT)
                                                          0.01      0.01       0.16 f
  scaleSoftmax/softmax/n2576 (net)              2                   0.00       0.16 f
  scaleSoftmax/softmax/U9542/ZN (OAI21D2BWP12T30P140LVT)
                                                          0.01      0.01       0.17 r
  scaleSoftmax/softmax/n2569 (net)              1                   0.00       0.17 r
  scaleSoftmax/softmax/U9624/ZN (AOI21OPTPBD2BWP12T30P140LVT)
                                                          0.01      0.01       0.18 f
  scaleSoftmax/softmax/n3706 (net)              1                   0.00       0.18 f
  scaleSoftmax/softmax/U9099/ZN (NR2D4BWP12T30P140LVT)
                                                          0.01      0.01       0.20 r
  scaleSoftmax/softmax/n4249 (net)              1                   0.00       0.20 r
  scaleSoftmax/softmax/U16454/ZN (NR3OPTFAD4BWP12T30P140LVT)
                                                          0.01      0.01       0.21 f
  scaleSoftmax/softmax/n4248 (net)              1                   0.00       0.21 f
  scaleSoftmax/softmax/U4139/ZN (NR2D8BWP12T30P140LVT)
                                                          0.02      0.01       0.22 r
  scaleSoftmax/softmax/n4243 (net)              1                   0.00       0.22 r
  scaleSoftmax/softmax/U2946/ZN (NR2OPTPAD16BWP12T30P140LVT)
                                                          0.02      0.01       0.24 f
  scaleSoftmax/softmax/n6703 (net)             31                   0.00       0.24 f
  scaleSoftmax/softmax/U9805/Z (MUX2OPTD4BWP12T30P140LVT)
                                                          0.01      0.02       0.26 r
  scaleSoftmax/softmax/n3041 (net)              3                   0.00       0.26 r
  scaleSoftmax/softmax/U5717/ZN (ND2OPTFAD4BWP12T30P140LVT)
                                                          0.01      0.01       0.27 f
  scaleSoftmax/softmax/n2269 (net)              2                   0.00       0.27 f
  scaleSoftmax/softmax/U9222/ZN (AOI21OPTPBD2BWP12T30P140LVT)
                                                          0.01      0.01       0.28 r
  scaleSoftmax/softmax/n18507 (net)             1                   0.00       0.28 r
  scaleSoftmax/softmax/U9715/ZN (OAI21OPTREPBD2BWP12T30P140LVT)
                                                          0.01      0.01       0.29 f
  scaleSoftmax/softmax/n18509 (net)             1                   0.00       0.29 f
  scaleSoftmax/softmax/U9814/ZN (AOI21OPTPBD2BWP12T30P140LVT)
                                                          0.01      0.01       0.30 r
  scaleSoftmax/softmax/n3065 (net)              1                   0.00       0.30 r
  scaleSoftmax/softmax/U9813/ZN (OAI21OPTPBD2BWP12T30P140LVT)
                                                          0.01      0.01       0.31 f
  scaleSoftmax/softmax/n3064 (net)              1                   0.00       0.31 f
  scaleSoftmax/softmax/U2800/ZN (NR2OPTPAD2BWP12T30P140LVT)
                                                          0.01      0.01       0.33 r
  scaleSoftmax/softmax/n228 (net)               1                   0.00       0.33 r
  scaleSoftmax/softmax/U2799/ZN (NR2OPTD6BWP12T30P140LVT)
                                                          0.01      0.01       0.33 f
  scaleSoftmax/softmax/n226 (net)               1                   0.00       0.33 f
  scaleSoftmax/softmax/U2798/ZN (INR2D16BWP12T30P140LVT)
                                                          0.03      0.02       0.35 r
  scaleSoftmax/softmax/n4484 (net)             32                   0.00       0.35 r
  scaleSoftmax/softmax/U1771/ZN (INR2D2BWP12T30P140LVT)
                                                          0.01      0.01       0.36 f
  scaleSoftmax/softmax/n1956 (net)              1                   0.00       0.36 f
  scaleSoftmax/softmax/U7313/ZN (INVD2BWP12T30P140LVT)
                                                          0.01      0.01       0.36 r
  scaleSoftmax/softmax/n3055 (net)              1                   0.00       0.36 r
  scaleSoftmax/softmax/U2885/ZN (CKND2D3BWP12T30P140LVT)
                                                          0.01      0.01       0.37 f
  scaleSoftmax/softmax/n18710 (net)             3                   0.00       0.37 f
  scaleSoftmax/softmax/U1732/ZN (NR2OPTFAD4BWP12T30P140LVT)
                                                          0.01      0.01       0.38 r
  scaleSoftmax/softmax/n6473 (net)              2                   0.00       0.38 r
  scaleSoftmax/softmax/U2097/ZN (NR3OPTPAD2BWP12T30P140LVT)
                                                          0.01      0.01       0.39 f
  scaleSoftmax/softmax/n6845 (net)              1                   0.00       0.39 f
  scaleSoftmax/softmax/U1706/ZN (NR2OPTPAD2BWP12T30P140LVT)
                                                          0.01      0.01       0.40 r
  scaleSoftmax/softmax/n4574 (net)              1                   0.00       0.40 r
  scaleSoftmax/softmax/U7265/ZN (OAI21D2BWP12T30P140LVT)
                                                          0.01      0.01       0.41 f
  scaleSoftmax/softmax/n4572 (net)              1                   0.00       0.41 f
  scaleSoftmax/softmax/U16689/ZN (AOI21OPTREPBD2BWP12T30P140LVT)
                                                          0.01      0.01       0.42 r
  scaleSoftmax/softmax/n6526 (net)              1                   0.00       0.42 r
  scaleSoftmax/softmax/U8494/ZN (OAI21OPTREPBD2BWP12T30P140LVT)
                                                          0.02      0.01       0.43 f
  scaleSoftmax/softmax/n6538 (net)              1                   0.00       0.43 f
  scaleSoftmax/softmax/U16902/ZN (OAI21OPTPBD4BWP12T30P140LVT)
                                                          0.02      0.01       0.44 r
  scaleSoftmax/softmax/n6730 (net)              1                   0.00       0.44 r
  scaleSoftmax/softmax/U8524/ZN (ND2OPTD12BWP12T30P140LVT)
                                                          0.02      0.02       0.46 f
  scaleSoftmax/softmax/n18684 (net)             8                   0.00       0.46 f
  scaleSoftmax/softmax/U2026/Z (MUX2D4BWP12T30P140LVT)
                                                          0.01      0.03       0.49 r
  scaleSoftmax/softmax/n18845 (net)             2                   0.00       0.49 r
  scaleSoftmax/softmax/U1651/Z (BUFFXD6BWP12T30P140LVT)
                                                          0.01      0.01       0.50 r
  scaleSoftmax/softmax/n4548 (net)              2                   0.00       0.50 r
  scaleSoftmax/softmax/U16986/ZN (INR2D4BWP12T30P140LVT)
                                                          0.01      0.00       0.50 f
  scaleSoftmax/softmax/n6990 (net)              1                   0.00       0.50 f
  scaleSoftmax/softmax/U16886/ZN (NR2OPTPAD2BWP12T30P140LVT)
                                                          0.01      0.01       0.51 r
  scaleSoftmax/softmax/n6386 (net)              1                   0.00       0.51 r
  scaleSoftmax/softmax/U8425/ZN (OAI21OPTREPBD2BWP12T30P140LVT)
                                                          0.01      0.01       0.52 f
  scaleSoftmax/softmax/n1151 (net)              1                   0.00       0.52 f
  scaleSoftmax/softmax/U2048/ZN (ND2D3BWP12T30P140LVT)
                                                          0.01      0.01       0.53 r
  scaleSoftmax/softmax/n4475 (net)              1                   0.00       0.53 r
  scaleSoftmax/softmax/U2140/ZN (AOI21OPTPBD6BWP12T30P140LVT)
                                                          0.02      0.01       0.54 f
  scaleSoftmax/softmax/n7123 (net)              1                   0.00       0.54 f
  scaleSoftmax/softmax/U8928/ZN (INR2D16BWP12T30P140LVT)
                                                          0.02      0.01       0.55 r
  scaleSoftmax/softmax/n1751 (net)             12                   0.00       0.55 r
  scaleSoftmax/softmax/U8979/Z (MUX2D2BWP12T30P140LVT)
                                                          0.01      0.02       0.58 f
  scaleSoftmax/softmax/n18956 (net)             3                   0.00       0.58 f
  scaleSoftmax/softmax/U1558/ZN (INR2D1BWP12T30P140LVT)
                                                          0.02      0.01       0.59 r
  scaleSoftmax/softmax/n18894 (net)             2                   0.00       0.59 r
  scaleSoftmax/softmax/U1530/ZN (INVD1BWP12T30P140LVT)
                                                          0.01      0.01       0.60 f
  scaleSoftmax/softmax/n6379 (net)              1                   0.00       0.60 f
  scaleSoftmax/softmax/U9248/ZN (AOI21OPTPBD2BWP12T30P140LVT)
                                                          0.01      0.01       0.61 r
  scaleSoftmax/softmax/n1998 (net)              1                   0.00       0.61 r
  scaleSoftmax/softmax/U9247/ZN (OAI21OPTREPBD2BWP12T30P140LVT)
                                                          0.01      0.01       0.62 f
  scaleSoftmax/softmax/n4641 (net)              1                   0.00       0.62 f
  scaleSoftmax/softmax/U9396/ZN (AOI21OPTPBD2BWP12T30P140LVT)
                                                          0.02      0.02       0.64 r
  scaleSoftmax/softmax/n18955 (net)             2                   0.00       0.64 r
  scaleSoftmax/softmax/U16699/ZN (ND3OPTPAD2BWP12T30P140LVT)
                                                          0.02      0.02       0.65 f
  scaleSoftmax/softmax/n6520 (net)              1                   0.00       0.65 f
  scaleSoftmax/softmax/U16336/ZN (NR2OPTFAD4BWP12T30P140LVT)
                                                          0.01      0.01       0.66 r
  scaleSoftmax/softmax/n3781 (net)              1                   0.00       0.66 r
  scaleSoftmax/softmax/U1999/ZN (ND2OPTFAD8BWP12T30P140LVT)
                                                          0.01      0.01       0.68 f
  scaleSoftmax/softmax/n18941 (net)             4                   0.00       0.68 f
  scaleSoftmax/softmax/U8376/ZN (CKND16BWP12T30P140LVT)
                                                          0.01      0.01       0.69 r
  scaleSoftmax/softmax/n4526 (net)             12                   0.00       0.69 r
  scaleSoftmax/softmax/U2122/ZN (CKND8BWP12T30P140LVT)
                                                          0.01      0.01       0.69 f
  scaleSoftmax/softmax/n6496 (net)              4                   0.00       0.69 f
  scaleSoftmax/softmax/U8277/Z (MUX2OPTD6BWP12T30P140LVT)
                                                          0.01      0.02       0.71 r
  scaleSoftmax/softmax/n4363 (net)              3                   0.00       0.71 r
  scaleSoftmax/softmax/U8276/ZN (ND2OPTFAD4BWP12T30P140LVT)
                                                          0.01      0.01       0.72 f
  scaleSoftmax/softmax/n2146 (net)              2                   0.00       0.72 f
  scaleSoftmax/softmax/U6882/ZN (ND2D2BWP12T30P140LVT)
                                                          0.01      0.01       0.72 r
  scaleSoftmax/softmax/n1813 (net)              1                   0.00       0.72 r
  scaleSoftmax/softmax/U9007/ZN (ND2OPTPAD2BWP12T30P140LVT)
                                                          0.01      0.01       0.73 f
  scaleSoftmax/softmax/n4724 (net)              1                   0.00       0.73 f
  scaleSoftmax/softmax/U16408/ZN (AOI21OPTPBD2BWP12T30P140LVT)
                                                          0.01      0.01       0.74 r
  scaleSoftmax/softmax/n3746 (net)              1                   0.00       0.74 r
  scaleSoftmax/softmax/U16403/ZN (NR2D2BWP12T30P140LVT)
                                                          0.01      0.01       0.74 f
  scaleSoftmax/softmax/n6187 (net)              1                   0.00       0.74 f
  scaleSoftmax/softmax/U16622/ZN (OAI21D2BWP12T30P140LVT)
                                                          0.01      0.01       0.75 r
  scaleSoftmax/softmax/n6651 (net)              1                   0.00       0.75 r
  scaleSoftmax/softmax/U16932/ZN (AOI21OPTPBD2BWP12T30P140LVT)
                                                          0.02      0.01       0.76 f
  scaleSoftmax/softmax/n6649 (net)              1                   0.00       0.76 f
  scaleSoftmax/softmax/U16646/ZN (NR3OPTD6BWP12T30P140LVT)
                                                          0.03      0.02       0.79 r
  scaleSoftmax/softmax/n19026 (net)             4                   0.00       0.79 r
  scaleSoftmax/softmax/U8752/ZN (CKND8BWP12T30P140LVT)
                                                          0.02      0.01       0.80 f
  scaleSoftmax/softmax/n4468 (net)             14                   0.00       0.80 f
  scaleSoftmax/softmax/U2747/ZN (INR2D2BWP12T30P140LVT)
                                                          0.01      0.01       0.81 r
  scaleSoftmax/softmax/n3691 (net)              1                   0.00       0.81 r
  scaleSoftmax/softmax/U9219/ZN (INVD1P25BWP12T30P140LVT)
                                                          0.01      0.01       0.81 f
  scaleSoftmax/softmax/n4509 (net)              1                   0.00       0.81 f
  scaleSoftmax/softmax/U9265/ZN (OAI21OPTREPBD2BWP12T30P140LVT)
                                                          0.03      0.01       0.82 r
  scaleSoftmax/softmax/n19157 (net)             3                   0.00       0.82 r
  scaleSoftmax/softmax/U1343/ZN (ND2D2BWP12T30P140LVT)
                                                          0.02      0.01       0.83 f
  scaleSoftmax/softmax/n2582 (net)              2                   0.00       0.83 f
  scaleSoftmax/softmax/U2120/ZN (OAI211OPTREPBD2BWP12T30P140LVT)
                                                          0.01      0.01       0.84 r
  scaleSoftmax/softmax/n22 (net)                1                   0.00       0.84 r
  scaleSoftmax/softmax/U1321/ZN (AOI21OPTPBD1BWP12T30P140LVT)
                                                          0.01      0.01       0.85 f
  scaleSoftmax/softmax/n2733 (net)              1                   0.00       0.85 f
  scaleSoftmax/softmax/U2383/ZN (OAI21OPTPBD2BWP12T30P140LVT)
                                                          0.01      0.01       0.86 r
  scaleSoftmax/softmax/n6275 (net)              1                   0.00       0.86 r
  scaleSoftmax/softmax/U5271/ZN (ND2D2BWP12T30P140LVT)
                                                          0.01      0.01       0.87 f
  scaleSoftmax/softmax/n4491 (net)              1                   0.00       0.87 f
  scaleSoftmax/softmax/U6734/ZN (ND2OPTPAD2BWP12T30P140LVT)
                                                          0.01      0.01       0.88 r
  scaleSoftmax/softmax/n6272 (net)              1                   0.00       0.88 r
  scaleSoftmax/softmax/U8619/ZN (AOI21OPTPBD6BWP12T30P140LVT)
                                                          0.02      0.01       0.89 f
  scaleSoftmax/softmax/n1271 (net)              4                   0.00       0.89 f
  scaleSoftmax/softmax/U8617/ZN (NR2OPTPAD16BWP12T30P140LVT)
                                                          0.03      0.02       0.91 r
  scaleSoftmax/softmax/n6472 (net)             30                   0.00       0.91 r
  scaleSoftmax/softmax/U1235/Z (MUX2D4BWP12T30P140LVT)
                                                          0.01      0.03       0.94 r
  scaleSoftmax/softmax/n4372 (net)              3                   0.00       0.94 r
  scaleSoftmax/softmax/U9515/ZN (INR2D4BWP12T30P140LVT)
                                                          0.01      0.01       0.95 f
  scaleSoftmax/softmax/n2301 (net)              3                   0.00       0.95 f
  scaleSoftmax/softmax/U4424/ZN (NR2D2BWP12T30P140LVT)
                                                          0.01      0.01       0.96 r
  scaleSoftmax/softmax/n2786 (net)              1                   0.00       0.96 r
  scaleSoftmax/softmax/U9670/ZN (OAI211OPTREPBD2BWP12T30P140LVT)
                                                          0.02      0.01       0.97 f
  scaleSoftmax/softmax/n2780 (net)              1                   0.00       0.97 f
  scaleSoftmax/softmax/U9699/ZN (AOI21OPTPBD2BWP12T30P140LVT)
                                                          0.02      0.01       0.98 r
  scaleSoftmax/softmax/n2777 (net)              1                   0.00       0.98 r
  scaleSoftmax/softmax/U4140/ZN (OAI21OPTPBD8BWP12T30P140LVT)
                                                          0.02      0.01       1.00 f
  scaleSoftmax/softmax/n3432 (net)              1                   0.00       1.00 f
  scaleSoftmax/softmax/U8773/ZN (ND2OPTFAD16BWP12T30P140LVT)
                                                          0.03      0.02       1.02 r
  scaleSoftmax/softmax/n19267 (net)            40                   0.00       1.02 r
  scaleSoftmax/softmax/U8407/ZN (CKND16BWP12T30P140LVT)
                                                          0.01      0.01       1.03 f
  scaleSoftmax/softmax/n4373 (net)             13                   0.00       1.03 f
  scaleSoftmax/softmax/U8485/Z (MUX2OPTD6BWP12T30P140LVT)
                                                          0.01      0.02       1.05 r
  scaleSoftmax/softmax/n4401 (net)              3                   0.00       1.05 r
  scaleSoftmax/softmax/U8207/ZN (ND2OPTFAD4BWP12T30P140LVT)
                                                          0.02      0.01       1.06 f
  scaleSoftmax/softmax/n941 (net)               2                   0.00       1.06 f
  scaleSoftmax/softmax/U8206/ZN (AOI21OPTPBD2BWP12T30P140LVT)
                                                          0.01      0.01       1.06 r
  scaleSoftmax/softmax/n1677 (net)              1                   0.00       1.06 r
  scaleSoftmax/softmax/U8843/ZN (OAI21OPTPBD2BWP12T30P140LVT)
                                                          0.01      0.01       1.07 f
  scaleSoftmax/softmax/n2867 (net)              1                   0.00       1.07 f
  scaleSoftmax/softmax/U9737/ZN (AOI21OPTPBD2BWP12T30P140LVT)
                                                          0.01      0.01       1.08 r
  scaleSoftmax/softmax/n4254 (net)              1                   0.00       1.08 r
  scaleSoftmax/softmax/U16413/ZN (NR2D4BWP12T30P140LVT)
                                                          0.01      0.01       1.09 f
  scaleSoftmax/softmax/n4057 (net)              1                   0.00       1.09 f
  scaleSoftmax/softmax/U8359/ZN (NR3OPTPAD6BWP12T30P140LVT)
                                                          0.02      0.02       1.11 r
  scaleSoftmax/softmax/n4055 (net)              1                   0.00       1.11 r
  scaleSoftmax/softmax/U3181/ZN (ND2OPTFAD16BWP12T30P140LVT)
                                                          0.02      0.02       1.12 f
  scaleSoftmax/softmax/n4344 (net)             27                   0.00       1.12 f
  scaleSoftmax/softmax/U2139/ZN (CKND6BWP12T30P140LVT)
                                                          0.01      0.01       1.13 r
  scaleSoftmax/softmax/n158 (net)               3                   0.00       1.13 r
  scaleSoftmax/softmax/U2275/ZN (ND2OPTFAD4BWP12T30P140LVT)
                                                          0.01      0.01       1.14 f
  scaleSoftmax/softmax/n1798 (net)              2                   0.00       1.14 f
  scaleSoftmax/softmax/U3191/ZN (INR2D4BWP12T30P140LVT)
                                                          0.01      0.01       1.15 f
  scaleSoftmax/softmax/n6125 (net)              2                   0.00       1.15 f
  scaleSoftmax/softmax/U2623/ZN (INVD4BWP12T30P140LVT)
                                                          0.01      0.01       1.16 r
  scaleSoftmax/softmax/n186 (net)               1                   0.00       1.16 r
  scaleSoftmax/softmax/U2681/ZN (ND2D4BWP12T30P140LVT)
                                                          0.01      0.01       1.17 f
  scaleSoftmax/softmax/n789 (net)               2                   0.00       1.17 f
  scaleSoftmax/softmax/U2856/ZN (NR2D3BWP12T30P140LVT)
                                                          0.01      0.01       1.18 r
  scaleSoftmax/softmax/n19421 (net)             2                   0.00       1.18 r
  scaleSoftmax/softmax/U8761/ZN (ND3OPTFAD4BWP12T30P140LVT)
                                                          0.01      0.01       1.19 f
  scaleSoftmax/softmax/n1530 (net)              1                   0.00       1.19 f
  scaleSoftmax/softmax/U8121/ZN (INR2D16BWP12T30P140LVT)
                                                          0.01      0.02       1.21 f
  scaleSoftmax/softmax/n1632 (net)             15                   0.00       1.21 f
  scaleSoftmax/softmax/U2602/Z (MUX2OPTD6BWP12T30P140LVT)
                                                          0.01      0.02       1.23 r
  scaleSoftmax/softmax/n4180 (net)              3                   0.00       1.23 r
  scaleSoftmax/softmax/U9470/ZN (OAI21OPTREPBD2BWP12T30P140LVT)
                                                          0.01      0.01       1.24 f
  scaleSoftmax/softmax/n2210 (net)              1                   0.00       1.24 f
  scaleSoftmax/softmax/U2649/ZN (AOI21OPTPBD4BWP12T30P140LVT)
                                                          0.01      0.01       1.25 r
  scaleSoftmax/softmax/n822 (net)               2                   0.00       1.25 r
  scaleSoftmax/softmax/U3278/ZN (ND2OPTFAD4BWP12T30P140LVT)
                                                          0.01      0.01       1.26 f
  scaleSoftmax/softmax/n904 (net)               2                   0.00       1.26 f
  scaleSoftmax/softmax/U3352/ZN (NR2OPTPAD2BWP12T30P140LVT)
                                                          0.01      0.01       1.27 r
  scaleSoftmax/softmax/n925 (net)               1                   0.00       1.27 r
  scaleSoftmax/softmax/U2427/ZN (ND3OPTPAD2BWP12T30P140LVT)
                                                          0.02      0.01       1.28 f
  scaleSoftmax/softmax/n107 (net)               1                   0.00       1.28 f
  scaleSoftmax/softmax/U2426/ZN (ND2OPTFAD4BWP12T30P140LVT)
                                                          0.01      0.01       1.29 r
  scaleSoftmax/softmax/n1531 (net)              1                   0.00       1.29 r
  scaleSoftmax/softmax/U2633/ZN (NR2OPTD12BWP12T30P140LVT)
                                                          0.01      0.01       1.30 f
  scaleSoftmax/softmax/n4353 (net)              9                   0.00       1.30 f
  scaleSoftmax/softmax/U8749/ZN (AOI21OPTPBD4BWP12T30P140LVT)
                                                          0.01      0.01       1.31 r
  scaleSoftmax/softmax/n5038 (net)              1                   0.00       1.31 r
  scaleSoftmax/softmax/U2501/ZN (ND2OPTFAD6BWP12T30P140LVT)
                                                          0.02      0.01       1.32 f
  scaleSoftmax/softmax/n1129 (net)              2                   0.00       1.32 f
  scaleSoftmax/softmax/U8289/ZN (NR2D16BWP12T30P140LVT)
                                                          0.02      0.02       1.34 r
  scaleSoftmax/softmax/n6669 (net)             17                   0.00       1.34 r
  scaleSoftmax/softmax/U2132/Z (BUFFXD6BWP12T30P140LVT)
                                                          0.01      0.01       1.36 r
  scaleSoftmax/softmax/n379 (net)               3                   0.00       1.36 r
  scaleSoftmax/softmax/U8786/ZN (OAI22OPTPBD4BWP12T30P140LVT)
                                                          0.02      0.01       1.37 f
  scaleSoftmax/softmax/n19579 (net)             3                   0.00       1.37 f
  scaleSoftmax/softmax/U701/ZN (NR2D2BWP12T30P140LVT)     0.01      0.01       1.38 r
  scaleSoftmax/softmax/n99 (net)                1                   0.00       1.38 r
  scaleSoftmax/softmax/U2404/ZN (AOI21OPTPBD2BWP12T30P140LVT)
                                                          0.01      0.01       1.39 f
  scaleSoftmax/softmax/n4278 (net)              1                   0.00       1.39 f
  scaleSoftmax/softmax/U2912/ZN (NR2D2BWP12T30P140LVT)
                                                          0.01      0.01       1.40 r
  scaleSoftmax/softmax/n1579 (net)              1                   0.00       1.40 r
  scaleSoftmax/softmax/U6104/ZN (OAI21D2BWP12T30P140LVT)
                                                          0.02      0.01       1.41 f
  scaleSoftmax/softmax/n3878 (net)              1                   0.00       1.41 f
  scaleSoftmax/softmax/U8849/ZN (AOI21D4BWP12T30P140LVT)
                                                          0.02      0.01       1.42 r
  scaleSoftmax/softmax/n4018 (net)              1                   0.00       1.42 r
  scaleSoftmax/softmax/U8070/ZN (NR2D8BWP12T30P140LVT)
                                                          0.01      0.01       1.43 f
  scaleSoftmax/softmax/n711 (net)               3                   0.00       1.43 f
  scaleSoftmax/softmax/U8068/ZN (ND2OPTFAD16BWP12T30P140LVT)
                                                          0.02      0.01       1.44 r
  scaleSoftmax/softmax/n3169 (net)             18                   0.00       1.44 r
  scaleSoftmax/softmax/U2919/ZN (CKND16BWP12T30P140LVT)
                                                          0.01      0.01       1.45 f
  scaleSoftmax/softmax/n4151 (net)             12                   0.00       1.45 f
  scaleSoftmax/softmax/U2833/Z (MUX2OPTD6BWP12T30P140LVT)
                                                          0.01      0.02       1.47 r
  scaleSoftmax/softmax/n19763 (net)             3                   0.00       1.47 r
  scaleSoftmax/softmax/U2832/ZN (ND2OPTPAD2BWP12T30P140LVT)
                                                          0.01      0.01       1.48 f
  scaleSoftmax/softmax/n1322 (net)              1                   0.00       1.48 f
  scaleSoftmax/softmax/U2936/ZN (INVD4BWP12T30P140LVT)
                                                          0.01      0.01       1.49 r
  scaleSoftmax/softmax/n937 (net)               1                   0.00       1.49 r
  scaleSoftmax/softmax/U2783/ZN (NR2OPTFAD4BWP12T30P140LVT)
                                                          0.01      0.01       1.50 f
  scaleSoftmax/softmax/n936 (net)               1                   0.00       1.50 f
  scaleSoftmax/softmax/U8203/ZN (AOI21OPTPBD2BWP12T30P140LVT)
                                                          0.01      0.01       1.51 r
  scaleSoftmax/softmax/n934 (net)               1                   0.00       1.51 r
  scaleSoftmax/softmax/U8200/ZN (NR2OPTPAD2BWP12T30P140LVT)
                                                          0.01      0.01       1.51 f
  scaleSoftmax/softmax/n1026 (net)              1                   0.00       1.51 f
  scaleSoftmax/softmax/U8245/ZN (INR2D4BWP12T30P140LVT)
                                                          0.01      0.01       1.52 r
  scaleSoftmax/softmax/n1035 (net)              1                   0.00       1.52 r
  scaleSoftmax/softmax/U4135/ZN (NR2D8BWP12T30P140LVT)
                                                          0.01      0.01       1.53 f
  scaleSoftmax/softmax/n4065 (net)              1                   0.00       1.53 f
  scaleSoftmax/softmax/U16539/ZN (ND2OPTFAD16BWP12T30P140LVT)
                                                          0.02      0.02       1.55 r
  scaleSoftmax/softmax/n19725 (net)            35                   0.00       1.55 r
  scaleSoftmax/softmax/U2010/Z (MUX2OPTD4BWP12T30P140LVT)
                                                          0.01      0.03       1.57 f
  scaleSoftmax/softmax/n19872 (net)             3                   0.00       1.57 f
  scaleSoftmax/softmax/U8133/ZN (INR2D8BWP12T30P140LVT)
                                                          0.01      0.01       1.58 r
  scaleSoftmax/softmax/n2396 (net)              3                   0.00       1.58 r
  scaleSoftmax/softmax/U396/ZN (INR2D1BWP12T30P140LVT)
                                                          0.01      0.01       1.59 f
  scaleSoftmax/softmax/n1481 (net)              1                   0.00       1.59 f
  scaleSoftmax/softmax/U8713/ZN (AOI21OPTPBD2BWP12T30P140LVT)
                                                          0.02      0.01       1.60 r
  scaleSoftmax/softmax/n1567 (net)              1                   0.00       1.60 r
  scaleSoftmax/softmax/U8210/ZN (ND2OPTPAD2BWP12T30P140LVT)
                                                          0.01      0.01       1.61 f
  scaleSoftmax/softmax/n946 (net)               1                   0.00       1.61 f
  scaleSoftmax/softmax/U2384/ZN (AOI21OPTPBD4BWP12T30P140LVT)
                                                          0.02      0.01       1.62 r
  scaleSoftmax/softmax/n945 (net)               1                   0.00       1.62 r
  scaleSoftmax/softmax/U8208/ZN (AOI21OPTPBD6BWP12T30P140LVT)
                                                          0.02      0.01       1.63 f
  scaleSoftmax/softmax/n3921 (net)              1                   0.00       1.63 f
  scaleSoftmax/softmax/U3194/ZN (NR2D16BWP12T30P140LVT)
                                                          0.02      0.02       1.65 r
  scaleSoftmax/softmax/n19838 (net)            16                   0.00       1.65 r
  scaleSoftmax/softmax/U16460/ZN (ND2OPTPAD2BWP12T30P140LVT)
                                                          0.02      0.01       1.66 f
  scaleSoftmax/softmax/n4758 (net)              1                   0.00       1.66 f
  scaleSoftmax/softmax/U8774/ZN (ND2OPTFAD4BWP12T30P140LVT)
                                                          0.01      0.01       1.67 r
  scaleSoftmax/softmax/n19981 (net)             3                   0.00       1.67 r
  scaleSoftmax/softmax/U9290/ZN (ND2OPTFAD6BWP12T30P140LVT)
                                                          0.01      0.01       1.68 f
  scaleSoftmax/softmax/n4729 (net)              2                   0.00       1.68 f
  scaleSoftmax/softmax/U8254/ZN (ND2OPTFAD4BWP12T30P140LVT)
                                                          0.01      0.01       1.69 r
  scaleSoftmax/softmax/n1040 (net)              2                   0.00       1.69 r
  scaleSoftmax/softmax/U8253/ZN (OAI21OPTREPBD2BWP12T30P140LVT)
                                                          0.01      0.01       1.70 f
  scaleSoftmax/softmax/n1568 (net)              1                   0.00       1.70 f
  scaleSoftmax/softmax/U8811/ZN (ND2D3BWP12T30P140LVT)
                                                          0.01      0.01       1.71 r
  scaleSoftmax/softmax/n4516 (net)              1                   0.00       1.71 r
  scaleSoftmax/softmax/U16483/ZN (ND3OPTFAD4BWP12T30P140LVT)
                                                          0.01      0.01       1.72 f
  scaleSoftmax/softmax/n4944 (net)              1                   0.00       1.72 f
  scaleSoftmax/softmax/U16769/ZN (AOI21OPTPBD2BWP12T30P140LVT)
                                                          0.01      0.01       1.73 r
  scaleSoftmax/softmax/n6616 (net)              1                   0.00       1.73 r
  scaleSoftmax/softmax/U16750/ZN (ND3OPTPAD2BWP12T30P140LVT)
                                                          0.02      0.01       1.74 f
  scaleSoftmax/softmax/n19964 (net)             1                   0.00       1.74 f
  scaleSoftmax/softmax/U16675/ZN (AOI21OPTPBD4BWP12T30P140LVT)
                                                          0.02      0.01       1.75 r
  scaleSoftmax/softmax/n19980 (net)             2                   0.00       1.75 r
  scaleSoftmax/softmax/U8898/ZN (CKND8BWP12T30P140LVT)
                                                          0.01      0.01       1.76 f
  scaleSoftmax/softmax/n4415 (net)              8                   0.00       1.76 f
  scaleSoftmax/softmax/U2802/ZN (CKND8BWP12T30P140LVT)
                                                          0.01      0.01       1.77 r
  scaleSoftmax/softmax/n1189 (net)              5                   0.00       1.77 r
  scaleSoftmax/softmax/U2186/ZN (ND2OPTPAD4BWP12T30P140LVT)
                                                          0.01      0.01       1.78 f
  scaleSoftmax/softmax/n2802 (net)              1                   0.00       1.78 f
  scaleSoftmax/softmax/U9704/ZN (OAI21OPTPBD2BWP12T30P140LVT)
                                                          0.01      0.01       1.79 r
  scaleSoftmax/softmax/n20006 (net)             3                   0.00       1.79 r
  scaleSoftmax/softmax/U143/ZN (ND2D2BWP12T30P140LVT)     0.01      0.01       1.80 f
  scaleSoftmax/softmax/n6948 (net)              2                   0.00       1.80 f
  scaleSoftmax/softmax/U8890/ZN (AOI31D2BWP12T30P140LVT)
                                                          0.02      0.01       1.81 r
  scaleSoftmax/softmax/n4669 (net)              1                   0.00       1.81 r
  scaleSoftmax/softmax/U9364/ZN (NR2D2BWP12T30P140LVT)
                                                          0.01      0.01       1.82 f
  scaleSoftmax/softmax/n4470 (net)              1                   0.00       1.82 f
  scaleSoftmax/softmax/U8778/ZN (OAI21D2BWP12T30P140LVT)
                                                          0.01      0.01       1.83 r
  scaleSoftmax/softmax/n4904 (net)              1                   0.00       1.83 r
  scaleSoftmax/softmax/U16746/ZN (AOI21OPTPBD2BWP12T30P140LVT)
                                                          0.01      0.01       1.84 f
  scaleSoftmax/softmax/n4902 (net)              1                   0.00       1.84 f
  scaleSoftmax/softmax/U4124/ZN (NR2D4BWP12T30P140LVT)
                                                          0.01      0.01       1.85 r
  scaleSoftmax/softmax/n7083 (net)              1                   0.00       1.85 r
  scaleSoftmax/softmax/U2366/ZN (ND2OPTFAD6BWP12T30P140LVT)
                                                          0.01      0.01       1.85 f
  scaleSoftmax/softmax/n3806 (net)              2                   0.00       1.85 f
  scaleSoftmax/softmax/U4131/ZN (INR2D8BWP12T30P140LVT)
                                                          0.01      0.01       1.87 r
  scaleSoftmax/softmax/n20124 (net)             4                   0.00       1.87 r
  scaleSoftmax/softmax/U62/ZN (CKND2D4BWP12T30P140LVT)
                                                          0.02      0.01       1.88 f
  scaleSoftmax/softmax/n40227 (net)             3                   0.00       1.88 f
  scaleSoftmax/softmax/U9170/ZN (NR2OPTFAD4BWP12T30P140LVT)
                                                          0.01      0.01       1.89 r
  scaleSoftmax/softmax/n7130 (net)              2                   0.00       1.89 r
  scaleSoftmax/softmax/U9229/Z (MUX2OPTD4BWP12T30P140LVT)
                                                          0.01      0.02       1.91 f
  scaleSoftmax/softmax/n5907 (net)              1                   0.00       1.91 f
  scaleSoftmax/softmax/maximumUpdates_reg[45]/D (DFQOPTMAD8BWP12T30P140LVT)
                                                          0.01      0.00       1.91 f
  data arrival time                                                            1.91

  clock clk (rise edge)                                             2.00       2.00
  clock network delay (ideal)                                       0.00       2.00
  clock uncertainty                                                -0.10       1.90
  scaleSoftmax/softmax/maximumUpdates_reg[45]/CP (DFQOPTMAD8BWP12T30P140LVT)
                                                                    0.00       1.90 r
  library setup time                                               -0.01       1.89
  data required time                                                           1.89
  ------------------------------------------------------------------------------------
  data required time                                                           1.89
  data arrival time                                                           -1.91
  ------------------------------------------------------------------------------------
  slack (VIOLATED)                                                            -0.02


  Startpoint: scaleSoftmax/softmax/packCountReg_reg[0]
              (rising edge-triggered flip-flop clocked by clk)
  Endpoint: scaleSoftmax/softmax/maximumUpdates_reg[44]
            (rising edge-triggered flip-flop clocked by clk)
  Path Group: clk
  Path Type: max

  Des/Clust/Port     Wire Load Model       Library
  ------------------------------------------------
  AttentionFeaturePacketizer_0
                     ZeroWireload          tcbn28hpcplusbwp12t30p140lvtssg0p81v125c
  PackDescriptorDecoder_1
                     ZeroWireload          tcbn28hpcplusbwp12t30p140lvtssg0p81v125c
  PackDescriptorDecoder
                     ZeroWireload          tcbn28hpcplusbwp12t30p140lvtssg0p81v125c
  BufferedPackMetadataDequantizer_1
                     ZeroWireload          tcbn28hpcplusbwp12t30p140lvtssg0p81v125c
  DynamicBitUnpacker_1
                     ZeroWireload          tcbn28hpcplusbwp12t30p140lvtssg0p81v125c
  BufferedPackMetadataDequantizer
                     ZeroWireload          tcbn28hpcplusbwp12t30p140lvtssg0p81v125c
  DynamicBitUnpacker ZeroWireload          tcbn28hpcplusbwp12t30p140lvtssg0p81v125c
  KvStreamDequantizer_1
                     ZeroWireload          tcbn28hpcplusbwp12t30p140lvtssg0p81v125c
  KvStreamDequantizer
                     ZeroWireload          tcbn28hpcplusbwp12t30p140lvtssg0p81v125c
  DecompressionPipelineController_1
                     ZeroWireload          tcbn28hpcplusbwp12t30p140lvtssg0p81v125c
  DecompressionPipelineController
                     ZeroWireload          tcbn28hpcplusbwp12t30p140lvtssg0p81v125c
  QkDotProductAccumulator
                     ZeroWireload          tcbn28hpcplusbwp12t30p140lvtssg0p81v125c
  QueryReplayBuffer  ZeroWireload          tcbn28hpcplusbwp12t30p140lvtssg0p81v125c
  AttentionFeaturePacketizer_1
                     ZeroWireload          tcbn28hpcplusbwp12t30p140lvtssg0p81v125c
  DualKvDecompressionController
                     ZeroWireload          tcbn28hpcplusbwp12t30p140lvtssg0p81v125c
  SoftmaxVAccumulator
                     ZeroWireload          tcbn28hpcplusbwp12t30p140lvtssg0p81v125c
  StreamingSoftmax   ZeroWireload          tcbn28hpcplusbwp12t30p140lvtssg0p81v125c
  AttentionScaleUnit ZeroWireload          tcbn28hpcplusbwp12t30p140lvtssg0p81v125c
  AvOutputQuantizer  ZeroWireload          tcbn28hpcplusbwp12t30p140lvtssg0p81v125c
  BriskKvAttentionTop
                     ZeroWireload          tcbn28hpcplusbwp12t30p140lvtssg0p81v125c

  Point                                       Fanout     Trans      Incr       Path
  ------------------------------------------------------------------------------------
  clock clk (rise edge)                                             0.00       0.00
  clock network delay (ideal)                                       0.00       0.00
  scaleSoftmax/softmax/packCountReg_reg[0]/CP (DFQOPTMAD8BWP12T30P140LVT)
                                                          0.00      0.00 #     0.00 r
  scaleSoftmax/softmax/packCountReg_reg[0]/Q (DFQOPTMAD8BWP12T30P140LVT)
                                                          0.01      0.02       0.02 f
  scaleSoftmax/softmax/packCountReg[0] (net)
                                                5                   0.00       0.02 f
  scaleSoftmax/softmax/U16327/ZN (NR2OPTD12BWP12T30P140LVT)
                                                          0.01      0.01       0.03 r
  scaleSoftmax/softmax/n4197 (net)              1                   0.00       0.03 r
  scaleSoftmax/softmax/U4071/ZN (ND3OPTFAD16BWP12T30P140LVT)
                                                          0.01      0.01       0.04 f
  scaleSoftmax/softmax/n6641 (net)              1                   0.00       0.04 f
  scaleSoftmax/softmax/U16385/ZN (NR2OPTPAD16BWP12T30P140LVT)
                                                          0.02      0.01       0.06 r
  scaleSoftmax/softmax/n6989 (net)             11                   0.00       0.06 r
  scaleSoftmax/softmax/U1973/ZN (ND2OPTD6BWP12T30P140LVT)
                                                          0.01      0.01       0.07 f
  scaleSoftmax/softmax/n27900 (net)             3                   0.00       0.07 f
  scaleSoftmax/softmax/U3042/ZN (AOI21OPTREPBD2BWP12T30P140LVT)
                                                          0.01      0.01       0.08 r
  scaleSoftmax/softmax/n298 (net)               1                   0.00       0.08 r
  scaleSoftmax/softmax/U3041/ZN (NR2D3BWP12T30P140LVT)
                                                          0.01      0.01       0.08 f
  scaleSoftmax/softmax/n3693 (net)              1                   0.00       0.08 f
  scaleSoftmax/softmax/U16282/ZN (ND2OPTFAD4BWP12T30P140LVT)
                                                          0.01      0.01       0.09 r
  scaleSoftmax/softmax/n3654 (net)              2                   0.00       0.09 r
  scaleSoftmax/softmax/U8918/ZN (NR3OPTFAD4BWP12T30P140LVT)
                                                          0.01      0.01       0.10 f
  scaleSoftmax/softmax/n4748 (net)              1                   0.00       0.10 f
  scaleSoftmax/softmax/U16710/ZN (ND2OPTFAD4BWP12T30P140LVT)
                                                          0.01      0.01       0.11 r
  scaleSoftmax/softmax/n4747 (net)              1                   0.00       0.11 r
  scaleSoftmax/softmax/U9152/ZN (NR2OPTD12BWP12T30P140LVT)
                                                          0.01      0.01       0.12 f
  scaleSoftmax/softmax/n4745 (net)              2                   0.00       0.12 f
  scaleSoftmax/softmax/U2510/ZN (ND2OPTFAD16BWP12T30P140LVT)
                                                          0.02      0.02       0.14 r
  scaleSoftmax/softmax/n6944 (net)             24                   0.00       0.14 r
  scaleSoftmax/softmax/U9041/ZN (ND2D4BWP12T30P140LVT)
                                                          0.01      0.01       0.15 f
  scaleSoftmax/softmax/n3809 (net)              1                   0.00       0.15 f
  scaleSoftmax/softmax/U3085/ZN (INVD4BWP12T30P140LVT)
                                                          0.01      0.01       0.15 r
  scaleSoftmax/softmax/n18388 (net)             3                   0.00       0.15 r
  scaleSoftmax/softmax/U9632/ZN (NR2OPTPAD2BWP12T30P140LVT)
                                                          0.01      0.01       0.16 f
  scaleSoftmax/softmax/n2576 (net)              2                   0.00       0.16 f
  scaleSoftmax/softmax/U9542/ZN (OAI21D2BWP12T30P140LVT)
                                                          0.01      0.01       0.17 r
  scaleSoftmax/softmax/n2569 (net)              1                   0.00       0.17 r
  scaleSoftmax/softmax/U9624/ZN (AOI21OPTPBD2BWP12T30P140LVT)
                                                          0.01      0.01       0.18 f
  scaleSoftmax/softmax/n3706 (net)              1                   0.00       0.18 f
  scaleSoftmax/softmax/U9099/ZN (NR2D4BWP12T30P140LVT)
                                                          0.01      0.01       0.20 r
  scaleSoftmax/softmax/n4249 (net)              1                   0.00       0.20 r
  scaleSoftmax/softmax/U16454/ZN (NR3OPTFAD4BWP12T30P140LVT)
                                                          0.01      0.01       0.21 f
  scaleSoftmax/softmax/n4248 (net)              1                   0.00       0.21 f
  scaleSoftmax/softmax/U4139/ZN (NR2D8BWP12T30P140LVT)
                                                          0.02      0.01       0.22 r
  scaleSoftmax/softmax/n4243 (net)              1                   0.00       0.22 r
  scaleSoftmax/softmax/U2946/ZN (NR2OPTPAD16BWP12T30P140LVT)
                                                          0.02      0.01       0.24 f
  scaleSoftmax/softmax/n6703 (net)             31                   0.00       0.24 f
  scaleSoftmax/softmax/U9805/Z (MUX2OPTD4BWP12T30P140LVT)
                                                          0.01      0.02       0.26 r
  scaleSoftmax/softmax/n3041 (net)              3                   0.00       0.26 r
  scaleSoftmax/softmax/U5717/ZN (ND2OPTFAD4BWP12T30P140LVT)
                                                          0.01      0.01       0.27 f
  scaleSoftmax/softmax/n2269 (net)              2                   0.00       0.27 f
  scaleSoftmax/softmax/U9222/ZN (AOI21OPTPBD2BWP12T30P140LVT)
                                                          0.01      0.01       0.28 r
  scaleSoftmax/softmax/n18507 (net)             1                   0.00       0.28 r
  scaleSoftmax/softmax/U9715/ZN (OAI21OPTREPBD2BWP12T30P140LVT)
                                                          0.01      0.01       0.29 f
  scaleSoftmax/softmax/n18509 (net)             1                   0.00       0.29 f
  scaleSoftmax/softmax/U9814/ZN (AOI21OPTPBD2BWP12T30P140LVT)
                                                          0.01      0.01       0.30 r
  scaleSoftmax/softmax/n3065 (net)              1                   0.00       0.30 r
  scaleSoftmax/softmax/U9813/ZN (OAI21OPTPBD2BWP12T30P140LVT)
                                                          0.01      0.01       0.31 f
  scaleSoftmax/softmax/n3064 (net)              1                   0.00       0.31 f
  scaleSoftmax/softmax/U2800/ZN (NR2OPTPAD2BWP12T30P140LVT)
                                                          0.01      0.01       0.33 r
  scaleSoftmax/softmax/n228 (net)               1                   0.00       0.33 r
  scaleSoftmax/softmax/U2799/ZN (NR2OPTD6BWP12T30P140LVT)
                                                          0.01      0.01       0.33 f
  scaleSoftmax/softmax/n226 (net)               1                   0.00       0.33 f
  scaleSoftmax/softmax/U2798/ZN (INR2D16BWP12T30P140LVT)
                                                          0.03      0.02       0.35 r
  scaleSoftmax/softmax/n4484 (net)             32                   0.00       0.35 r
  scaleSoftmax/softmax/U1771/ZN (INR2D2BWP12T30P140LVT)
                                                          0.01      0.01       0.36 f
  scaleSoftmax/softmax/n1956 (net)              1                   0.00       0.36 f
  scaleSoftmax/softmax/U7313/ZN (INVD2BWP12T30P140LVT)
                                                          0.01      0.01       0.36 r
  scaleSoftmax/softmax/n3055 (net)              1                   0.00       0.36 r
  scaleSoftmax/softmax/U2885/ZN (CKND2D3BWP12T30P140LVT)
                                                          0.01      0.01       0.37 f
  scaleSoftmax/softmax/n18710 (net)             3                   0.00       0.37 f
  scaleSoftmax/softmax/U1732/ZN (NR2OPTFAD4BWP12T30P140LVT)
                                                          0.01      0.01       0.38 r
  scaleSoftmax/softmax/n6473 (net)              2                   0.00       0.38 r
  scaleSoftmax/softmax/U2097/ZN (NR3OPTPAD2BWP12T30P140LVT)
                                                          0.01      0.01       0.39 f
  scaleSoftmax/softmax/n6845 (net)              1                   0.00       0.39 f
  scaleSoftmax/softmax/U1706/ZN (NR2OPTPAD2BWP12T30P140LVT)
                                                          0.01      0.01       0.40 r
  scaleSoftmax/softmax/n4574 (net)              1                   0.00       0.40 r
  scaleSoftmax/softmax/U7265/ZN (OAI21D2BWP12T30P140LVT)
                                                          0.01      0.01       0.41 f
  scaleSoftmax/softmax/n4572 (net)              1                   0.00       0.41 f
  scaleSoftmax/softmax/U16689/ZN (AOI21OPTREPBD2BWP12T30P140LVT)
                                                          0.01      0.01       0.42 r
  scaleSoftmax/softmax/n6526 (net)              1                   0.00       0.42 r
  scaleSoftmax/softmax/U8494/ZN (OAI21OPTREPBD2BWP12T30P140LVT)
                                                          0.02      0.01       0.43 f
  scaleSoftmax/softmax/n6538 (net)              1                   0.00       0.43 f
  scaleSoftmax/softmax/U16902/ZN (OAI21OPTPBD4BWP12T30P140LVT)
                                                          0.02      0.01       0.44 r
  scaleSoftmax/softmax/n6730 (net)              1                   0.00       0.44 r
  scaleSoftmax/softmax/U8524/ZN (ND2OPTD12BWP12T30P140LVT)
                                                          0.02      0.02       0.46 f
  scaleSoftmax/softmax/n18684 (net)             8                   0.00       0.46 f
  scaleSoftmax/softmax/U2026/Z (MUX2D4BWP12T30P140LVT)
                                                          0.01      0.03       0.49 r
  scaleSoftmax/softmax/n18845 (net)             2                   0.00       0.49 r
  scaleSoftmax/softmax/U1651/Z (BUFFXD6BWP12T30P140LVT)
                                                          0.01      0.01       0.50 r
  scaleSoftmax/softmax/n4548 (net)              2                   0.00       0.50 r
  scaleSoftmax/softmax/U16986/ZN (INR2D4BWP12T30P140LVT)
                                                          0.01      0.00       0.50 f
  scaleSoftmax/softmax/n6990 (net)              1                   0.00       0.50 f
  scaleSoftmax/softmax/U16886/ZN (NR2OPTPAD2BWP12T30P140LVT)
                                                          0.01      0.01       0.51 r
  scaleSoftmax/softmax/n6386 (net)              1                   0.00       0.51 r
  scaleSoftmax/softmax/U8425/ZN (OAI21OPTREPBD2BWP12T30P140LVT)
                                                          0.01      0.01       0.52 f
  scaleSoftmax/softmax/n1151 (net)              1                   0.00       0.52 f
  scaleSoftmax/softmax/U2048/ZN (ND2D3BWP12T30P140LVT)
                                                          0.01      0.01       0.53 r
  scaleSoftmax/softmax/n4475 (net)              1                   0.00       0.53 r
  scaleSoftmax/softmax/U2140/ZN (AOI21OPTPBD6BWP12T30P140LVT)
                                                          0.02      0.01       0.54 f
  scaleSoftmax/softmax/n7123 (net)              1                   0.00       0.54 f
  scaleSoftmax/softmax/U8928/ZN (INR2D16BWP12T30P140LVT)
                                                          0.02      0.01       0.55 r
  scaleSoftmax/softmax/n1751 (net)             12                   0.00       0.55 r
  scaleSoftmax/softmax/U8979/Z (MUX2D2BWP12T30P140LVT)
                                                          0.01      0.02       0.58 f
  scaleSoftmax/softmax/n18956 (net)             3                   0.00       0.58 f
  scaleSoftmax/softmax/U1558/ZN (INR2D1BWP12T30P140LVT)
                                                          0.02      0.01       0.59 r
  scaleSoftmax/softmax/n18894 (net)             2                   0.00       0.59 r
  scaleSoftmax/softmax/U1530/ZN (INVD1BWP12T30P140LVT)
                                                          0.01      0.01       0.60 f
  scaleSoftmax/softmax/n6379 (net)              1                   0.00       0.60 f
  scaleSoftmax/softmax/U9248/ZN (AOI21OPTPBD2BWP12T30P140LVT)
                                                          0.01      0.01       0.61 r
  scaleSoftmax/softmax/n1998 (net)              1                   0.00       0.61 r
  scaleSoftmax/softmax/U9247/ZN (OAI21OPTREPBD2BWP12T30P140LVT)
                                                          0.01      0.01       0.62 f
  scaleSoftmax/softmax/n4641 (net)              1                   0.00       0.62 f
  scaleSoftmax/softmax/U9396/ZN (AOI21OPTPBD2BWP12T30P140LVT)
                                                          0.02      0.02       0.64 r
  scaleSoftmax/softmax/n18955 (net)             2                   0.00       0.64 r
  scaleSoftmax/softmax/U16699/ZN (ND3OPTPAD2BWP12T30P140LVT)
                                                          0.02      0.02       0.65 f
  scaleSoftmax/softmax/n6520 (net)              1                   0.00       0.65 f
  scaleSoftmax/softmax/U16336/ZN (NR2OPTFAD4BWP12T30P140LVT)
                                                          0.01      0.01       0.66 r
  scaleSoftmax/softmax/n3781 (net)              1                   0.00       0.66 r
  scaleSoftmax/softmax/U1999/ZN (ND2OPTFAD8BWP12T30P140LVT)
                                                          0.01      0.01       0.68 f
  scaleSoftmax/softmax/n18941 (net)             4                   0.00       0.68 f
  scaleSoftmax/softmax/U8376/ZN (CKND16BWP12T30P140LVT)
                                                          0.01      0.01       0.69 r
  scaleSoftmax/softmax/n4526 (net)             12                   0.00       0.69 r
  scaleSoftmax/softmax/U2122/ZN (CKND8BWP12T30P140LVT)
                                                          0.01      0.01       0.69 f
  scaleSoftmax/softmax/n6496 (net)              4                   0.00       0.69 f
  scaleSoftmax/softmax/U8277/Z (MUX2OPTD6BWP12T30P140LVT)
                                                          0.01      0.02       0.71 r
  scaleSoftmax/softmax/n4363 (net)              3                   0.00       0.71 r
  scaleSoftmax/softmax/U8276/ZN (ND2OPTFAD4BWP12T30P140LVT)
                                                          0.01      0.01       0.72 f
  scaleSoftmax/softmax/n2146 (net)              2                   0.00       0.72 f
  scaleSoftmax/softmax/U6882/ZN (ND2D2BWP12T30P140LVT)
                                                          0.01      0.01       0.72 r
  scaleSoftmax/softmax/n1813 (net)              1                   0.00       0.72 r
  scaleSoftmax/softmax/U9007/ZN (ND2OPTPAD2BWP12T30P140LVT)
                                                          0.01      0.01       0.73 f
  scaleSoftmax/softmax/n4724 (net)              1                   0.00       0.73 f
  scaleSoftmax/softmax/U16408/ZN (AOI21OPTPBD2BWP12T30P140LVT)
                                                          0.01      0.01       0.74 r
  scaleSoftmax/softmax/n3746 (net)              1                   0.00       0.74 r
  scaleSoftmax/softmax/U16403/ZN (NR2D2BWP12T30P140LVT)
                                                          0.01      0.01       0.74 f
  scaleSoftmax/softmax/n6187 (net)              1                   0.00       0.74 f
  scaleSoftmax/softmax/U16622/ZN (OAI21D2BWP12T30P140LVT)
                                                          0.01      0.01       0.75 r
  scaleSoftmax/softmax/n6651 (net)              1                   0.00       0.75 r
  scaleSoftmax/softmax/U16932/ZN (AOI21OPTPBD2BWP12T30P140LVT)
                                                          0.02      0.01       0.76 f
  scaleSoftmax/softmax/n6649 (net)              1                   0.00       0.76 f
  scaleSoftmax/softmax/U16646/ZN (NR3OPTD6BWP12T30P140LVT)
                                                          0.03      0.02       0.79 r
  scaleSoftmax/softmax/n19026 (net)             4                   0.00       0.79 r
  scaleSoftmax/softmax/U8752/ZN (CKND8BWP12T30P140LVT)
                                                          0.02      0.01       0.80 f
  scaleSoftmax/softmax/n4468 (net)             14                   0.00       0.80 f
  scaleSoftmax/softmax/U2747/ZN (INR2D2BWP12T30P140LVT)
                                                          0.01      0.01       0.81 r
  scaleSoftmax/softmax/n3691 (net)              1                   0.00       0.81 r
  scaleSoftmax/softmax/U9219/ZN (INVD1P25BWP12T30P140LVT)
                                                          0.01      0.01       0.81 f
  scaleSoftmax/softmax/n4509 (net)              1                   0.00       0.81 f
  scaleSoftmax/softmax/U9265/ZN (OAI21OPTREPBD2BWP12T30P140LVT)
                                                          0.03      0.01       0.82 r
  scaleSoftmax/softmax/n19157 (net)             3                   0.00       0.82 r
  scaleSoftmax/softmax/U1343/ZN (ND2D2BWP12T30P140LVT)
                                                          0.02      0.01       0.83 f
  scaleSoftmax/softmax/n2582 (net)              2                   0.00       0.83 f
  scaleSoftmax/softmax/U2120/ZN (OAI211OPTREPBD2BWP12T30P140LVT)
                                                          0.01      0.01       0.84 r
  scaleSoftmax/softmax/n22 (net)                1                   0.00       0.84 r
  scaleSoftmax/softmax/U1321/ZN (AOI21OPTPBD1BWP12T30P140LVT)
                                                          0.01      0.01       0.85 f
  scaleSoftmax/softmax/n2733 (net)              1                   0.00       0.85 f
  scaleSoftmax/softmax/U2383/ZN (OAI21OPTPBD2BWP12T30P140LVT)
                                                          0.01      0.01       0.86 r
  scaleSoftmax/softmax/n6275 (net)              1                   0.00       0.86 r
  scaleSoftmax/softmax/U5271/ZN (ND2D2BWP12T30P140LVT)
                                                          0.01      0.01       0.87 f
  scaleSoftmax/softmax/n4491 (net)              1                   0.00       0.87 f
  scaleSoftmax/softmax/U6734/ZN (ND2OPTPAD2BWP12T30P140LVT)
                                                          0.01      0.01       0.88 r
  scaleSoftmax/softmax/n6272 (net)              1                   0.00       0.88 r
  scaleSoftmax/softmax/U8619/ZN (AOI21OPTPBD6BWP12T30P140LVT)
                                                          0.02      0.01       0.89 f
  scaleSoftmax/softmax/n1271 (net)              4                   0.00       0.89 f
  scaleSoftmax/softmax/U8617/ZN (NR2OPTPAD16BWP12T30P140LVT)
                                                          0.03      0.02       0.91 r
  scaleSoftmax/softmax/n6472 (net)             30                   0.00       0.91 r
  scaleSoftmax/softmax/U1235/Z (MUX2D4BWP12T30P140LVT)
                                                          0.01      0.03       0.94 r
  scaleSoftmax/softmax/n4372 (net)              3                   0.00       0.94 r
  scaleSoftmax/softmax/U9515/ZN (INR2D4BWP12T30P140LVT)
                                                          0.01      0.01       0.95 f
  scaleSoftmax/softmax/n2301 (net)              3                   0.00       0.95 f
  scaleSoftmax/softmax/U4424/ZN (NR2D2BWP12T30P140LVT)
                                                          0.01      0.01       0.96 r
  scaleSoftmax/softmax/n2786 (net)              1                   0.00       0.96 r
  scaleSoftmax/softmax/U9670/ZN (OAI211OPTREPBD2BWP12T30P140LVT)
                                                          0.02      0.01       0.97 f
  scaleSoftmax/softmax/n2780 (net)              1                   0.00       0.97 f
  scaleSoftmax/softmax/U9699/ZN (AOI21OPTPBD2BWP12T30P140LVT)
                                                          0.02      0.01       0.98 r
  scaleSoftmax/softmax/n2777 (net)              1                   0.00       0.98 r
  scaleSoftmax/softmax/U4140/ZN (OAI21OPTPBD8BWP12T30P140LVT)
                                                          0.02      0.01       1.00 f
  scaleSoftmax/softmax/n3432 (net)              1                   0.00       1.00 f
  scaleSoftmax/softmax/U8773/ZN (ND2OPTFAD16BWP12T30P140LVT)
                                                          0.03      0.02       1.02 r
  scaleSoftmax/softmax/n19267 (net)            40                   0.00       1.02 r
  scaleSoftmax/softmax/U8407/ZN (CKND16BWP12T30P140LVT)
                                                          0.01      0.01       1.03 f
  scaleSoftmax/softmax/n4373 (net)             13                   0.00       1.03 f
  scaleSoftmax/softmax/U8485/Z (MUX2OPTD6BWP12T30P140LVT)
                                                          0.01      0.02       1.05 r
  scaleSoftmax/softmax/n4401 (net)              3                   0.00       1.05 r
  scaleSoftmax/softmax/U8207/ZN (ND2OPTFAD4BWP12T30P140LVT)
                                                          0.02      0.01       1.06 f
  scaleSoftmax/softmax/n941 (net)               2                   0.00       1.06 f
  scaleSoftmax/softmax/U8206/ZN (AOI21OPTPBD2BWP12T30P140LVT)
                                                          0.01      0.01       1.06 r
  scaleSoftmax/softmax/n1677 (net)              1                   0.00       1.06 r
  scaleSoftmax/softmax/U8843/ZN (OAI21OPTPBD2BWP12T30P140LVT)
                                                          0.01      0.01       1.07 f
  scaleSoftmax/softmax/n2867 (net)              1                   0.00       1.07 f
  scaleSoftmax/softmax/U9737/ZN (AOI21OPTPBD2BWP12T30P140LVT)
                                                          0.01      0.01       1.08 r
  scaleSoftmax/softmax/n4254 (net)              1                   0.00       1.08 r
  scaleSoftmax/softmax/U16413/ZN (NR2D4BWP12T30P140LVT)
                                                          0.01      0.01       1.09 f
  scaleSoftmax/softmax/n4057 (net)              1                   0.00       1.09 f
  scaleSoftmax/softmax/U8359/ZN (NR3OPTPAD6BWP12T30P140LVT)
                                                          0.02      0.02       1.11 r
  scaleSoftmax/softmax/n4055 (net)              1                   0.00       1.11 r
  scaleSoftmax/softmax/U3181/ZN (ND2OPTFAD16BWP12T30P140LVT)
                                                          0.02      0.02       1.12 f
  scaleSoftmax/softmax/n4344 (net)             27                   0.00       1.12 f
  scaleSoftmax/softmax/U2139/ZN (CKND6BWP12T30P140LVT)
                                                          0.01      0.01       1.13 r
  scaleSoftmax/softmax/n158 (net)               3                   0.00       1.13 r
  scaleSoftmax/softmax/U2275/ZN (ND2OPTFAD4BWP12T30P140LVT)
                                                          0.01      0.01       1.14 f
  scaleSoftmax/softmax/n1798 (net)              2                   0.00       1.14 f
  scaleSoftmax/softmax/U3191/ZN (INR2D4BWP12T30P140LVT)
                                                          0.01      0.01       1.15 f
  scaleSoftmax/softmax/n6125 (net)              2                   0.00       1.15 f
  scaleSoftmax/softmax/U2623/ZN (INVD4BWP12T30P140LVT)
                                                          0.01      0.01       1.16 r
  scaleSoftmax/softmax/n186 (net)               1                   0.00       1.16 r
  scaleSoftmax/softmax/U2681/ZN (ND2D4BWP12T30P140LVT)
                                                          0.01      0.01       1.17 f
  scaleSoftmax/softmax/n789 (net)               2                   0.00       1.17 f
  scaleSoftmax/softmax/U2856/ZN (NR2D3BWP12T30P140LVT)
                                                          0.01      0.01       1.18 r
  scaleSoftmax/softmax/n19421 (net)             2                   0.00       1.18 r
  scaleSoftmax/softmax/U8761/ZN (ND3OPTFAD4BWP12T30P140LVT)
                                                          0.01      0.01       1.19 f
  scaleSoftmax/softmax/n1530 (net)              1                   0.00       1.19 f
  scaleSoftmax/softmax/U8121/ZN (INR2D16BWP12T30P140LVT)
                                                          0.01      0.02       1.21 f
  scaleSoftmax/softmax/n1632 (net)             15                   0.00       1.21 f
  scaleSoftmax/softmax/U2602/Z (MUX2OPTD6BWP12T30P140LVT)
                                                          0.01      0.02       1.23 r
  scaleSoftmax/softmax/n4180 (net)              3                   0.00       1.23 r
  scaleSoftmax/softmax/U9470/ZN (OAI21OPTREPBD2BWP12T30P140LVT)
                                                          0.01      0.01       1.24 f
  scaleSoftmax/softmax/n2210 (net)              1                   0.00       1.24 f
  scaleSoftmax/softmax/U2649/ZN (AOI21OPTPBD4BWP12T30P140LVT)
                                                          0.01      0.01       1.25 r
  scaleSoftmax/softmax/n822 (net)               2                   0.00       1.25 r
  scaleSoftmax/softmax/U3278/ZN (ND2OPTFAD4BWP12T30P140LVT)
                                                          0.01      0.01       1.26 f
  scaleSoftmax/softmax/n904 (net)               2                   0.00       1.26 f
  scaleSoftmax/softmax/U3352/ZN (NR2OPTPAD2BWP12T30P140LVT)
                                                          0.01      0.01       1.27 r
  scaleSoftmax/softmax/n925 (net)               1                   0.00       1.27 r
  scaleSoftmax/softmax/U2427/ZN (ND3OPTPAD2BWP12T30P140LVT)
                                                          0.02      0.01       1.28 f
  scaleSoftmax/softmax/n107 (net)               1                   0.00       1.28 f
  scaleSoftmax/softmax/U2426/ZN (ND2OPTFAD4BWP12T30P140LVT)
                                                          0.01      0.01       1.29 r
  scaleSoftmax/softmax/n1531 (net)              1                   0.00       1.29 r
  scaleSoftmax/softmax/U2633/ZN (NR2OPTD12BWP12T30P140LVT)
                                                          0.01      0.01       1.30 f
  scaleSoftmax/softmax/n4353 (net)              9                   0.00       1.30 f
  scaleSoftmax/softmax/U8749/ZN (AOI21OPTPBD4BWP12T30P140LVT)
                                                          0.01      0.01       1.31 r
  scaleSoftmax/softmax/n5038 (net)              1                   0.00       1.31 r
  scaleSoftmax/softmax/U2501/ZN (ND2OPTFAD6BWP12T30P140LVT)
                                                          0.02      0.01       1.32 f
  scaleSoftmax/softmax/n1129 (net)              2                   0.00       1.32 f
  scaleSoftmax/softmax/U8289/ZN (NR2D16BWP12T30P140LVT)
                                                          0.02      0.02       1.34 r
  scaleSoftmax/softmax/n6669 (net)             17                   0.00       1.34 r
  scaleSoftmax/softmax/U2132/Z (BUFFXD6BWP12T30P140LVT)
                                                          0.01      0.01       1.36 r
  scaleSoftmax/softmax/n379 (net)               3                   0.00       1.36 r
  scaleSoftmax/softmax/U8786/ZN (OAI22OPTPBD4BWP12T30P140LVT)
                                                          0.02      0.01       1.37 f
  scaleSoftmax/softmax/n19579 (net)             3                   0.00       1.37 f
  scaleSoftmax/softmax/U701/ZN (NR2D2BWP12T30P140LVT)     0.01      0.01       1.38 r
  scaleSoftmax/softmax/n99 (net)                1                   0.00       1.38 r
  scaleSoftmax/softmax/U2404/ZN (AOI21OPTPBD2BWP12T30P140LVT)
                                                          0.01      0.01       1.39 f
  scaleSoftmax/softmax/n4278 (net)              1                   0.00       1.39 f
  scaleSoftmax/softmax/U2912/ZN (NR2D2BWP12T30P140LVT)
                                                          0.01      0.01       1.40 r
  scaleSoftmax/softmax/n1579 (net)              1                   0.00       1.40 r
  scaleSoftmax/softmax/U6104/ZN (OAI21D2BWP12T30P140LVT)
                                                          0.02      0.01       1.41 f
  scaleSoftmax/softmax/n3878 (net)              1                   0.00       1.41 f
  scaleSoftmax/softmax/U8849/ZN (AOI21D4BWP12T30P140LVT)
                                                          0.02      0.01       1.42 r
  scaleSoftmax/softmax/n4018 (net)              1                   0.00       1.42 r
  scaleSoftmax/softmax/U8070/ZN (NR2D8BWP12T30P140LVT)
                                                          0.01      0.01       1.43 f
  scaleSoftmax/softmax/n711 (net)               3                   0.00       1.43 f
  scaleSoftmax/softmax/U8068/ZN (ND2OPTFAD16BWP12T30P140LVT)
                                                          0.02      0.01       1.44 r
  scaleSoftmax/softmax/n3169 (net)             18                   0.00       1.44 r
  scaleSoftmax/softmax/U2919/ZN (CKND16BWP12T30P140LVT)
                                                          0.01      0.01       1.45 f
  scaleSoftmax/softmax/n4151 (net)             12                   0.00       1.45 f
  scaleSoftmax/softmax/U2833/Z (MUX2OPTD6BWP12T30P140LVT)
                                                          0.01      0.02       1.47 r
  scaleSoftmax/softmax/n19763 (net)             3                   0.00       1.47 r
  scaleSoftmax/softmax/U2832/ZN (ND2OPTPAD2BWP12T30P140LVT)
                                                          0.01      0.01       1.48 f
  scaleSoftmax/softmax/n1322 (net)              1                   0.00       1.48 f
  scaleSoftmax/softmax/U2936/ZN (INVD4BWP12T30P140LVT)
                                                          0.01      0.01       1.49 r
  scaleSoftmax/softmax/n937 (net)               1                   0.00       1.49 r
  scaleSoftmax/softmax/U2783/ZN (NR2OPTFAD4BWP12T30P140LVT)
                                                          0.01      0.01       1.50 f
  scaleSoftmax/softmax/n936 (net)               1                   0.00       1.50 f
  scaleSoftmax/softmax/U8203/ZN (AOI21OPTPBD2BWP12T30P140LVT)
                                                          0.01      0.01       1.51 r
  scaleSoftmax/softmax/n934 (net)               1                   0.00       1.51 r
  scaleSoftmax/softmax/U8200/ZN (NR2OPTPAD2BWP12T30P140LVT)
                                                          0.01      0.01       1.51 f
  scaleSoftmax/softmax/n1026 (net)              1                   0.00       1.51 f
  scaleSoftmax/softmax/U8245/ZN (INR2D4BWP12T30P140LVT)
                                                          0.01      0.01       1.52 r
  scaleSoftmax/softmax/n1035 (net)              1                   0.00       1.52 r
  scaleSoftmax/softmax/U4135/ZN (NR2D8BWP12T30P140LVT)
                                                          0.01      0.01       1.53 f
  scaleSoftmax/softmax/n4065 (net)              1                   0.00       1.53 f
  scaleSoftmax/softmax/U16539/ZN (ND2OPTFAD16BWP12T30P140LVT)
                                                          0.02      0.02       1.55 r
  scaleSoftmax/softmax/n19725 (net)            35                   0.00       1.55 r
  scaleSoftmax/softmax/U2010/Z (MUX2OPTD4BWP12T30P140LVT)
                                                          0.01      0.03       1.57 f
  scaleSoftmax/softmax/n19872 (net)             3                   0.00       1.57 f
  scaleSoftmax/softmax/U8133/ZN (INR2D8BWP12T30P140LVT)
                                                          0.01      0.01       1.58 r
  scaleSoftmax/softmax/n2396 (net)              3                   0.00       1.58 r
  scaleSoftmax/softmax/U396/ZN (INR2D1BWP12T30P140LVT)
                                                          0.01      0.01       1.59 f
  scaleSoftmax/softmax/n1481 (net)              1                   0.00       1.59 f
  scaleSoftmax/softmax/U8713/ZN (AOI21OPTPBD2BWP12T30P140LVT)
                                                          0.02      0.01       1.60 r
  scaleSoftmax/softmax/n1567 (net)              1                   0.00       1.60 r
  scaleSoftmax/softmax/U8210/ZN (ND2OPTPAD2BWP12T30P140LVT)
                                                          0.01      0.01       1.61 f
  scaleSoftmax/softmax/n946 (net)               1                   0.00       1.61 f
  scaleSoftmax/softmax/U2384/ZN (AOI21OPTPBD4BWP12T30P140LVT)
                                                          0.02      0.01       1.62 r
  scaleSoftmax/softmax/n945 (net)               1                   0.00       1.62 r
  scaleSoftmax/softmax/U8208/ZN (AOI21OPTPBD6BWP12T30P140LVT)
                                                          0.02      0.01       1.63 f
  scaleSoftmax/softmax/n3921 (net)              1                   0.00       1.63 f
  scaleSoftmax/softmax/U3194/ZN (NR2D16BWP12T30P140LVT)
                                                          0.02      0.02       1.65 r
  scaleSoftmax/softmax/n19838 (net)            16                   0.00       1.65 r
  scaleSoftmax/softmax/U16460/ZN (ND2OPTPAD2BWP12T30P140LVT)
                                                          0.02      0.01       1.66 f
  scaleSoftmax/softmax/n4758 (net)              1                   0.00       1.66 f
  scaleSoftmax/softmax/U8774/ZN (ND2OPTFAD4BWP12T30P140LVT)
                                                          0.01      0.01       1.67 r
  scaleSoftmax/softmax/n19981 (net)             3                   0.00       1.67 r
  scaleSoftmax/softmax/U9290/ZN (ND2OPTFAD6BWP12T30P140LVT)
                                                          0.01      0.01       1.68 f
  scaleSoftmax/softmax/n4729 (net)              2                   0.00       1.68 f
  scaleSoftmax/softmax/U8254/ZN (ND2OPTFAD4BWP12T30P140LVT)
                                                          0.01      0.01       1.69 r
  scaleSoftmax/softmax/n1040 (net)              2                   0.00       1.69 r
  scaleSoftmax/softmax/U8253/ZN (OAI21OPTREPBD2BWP12T30P140LVT)
                                                          0.01      0.01       1.70 f
  scaleSoftmax/softmax/n1568 (net)              1                   0.00       1.70 f
  scaleSoftmax/softmax/U8811/ZN (ND2D3BWP12T30P140LVT)
                                                          0.01      0.01       1.71 r
  scaleSoftmax/softmax/n4516 (net)              1                   0.00       1.71 r
  scaleSoftmax/softmax/U16483/ZN (ND3OPTFAD4BWP12T30P140LVT)
                                                          0.01      0.01       1.72 f
  scaleSoftmax/softmax/n4944 (net)              1                   0.00       1.72 f
  scaleSoftmax/softmax/U16769/ZN (AOI21OPTPBD2BWP12T30P140LVT)
                                                          0.01      0.01       1.73 r
  scaleSoftmax/softmax/n6616 (net)              1                   0.00       1.73 r
  scaleSoftmax/softmax/U16750/ZN (ND3OPTPAD2BWP12T30P140LVT)
                                                          0.02      0.01       1.74 f
  scaleSoftmax/softmax/n19964 (net)             1                   0.00       1.74 f
  scaleSoftmax/softmax/U16675/ZN (AOI21OPTPBD4BWP12T30P140LVT)
                                                          0.02      0.01       1.75 r
  scaleSoftmax/softmax/n19980 (net)             2                   0.00       1.75 r
  scaleSoftmax/softmax/U8898/ZN (CKND8BWP12T30P140LVT)
                                                          0.01      0.01       1.76 f
  scaleSoftmax/softmax/n4415 (net)              8                   0.00       1.76 f
  scaleSoftmax/softmax/U2802/ZN (CKND8BWP12T30P140LVT)
                                                          0.01      0.01       1.77 r
  scaleSoftmax/softmax/n1189 (net)              5                   0.00       1.77 r
  scaleSoftmax/softmax/U2186/ZN (ND2OPTPAD4BWP12T30P140LVT)
                                                          0.01      0.01       1.78 f
  scaleSoftmax/softmax/n2802 (net)              1                   0.00       1.78 f
  scaleSoftmax/softmax/U9704/ZN (OAI21OPTPBD2BWP12T30P140LVT)
                                                          0.01      0.01       1.79 r
  scaleSoftmax/softmax/n20006 (net)             3                   0.00       1.79 r
  scaleSoftmax/softmax/U143/ZN (ND2D2BWP12T30P140LVT)     0.01      0.01       1.80 f
  scaleSoftmax/softmax/n6948 (net)              2                   0.00       1.80 f
  scaleSoftmax/softmax/U8890/ZN (AOI31D2BWP12T30P140LVT)
                                                          0.02      0.01       1.81 r
  scaleSoftmax/softmax/n4669 (net)              1                   0.00       1.81 r
  scaleSoftmax/softmax/U9364/ZN (NR2D2BWP12T30P140LVT)
                                                          0.01      0.01       1.82 f
  scaleSoftmax/softmax/n4470 (net)              1                   0.00       1.82 f
  scaleSoftmax/softmax/U8778/ZN (OAI21D2BWP12T30P140LVT)
                                                          0.01      0.01       1.83 r
  scaleSoftmax/softmax/n4904 (net)              1                   0.00       1.83 r
  scaleSoftmax/softmax/U16746/ZN (AOI21OPTPBD2BWP12T30P140LVT)
                                                          0.01      0.01       1.84 f
  scaleSoftmax/softmax/n4902 (net)              1                   0.00       1.84 f
  scaleSoftmax/softmax/U4124/ZN (NR2D4BWP12T30P140LVT)
                                                          0.01      0.01       1.85 r
  scaleSoftmax/softmax/n7083 (net)              1                   0.00       1.85 r
  scaleSoftmax/softmax/U2366/ZN (ND2OPTFAD6BWP12T30P140LVT)
                                                          0.01      0.01       1.85 f
  scaleSoftmax/softmax/n3806 (net)              2                   0.00       1.85 f
  scaleSoftmax/softmax/U2365/ZN (INR2D8BWP12T30P140LVT)
                                                          0.01      0.01       1.87 r
  scaleSoftmax/softmax/n494 (net)               5                   0.00       1.87 r
  scaleSoftmax/softmax/U14918/ZN (ND2D0BWP12T30P140LVT)
                                                          0.02      0.02       1.88 f
  scaleSoftmax/softmax/n7068 (net)              2                   0.00       1.88 f
  scaleSoftmax/softmax/U2041/ZN (IND2D2BWP12T30P140LVT)
                                                          0.01      0.02       1.90 f
  scaleSoftmax/softmax/n7067 (net)              1                   0.00       1.90 f
  scaleSoftmax/softmax/U9238/ZN (OAI21D1BWP12T30P140LVT)
                                                          0.01      0.01       1.91 r
  scaleSoftmax/softmax/n5906 (net)              1                   0.00       1.91 r
  scaleSoftmax/softmax/maximumUpdates_reg[44]/D (DFD1BWP12T30P140LVT)
                                                          0.01      0.00       1.91 r
  data arrival time                                                            1.91

  clock clk (rise edge)                                             2.00       2.00
  clock network delay (ideal)                                       0.00       2.00
  clock uncertainty                                                -0.10       1.90
  scaleSoftmax/softmax/maximumUpdates_reg[44]/CP (DFD1BWP12T30P140LVT)
                                                                    0.00       1.90 r
  library setup time                                               -0.01       1.89
  data required time                                                           1.89
  ------------------------------------------------------------------------------------
  data required time                                                           1.89
  data arrival time                                                           -1.91
  ------------------------------------------------------------------------------------
  slack (VIOLATED)                                                            -0.02


  Startpoint: scaleSoftmax/softmax/packCountReg_reg[0]
              (rising edge-triggered flip-flop clocked by clk)
  Endpoint: scaleSoftmax/softmax/maximumUpdates_reg[30]
            (rising edge-triggered flip-flop clocked by clk)
  Path Group: clk
  Path Type: max

  Des/Clust/Port     Wire Load Model       Library
  ------------------------------------------------
  AttentionFeaturePacketizer_0
                     ZeroWireload          tcbn28hpcplusbwp12t30p140lvtssg0p81v125c
  PackDescriptorDecoder_1
                     ZeroWireload          tcbn28hpcplusbwp12t30p140lvtssg0p81v125c
  PackDescriptorDecoder
                     ZeroWireload          tcbn28hpcplusbwp12t30p140lvtssg0p81v125c
  BufferedPackMetadataDequantizer_1
                     ZeroWireload          tcbn28hpcplusbwp12t30p140lvtssg0p81v125c
  DynamicBitUnpacker_1
                     ZeroWireload          tcbn28hpcplusbwp12t30p140lvtssg0p81v125c
  BufferedPackMetadataDequantizer
                     ZeroWireload          tcbn28hpcplusbwp12t30p140lvtssg0p81v125c
  DynamicBitUnpacker ZeroWireload          tcbn28hpcplusbwp12t30p140lvtssg0p81v125c
  KvStreamDequantizer_1
                     ZeroWireload          tcbn28hpcplusbwp12t30p140lvtssg0p81v125c
  KvStreamDequantizer
                     ZeroWireload          tcbn28hpcplusbwp12t30p140lvtssg0p81v125c
  DecompressionPipelineController_1
                     ZeroWireload          tcbn28hpcplusbwp12t30p140lvtssg0p81v125c
  DecompressionPipelineController
                     ZeroWireload          tcbn28hpcplusbwp12t30p140lvtssg0p81v125c
  QkDotProductAccumulator
                     ZeroWireload          tcbn28hpcplusbwp12t30p140lvtssg0p81v125c
  QueryReplayBuffer  ZeroWireload          tcbn28hpcplusbwp12t30p140lvtssg0p81v125c
  AttentionFeaturePacketizer_1
                     ZeroWireload          tcbn28hpcplusbwp12t30p140lvtssg0p81v125c
  DualKvDecompressionController
                     ZeroWireload          tcbn28hpcplusbwp12t30p140lvtssg0p81v125c
  SoftmaxVAccumulator
                     ZeroWireload          tcbn28hpcplusbwp12t30p140lvtssg0p81v125c
  StreamingSoftmax   ZeroWireload          tcbn28hpcplusbwp12t30p140lvtssg0p81v125c
  AttentionScaleUnit ZeroWireload          tcbn28hpcplusbwp12t30p140lvtssg0p81v125c
  AvOutputQuantizer  ZeroWireload          tcbn28hpcplusbwp12t30p140lvtssg0p81v125c
  BriskKvAttentionTop
                     ZeroWireload          tcbn28hpcplusbwp12t30p140lvtssg0p81v125c

  Point                                       Fanout     Trans      Incr       Path
  ------------------------------------------------------------------------------------
  clock clk (rise edge)                                             0.00       0.00
  clock network delay (ideal)                                       0.00       0.00
  scaleSoftmax/softmax/packCountReg_reg[0]/CP (DFQOPTMAD8BWP12T30P140LVT)
                                                          0.00      0.00 #     0.00 r
  scaleSoftmax/softmax/packCountReg_reg[0]/Q (DFQOPTMAD8BWP12T30P140LVT)
                                                          0.01      0.02       0.02 f
  scaleSoftmax/softmax/packCountReg[0] (net)
                                                5                   0.00       0.02 f
  scaleSoftmax/softmax/U16327/ZN (NR2OPTD12BWP12T30P140LVT)
                                                          0.01      0.01       0.03 r
  scaleSoftmax/softmax/n4197 (net)              1                   0.00       0.03 r
  scaleSoftmax/softmax/U4071/ZN (ND3OPTFAD16BWP12T30P140LVT)
                                                          0.01      0.01       0.04 f
  scaleSoftmax/softmax/n6641 (net)              1                   0.00       0.04 f
  scaleSoftmax/softmax/U16385/ZN (NR2OPTPAD16BWP12T30P140LVT)
                                                          0.02      0.01       0.06 r
  scaleSoftmax/softmax/n6989 (net)             11                   0.00       0.06 r
  scaleSoftmax/softmax/U1973/ZN (ND2OPTD6BWP12T30P140LVT)
                                                          0.01      0.01       0.07 f
  scaleSoftmax/softmax/n27900 (net)             3                   0.00       0.07 f
  scaleSoftmax/softmax/U3042/ZN (AOI21OPTREPBD2BWP12T30P140LVT)
                                                          0.01      0.01       0.08 r
  scaleSoftmax/softmax/n298 (net)               1                   0.00       0.08 r
  scaleSoftmax/softmax/U3041/ZN (NR2D3BWP12T30P140LVT)
                                                          0.01      0.01       0.08 f
  scaleSoftmax/softmax/n3693 (net)              1                   0.00       0.08 f
  scaleSoftmax/softmax/U16282/ZN (ND2OPTFAD4BWP12T30P140LVT)
                                                          0.01      0.01       0.09 r
  scaleSoftmax/softmax/n3654 (net)              2                   0.00       0.09 r
  scaleSoftmax/softmax/U8918/ZN (NR3OPTFAD4BWP12T30P140LVT)
                                                          0.01      0.01       0.10 f
  scaleSoftmax/softmax/n4748 (net)              1                   0.00       0.10 f
  scaleSoftmax/softmax/U16710/ZN (ND2OPTFAD4BWP12T30P140LVT)
                                                          0.01      0.01       0.11 r
  scaleSoftmax/softmax/n4747 (net)              1                   0.00       0.11 r
  scaleSoftmax/softmax/U9152/ZN (NR2OPTD12BWP12T30P140LVT)
                                                          0.01      0.01       0.12 f
  scaleSoftmax/softmax/n4745 (net)              2                   0.00       0.12 f
  scaleSoftmax/softmax/U2510/ZN (ND2OPTFAD16BWP12T30P140LVT)
                                                          0.02      0.02       0.14 r
  scaleSoftmax/softmax/n6944 (net)             24                   0.00       0.14 r
  scaleSoftmax/softmax/U9041/ZN (ND2D4BWP12T30P140LVT)
                                                          0.01      0.01       0.15 f
  scaleSoftmax/softmax/n3809 (net)              1                   0.00       0.15 f
  scaleSoftmax/softmax/U3085/ZN (INVD4BWP12T30P140LVT)
                                                          0.01      0.01       0.15 r
  scaleSoftmax/softmax/n18388 (net)             3                   0.00       0.15 r
  scaleSoftmax/softmax/U9632/ZN (NR2OPTPAD2BWP12T30P140LVT)
                                                          0.01      0.01       0.16 f
  scaleSoftmax/softmax/n2576 (net)              2                   0.00       0.16 f
  scaleSoftmax/softmax/U9542/ZN (OAI21D2BWP12T30P140LVT)
                                                          0.01      0.01       0.17 r
  scaleSoftmax/softmax/n2569 (net)              1                   0.00       0.17 r
  scaleSoftmax/softmax/U9624/ZN (AOI21OPTPBD2BWP12T30P140LVT)
                                                          0.01      0.01       0.18 f
  scaleSoftmax/softmax/n3706 (net)              1                   0.00       0.18 f
  scaleSoftmax/softmax/U9099/ZN (NR2D4BWP12T30P140LVT)
                                                          0.01      0.01       0.20 r
  scaleSoftmax/softmax/n4249 (net)              1                   0.00       0.20 r
  scaleSoftmax/softmax/U16454/ZN (NR3OPTFAD4BWP12T30P140LVT)
                                                          0.01      0.01       0.21 f
  scaleSoftmax/softmax/n4248 (net)              1                   0.00       0.21 f
  scaleSoftmax/softmax/U4139/ZN (NR2D8BWP12T30P140LVT)
                                                          0.02      0.01       0.22 r
  scaleSoftmax/softmax/n4243 (net)              1                   0.00       0.22 r
  scaleSoftmax/softmax/U2946/ZN (NR2OPTPAD16BWP12T30P140LVT)
                                                          0.02      0.01       0.24 f
  scaleSoftmax/softmax/n6703 (net)             31                   0.00       0.24 f
  scaleSoftmax/softmax/U9805/Z (MUX2OPTD4BWP12T30P140LVT)
                                                          0.01      0.02       0.26 r
  scaleSoftmax/softmax/n3041 (net)              3                   0.00       0.26 r
  scaleSoftmax/softmax/U5717/ZN (ND2OPTFAD4BWP12T30P140LVT)
                                                          0.01      0.01       0.27 f
  scaleSoftmax/softmax/n2269 (net)              2                   0.00       0.27 f
  scaleSoftmax/softmax/U9222/ZN (AOI21OPTPBD2BWP12T30P140LVT)
                                                          0.01      0.01       0.28 r
  scaleSoftmax/softmax/n18507 (net)             1                   0.00       0.28 r
  scaleSoftmax/softmax/U9715/ZN (OAI21OPTREPBD2BWP12T30P140LVT)
                                                          0.01      0.01       0.29 f
  scaleSoftmax/softmax/n18509 (net)             1                   0.00       0.29 f
  scaleSoftmax/softmax/U9814/ZN (AOI21OPTPBD2BWP12T30P140LVT)
                                                          0.01      0.01       0.30 r
  scaleSoftmax/softmax/n3065 (net)              1                   0.00       0.30 r
  scaleSoftmax/softmax/U9813/ZN (OAI21OPTPBD2BWP12T30P140LVT)
                                                          0.01      0.01       0.31 f
  scaleSoftmax/softmax/n3064 (net)              1                   0.00       0.31 f
  scaleSoftmax/softmax/U2800/ZN (NR2OPTPAD2BWP12T30P140LVT)
                                                          0.01      0.01       0.33 r
  scaleSoftmax/softmax/n228 (net)               1                   0.00       0.33 r
  scaleSoftmax/softmax/U2799/ZN (NR2OPTD6BWP12T30P140LVT)
                                                          0.01      0.01       0.33 f
  scaleSoftmax/softmax/n226 (net)               1                   0.00       0.33 f
  scaleSoftmax/softmax/U2798/ZN (INR2D16BWP12T30P140LVT)
                                                          0.03      0.02       0.35 r
  scaleSoftmax/softmax/n4484 (net)             32                   0.00       0.35 r
  scaleSoftmax/softmax/U1771/ZN (INR2D2BWP12T30P140LVT)
                                                          0.01      0.01       0.36 f
  scaleSoftmax/softmax/n1956 (net)              1                   0.00       0.36 f
  scaleSoftmax/softmax/U7313/ZN (INVD2BWP12T30P140LVT)
                                                          0.01      0.01       0.36 r
  scaleSoftmax/softmax/n3055 (net)              1                   0.00       0.36 r
  scaleSoftmax/softmax/U2885/ZN (CKND2D3BWP12T30P140LVT)
                                                          0.01      0.01       0.37 f
  scaleSoftmax/softmax/n18710 (net)             3                   0.00       0.37 f
  scaleSoftmax/softmax/U1732/ZN (NR2OPTFAD4BWP12T30P140LVT)
                                                          0.01      0.01       0.38 r
  scaleSoftmax/softmax/n6473 (net)              2                   0.00       0.38 r
  scaleSoftmax/softmax/U2097/ZN (NR3OPTPAD2BWP12T30P140LVT)
                                                          0.01      0.01       0.39 f
  scaleSoftmax/softmax/n6845 (net)              1                   0.00       0.39 f
  scaleSoftmax/softmax/U1706/ZN (NR2OPTPAD2BWP12T30P140LVT)
                                                          0.01      0.01       0.40 r
  scaleSoftmax/softmax/n4574 (net)              1                   0.00       0.40 r
  scaleSoftmax/softmax/U7265/ZN (OAI21D2BWP12T30P140LVT)
                                                          0.01      0.01       0.41 f
  scaleSoftmax/softmax/n4572 (net)              1                   0.00       0.41 f
  scaleSoftmax/softmax/U16689/ZN (AOI21OPTREPBD2BWP12T30P140LVT)
                                                          0.01      0.01       0.42 r
  scaleSoftmax/softmax/n6526 (net)              1                   0.00       0.42 r
  scaleSoftmax/softmax/U8494/ZN (OAI21OPTREPBD2BWP12T30P140LVT)
                                                          0.02      0.01       0.43 f
  scaleSoftmax/softmax/n6538 (net)              1                   0.00       0.43 f
  scaleSoftmax/softmax/U16902/ZN (OAI21OPTPBD4BWP12T30P140LVT)
                                                          0.02      0.01       0.44 r
  scaleSoftmax/softmax/n6730 (net)              1                   0.00       0.44 r
  scaleSoftmax/softmax/U8524/ZN (ND2OPTD12BWP12T30P140LVT)
                                                          0.02      0.02       0.46 f
  scaleSoftmax/softmax/n18684 (net)             8                   0.00       0.46 f
  scaleSoftmax/softmax/U2026/Z (MUX2D4BWP12T30P140LVT)
                                                          0.01      0.03       0.49 r
  scaleSoftmax/softmax/n18845 (net)             2                   0.00       0.49 r
  scaleSoftmax/softmax/U1651/Z (BUFFXD6BWP12T30P140LVT)
                                                          0.01      0.01       0.50 r
  scaleSoftmax/softmax/n4548 (net)              2                   0.00       0.50 r
  scaleSoftmax/softmax/U16986/ZN (INR2D4BWP12T30P140LVT)
                                                          0.01      0.00       0.50 f
  scaleSoftmax/softmax/n6990 (net)              1                   0.00       0.50 f
  scaleSoftmax/softmax/U16886/ZN (NR2OPTPAD2BWP12T30P140LVT)
                                                          0.01      0.01       0.51 r
  scaleSoftmax/softmax/n6386 (net)              1                   0.00       0.51 r
  scaleSoftmax/softmax/U8425/ZN (OAI21OPTREPBD2BWP12T30P140LVT)
                                                          0.01      0.01       0.52 f
  scaleSoftmax/softmax/n1151 (net)              1                   0.00       0.52 f
  scaleSoftmax/softmax/U2048/ZN (ND2D3BWP12T30P140LVT)
                                                          0.01      0.01       0.53 r
  scaleSoftmax/softmax/n4475 (net)              1                   0.00       0.53 r
  scaleSoftmax/softmax/U2140/ZN (AOI21OPTPBD6BWP12T30P140LVT)
                                                          0.02      0.01       0.54 f
  scaleSoftmax/softmax/n7123 (net)              1                   0.00       0.54 f
  scaleSoftmax/softmax/U8928/ZN (INR2D16BWP12T30P140LVT)
                                                          0.02      0.01       0.55 r
  scaleSoftmax/softmax/n1751 (net)             12                   0.00       0.55 r
  scaleSoftmax/softmax/U8979/Z (MUX2D2BWP12T30P140LVT)
                                                          0.01      0.02       0.58 f
  scaleSoftmax/softmax/n18956 (net)             3                   0.00       0.58 f
  scaleSoftmax/softmax/U1558/ZN (INR2D1BWP12T30P140LVT)
                                                          0.02      0.01       0.59 r
  scaleSoftmax/softmax/n18894 (net)             2                   0.00       0.59 r
  scaleSoftmax/softmax/U1530/ZN (INVD1BWP12T30P140LVT)
                                                          0.01      0.01       0.60 f
  scaleSoftmax/softmax/n6379 (net)              1                   0.00       0.60 f
  scaleSoftmax/softmax/U9248/ZN (AOI21OPTPBD2BWP12T30P140LVT)
                                                          0.01      0.01       0.61 r
  scaleSoftmax/softmax/n1998 (net)              1                   0.00       0.61 r
  scaleSoftmax/softmax/U9247/ZN (OAI21OPTREPBD2BWP12T30P140LVT)
                                                          0.01      0.01       0.62 f
  scaleSoftmax/softmax/n4641 (net)              1                   0.00       0.62 f
  scaleSoftmax/softmax/U9396/ZN (AOI21OPTPBD2BWP12T30P140LVT)
                                                          0.02      0.02       0.64 r
  scaleSoftmax/softmax/n18955 (net)             2                   0.00       0.64 r
  scaleSoftmax/softmax/U16699/ZN (ND3OPTPAD2BWP12T30P140LVT)
                                                          0.02      0.02       0.65 f
  scaleSoftmax/softmax/n6520 (net)              1                   0.00       0.65 f
  scaleSoftmax/softmax/U16336/ZN (NR2OPTFAD4BWP12T30P140LVT)
                                                          0.01      0.01       0.66 r
  scaleSoftmax/softmax/n3781 (net)              1                   0.00       0.66 r
  scaleSoftmax/softmax/U1999/ZN (ND2OPTFAD8BWP12T30P140LVT)
                                                          0.01      0.01       0.68 f
  scaleSoftmax/softmax/n18941 (net)             4                   0.00       0.68 f
  scaleSoftmax/softmax/U8376/ZN (CKND16BWP12T30P140LVT)
                                                          0.01      0.01       0.69 r
  scaleSoftmax/softmax/n4526 (net)             12                   0.00       0.69 r
  scaleSoftmax/softmax/U2122/ZN (CKND8BWP12T30P140LVT)
                                                          0.01      0.01       0.69 f
  scaleSoftmax/softmax/n6496 (net)              4                   0.00       0.69 f
  scaleSoftmax/softmax/U8277/Z (MUX2OPTD6BWP12T30P140LVT)
                                                          0.01      0.02       0.71 r
  scaleSoftmax/softmax/n4363 (net)              3                   0.00       0.71 r
  scaleSoftmax/softmax/U8276/ZN (ND2OPTFAD4BWP12T30P140LVT)
                                                          0.01      0.01       0.72 f
  scaleSoftmax/softmax/n2146 (net)              2                   0.00       0.72 f
  scaleSoftmax/softmax/U6882/ZN (ND2D2BWP12T30P140LVT)
                                                          0.01      0.01       0.72 r
  scaleSoftmax/softmax/n1813 (net)              1                   0.00       0.72 r
  scaleSoftmax/softmax/U9007/ZN (ND2OPTPAD2BWP12T30P140LVT)
                                                          0.01      0.01       0.73 f
  scaleSoftmax/softmax/n4724 (net)              1                   0.00       0.73 f
  scaleSoftmax/softmax/U16408/ZN (AOI21OPTPBD2BWP12T30P140LVT)
                                                          0.01      0.01       0.74 r
  scaleSoftmax/softmax/n3746 (net)              1                   0.00       0.74 r
  scaleSoftmax/softmax/U16403/ZN (NR2D2BWP12T30P140LVT)
                                                          0.01      0.01       0.74 f
  scaleSoftmax/softmax/n6187 (net)              1                   0.00       0.74 f
  scaleSoftmax/softmax/U16622/ZN (OAI21D2BWP12T30P140LVT)
                                                          0.01      0.01       0.75 r
  scaleSoftmax/softmax/n6651 (net)              1                   0.00       0.75 r
  scaleSoftmax/softmax/U16932/ZN (AOI21OPTPBD2BWP12T30P140LVT)
                                                          0.02      0.01       0.76 f
  scaleSoftmax/softmax/n6649 (net)              1                   0.00       0.76 f
  scaleSoftmax/softmax/U16646/ZN (NR3OPTD6BWP12T30P140LVT)
                                                          0.03      0.02       0.79 r
  scaleSoftmax/softmax/n19026 (net)             4                   0.00       0.79 r
  scaleSoftmax/softmax/U8752/ZN (CKND8BWP12T30P140LVT)
                                                          0.02      0.01       0.80 f
  scaleSoftmax/softmax/n4468 (net)             14                   0.00       0.80 f
  scaleSoftmax/softmax/U2747/ZN (INR2D2BWP12T30P140LVT)
                                                          0.01      0.01       0.81 r
  scaleSoftmax/softmax/n3691 (net)              1                   0.00       0.81 r
  scaleSoftmax/softmax/U9219/ZN (INVD1P25BWP12T30P140LVT)
                                                          0.01      0.01       0.81 f
  scaleSoftmax/softmax/n4509 (net)              1                   0.00       0.81 f
  scaleSoftmax/softmax/U9265/ZN (OAI21OPTREPBD2BWP12T30P140LVT)
                                                          0.03      0.01       0.82 r
  scaleSoftmax/softmax/n19157 (net)             3                   0.00       0.82 r
  scaleSoftmax/softmax/U1343/ZN (ND2D2BWP12T30P140LVT)
                                                          0.02      0.01       0.83 f
  scaleSoftmax/softmax/n2582 (net)              2                   0.00       0.83 f
  scaleSoftmax/softmax/U2120/ZN (OAI211OPTREPBD2BWP12T30P140LVT)
                                                          0.01      0.01       0.84 r
  scaleSoftmax/softmax/n22 (net)                1                   0.00       0.84 r
  scaleSoftmax/softmax/U1321/ZN (AOI21OPTPBD1BWP12T30P140LVT)
                                                          0.01      0.01       0.85 f
  scaleSoftmax/softmax/n2733 (net)              1                   0.00       0.85 f
  scaleSoftmax/softmax/U2383/ZN (OAI21OPTPBD2BWP12T30P140LVT)
                                                          0.01      0.01       0.86 r
  scaleSoftmax/softmax/n6275 (net)              1                   0.00       0.86 r
  scaleSoftmax/softmax/U5271/ZN (ND2D2BWP12T30P140LVT)
                                                          0.01      0.01       0.87 f
  scaleSoftmax/softmax/n4491 (net)              1                   0.00       0.87 f
  scaleSoftmax/softmax/U6734/ZN (ND2OPTPAD2BWP12T30P140LVT)
                                                          0.01      0.01       0.88 r
  scaleSoftmax/softmax/n6272 (net)              1                   0.00       0.88 r
  scaleSoftmax/softmax/U8619/ZN (AOI21OPTPBD6BWP12T30P140LVT)
                                                          0.02      0.01       0.89 f
  scaleSoftmax/softmax/n1271 (net)              4                   0.00       0.89 f
  scaleSoftmax/softmax/U8617/ZN (NR2OPTPAD16BWP12T30P140LVT)
                                                          0.03      0.02       0.91 r
  scaleSoftmax/softmax/n6472 (net)             30                   0.00       0.91 r
  scaleSoftmax/softmax/U1235/Z (MUX2D4BWP12T30P140LVT)
                                                          0.01      0.03       0.94 r
  scaleSoftmax/softmax/n4372 (net)              3                   0.00       0.94 r
  scaleSoftmax/softmax/U9515/ZN (INR2D4BWP12T30P140LVT)
                                                          0.01      0.01       0.95 f
  scaleSoftmax/softmax/n2301 (net)              3                   0.00       0.95 f
  scaleSoftmax/softmax/U4424/ZN (NR2D2BWP12T30P140LVT)
                                                          0.01      0.01       0.96 r
  scaleSoftmax/softmax/n2786 (net)              1                   0.00       0.96 r
  scaleSoftmax/softmax/U9670/ZN (OAI211OPTREPBD2BWP12T30P140LVT)
                                                          0.02      0.01       0.97 f
  scaleSoftmax/softmax/n2780 (net)              1                   0.00       0.97 f
  scaleSoftmax/softmax/U9699/ZN (AOI21OPTPBD2BWP12T30P140LVT)
                                                          0.02      0.01       0.98 r
  scaleSoftmax/softmax/n2777 (net)              1                   0.00       0.98 r
  scaleSoftmax/softmax/U4140/ZN (OAI21OPTPBD8BWP12T30P140LVT)
                                                          0.02      0.01       1.00 f
  scaleSoftmax/softmax/n3432 (net)              1                   0.00       1.00 f
  scaleSoftmax/softmax/U8773/ZN (ND2OPTFAD16BWP12T30P140LVT)
                                                          0.03      0.02       1.02 r
  scaleSoftmax/softmax/n19267 (net)            40                   0.00       1.02 r
  scaleSoftmax/softmax/U8407/ZN (CKND16BWP12T30P140LVT)
                                                          0.01      0.01       1.03 f
  scaleSoftmax/softmax/n4373 (net)             13                   0.00       1.03 f
  scaleSoftmax/softmax/U8485/Z (MUX2OPTD6BWP12T30P140LVT)
                                                          0.01      0.02       1.05 r
  scaleSoftmax/softmax/n4401 (net)              3                   0.00       1.05 r
  scaleSoftmax/softmax/U8207/ZN (ND2OPTFAD4BWP12T30P140LVT)
                                                          0.02      0.01       1.06 f
  scaleSoftmax/softmax/n941 (net)               2                   0.00       1.06 f
  scaleSoftmax/softmax/U8206/ZN (AOI21OPTPBD2BWP12T30P140LVT)
                                                          0.01      0.01       1.06 r
  scaleSoftmax/softmax/n1677 (net)              1                   0.00       1.06 r
  scaleSoftmax/softmax/U8843/ZN (OAI21OPTPBD2BWP12T30P140LVT)
                                                          0.01      0.01       1.07 f
  scaleSoftmax/softmax/n2867 (net)              1                   0.00       1.07 f
  scaleSoftmax/softmax/U9737/ZN (AOI21OPTPBD2BWP12T30P140LVT)
                                                          0.01      0.01       1.08 r
  scaleSoftmax/softmax/n4254 (net)              1                   0.00       1.08 r
  scaleSoftmax/softmax/U16413/ZN (NR2D4BWP12T30P140LVT)
                                                          0.01      0.01       1.09 f
  scaleSoftmax/softmax/n4057 (net)              1                   0.00       1.09 f
  scaleSoftmax/softmax/U8359/ZN (NR3OPTPAD6BWP12T30P140LVT)
                                                          0.02      0.02       1.11 r
  scaleSoftmax/softmax/n4055 (net)              1                   0.00       1.11 r
  scaleSoftmax/softmax/U3181/ZN (ND2OPTFAD16BWP12T30P140LVT)
                                                          0.02      0.02       1.12 f
  scaleSoftmax/softmax/n4344 (net)             27                   0.00       1.12 f
  scaleSoftmax/softmax/U2139/ZN (CKND6BWP12T30P140LVT)
                                                          0.01      0.01       1.13 r
  scaleSoftmax/softmax/n158 (net)               3                   0.00       1.13 r
  scaleSoftmax/softmax/U2275/ZN (ND2OPTFAD4BWP12T30P140LVT)
                                                          0.01      0.01       1.14 f
  scaleSoftmax/softmax/n1798 (net)              2                   0.00       1.14 f
  scaleSoftmax/softmax/U3191/ZN (INR2D4BWP12T30P140LVT)
                                                          0.01      0.01       1.15 f
  scaleSoftmax/softmax/n6125 (net)              2                   0.00       1.15 f
  scaleSoftmax/softmax/U2623/ZN (INVD4BWP12T30P140LVT)
                                                          0.01      0.01       1.16 r
  scaleSoftmax/softmax/n186 (net)               1                   0.00       1.16 r
  scaleSoftmax/softmax/U2681/ZN (ND2D4BWP12T30P140LVT)
                                                          0.01      0.01       1.17 f
  scaleSoftmax/softmax/n789 (net)               2                   0.00       1.17 f
  scaleSoftmax/softmax/U2856/ZN (NR2D3BWP12T30P140LVT)
                                                          0.01      0.01       1.18 r
  scaleSoftmax/softmax/n19421 (net)             2                   0.00       1.18 r
  scaleSoftmax/softmax/U8761/ZN (ND3OPTFAD4BWP12T30P140LVT)
                                                          0.01      0.01       1.19 f
  scaleSoftmax/softmax/n1530 (net)              1                   0.00       1.19 f
  scaleSoftmax/softmax/U8121/ZN (INR2D16BWP12T30P140LVT)
                                                          0.01      0.02       1.21 f
  scaleSoftmax/softmax/n1632 (net)             15                   0.00       1.21 f
  scaleSoftmax/softmax/U2602/Z (MUX2OPTD6BWP12T30P140LVT)
                                                          0.01      0.02       1.23 r
  scaleSoftmax/softmax/n4180 (net)              3                   0.00       1.23 r
  scaleSoftmax/softmax/U9470/ZN (OAI21OPTREPBD2BWP12T30P140LVT)
                                                          0.01      0.01       1.24 f
  scaleSoftmax/softmax/n2210 (net)              1                   0.00       1.24 f
  scaleSoftmax/softmax/U2649/ZN (AOI21OPTPBD4BWP12T30P140LVT)
                                                          0.01      0.01       1.25 r
  scaleSoftmax/softmax/n822 (net)               2                   0.00       1.25 r
  scaleSoftmax/softmax/U3278/ZN (ND2OPTFAD4BWP12T30P140LVT)
                                                          0.01      0.01       1.26 f
  scaleSoftmax/softmax/n904 (net)               2                   0.00       1.26 f
  scaleSoftmax/softmax/U3352/ZN (NR2OPTPAD2BWP12T30P140LVT)
                                                          0.01      0.01       1.27 r
  scaleSoftmax/softmax/n925 (net)               1                   0.00       1.27 r
  scaleSoftmax/softmax/U2427/ZN (ND3OPTPAD2BWP12T30P140LVT)
                                                          0.02      0.01       1.28 f
  scaleSoftmax/softmax/n107 (net)               1                   0.00       1.28 f
  scaleSoftmax/softmax/U2426/ZN (ND2OPTFAD4BWP12T30P140LVT)
                                                          0.01      0.01       1.29 r
  scaleSoftmax/softmax/n1531 (net)              1                   0.00       1.29 r
  scaleSoftmax/softmax/U2633/ZN (NR2OPTD12BWP12T30P140LVT)
                                                          0.01      0.01       1.30 f
  scaleSoftmax/softmax/n4353 (net)              9                   0.00       1.30 f
  scaleSoftmax/softmax/U8749/ZN (AOI21OPTPBD4BWP12T30P140LVT)
                                                          0.01      0.01       1.31 r
  scaleSoftmax/softmax/n5038 (net)              1                   0.00       1.31 r
  scaleSoftmax/softmax/U2501/ZN (ND2OPTFAD6BWP12T30P140LVT)
                                                          0.02      0.01       1.32 f
  scaleSoftmax/softmax/n1129 (net)              2                   0.00       1.32 f
  scaleSoftmax/softmax/U8289/ZN (NR2D16BWP12T30P140LVT)
                                                          0.02      0.02       1.34 r
  scaleSoftmax/softmax/n6669 (net)             17                   0.00       1.34 r
  scaleSoftmax/softmax/U2132/Z (BUFFXD6BWP12T30P140LVT)
                                                          0.01      0.01       1.36 r
  scaleSoftmax/softmax/n379 (net)               3                   0.00       1.36 r
  scaleSoftmax/softmax/U8786/ZN (OAI22OPTPBD4BWP12T30P140LVT)
                                                          0.02      0.01       1.37 f
  scaleSoftmax/softmax/n19579 (net)             3                   0.00       1.37 f
  scaleSoftmax/softmax/U701/ZN (NR2D2BWP12T30P140LVT)     0.01      0.01       1.38 r
  scaleSoftmax/softmax/n99 (net)                1                   0.00       1.38 r
  scaleSoftmax/softmax/U2404/ZN (AOI21OPTPBD2BWP12T30P140LVT)
                                                          0.01      0.01       1.39 f
  scaleSoftmax/softmax/n4278 (net)              1                   0.00       1.39 f
  scaleSoftmax/softmax/U2912/ZN (NR2D2BWP12T30P140LVT)
                                                          0.01      0.01       1.40 r
  scaleSoftmax/softmax/n1579 (net)              1                   0.00       1.40 r
  scaleSoftmax/softmax/U6104/ZN (OAI21D2BWP12T30P140LVT)
                                                          0.02      0.01       1.41 f
  scaleSoftmax/softmax/n3878 (net)              1                   0.00       1.41 f
  scaleSoftmax/softmax/U8849/ZN (AOI21D4BWP12T30P140LVT)
                                                          0.02      0.01       1.42 r
  scaleSoftmax/softmax/n4018 (net)              1                   0.00       1.42 r
  scaleSoftmax/softmax/U8070/ZN (NR2D8BWP12T30P140LVT)
                                                          0.01      0.01       1.43 f
  scaleSoftmax/softmax/n711 (net)               3                   0.00       1.43 f
  scaleSoftmax/softmax/U8068/ZN (ND2OPTFAD16BWP12T30P140LVT)
                                                          0.02      0.01       1.44 r
  scaleSoftmax/softmax/n3169 (net)             18                   0.00       1.44 r
  scaleSoftmax/softmax/U2919/ZN (CKND16BWP12T30P140LVT)
                                                          0.01      0.01       1.45 f
  scaleSoftmax/softmax/n4151 (net)             12                   0.00       1.45 f
  scaleSoftmax/softmax/U2833/Z (MUX2OPTD6BWP12T30P140LVT)
                                                          0.01      0.02       1.47 r
  scaleSoftmax/softmax/n19763 (net)             3                   0.00       1.47 r
  scaleSoftmax/softmax/U2832/ZN (ND2OPTPAD2BWP12T30P140LVT)
                                                          0.01      0.01       1.48 f
  scaleSoftmax/softmax/n1322 (net)              1                   0.00       1.48 f
  scaleSoftmax/softmax/U2936/ZN (INVD4BWP12T30P140LVT)
                                                          0.01      0.01       1.49 r
  scaleSoftmax/softmax/n937 (net)               1                   0.00       1.49 r
  scaleSoftmax/softmax/U2783/ZN (NR2OPTFAD4BWP12T30P140LVT)
                                                          0.01      0.01       1.50 f
  scaleSoftmax/softmax/n936 (net)               1                   0.00       1.50 f
  scaleSoftmax/softmax/U8203/ZN (AOI21OPTPBD2BWP12T30P140LVT)
                                                          0.01      0.01       1.51 r
  scaleSoftmax/softmax/n934 (net)               1                   0.00       1.51 r
  scaleSoftmax/softmax/U8200/ZN (NR2OPTPAD2BWP12T30P140LVT)
                                                          0.01      0.01       1.51 f
  scaleSoftmax/softmax/n1026 (net)              1                   0.00       1.51 f
  scaleSoftmax/softmax/U8245/ZN (INR2D4BWP12T30P140LVT)
                                                          0.01      0.01       1.52 r
  scaleSoftmax/softmax/n1035 (net)              1                   0.00       1.52 r
  scaleSoftmax/softmax/U4135/ZN (NR2D8BWP12T30P140LVT)
                                                          0.01      0.01       1.53 f
  scaleSoftmax/softmax/n4065 (net)              1                   0.00       1.53 f
  scaleSoftmax/softmax/U16539/ZN (ND2OPTFAD16BWP12T30P140LVT)
                                                          0.02      0.02       1.55 r
  scaleSoftmax/softmax/n19725 (net)            35                   0.00       1.55 r
  scaleSoftmax/softmax/U2010/Z (MUX2OPTD4BWP12T30P140LVT)
                                                          0.01      0.03       1.57 f
  scaleSoftmax/softmax/n19872 (net)             3                   0.00       1.57 f
  scaleSoftmax/softmax/U8133/ZN (INR2D8BWP12T30P140LVT)
                                                          0.01      0.01       1.58 r
  scaleSoftmax/softmax/n2396 (net)              3                   0.00       1.58 r
  scaleSoftmax/softmax/U396/ZN (INR2D1BWP12T30P140LVT)
                                                          0.01      0.01       1.59 f
  scaleSoftmax/softmax/n1481 (net)              1                   0.00       1.59 f
  scaleSoftmax/softmax/U8713/ZN (AOI21OPTPBD2BWP12T30P140LVT)
                                                          0.02      0.01       1.60 r
  scaleSoftmax/softmax/n1567 (net)              1                   0.00       1.60 r
  scaleSoftmax/softmax/U8210/ZN (ND2OPTPAD2BWP12T30P140LVT)
                                                          0.01      0.01       1.61 f
  scaleSoftmax/softmax/n946 (net)               1                   0.00       1.61 f
  scaleSoftmax/softmax/U2384/ZN (AOI21OPTPBD4BWP12T30P140LVT)
                                                          0.02      0.01       1.62 r
  scaleSoftmax/softmax/n945 (net)               1                   0.00       1.62 r
  scaleSoftmax/softmax/U8208/ZN (AOI21OPTPBD6BWP12T30P140LVT)
                                                          0.02      0.01       1.63 f
  scaleSoftmax/softmax/n3921 (net)              1                   0.00       1.63 f
  scaleSoftmax/softmax/U3194/ZN (NR2D16BWP12T30P140LVT)
                                                          0.02      0.02       1.65 r
  scaleSoftmax/softmax/n19838 (net)            16                   0.00       1.65 r
  scaleSoftmax/softmax/U16460/ZN (ND2OPTPAD2BWP12T30P140LVT)
                                                          0.02      0.01       1.66 f
  scaleSoftmax/softmax/n4758 (net)              1                   0.00       1.66 f
  scaleSoftmax/softmax/U8774/ZN (ND2OPTFAD4BWP12T30P140LVT)
                                                          0.01      0.01       1.67 r
  scaleSoftmax/softmax/n19981 (net)             3                   0.00       1.67 r
  scaleSoftmax/softmax/U9290/ZN (ND2OPTFAD6BWP12T30P140LVT)
                                                          0.01      0.01       1.68 f
  scaleSoftmax/softmax/n4729 (net)              2                   0.00       1.68 f
  scaleSoftmax/softmax/U8254/ZN (ND2OPTFAD4BWP12T30P140LVT)
                                                          0.01      0.01       1.69 r
  scaleSoftmax/softmax/n1040 (net)              2                   0.00       1.69 r
  scaleSoftmax/softmax/U8253/ZN (OAI21OPTREPBD2BWP12T30P140LVT)
                                                          0.01      0.01       1.70 f
  scaleSoftmax/softmax/n1568 (net)              1                   0.00       1.70 f
  scaleSoftmax/softmax/U8811/ZN (ND2D3BWP12T30P140LVT)
                                                          0.01      0.01       1.71 r
  scaleSoftmax/softmax/n4516 (net)              1                   0.00       1.71 r
  scaleSoftmax/softmax/U16483/ZN (ND3OPTFAD4BWP12T30P140LVT)
                                                          0.01      0.01       1.72 f
  scaleSoftmax/softmax/n4944 (net)              1                   0.00       1.72 f
  scaleSoftmax/softmax/U16769/ZN (AOI21OPTPBD2BWP12T30P140LVT)
                                                          0.01      0.01       1.73 r
  scaleSoftmax/softmax/n6616 (net)              1                   0.00       1.73 r
  scaleSoftmax/softmax/U16750/ZN (ND3OPTPAD2BWP12T30P140LVT)
                                                          0.02      0.01       1.74 f
  scaleSoftmax/softmax/n19964 (net)             1                   0.00       1.74 f
  scaleSoftmax/softmax/U16675/ZN (AOI21OPTPBD4BWP12T30P140LVT)
                                                          0.02      0.01       1.75 r
  scaleSoftmax/softmax/n19980 (net)             2                   0.00       1.75 r
  scaleSoftmax/softmax/U8898/ZN (CKND8BWP12T30P140LVT)
                                                          0.01      0.01       1.76 f
  scaleSoftmax/softmax/n4415 (net)              8                   0.00       1.76 f
  scaleSoftmax/softmax/U2802/ZN (CKND8BWP12T30P140LVT)
                                                          0.01      0.01       1.77 r
  scaleSoftmax/softmax/n1189 (net)              5                   0.00       1.77 r
  scaleSoftmax/softmax/U2186/ZN (ND2OPTPAD4BWP12T30P140LVT)
                                                          0.01      0.01       1.78 f
  scaleSoftmax/softmax/n2802 (net)              1                   0.00       1.78 f
  scaleSoftmax/softmax/U9704/ZN (OAI21OPTPBD2BWP12T30P140LVT)
                                                          0.01      0.01       1.79 r
  scaleSoftmax/softmax/n20006 (net)             3                   0.00       1.79 r
  scaleSoftmax/softmax/U143/ZN (ND2D2BWP12T30P140LVT)     0.01      0.01       1.80 f
  scaleSoftmax/softmax/n6948 (net)              2                   0.00       1.80 f
  scaleSoftmax/softmax/U8890/ZN (AOI31D2BWP12T30P140LVT)
                                                          0.02      0.01       1.81 r
  scaleSoftmax/softmax/n4669 (net)              1                   0.00       1.81 r
  scaleSoftmax/softmax/U9364/ZN (NR2D2BWP12T30P140LVT)
                                                          0.01      0.01       1.82 f
  scaleSoftmax/softmax/n4470 (net)              1                   0.00       1.82 f
  scaleSoftmax/softmax/U8778/ZN (OAI21D2BWP12T30P140LVT)
                                                          0.01      0.01       1.83 r
  scaleSoftmax/softmax/n4904 (net)              1                   0.00       1.83 r
  scaleSoftmax/softmax/U16746/ZN (AOI21OPTPBD2BWP12T30P140LVT)
                                                          0.01      0.01       1.84 f
  scaleSoftmax/softmax/n4902 (net)              1                   0.00       1.84 f
  scaleSoftmax/softmax/U4124/ZN (NR2D4BWP12T30P140LVT)
                                                          0.01      0.01       1.85 r
  scaleSoftmax/softmax/n7083 (net)              1                   0.00       1.85 r
  scaleSoftmax/softmax/U2366/ZN (ND2OPTFAD6BWP12T30P140LVT)
                                                          0.01      0.01       1.85 f
  scaleSoftmax/softmax/n3806 (net)              2                   0.00       1.85 f
  scaleSoftmax/softmax/U4131/ZN (INR2D8BWP12T30P140LVT)
                                                          0.01      0.01       1.87 r
  scaleSoftmax/softmax/n20124 (net)             4                   0.00       1.87 r
  scaleSoftmax/softmax/U9209/ZN (CKND12BWP12T30P140LVT)
                                                          0.01      0.01       1.88 f
  scaleSoftmax/softmax/n7092 (net)             12                   0.00       1.88 f
  scaleSoftmax/softmax/U73/ZN (INR2D8BWP12T30P140LVT)     0.01      0.01       1.89 r
  scaleSoftmax/softmax/n4987 (net)              7                   0.00       1.89 r
  scaleSoftmax/softmax/U16775/ZN (AOI21OPTPBD2BWP12T30P140LVT)
                                                          0.01      0.01       1.89 f
  scaleSoftmax/softmax/n40239 (net)             1                   0.00       1.89 f
  scaleSoftmax/softmax/U2019/ZN (NR2OPTPAD1BWP12T30P140LVT)
                                                          0.01      0.01       1.90 r
  scaleSoftmax/softmax/n5892 (net)              1                   0.00       1.90 r
  scaleSoftmax/softmax/maximumUpdates_reg[30]/D (DFQD2BWP12T30P140LVT)
                                                          0.01      0.00       1.90 r
  data arrival time                                                            1.90

  clock clk (rise edge)                                             2.00       2.00
  clock network delay (ideal)                                       0.00       2.00
  clock uncertainty                                                -0.10       1.90
  scaleSoftmax/softmax/maximumUpdates_reg[30]/CP (DFQD2BWP12T30P140LVT)
                                                                    0.00       1.90 r
  library setup time                                               -0.01       1.89
  data required time                                                           1.89
  ------------------------------------------------------------------------------------
  data required time                                                           1.89
  data arrival time                                                           -1.90
  ------------------------------------------------------------------------------------
  slack (VIOLATED)                                                            -0.02


  Startpoint: scaleSoftmax/softmax/packCountReg_reg[0]
              (rising edge-triggered flip-flop clocked by clk)
  Endpoint: scaleSoftmax/softmax/maximumUpdates_reg[32]
            (rising edge-triggered flip-flop clocked by clk)
  Path Group: clk
  Path Type: max

  Des/Clust/Port     Wire Load Model       Library
  ------------------------------------------------
  AttentionFeaturePacketizer_0
                     ZeroWireload          tcbn28hpcplusbwp12t30p140lvtssg0p81v125c
  PackDescriptorDecoder_1
                     ZeroWireload          tcbn28hpcplusbwp12t30p140lvtssg0p81v125c
  PackDescriptorDecoder
                     ZeroWireload          tcbn28hpcplusbwp12t30p140lvtssg0p81v125c
  BufferedPackMetadataDequantizer_1
                     ZeroWireload          tcbn28hpcplusbwp12t30p140lvtssg0p81v125c
  DynamicBitUnpacker_1
                     ZeroWireload          tcbn28hpcplusbwp12t30p140lvtssg0p81v125c
  BufferedPackMetadataDequantizer
                     ZeroWireload          tcbn28hpcplusbwp12t30p140lvtssg0p81v125c
  DynamicBitUnpacker ZeroWireload          tcbn28hpcplusbwp12t30p140lvtssg0p81v125c
  KvStreamDequantizer_1
                     ZeroWireload          tcbn28hpcplusbwp12t30p140lvtssg0p81v125c
  KvStreamDequantizer
                     ZeroWireload          tcbn28hpcplusbwp12t30p140lvtssg0p81v125c
  DecompressionPipelineController_1
                     ZeroWireload          tcbn28hpcplusbwp12t30p140lvtssg0p81v125c
  DecompressionPipelineController
                     ZeroWireload          tcbn28hpcplusbwp12t30p140lvtssg0p81v125c
  QkDotProductAccumulator
                     ZeroWireload          tcbn28hpcplusbwp12t30p140lvtssg0p81v125c
  QueryReplayBuffer  ZeroWireload          tcbn28hpcplusbwp12t30p140lvtssg0p81v125c
  AttentionFeaturePacketizer_1
                     ZeroWireload          tcbn28hpcplusbwp12t30p140lvtssg0p81v125c
  DualKvDecompressionController
                     ZeroWireload          tcbn28hpcplusbwp12t30p140lvtssg0p81v125c
  SoftmaxVAccumulator
                     ZeroWireload          tcbn28hpcplusbwp12t30p140lvtssg0p81v125c
  StreamingSoftmax   ZeroWireload          tcbn28hpcplusbwp12t30p140lvtssg0p81v125c
  AttentionScaleUnit ZeroWireload          tcbn28hpcplusbwp12t30p140lvtssg0p81v125c
  AvOutputQuantizer  ZeroWireload          tcbn28hpcplusbwp12t30p140lvtssg0p81v125c
  BriskKvAttentionTop
                     ZeroWireload          tcbn28hpcplusbwp12t30p140lvtssg0p81v125c

  Point                                       Fanout     Trans      Incr       Path
  ------------------------------------------------------------------------------------
  clock clk (rise edge)                                             0.00       0.00
  clock network delay (ideal)                                       0.00       0.00
  scaleSoftmax/softmax/packCountReg_reg[0]/CP (DFQOPTMAD8BWP12T30P140LVT)
                                                          0.00      0.00 #     0.00 r
  scaleSoftmax/softmax/packCountReg_reg[0]/Q (DFQOPTMAD8BWP12T30P140LVT)
                                                          0.01      0.02       0.02 f
  scaleSoftmax/softmax/packCountReg[0] (net)
                                                5                   0.00       0.02 f
  scaleSoftmax/softmax/U16327/ZN (NR2OPTD12BWP12T30P140LVT)
                                                          0.01      0.01       0.03 r
  scaleSoftmax/softmax/n4197 (net)              1                   0.00       0.03 r
  scaleSoftmax/softmax/U4071/ZN (ND3OPTFAD16BWP12T30P140LVT)
                                                          0.01      0.01       0.04 f
  scaleSoftmax/softmax/n6641 (net)              1                   0.00       0.04 f
  scaleSoftmax/softmax/U16385/ZN (NR2OPTPAD16BWP12T30P140LVT)
                                                          0.02      0.01       0.06 r
  scaleSoftmax/softmax/n6989 (net)             11                   0.00       0.06 r
  scaleSoftmax/softmax/U1973/ZN (ND2OPTD6BWP12T30P140LVT)
                                                          0.01      0.01       0.07 f
  scaleSoftmax/softmax/n27900 (net)             3                   0.00       0.07 f
  scaleSoftmax/softmax/U3042/ZN (AOI21OPTREPBD2BWP12T30P140LVT)
                                                          0.01      0.01       0.08 r
  scaleSoftmax/softmax/n298 (net)               1                   0.00       0.08 r
  scaleSoftmax/softmax/U3041/ZN (NR2D3BWP12T30P140LVT)
                                                          0.01      0.01       0.08 f
  scaleSoftmax/softmax/n3693 (net)              1                   0.00       0.08 f
  scaleSoftmax/softmax/U16282/ZN (ND2OPTFAD4BWP12T30P140LVT)
                                                          0.01      0.01       0.09 r
  scaleSoftmax/softmax/n3654 (net)              2                   0.00       0.09 r
  scaleSoftmax/softmax/U8918/ZN (NR3OPTFAD4BWP12T30P140LVT)
                                                          0.01      0.01       0.10 f
  scaleSoftmax/softmax/n4748 (net)              1                   0.00       0.10 f
  scaleSoftmax/softmax/U16710/ZN (ND2OPTFAD4BWP12T30P140LVT)
                                                          0.01      0.01       0.11 r
  scaleSoftmax/softmax/n4747 (net)              1                   0.00       0.11 r
  scaleSoftmax/softmax/U9152/ZN (NR2OPTD12BWP12T30P140LVT)
                                                          0.01      0.01       0.12 f
  scaleSoftmax/softmax/n4745 (net)              2                   0.00       0.12 f
  scaleSoftmax/softmax/U2510/ZN (ND2OPTFAD16BWP12T30P140LVT)
                                                          0.02      0.02       0.14 r
  scaleSoftmax/softmax/n6944 (net)             24                   0.00       0.14 r
  scaleSoftmax/softmax/U9041/ZN (ND2D4BWP12T30P140LVT)
                                                          0.01      0.01       0.15 f
  scaleSoftmax/softmax/n3809 (net)              1                   0.00       0.15 f
  scaleSoftmax/softmax/U3085/ZN (INVD4BWP12T30P140LVT)
                                                          0.01      0.01       0.15 r
  scaleSoftmax/softmax/n18388 (net)             3                   0.00       0.15 r
  scaleSoftmax/softmax/U9632/ZN (NR2OPTPAD2BWP12T30P140LVT)
                                                          0.01      0.01       0.16 f
  scaleSoftmax/softmax/n2576 (net)              2                   0.00       0.16 f
  scaleSoftmax/softmax/U9542/ZN (OAI21D2BWP12T30P140LVT)
                                                          0.01      0.01       0.17 r
  scaleSoftmax/softmax/n2569 (net)              1                   0.00       0.17 r
  scaleSoftmax/softmax/U9624/ZN (AOI21OPTPBD2BWP12T30P140LVT)
                                                          0.01      0.01       0.18 f
  scaleSoftmax/softmax/n3706 (net)              1                   0.00       0.18 f
  scaleSoftmax/softmax/U9099/ZN (NR2D4BWP12T30P140LVT)
                                                          0.01      0.01       0.20 r
  scaleSoftmax/softmax/n4249 (net)              1                   0.00       0.20 r
  scaleSoftmax/softmax/U16454/ZN (NR3OPTFAD4BWP12T30P140LVT)
                                                          0.01      0.01       0.21 f
  scaleSoftmax/softmax/n4248 (net)              1                   0.00       0.21 f
  scaleSoftmax/softmax/U4139/ZN (NR2D8BWP12T30P140LVT)
                                                          0.02      0.01       0.22 r
  scaleSoftmax/softmax/n4243 (net)              1                   0.00       0.22 r
  scaleSoftmax/softmax/U2946/ZN (NR2OPTPAD16BWP12T30P140LVT)
                                                          0.02      0.01       0.24 f
  scaleSoftmax/softmax/n6703 (net)             31                   0.00       0.24 f
  scaleSoftmax/softmax/U9805/Z (MUX2OPTD4BWP12T30P140LVT)
                                                          0.01      0.02       0.26 r
  scaleSoftmax/softmax/n3041 (net)              3                   0.00       0.26 r
  scaleSoftmax/softmax/U5717/ZN (ND2OPTFAD4BWP12T30P140LVT)
                                                          0.01      0.01       0.27 f
  scaleSoftmax/softmax/n2269 (net)              2                   0.00       0.27 f
  scaleSoftmax/softmax/U9222/ZN (AOI21OPTPBD2BWP12T30P140LVT)
                                                          0.01      0.01       0.28 r
  scaleSoftmax/softmax/n18507 (net)             1                   0.00       0.28 r
  scaleSoftmax/softmax/U9715/ZN (OAI21OPTREPBD2BWP12T30P140LVT)
                                                          0.01      0.01       0.29 f
  scaleSoftmax/softmax/n18509 (net)             1                   0.00       0.29 f
  scaleSoftmax/softmax/U9814/ZN (AOI21OPTPBD2BWP12T30P140LVT)
                                                          0.01      0.01       0.30 r
  scaleSoftmax/softmax/n3065 (net)              1                   0.00       0.30 r
  scaleSoftmax/softmax/U9813/ZN (OAI21OPTPBD2BWP12T30P140LVT)
                                                          0.01      0.01       0.31 f
  scaleSoftmax/softmax/n3064 (net)              1                   0.00       0.31 f
  scaleSoftmax/softmax/U2800/ZN (NR2OPTPAD2BWP12T30P140LVT)
                                                          0.01      0.01       0.33 r
  scaleSoftmax/softmax/n228 (net)               1                   0.00       0.33 r
  scaleSoftmax/softmax/U2799/ZN (NR2OPTD6BWP12T30P140LVT)
                                                          0.01      0.01       0.33 f
  scaleSoftmax/softmax/n226 (net)               1                   0.00       0.33 f
  scaleSoftmax/softmax/U2798/ZN (INR2D16BWP12T30P140LVT)
                                                          0.03      0.02       0.35 r
  scaleSoftmax/softmax/n4484 (net)             32                   0.00       0.35 r
  scaleSoftmax/softmax/U1771/ZN (INR2D2BWP12T30P140LVT)
                                                          0.01      0.01       0.36 f
  scaleSoftmax/softmax/n1956 (net)              1                   0.00       0.36 f
  scaleSoftmax/softmax/U7313/ZN (INVD2BWP12T30P140LVT)
                                                          0.01      0.01       0.36 r
  scaleSoftmax/softmax/n3055 (net)              1                   0.00       0.36 r
  scaleSoftmax/softmax/U2885/ZN (CKND2D3BWP12T30P140LVT)
                                                          0.01      0.01       0.37 f
  scaleSoftmax/softmax/n18710 (net)             3                   0.00       0.37 f
  scaleSoftmax/softmax/U1732/ZN (NR2OPTFAD4BWP12T30P140LVT)
                                                          0.01      0.01       0.38 r
  scaleSoftmax/softmax/n6473 (net)              2                   0.00       0.38 r
  scaleSoftmax/softmax/U2097/ZN (NR3OPTPAD2BWP12T30P140LVT)
                                                          0.01      0.01       0.39 f
  scaleSoftmax/softmax/n6845 (net)              1                   0.00       0.39 f
  scaleSoftmax/softmax/U1706/ZN (NR2OPTPAD2BWP12T30P140LVT)
                                                          0.01      0.01       0.40 r
  scaleSoftmax/softmax/n4574 (net)              1                   0.00       0.40 r
  scaleSoftmax/softmax/U7265/ZN (OAI21D2BWP12T30P140LVT)
                                                          0.01      0.01       0.41 f
  scaleSoftmax/softmax/n4572 (net)              1                   0.00       0.41 f
  scaleSoftmax/softmax/U16689/ZN (AOI21OPTREPBD2BWP12T30P140LVT)
                                                          0.01      0.01       0.42 r
  scaleSoftmax/softmax/n6526 (net)              1                   0.00       0.42 r
  scaleSoftmax/softmax/U8494/ZN (OAI21OPTREPBD2BWP12T30P140LVT)
                                                          0.02      0.01       0.43 f
  scaleSoftmax/softmax/n6538 (net)              1                   0.00       0.43 f
  scaleSoftmax/softmax/U16902/ZN (OAI21OPTPBD4BWP12T30P140LVT)
                                                          0.02      0.01       0.44 r
  scaleSoftmax/softmax/n6730 (net)              1                   0.00       0.44 r
  scaleSoftmax/softmax/U8524/ZN (ND2OPTD12BWP12T30P140LVT)
                                                          0.02      0.02       0.46 f
  scaleSoftmax/softmax/n18684 (net)             8                   0.00       0.46 f
  scaleSoftmax/softmax/U2026/Z (MUX2D4BWP12T30P140LVT)
                                                          0.01      0.03       0.49 r
  scaleSoftmax/softmax/n18845 (net)             2                   0.00       0.49 r
  scaleSoftmax/softmax/U1651/Z (BUFFXD6BWP12T30P140LVT)
                                                          0.01      0.01       0.50 r
  scaleSoftmax/softmax/n4548 (net)              2                   0.00       0.50 r
  scaleSoftmax/softmax/U16986/ZN (INR2D4BWP12T30P140LVT)
                                                          0.01      0.00       0.50 f
  scaleSoftmax/softmax/n6990 (net)              1                   0.00       0.50 f
  scaleSoftmax/softmax/U16886/ZN (NR2OPTPAD2BWP12T30P140LVT)
                                                          0.01      0.01       0.51 r
  scaleSoftmax/softmax/n6386 (net)              1                   0.00       0.51 r
  scaleSoftmax/softmax/U8425/ZN (OAI21OPTREPBD2BWP12T30P140LVT)
                                                          0.01      0.01       0.52 f
  scaleSoftmax/softmax/n1151 (net)              1                   0.00       0.52 f
  scaleSoftmax/softmax/U2048/ZN (ND2D3BWP12T30P140LVT)
                                                          0.01      0.01       0.53 r
  scaleSoftmax/softmax/n4475 (net)              1                   0.00       0.53 r
  scaleSoftmax/softmax/U2140/ZN (AOI21OPTPBD6BWP12T30P140LVT)
                                                          0.02      0.01       0.54 f
  scaleSoftmax/softmax/n7123 (net)              1                   0.00       0.54 f
  scaleSoftmax/softmax/U8928/ZN (INR2D16BWP12T30P140LVT)
                                                          0.02      0.01       0.55 r
  scaleSoftmax/softmax/n1751 (net)             12                   0.00       0.55 r
  scaleSoftmax/softmax/U8979/Z (MUX2D2BWP12T30P140LVT)
                                                          0.01      0.02       0.58 f
  scaleSoftmax/softmax/n18956 (net)             3                   0.00       0.58 f
  scaleSoftmax/softmax/U1558/ZN (INR2D1BWP12T30P140LVT)
                                                          0.02      0.01       0.59 r
  scaleSoftmax/softmax/n18894 (net)             2                   0.00       0.59 r
  scaleSoftmax/softmax/U1530/ZN (INVD1BWP12T30P140LVT)
                                                          0.01      0.01       0.60 f
  scaleSoftmax/softmax/n6379 (net)              1                   0.00       0.60 f
  scaleSoftmax/softmax/U9248/ZN (AOI21OPTPBD2BWP12T30P140LVT)
                                                          0.01      0.01       0.61 r
  scaleSoftmax/softmax/n1998 (net)              1                   0.00       0.61 r
  scaleSoftmax/softmax/U9247/ZN (OAI21OPTREPBD2BWP12T30P140LVT)
                                                          0.01      0.01       0.62 f
  scaleSoftmax/softmax/n4641 (net)              1                   0.00       0.62 f
  scaleSoftmax/softmax/U9396/ZN (AOI21OPTPBD2BWP12T30P140LVT)
                                                          0.02      0.02       0.64 r
  scaleSoftmax/softmax/n18955 (net)             2                   0.00       0.64 r
  scaleSoftmax/softmax/U16699/ZN (ND3OPTPAD2BWP12T30P140LVT)
                                                          0.02      0.02       0.65 f
  scaleSoftmax/softmax/n6520 (net)              1                   0.00       0.65 f
  scaleSoftmax/softmax/U16336/ZN (NR2OPTFAD4BWP12T30P140LVT)
                                                          0.01      0.01       0.66 r
  scaleSoftmax/softmax/n3781 (net)              1                   0.00       0.66 r
  scaleSoftmax/softmax/U1999/ZN (ND2OPTFAD8BWP12T30P140LVT)
                                                          0.01      0.01       0.68 f
  scaleSoftmax/softmax/n18941 (net)             4                   0.00       0.68 f
  scaleSoftmax/softmax/U8376/ZN (CKND16BWP12T30P140LVT)
                                                          0.01      0.01       0.69 r
  scaleSoftmax/softmax/n4526 (net)             12                   0.00       0.69 r
  scaleSoftmax/softmax/U2122/ZN (CKND8BWP12T30P140LVT)
                                                          0.01      0.01       0.69 f
  scaleSoftmax/softmax/n6496 (net)              4                   0.00       0.69 f
  scaleSoftmax/softmax/U8277/Z (MUX2OPTD6BWP12T30P140LVT)
                                                          0.01      0.02       0.71 r
  scaleSoftmax/softmax/n4363 (net)              3                   0.00       0.71 r
  scaleSoftmax/softmax/U8276/ZN (ND2OPTFAD4BWP12T30P140LVT)
                                                          0.01      0.01       0.72 f
  scaleSoftmax/softmax/n2146 (net)              2                   0.00       0.72 f
  scaleSoftmax/softmax/U6882/ZN (ND2D2BWP12T30P140LVT)
                                                          0.01      0.01       0.72 r
  scaleSoftmax/softmax/n1813 (net)              1                   0.00       0.72 r
  scaleSoftmax/softmax/U9007/ZN (ND2OPTPAD2BWP12T30P140LVT)
                                                          0.01      0.01       0.73 f
  scaleSoftmax/softmax/n4724 (net)              1                   0.00       0.73 f
  scaleSoftmax/softmax/U16408/ZN (AOI21OPTPBD2BWP12T30P140LVT)
                                                          0.01      0.01       0.74 r
  scaleSoftmax/softmax/n3746 (net)              1                   0.00       0.74 r
  scaleSoftmax/softmax/U16403/ZN (NR2D2BWP12T30P140LVT)
                                                          0.01      0.01       0.74 f
  scaleSoftmax/softmax/n6187 (net)              1                   0.00       0.74 f
  scaleSoftmax/softmax/U16622/ZN (OAI21D2BWP12T30P140LVT)
                                                          0.01      0.01       0.75 r
  scaleSoftmax/softmax/n6651 (net)              1                   0.00       0.75 r
  scaleSoftmax/softmax/U16932/ZN (AOI21OPTPBD2BWP12T30P140LVT)
                                                          0.02      0.01       0.76 f
  scaleSoftmax/softmax/n6649 (net)              1                   0.00       0.76 f
  scaleSoftmax/softmax/U16646/ZN (NR3OPTD6BWP12T30P140LVT)
                                                          0.03      0.02       0.79 r
  scaleSoftmax/softmax/n19026 (net)             4                   0.00       0.79 r
  scaleSoftmax/softmax/U8752/ZN (CKND8BWP12T30P140LVT)
                                                          0.02      0.01       0.80 f
  scaleSoftmax/softmax/n4468 (net)             14                   0.00       0.80 f
  scaleSoftmax/softmax/U2747/ZN (INR2D2BWP12T30P140LVT)
                                                          0.01      0.01       0.81 r
  scaleSoftmax/softmax/n3691 (net)              1                   0.00       0.81 r
  scaleSoftmax/softmax/U9219/ZN (INVD1P25BWP12T30P140LVT)
                                                          0.01      0.01       0.81 f
  scaleSoftmax/softmax/n4509 (net)              1                   0.00       0.81 f
  scaleSoftmax/softmax/U9265/ZN (OAI21OPTREPBD2BWP12T30P140LVT)
                                                          0.03      0.01       0.82 r
  scaleSoftmax/softmax/n19157 (net)             3                   0.00       0.82 r
  scaleSoftmax/softmax/U1343/ZN (ND2D2BWP12T30P140LVT)
                                                          0.02      0.01       0.83 f
  scaleSoftmax/softmax/n2582 (net)              2                   0.00       0.83 f
  scaleSoftmax/softmax/U2120/ZN (OAI211OPTREPBD2BWP12T30P140LVT)
                                                          0.01      0.01       0.84 r
  scaleSoftmax/softmax/n22 (net)                1                   0.00       0.84 r
  scaleSoftmax/softmax/U1321/ZN (AOI21OPTPBD1BWP12T30P140LVT)
                                                          0.01      0.01       0.85 f
  scaleSoftmax/softmax/n2733 (net)              1                   0.00       0.85 f
  scaleSoftmax/softmax/U2383/ZN (OAI21OPTPBD2BWP12T30P140LVT)
                                                          0.01      0.01       0.86 r
  scaleSoftmax/softmax/n6275 (net)              1                   0.00       0.86 r
  scaleSoftmax/softmax/U5271/ZN (ND2D2BWP12T30P140LVT)
                                                          0.01      0.01       0.87 f
  scaleSoftmax/softmax/n4491 (net)              1                   0.00       0.87 f
  scaleSoftmax/softmax/U6734/ZN (ND2OPTPAD2BWP12T30P140LVT)
                                                          0.01      0.01       0.88 r
  scaleSoftmax/softmax/n6272 (net)              1                   0.00       0.88 r
  scaleSoftmax/softmax/U8619/ZN (AOI21OPTPBD6BWP12T30P140LVT)
                                                          0.02      0.01       0.89 f
  scaleSoftmax/softmax/n1271 (net)              4                   0.00       0.89 f
  scaleSoftmax/softmax/U8617/ZN (NR2OPTPAD16BWP12T30P140LVT)
                                                          0.03      0.02       0.91 r
  scaleSoftmax/softmax/n6472 (net)             30                   0.00       0.91 r
  scaleSoftmax/softmax/U1235/Z (MUX2D4BWP12T30P140LVT)
                                                          0.01      0.03       0.94 r
  scaleSoftmax/softmax/n4372 (net)              3                   0.00       0.94 r
  scaleSoftmax/softmax/U9515/ZN (INR2D4BWP12T30P140LVT)
                                                          0.01      0.01       0.95 f
  scaleSoftmax/softmax/n2301 (net)              3                   0.00       0.95 f
  scaleSoftmax/softmax/U4424/ZN (NR2D2BWP12T30P140LVT)
                                                          0.01      0.01       0.96 r
  scaleSoftmax/softmax/n2786 (net)              1                   0.00       0.96 r
  scaleSoftmax/softmax/U9670/ZN (OAI211OPTREPBD2BWP12T30P140LVT)
                                                          0.02      0.01       0.97 f
  scaleSoftmax/softmax/n2780 (net)              1                   0.00       0.97 f
  scaleSoftmax/softmax/U9699/ZN (AOI21OPTPBD2BWP12T30P140LVT)
                                                          0.02      0.01       0.98 r
  scaleSoftmax/softmax/n2777 (net)              1                   0.00       0.98 r
  scaleSoftmax/softmax/U4140/ZN (OAI21OPTPBD8BWP12T30P140LVT)
                                                          0.02      0.01       1.00 f
  scaleSoftmax/softmax/n3432 (net)              1                   0.00       1.00 f
  scaleSoftmax/softmax/U8773/ZN (ND2OPTFAD16BWP12T30P140LVT)
                                                          0.03      0.02       1.02 r
  scaleSoftmax/softmax/n19267 (net)            40                   0.00       1.02 r
  scaleSoftmax/softmax/U8407/ZN (CKND16BWP12T30P140LVT)
                                                          0.01      0.01       1.03 f
  scaleSoftmax/softmax/n4373 (net)             13                   0.00       1.03 f
  scaleSoftmax/softmax/U8485/Z (MUX2OPTD6BWP12T30P140LVT)
                                                          0.01      0.02       1.05 r
  scaleSoftmax/softmax/n4401 (net)              3                   0.00       1.05 r
  scaleSoftmax/softmax/U8207/ZN (ND2OPTFAD4BWP12T30P140LVT)
                                                          0.02      0.01       1.06 f
  scaleSoftmax/softmax/n941 (net)               2                   0.00       1.06 f
  scaleSoftmax/softmax/U8206/ZN (AOI21OPTPBD2BWP12T30P140LVT)
                                                          0.01      0.01       1.06 r
  scaleSoftmax/softmax/n1677 (net)              1                   0.00       1.06 r
  scaleSoftmax/softmax/U8843/ZN (OAI21OPTPBD2BWP12T30P140LVT)
                                                          0.01      0.01       1.07 f
  scaleSoftmax/softmax/n2867 (net)              1                   0.00       1.07 f
  scaleSoftmax/softmax/U9737/ZN (AOI21OPTPBD2BWP12T30P140LVT)
                                                          0.01      0.01       1.08 r
  scaleSoftmax/softmax/n4254 (net)              1                   0.00       1.08 r
  scaleSoftmax/softmax/U16413/ZN (NR2D4BWP12T30P140LVT)
                                                          0.01      0.01       1.09 f
  scaleSoftmax/softmax/n4057 (net)              1                   0.00       1.09 f
  scaleSoftmax/softmax/U8359/ZN (NR3OPTPAD6BWP12T30P140LVT)
                                                          0.02      0.02       1.11 r
  scaleSoftmax/softmax/n4055 (net)              1                   0.00       1.11 r
  scaleSoftmax/softmax/U3181/ZN (ND2OPTFAD16BWP12T30P140LVT)
                                                          0.02      0.02       1.12 f
  scaleSoftmax/softmax/n4344 (net)             27                   0.00       1.12 f
  scaleSoftmax/softmax/U2139/ZN (CKND6BWP12T30P140LVT)
                                                          0.01      0.01       1.13 r
  scaleSoftmax/softmax/n158 (net)               3                   0.00       1.13 r
  scaleSoftmax/softmax/U2275/ZN (ND2OPTFAD4BWP12T30P140LVT)
                                                          0.01      0.01       1.14 f
  scaleSoftmax/softmax/n1798 (net)              2                   0.00       1.14 f
  scaleSoftmax/softmax/U3191/ZN (INR2D4BWP12T30P140LVT)
                                                          0.01      0.01       1.15 f
  scaleSoftmax/softmax/n6125 (net)              2                   0.00       1.15 f
  scaleSoftmax/softmax/U2623/ZN (INVD4BWP12T30P140LVT)
                                                          0.01      0.01       1.16 r
  scaleSoftmax/softmax/n186 (net)               1                   0.00       1.16 r
  scaleSoftmax/softmax/U2681/ZN (ND2D4BWP12T30P140LVT)
                                                          0.01      0.01       1.17 f
  scaleSoftmax/softmax/n789 (net)               2                   0.00       1.17 f
  scaleSoftmax/softmax/U2856/ZN (NR2D3BWP12T30P140LVT)
                                                          0.01      0.01       1.18 r
  scaleSoftmax/softmax/n19421 (net)             2                   0.00       1.18 r
  scaleSoftmax/softmax/U8761/ZN (ND3OPTFAD4BWP12T30P140LVT)
                                                          0.01      0.01       1.19 f
  scaleSoftmax/softmax/n1530 (net)              1                   0.00       1.19 f
  scaleSoftmax/softmax/U8121/ZN (INR2D16BWP12T30P140LVT)
                                                          0.01      0.02       1.21 f
  scaleSoftmax/softmax/n1632 (net)             15                   0.00       1.21 f
  scaleSoftmax/softmax/U2602/Z (MUX2OPTD6BWP12T30P140LVT)
                                                          0.01      0.02       1.23 r
  scaleSoftmax/softmax/n4180 (net)              3                   0.00       1.23 r
  scaleSoftmax/softmax/U9470/ZN (OAI21OPTREPBD2BWP12T30P140LVT)
                                                          0.01      0.01       1.24 f
  scaleSoftmax/softmax/n2210 (net)              1                   0.00       1.24 f
  scaleSoftmax/softmax/U2649/ZN (AOI21OPTPBD4BWP12T30P140LVT)
                                                          0.01      0.01       1.25 r
  scaleSoftmax/softmax/n822 (net)               2                   0.00       1.25 r
  scaleSoftmax/softmax/U3278/ZN (ND2OPTFAD4BWP12T30P140LVT)
                                                          0.01      0.01       1.26 f
  scaleSoftmax/softmax/n904 (net)               2                   0.00       1.26 f
  scaleSoftmax/softmax/U3352/ZN (NR2OPTPAD2BWP12T30P140LVT)
                                                          0.01      0.01       1.27 r
  scaleSoftmax/softmax/n925 (net)               1                   0.00       1.27 r
  scaleSoftmax/softmax/U2427/ZN (ND3OPTPAD2BWP12T30P140LVT)
                                                          0.02      0.01       1.28 f
  scaleSoftmax/softmax/n107 (net)               1                   0.00       1.28 f
  scaleSoftmax/softmax/U2426/ZN (ND2OPTFAD4BWP12T30P140LVT)
                                                          0.01      0.01       1.29 r
  scaleSoftmax/softmax/n1531 (net)              1                   0.00       1.29 r
  scaleSoftmax/softmax/U2633/ZN (NR2OPTD12BWP12T30P140LVT)
                                                          0.01      0.01       1.30 f
  scaleSoftmax/softmax/n4353 (net)              9                   0.00       1.30 f
  scaleSoftmax/softmax/U8749/ZN (AOI21OPTPBD4BWP12T30P140LVT)
                                                          0.01      0.01       1.31 r
  scaleSoftmax/softmax/n5038 (net)              1                   0.00       1.31 r
  scaleSoftmax/softmax/U2501/ZN (ND2OPTFAD6BWP12T30P140LVT)
                                                          0.02      0.01       1.32 f
  scaleSoftmax/softmax/n1129 (net)              2                   0.00       1.32 f
  scaleSoftmax/softmax/U8289/ZN (NR2D16BWP12T30P140LVT)
                                                          0.02      0.02       1.34 r
  scaleSoftmax/softmax/n6669 (net)             17                   0.00       1.34 r
  scaleSoftmax/softmax/U2132/Z (BUFFXD6BWP12T30P140LVT)
                                                          0.01      0.01       1.36 r
  scaleSoftmax/softmax/n379 (net)               3                   0.00       1.36 r
  scaleSoftmax/softmax/U8786/ZN (OAI22OPTPBD4BWP12T30P140LVT)
                                                          0.02      0.01       1.37 f
  scaleSoftmax/softmax/n19579 (net)             3                   0.00       1.37 f
  scaleSoftmax/softmax/U701/ZN (NR2D2BWP12T30P140LVT)     0.01      0.01       1.38 r
  scaleSoftmax/softmax/n99 (net)                1                   0.00       1.38 r
  scaleSoftmax/softmax/U2404/ZN (AOI21OPTPBD2BWP12T30P140LVT)
                                                          0.01      0.01       1.39 f
  scaleSoftmax/softmax/n4278 (net)              1                   0.00       1.39 f
  scaleSoftmax/softmax/U2912/ZN (NR2D2BWP12T30P140LVT)
                                                          0.01      0.01       1.40 r
  scaleSoftmax/softmax/n1579 (net)              1                   0.00       1.40 r
  scaleSoftmax/softmax/U6104/ZN (OAI21D2BWP12T30P140LVT)
                                                          0.02      0.01       1.41 f
  scaleSoftmax/softmax/n3878 (net)              1                   0.00       1.41 f
  scaleSoftmax/softmax/U8849/ZN (AOI21D4BWP12T30P140LVT)
                                                          0.02      0.01       1.42 r
  scaleSoftmax/softmax/n4018 (net)              1                   0.00       1.42 r
  scaleSoftmax/softmax/U8070/ZN (NR2D8BWP12T30P140LVT)
                                                          0.01      0.01       1.43 f
  scaleSoftmax/softmax/n711 (net)               3                   0.00       1.43 f
  scaleSoftmax/softmax/U8068/ZN (ND2OPTFAD16BWP12T30P140LVT)
                                                          0.02      0.01       1.44 r
  scaleSoftmax/softmax/n3169 (net)             18                   0.00       1.44 r
  scaleSoftmax/softmax/U2919/ZN (CKND16BWP12T30P140LVT)
                                                          0.01      0.01       1.45 f
  scaleSoftmax/softmax/n4151 (net)             12                   0.00       1.45 f
  scaleSoftmax/softmax/U2833/Z (MUX2OPTD6BWP12T30P140LVT)
                                                          0.01      0.02       1.47 r
  scaleSoftmax/softmax/n19763 (net)             3                   0.00       1.47 r
  scaleSoftmax/softmax/U2832/ZN (ND2OPTPAD2BWP12T30P140LVT)
                                                          0.01      0.01       1.48 f
  scaleSoftmax/softmax/n1322 (net)              1                   0.00       1.48 f
  scaleSoftmax/softmax/U2936/ZN (INVD4BWP12T30P140LVT)
                                                          0.01      0.01       1.49 r
  scaleSoftmax/softmax/n937 (net)               1                   0.00       1.49 r
  scaleSoftmax/softmax/U2783/ZN (NR2OPTFAD4BWP12T30P140LVT)
                                                          0.01      0.01       1.50 f
  scaleSoftmax/softmax/n936 (net)               1                   0.00       1.50 f
  scaleSoftmax/softmax/U8203/ZN (AOI21OPTPBD2BWP12T30P140LVT)
                                                          0.01      0.01       1.51 r
  scaleSoftmax/softmax/n934 (net)               1                   0.00       1.51 r
  scaleSoftmax/softmax/U8200/ZN (NR2OPTPAD2BWP12T30P140LVT)
                                                          0.01      0.01       1.51 f
  scaleSoftmax/softmax/n1026 (net)              1                   0.00       1.51 f
  scaleSoftmax/softmax/U8245/ZN (INR2D4BWP12T30P140LVT)
                                                          0.01      0.01       1.52 r
  scaleSoftmax/softmax/n1035 (net)              1                   0.00       1.52 r
  scaleSoftmax/softmax/U4135/ZN (NR2D8BWP12T30P140LVT)
                                                          0.01      0.01       1.53 f
  scaleSoftmax/softmax/n4065 (net)              1                   0.00       1.53 f
  scaleSoftmax/softmax/U16539/ZN (ND2OPTFAD16BWP12T30P140LVT)
                                                          0.02      0.02       1.55 r
  scaleSoftmax/softmax/n19725 (net)            35                   0.00       1.55 r
  scaleSoftmax/softmax/U2010/Z (MUX2OPTD4BWP12T30P140LVT)
                                                          0.01      0.03       1.57 f
  scaleSoftmax/softmax/n19872 (net)             3                   0.00       1.57 f
  scaleSoftmax/softmax/U8133/ZN (INR2D8BWP12T30P140LVT)
                                                          0.01      0.01       1.58 r
  scaleSoftmax/softmax/n2396 (net)              3                   0.00       1.58 r
  scaleSoftmax/softmax/U396/ZN (INR2D1BWP12T30P140LVT)
                                                          0.01      0.01       1.59 f
  scaleSoftmax/softmax/n1481 (net)              1                   0.00       1.59 f
  scaleSoftmax/softmax/U8713/ZN (AOI21OPTPBD2BWP12T30P140LVT)
                                                          0.02      0.01       1.60 r
  scaleSoftmax/softmax/n1567 (net)              1                   0.00       1.60 r
  scaleSoftmax/softmax/U8210/ZN (ND2OPTPAD2BWP12T30P140LVT)
                                                          0.01      0.01       1.61 f
  scaleSoftmax/softmax/n946 (net)               1                   0.00       1.61 f
  scaleSoftmax/softmax/U2384/ZN (AOI21OPTPBD4BWP12T30P140LVT)
                                                          0.02      0.01       1.62 r
  scaleSoftmax/softmax/n945 (net)               1                   0.00       1.62 r
  scaleSoftmax/softmax/U8208/ZN (AOI21OPTPBD6BWP12T30P140LVT)
                                                          0.02      0.01       1.63 f
  scaleSoftmax/softmax/n3921 (net)              1                   0.00       1.63 f
  scaleSoftmax/softmax/U3194/ZN (NR2D16BWP12T30P140LVT)
                                                          0.02      0.02       1.65 r
  scaleSoftmax/softmax/n19838 (net)            16                   0.00       1.65 r
  scaleSoftmax/softmax/U16460/ZN (ND2OPTPAD2BWP12T30P140LVT)
                                                          0.02      0.01       1.66 f
  scaleSoftmax/softmax/n4758 (net)              1                   0.00       1.66 f
  scaleSoftmax/softmax/U8774/ZN (ND2OPTFAD4BWP12T30P140LVT)
                                                          0.01      0.01       1.67 r
  scaleSoftmax/softmax/n19981 (net)             3                   0.00       1.67 r
  scaleSoftmax/softmax/U9290/ZN (ND2OPTFAD6BWP12T30P140LVT)
                                                          0.01      0.01       1.68 f
  scaleSoftmax/softmax/n4729 (net)              2                   0.00       1.68 f
  scaleSoftmax/softmax/U8254/ZN (ND2OPTFAD4BWP12T30P140LVT)
                                                          0.01      0.01       1.69 r
  scaleSoftmax/softmax/n1040 (net)              2                   0.00       1.69 r
  scaleSoftmax/softmax/U8253/ZN (OAI21OPTREPBD2BWP12T30P140LVT)
                                                          0.01      0.01       1.70 f
  scaleSoftmax/softmax/n1568 (net)              1                   0.00       1.70 f
  scaleSoftmax/softmax/U8811/ZN (ND2D3BWP12T30P140LVT)
                                                          0.01      0.01       1.71 r
  scaleSoftmax/softmax/n4516 (net)              1                   0.00       1.71 r
  scaleSoftmax/softmax/U16483/ZN (ND3OPTFAD4BWP12T30P140LVT)
                                                          0.01      0.01       1.72 f
  scaleSoftmax/softmax/n4944 (net)              1                   0.00       1.72 f
  scaleSoftmax/softmax/U16769/ZN (AOI21OPTPBD2BWP12T30P140LVT)
                                                          0.01      0.01       1.73 r
  scaleSoftmax/softmax/n6616 (net)              1                   0.00       1.73 r
  scaleSoftmax/softmax/U16750/ZN (ND3OPTPAD2BWP12T30P140LVT)
                                                          0.02      0.01       1.74 f
  scaleSoftmax/softmax/n19964 (net)             1                   0.00       1.74 f
  scaleSoftmax/softmax/U16675/ZN (AOI21OPTPBD4BWP12T30P140LVT)
                                                          0.02      0.01       1.75 r
  scaleSoftmax/softmax/n19980 (net)             2                   0.00       1.75 r
  scaleSoftmax/softmax/U8898/ZN (CKND8BWP12T30P140LVT)
                                                          0.01      0.01       1.76 f
  scaleSoftmax/softmax/n4415 (net)              8                   0.00       1.76 f
  scaleSoftmax/softmax/U2802/ZN (CKND8BWP12T30P140LVT)
                                                          0.01      0.01       1.77 r
  scaleSoftmax/softmax/n1189 (net)              5                   0.00       1.77 r
  scaleSoftmax/softmax/U2186/ZN (ND2OPTPAD4BWP12T30P140LVT)
                                                          0.01      0.01       1.78 f
  scaleSoftmax/softmax/n2802 (net)              1                   0.00       1.78 f
  scaleSoftmax/softmax/U9704/ZN (OAI21OPTPBD2BWP12T30P140LVT)
                                                          0.01      0.01       1.79 r
  scaleSoftmax/softmax/n20006 (net)             3                   0.00       1.79 r
  scaleSoftmax/softmax/U143/ZN (ND2D2BWP12T30P140LVT)     0.01      0.01       1.80 f
  scaleSoftmax/softmax/n6948 (net)              2                   0.00       1.80 f
  scaleSoftmax/softmax/U8890/ZN (AOI31D2BWP12T30P140LVT)
                                                          0.02      0.01       1.81 r
  scaleSoftmax/softmax/n4669 (net)              1                   0.00       1.81 r
  scaleSoftmax/softmax/U9364/ZN (NR2D2BWP12T30P140LVT)
                                                          0.01      0.01       1.82 f
  scaleSoftmax/softmax/n4470 (net)              1                   0.00       1.82 f
  scaleSoftmax/softmax/U8778/ZN (OAI21D2BWP12T30P140LVT)
                                                          0.01      0.01       1.83 r
  scaleSoftmax/softmax/n4904 (net)              1                   0.00       1.83 r
  scaleSoftmax/softmax/U16746/ZN (AOI21OPTPBD2BWP12T30P140LVT)
                                                          0.01      0.01       1.84 f
  scaleSoftmax/softmax/n4902 (net)              1                   0.00       1.84 f
  scaleSoftmax/softmax/U4124/ZN (NR2D4BWP12T30P140LVT)
                                                          0.01      0.01       1.85 r
  scaleSoftmax/softmax/n7083 (net)              1                   0.00       1.85 r
  scaleSoftmax/softmax/U2366/ZN (ND2OPTFAD6BWP12T30P140LVT)
                                                          0.01      0.01       1.85 f
  scaleSoftmax/softmax/n3806 (net)              2                   0.00       1.85 f
  scaleSoftmax/softmax/U4131/ZN (INR2D8BWP12T30P140LVT)
                                                          0.01      0.01       1.87 r
  scaleSoftmax/softmax/n20124 (net)             4                   0.00       1.87 r
  scaleSoftmax/softmax/U9209/ZN (CKND12BWP12T30P140LVT)
                                                          0.01      0.01       1.88 f
  scaleSoftmax/softmax/n7092 (net)             12                   0.00       1.88 f
  scaleSoftmax/softmax/U73/ZN (INR2D8BWP12T30P140LVT)     0.01      0.01       1.89 r
  scaleSoftmax/softmax/n4987 (net)              7                   0.00       1.89 r
  scaleSoftmax/softmax/U14/ZN (CKND2D2BWP12T30P140LVT)
                                                          0.01      0.01       1.90 f
  scaleSoftmax/softmax/n40925 (net)             1                   0.00       1.90 f
  scaleSoftmax/softmax/U9182/ZN (AOI21OPTREPBD2BWP12T30P140LVT)
                                                          0.01      0.01       1.91 r
  scaleSoftmax/softmax/n5894 (net)              1                   0.00       1.91 r
  scaleSoftmax/softmax/maximumUpdates_reg[32]/D (DFD1BWP12T30P140LVT)
                                                          0.01      0.00       1.91 r
  data arrival time                                                            1.91

  clock clk (rise edge)                                             2.00       2.00
  clock network delay (ideal)                                       0.00       2.00
  clock uncertainty                                                -0.10       1.90
  scaleSoftmax/softmax/maximumUpdates_reg[32]/CP (DFD1BWP12T30P140LVT)
                                                                    0.00       1.90 r
  library setup time                                               -0.01       1.89
  data required time                                                           1.89
  ------------------------------------------------------------------------------------
  data required time                                                           1.89
  data arrival time                                                           -1.91
  ------------------------------------------------------------------------------------
  slack (VIOLATED)                                                            -0.02


  Startpoint: scaleSoftmax/softmax/packCountReg_reg[0]
              (rising edge-triggered flip-flop clocked by clk)
  Endpoint: scaleSoftmax/softmax/globalMaximum_reg[6]
            (rising edge-triggered flip-flop clocked by clk)
  Path Group: clk
  Path Type: max

  Des/Clust/Port     Wire Load Model       Library
  ------------------------------------------------
  AttentionFeaturePacketizer_0
                     ZeroWireload          tcbn28hpcplusbwp12t30p140lvtssg0p81v125c
  PackDescriptorDecoder_1
                     ZeroWireload          tcbn28hpcplusbwp12t30p140lvtssg0p81v125c
  PackDescriptorDecoder
                     ZeroWireload          tcbn28hpcplusbwp12t30p140lvtssg0p81v125c
  BufferedPackMetadataDequantizer_1
                     ZeroWireload          tcbn28hpcplusbwp12t30p140lvtssg0p81v125c
  DynamicBitUnpacker_1
                     ZeroWireload          tcbn28hpcplusbwp12t30p140lvtssg0p81v125c
  BufferedPackMetadataDequantizer
                     ZeroWireload          tcbn28hpcplusbwp12t30p140lvtssg0p81v125c
  DynamicBitUnpacker ZeroWireload          tcbn28hpcplusbwp12t30p140lvtssg0p81v125c
  KvStreamDequantizer_1
                     ZeroWireload          tcbn28hpcplusbwp12t30p140lvtssg0p81v125c
  KvStreamDequantizer
                     ZeroWireload          tcbn28hpcplusbwp12t30p140lvtssg0p81v125c
  DecompressionPipelineController_1
                     ZeroWireload          tcbn28hpcplusbwp12t30p140lvtssg0p81v125c
  DecompressionPipelineController
                     ZeroWireload          tcbn28hpcplusbwp12t30p140lvtssg0p81v125c
  QkDotProductAccumulator
                     ZeroWireload          tcbn28hpcplusbwp12t30p140lvtssg0p81v125c
  QueryReplayBuffer  ZeroWireload          tcbn28hpcplusbwp12t30p140lvtssg0p81v125c
  AttentionFeaturePacketizer_1
                     ZeroWireload          tcbn28hpcplusbwp12t30p140lvtssg0p81v125c
  DualKvDecompressionController
                     ZeroWireload          tcbn28hpcplusbwp12t30p140lvtssg0p81v125c
  SoftmaxVAccumulator
                     ZeroWireload          tcbn28hpcplusbwp12t30p140lvtssg0p81v125c
  StreamingSoftmax   ZeroWireload          tcbn28hpcplusbwp12t30p140lvtssg0p81v125c
  AttentionScaleUnit ZeroWireload          tcbn28hpcplusbwp12t30p140lvtssg0p81v125c
  AvOutputQuantizer  ZeroWireload          tcbn28hpcplusbwp12t30p140lvtssg0p81v125c
  BriskKvAttentionTop
                     ZeroWireload          tcbn28hpcplusbwp12t30p140lvtssg0p81v125c

  Point                                       Fanout     Trans      Incr       Path
  ------------------------------------------------------------------------------------
  clock clk (rise edge)                                             0.00       0.00
  clock network delay (ideal)                                       0.00       0.00
  scaleSoftmax/softmax/packCountReg_reg[0]/CP (DFQOPTMAD8BWP12T30P140LVT)
                                                          0.00      0.00 #     0.00 r
  scaleSoftmax/softmax/packCountReg_reg[0]/Q (DFQOPTMAD8BWP12T30P140LVT)
                                                          0.01      0.02       0.02 f
  scaleSoftmax/softmax/packCountReg[0] (net)
                                                5                   0.00       0.02 f
  scaleSoftmax/softmax/U16327/ZN (NR2OPTD12BWP12T30P140LVT)
                                                          0.01      0.01       0.03 r
  scaleSoftmax/softmax/n4197 (net)              1                   0.00       0.03 r
  scaleSoftmax/softmax/U4071/ZN (ND3OPTFAD16BWP12T30P140LVT)
                                                          0.01      0.01       0.04 f
  scaleSoftmax/softmax/n6641 (net)              1                   0.00       0.04 f
  scaleSoftmax/softmax/U16385/ZN (NR2OPTPAD16BWP12T30P140LVT)
                                                          0.02      0.01       0.06 r
  scaleSoftmax/softmax/n6989 (net)             11                   0.00       0.06 r
  scaleSoftmax/softmax/U1973/ZN (ND2OPTD6BWP12T30P140LVT)
                                                          0.01      0.01       0.07 f
  scaleSoftmax/softmax/n27900 (net)             3                   0.00       0.07 f
  scaleSoftmax/softmax/U3042/ZN (AOI21OPTREPBD2BWP12T30P140LVT)
                                                          0.01      0.01       0.08 r
  scaleSoftmax/softmax/n298 (net)               1                   0.00       0.08 r
  scaleSoftmax/softmax/U3041/ZN (NR2D3BWP12T30P140LVT)
                                                          0.01      0.01       0.08 f
  scaleSoftmax/softmax/n3693 (net)              1                   0.00       0.08 f
  scaleSoftmax/softmax/U16282/ZN (ND2OPTFAD4BWP12T30P140LVT)
                                                          0.01      0.01       0.09 r
  scaleSoftmax/softmax/n3654 (net)              2                   0.00       0.09 r
  scaleSoftmax/softmax/U8918/ZN (NR3OPTFAD4BWP12T30P140LVT)
                                                          0.01      0.01       0.10 f
  scaleSoftmax/softmax/n4748 (net)              1                   0.00       0.10 f
  scaleSoftmax/softmax/U16710/ZN (ND2OPTFAD4BWP12T30P140LVT)
                                                          0.01      0.01       0.11 r
  scaleSoftmax/softmax/n4747 (net)              1                   0.00       0.11 r
  scaleSoftmax/softmax/U9152/ZN (NR2OPTD12BWP12T30P140LVT)
                                                          0.01      0.01       0.12 f
  scaleSoftmax/softmax/n4745 (net)              2                   0.00       0.12 f
  scaleSoftmax/softmax/U2510/ZN (ND2OPTFAD16BWP12T30P140LVT)
                                                          0.02      0.02       0.14 r
  scaleSoftmax/softmax/n6944 (net)             24                   0.00       0.14 r
  scaleSoftmax/softmax/U9041/ZN (ND2D4BWP12T30P140LVT)
                                                          0.01      0.01       0.15 f
  scaleSoftmax/softmax/n3809 (net)              1                   0.00       0.15 f
  scaleSoftmax/softmax/U3085/ZN (INVD4BWP12T30P140LVT)
                                                          0.01      0.01       0.15 r
  scaleSoftmax/softmax/n18388 (net)             3                   0.00       0.15 r
  scaleSoftmax/softmax/U9632/ZN (NR2OPTPAD2BWP12T30P140LVT)
                                                          0.01      0.01       0.16 f
  scaleSoftmax/softmax/n2576 (net)              2                   0.00       0.16 f
  scaleSoftmax/softmax/U9542/ZN (OAI21D2BWP12T30P140LVT)
                                                          0.01      0.01       0.17 r
  scaleSoftmax/softmax/n2569 (net)              1                   0.00       0.17 r
  scaleSoftmax/softmax/U9624/ZN (AOI21OPTPBD2BWP12T30P140LVT)
                                                          0.01      0.01       0.18 f
  scaleSoftmax/softmax/n3706 (net)              1                   0.00       0.18 f
  scaleSoftmax/softmax/U9099/ZN (NR2D4BWP12T30P140LVT)
                                                          0.01      0.01       0.20 r
  scaleSoftmax/softmax/n4249 (net)              1                   0.00       0.20 r
  scaleSoftmax/softmax/U16454/ZN (NR3OPTFAD4BWP12T30P140LVT)
                                                          0.01      0.01       0.21 f
  scaleSoftmax/softmax/n4248 (net)              1                   0.00       0.21 f
  scaleSoftmax/softmax/U4139/ZN (NR2D8BWP12T30P140LVT)
                                                          0.02      0.01       0.22 r
  scaleSoftmax/softmax/n4243 (net)              1                   0.00       0.22 r
  scaleSoftmax/softmax/U2946/ZN (NR2OPTPAD16BWP12T30P140LVT)
                                                          0.02      0.01       0.24 f
  scaleSoftmax/softmax/n6703 (net)             31                   0.00       0.24 f
  scaleSoftmax/softmax/U9805/Z (MUX2OPTD4BWP12T30P140LVT)
                                                          0.01      0.02       0.26 r
  scaleSoftmax/softmax/n3041 (net)              3                   0.00       0.26 r
  scaleSoftmax/softmax/U5717/ZN (ND2OPTFAD4BWP12T30P140LVT)
                                                          0.01      0.01       0.27 f
  scaleSoftmax/softmax/n2269 (net)              2                   0.00       0.27 f
  scaleSoftmax/softmax/U9222/ZN (AOI21OPTPBD2BWP12T30P140LVT)
                                                          0.01      0.01       0.28 r
  scaleSoftmax/softmax/n18507 (net)             1                   0.00       0.28 r
  scaleSoftmax/softmax/U9715/ZN (OAI21OPTREPBD2BWP12T30P140LVT)
                                                          0.01      0.01       0.29 f
  scaleSoftmax/softmax/n18509 (net)             1                   0.00       0.29 f
  scaleSoftmax/softmax/U9814/ZN (AOI21OPTPBD2BWP12T30P140LVT)
                                                          0.01      0.01       0.30 r
  scaleSoftmax/softmax/n3065 (net)              1                   0.00       0.30 r
  scaleSoftmax/softmax/U9813/ZN (OAI21OPTPBD2BWP12T30P140LVT)
                                                          0.01      0.01       0.31 f
  scaleSoftmax/softmax/n3064 (net)              1                   0.00       0.31 f
  scaleSoftmax/softmax/U2800/ZN (NR2OPTPAD2BWP12T30P140LVT)
                                                          0.01      0.01       0.33 r
  scaleSoftmax/softmax/n228 (net)               1                   0.00       0.33 r
  scaleSoftmax/softmax/U2799/ZN (NR2OPTD6BWP12T30P140LVT)
                                                          0.01      0.01       0.33 f
  scaleSoftmax/softmax/n226 (net)               1                   0.00       0.33 f
  scaleSoftmax/softmax/U2798/ZN (INR2D16BWP12T30P140LVT)
                                                          0.03      0.02       0.35 r
  scaleSoftmax/softmax/n4484 (net)             32                   0.00       0.35 r
  scaleSoftmax/softmax/U1771/ZN (INR2D2BWP12T30P140LVT)
                                                          0.01      0.01       0.36 f
  scaleSoftmax/softmax/n1956 (net)              1                   0.00       0.36 f
  scaleSoftmax/softmax/U7313/ZN (INVD2BWP12T30P140LVT)
                                                          0.01      0.01       0.36 r
  scaleSoftmax/softmax/n3055 (net)              1                   0.00       0.36 r
  scaleSoftmax/softmax/U2885/ZN (CKND2D3BWP12T30P140LVT)
                                                          0.01      0.01       0.37 f
  scaleSoftmax/softmax/n18710 (net)             3                   0.00       0.37 f
  scaleSoftmax/softmax/U1732/ZN (NR2OPTFAD4BWP12T30P140LVT)
                                                          0.01      0.01       0.38 r
  scaleSoftmax/softmax/n6473 (net)              2                   0.00       0.38 r
  scaleSoftmax/softmax/U2097/ZN (NR3OPTPAD2BWP12T30P140LVT)
                                                          0.01      0.01       0.39 f
  scaleSoftmax/softmax/n6845 (net)              1                   0.00       0.39 f
  scaleSoftmax/softmax/U1706/ZN (NR2OPTPAD2BWP12T30P140LVT)
                                                          0.01      0.01       0.40 r
  scaleSoftmax/softmax/n4574 (net)              1                   0.00       0.40 r
  scaleSoftmax/softmax/U7265/ZN (OAI21D2BWP12T30P140LVT)
                                                          0.01      0.01       0.41 f
  scaleSoftmax/softmax/n4572 (net)              1                   0.00       0.41 f
  scaleSoftmax/softmax/U16689/ZN (AOI21OPTREPBD2BWP12T30P140LVT)
                                                          0.01      0.01       0.42 r
  scaleSoftmax/softmax/n6526 (net)              1                   0.00       0.42 r
  scaleSoftmax/softmax/U8494/ZN (OAI21OPTREPBD2BWP12T30P140LVT)
                                                          0.02      0.01       0.43 f
  scaleSoftmax/softmax/n6538 (net)              1                   0.00       0.43 f
  scaleSoftmax/softmax/U16902/ZN (OAI21OPTPBD4BWP12T30P140LVT)
                                                          0.02      0.01       0.44 r
  scaleSoftmax/softmax/n6730 (net)              1                   0.00       0.44 r
  scaleSoftmax/softmax/U8524/ZN (ND2OPTD12BWP12T30P140LVT)
                                                          0.02      0.02       0.46 f
  scaleSoftmax/softmax/n18684 (net)             8                   0.00       0.46 f
  scaleSoftmax/softmax/U2026/Z (MUX2D4BWP12T30P140LVT)
                                                          0.01      0.03       0.49 r
  scaleSoftmax/softmax/n18845 (net)             2                   0.00       0.49 r
  scaleSoftmax/softmax/U1651/Z (BUFFXD6BWP12T30P140LVT)
                                                          0.01      0.01       0.50 r
  scaleSoftmax/softmax/n4548 (net)              2                   0.00       0.50 r
  scaleSoftmax/softmax/U16986/ZN (INR2D4BWP12T30P140LVT)
                                                          0.01      0.00       0.50 f
  scaleSoftmax/softmax/n6990 (net)              1                   0.00       0.50 f
  scaleSoftmax/softmax/U16886/ZN (NR2OPTPAD2BWP12T30P140LVT)
                                                          0.01      0.01       0.51 r
  scaleSoftmax/softmax/n6386 (net)              1                   0.00       0.51 r
  scaleSoftmax/softmax/U8425/ZN (OAI21OPTREPBD2BWP12T30P140LVT)
                                                          0.01      0.01       0.52 f
  scaleSoftmax/softmax/n1151 (net)              1                   0.00       0.52 f
  scaleSoftmax/softmax/U2048/ZN (ND2D3BWP12T30P140LVT)
                                                          0.01      0.01       0.53 r
  scaleSoftmax/softmax/n4475 (net)              1                   0.00       0.53 r
  scaleSoftmax/softmax/U2140/ZN (AOI21OPTPBD6BWP12T30P140LVT)
                                                          0.02      0.01       0.54 f
  scaleSoftmax/softmax/n7123 (net)              1                   0.00       0.54 f
  scaleSoftmax/softmax/U8928/ZN (INR2D16BWP12T30P140LVT)
                                                          0.02      0.01       0.55 r
  scaleSoftmax/softmax/n1751 (net)             12                   0.00       0.55 r
  scaleSoftmax/softmax/U8979/Z (MUX2D2BWP12T30P140LVT)
                                                          0.01      0.02       0.58 f
  scaleSoftmax/softmax/n18956 (net)             3                   0.00       0.58 f
  scaleSoftmax/softmax/U1558/ZN (INR2D1BWP12T30P140LVT)
                                                          0.02      0.01       0.59 r
  scaleSoftmax/softmax/n18894 (net)             2                   0.00       0.59 r
  scaleSoftmax/softmax/U1530/ZN (INVD1BWP12T30P140LVT)
                                                          0.01      0.01       0.60 f
  scaleSoftmax/softmax/n6379 (net)              1                   0.00       0.60 f
  scaleSoftmax/softmax/U9248/ZN (AOI21OPTPBD2BWP12T30P140LVT)
                                                          0.01      0.01       0.61 r
  scaleSoftmax/softmax/n1998 (net)              1                   0.00       0.61 r
  scaleSoftmax/softmax/U9247/ZN (OAI21OPTREPBD2BWP12T30P140LVT)
                                                          0.01      0.01       0.62 f
  scaleSoftmax/softmax/n4641 (net)              1                   0.00       0.62 f
  scaleSoftmax/softmax/U9396/ZN (AOI21OPTPBD2BWP12T30P140LVT)
                                                          0.02      0.02       0.64 r
  scaleSoftmax/softmax/n18955 (net)             2                   0.00       0.64 r
  scaleSoftmax/softmax/U16699/ZN (ND3OPTPAD2BWP12T30P140LVT)
                                                          0.02      0.02       0.65 f
  scaleSoftmax/softmax/n6520 (net)              1                   0.00       0.65 f
  scaleSoftmax/softmax/U16336/ZN (NR2OPTFAD4BWP12T30P140LVT)
                                                          0.01      0.01       0.66 r
  scaleSoftmax/softmax/n3781 (net)              1                   0.00       0.66 r
  scaleSoftmax/softmax/U1999/ZN (ND2OPTFAD8BWP12T30P140LVT)
                                                          0.01      0.01       0.68 f
  scaleSoftmax/softmax/n18941 (net)             4                   0.00       0.68 f
  scaleSoftmax/softmax/U8376/ZN (CKND16BWP12T30P140LVT)
                                                          0.01      0.01       0.69 r
  scaleSoftmax/softmax/n4526 (net)             12                   0.00       0.69 r
  scaleSoftmax/softmax/U2122/ZN (CKND8BWP12T30P140LVT)
                                                          0.01      0.01       0.69 f
  scaleSoftmax/softmax/n6496 (net)              4                   0.00       0.69 f
  scaleSoftmax/softmax/U8277/Z (MUX2OPTD6BWP12T30P140LVT)
                                                          0.01      0.02       0.71 r
  scaleSoftmax/softmax/n4363 (net)              3                   0.00       0.71 r
  scaleSoftmax/softmax/U8276/ZN (ND2OPTFAD4BWP12T30P140LVT)
                                                          0.01      0.01       0.72 f
  scaleSoftmax/softmax/n2146 (net)              2                   0.00       0.72 f
  scaleSoftmax/softmax/U6882/ZN (ND2D2BWP12T30P140LVT)
                                                          0.01      0.01       0.72 r
  scaleSoftmax/softmax/n1813 (net)              1                   0.00       0.72 r
  scaleSoftmax/softmax/U9007/ZN (ND2OPTPAD2BWP12T30P140LVT)
                                                          0.01      0.01       0.73 f
  scaleSoftmax/softmax/n4724 (net)              1                   0.00       0.73 f
  scaleSoftmax/softmax/U16408/ZN (AOI21OPTPBD2BWP12T30P140LVT)
                                                          0.01      0.01       0.74 r
  scaleSoftmax/softmax/n3746 (net)              1                   0.00       0.74 r
  scaleSoftmax/softmax/U16403/ZN (NR2D2BWP12T30P140LVT)
                                                          0.01      0.01       0.74 f
  scaleSoftmax/softmax/n6187 (net)              1                   0.00       0.74 f
  scaleSoftmax/softmax/U16622/ZN (OAI21D2BWP12T30P140LVT)
                                                          0.01      0.01       0.75 r
  scaleSoftmax/softmax/n6651 (net)              1                   0.00       0.75 r
  scaleSoftmax/softmax/U16932/ZN (AOI21OPTPBD2BWP12T30P140LVT)
                                                          0.02      0.01       0.76 f
  scaleSoftmax/softmax/n6649 (net)              1                   0.00       0.76 f
  scaleSoftmax/softmax/U16646/ZN (NR3OPTD6BWP12T30P140LVT)
                                                          0.03      0.02       0.79 r
  scaleSoftmax/softmax/n19026 (net)             4                   0.00       0.79 r
  scaleSoftmax/softmax/U8752/ZN (CKND8BWP12T30P140LVT)
                                                          0.02      0.01       0.80 f
  scaleSoftmax/softmax/n4468 (net)             14                   0.00       0.80 f
  scaleSoftmax/softmax/U2747/ZN (INR2D2BWP12T30P140LVT)
                                                          0.01      0.01       0.81 r
  scaleSoftmax/softmax/n3691 (net)              1                   0.00       0.81 r
  scaleSoftmax/softmax/U9219/ZN (INVD1P25BWP12T30P140LVT)
                                                          0.01      0.01       0.81 f
  scaleSoftmax/softmax/n4509 (net)              1                   0.00       0.81 f
  scaleSoftmax/softmax/U9265/ZN (OAI21OPTREPBD2BWP12T30P140LVT)
                                                          0.03      0.01       0.82 r
  scaleSoftmax/softmax/n19157 (net)             3                   0.00       0.82 r
  scaleSoftmax/softmax/U1343/ZN (ND2D2BWP12T30P140LVT)
                                                          0.02      0.01       0.83 f
  scaleSoftmax/softmax/n2582 (net)              2                   0.00       0.83 f
  scaleSoftmax/softmax/U2120/ZN (OAI211OPTREPBD2BWP12T30P140LVT)
                                                          0.01      0.01       0.84 r
  scaleSoftmax/softmax/n22 (net)                1                   0.00       0.84 r
  scaleSoftmax/softmax/U1321/ZN (AOI21OPTPBD1BWP12T30P140LVT)
                                                          0.01      0.01       0.85 f
  scaleSoftmax/softmax/n2733 (net)              1                   0.00       0.85 f
  scaleSoftmax/softmax/U2383/ZN (OAI21OPTPBD2BWP12T30P140LVT)
                                                          0.01      0.01       0.86 r
  scaleSoftmax/softmax/n6275 (net)              1                   0.00       0.86 r
  scaleSoftmax/softmax/U5271/ZN (ND2D2BWP12T30P140LVT)
                                                          0.01      0.01       0.87 f
  scaleSoftmax/softmax/n4491 (net)              1                   0.00       0.87 f
  scaleSoftmax/softmax/U6734/ZN (ND2OPTPAD2BWP12T30P140LVT)
                                                          0.01      0.01       0.88 r
  scaleSoftmax/softmax/n6272 (net)              1                   0.00       0.88 r
  scaleSoftmax/softmax/U8619/ZN (AOI21OPTPBD6BWP12T30P140LVT)
                                                          0.02      0.01       0.89 f
  scaleSoftmax/softmax/n1271 (net)              4                   0.00       0.89 f
  scaleSoftmax/softmax/U8617/ZN (NR2OPTPAD16BWP12T30P140LVT)
                                                          0.03      0.02       0.91 r
  scaleSoftmax/softmax/n6472 (net)             30                   0.00       0.91 r
  scaleSoftmax/softmax/U1235/Z (MUX2D4BWP12T30P140LVT)
                                                          0.01      0.03       0.94 r
  scaleSoftmax/softmax/n4372 (net)              3                   0.00       0.94 r
  scaleSoftmax/softmax/U9515/ZN (INR2D4BWP12T30P140LVT)
                                                          0.01      0.01       0.95 f
  scaleSoftmax/softmax/n2301 (net)              3                   0.00       0.95 f
  scaleSoftmax/softmax/U4424/ZN (NR2D2BWP12T30P140LVT)
                                                          0.01      0.01       0.96 r
  scaleSoftmax/softmax/n2786 (net)              1                   0.00       0.96 r
  scaleSoftmax/softmax/U9670/ZN (OAI211OPTREPBD2BWP12T30P140LVT)
                                                          0.02      0.01       0.97 f
  scaleSoftmax/softmax/n2780 (net)              1                   0.00       0.97 f
  scaleSoftmax/softmax/U9699/ZN (AOI21OPTPBD2BWP12T30P140LVT)
                                                          0.02      0.01       0.98 r
  scaleSoftmax/softmax/n2777 (net)              1                   0.00       0.98 r
  scaleSoftmax/softmax/U4140/ZN (OAI21OPTPBD8BWP12T30P140LVT)
                                                          0.02      0.01       1.00 f
  scaleSoftmax/softmax/n3432 (net)              1                   0.00       1.00 f
  scaleSoftmax/softmax/U8773/ZN (ND2OPTFAD16BWP12T30P140LVT)
                                                          0.03      0.02       1.02 r
  scaleSoftmax/softmax/n19267 (net)            40                   0.00       1.02 r
  scaleSoftmax/softmax/U8407/ZN (CKND16BWP12T30P140LVT)
                                                          0.01      0.01       1.03 f
  scaleSoftmax/softmax/n4373 (net)             13                   0.00       1.03 f
  scaleSoftmax/softmax/U8485/Z (MUX2OPTD6BWP12T30P140LVT)
                                                          0.01      0.02       1.05 r
  scaleSoftmax/softmax/n4401 (net)              3                   0.00       1.05 r
  scaleSoftmax/softmax/U8207/ZN (ND2OPTFAD4BWP12T30P140LVT)
                                                          0.02      0.01       1.06 f
  scaleSoftmax/softmax/n941 (net)               2                   0.00       1.06 f
  scaleSoftmax/softmax/U8206/ZN (AOI21OPTPBD2BWP12T30P140LVT)
                                                          0.01      0.01       1.06 r
  scaleSoftmax/softmax/n1677 (net)              1                   0.00       1.06 r
  scaleSoftmax/softmax/U8843/ZN (OAI21OPTPBD2BWP12T30P140LVT)
                                                          0.01      0.01       1.07 f
  scaleSoftmax/softmax/n2867 (net)              1                   0.00       1.07 f
  scaleSoftmax/softmax/U9737/ZN (AOI21OPTPBD2BWP12T30P140LVT)
                                                          0.01      0.01       1.08 r
  scaleSoftmax/softmax/n4254 (net)              1                   0.00       1.08 r
  scaleSoftmax/softmax/U16413/ZN (NR2D4BWP12T30P140LVT)
                                                          0.01      0.01       1.09 f
  scaleSoftmax/softmax/n4057 (net)              1                   0.00       1.09 f
  scaleSoftmax/softmax/U8359/ZN (NR3OPTPAD6BWP12T30P140LVT)
                                                          0.02      0.02       1.11 r
  scaleSoftmax/softmax/n4055 (net)              1                   0.00       1.11 r
  scaleSoftmax/softmax/U3181/ZN (ND2OPTFAD16BWP12T30P140LVT)
                                                          0.02      0.02       1.12 f
  scaleSoftmax/softmax/n4344 (net)             27                   0.00       1.12 f
  scaleSoftmax/softmax/U2139/ZN (CKND6BWP12T30P140LVT)
                                                          0.01      0.01       1.13 r
  scaleSoftmax/softmax/n158 (net)               3                   0.00       1.13 r
  scaleSoftmax/softmax/U2275/ZN (ND2OPTFAD4BWP12T30P140LVT)
                                                          0.01      0.01       1.14 f
  scaleSoftmax/softmax/n1798 (net)              2                   0.00       1.14 f
  scaleSoftmax/softmax/U3191/ZN (INR2D4BWP12T30P140LVT)
                                                          0.01      0.01       1.15 f
  scaleSoftmax/softmax/n6125 (net)              2                   0.00       1.15 f
  scaleSoftmax/softmax/U2623/ZN (INVD4BWP12T30P140LVT)
                                                          0.01      0.01       1.16 r
  scaleSoftmax/softmax/n186 (net)               1                   0.00       1.16 r
  scaleSoftmax/softmax/U2681/ZN (ND2D4BWP12T30P140LVT)
                                                          0.01      0.01       1.17 f
  scaleSoftmax/softmax/n789 (net)               2                   0.00       1.17 f
  scaleSoftmax/softmax/U2856/ZN (NR2D3BWP12T30P140LVT)
                                                          0.01      0.01       1.18 r
  scaleSoftmax/softmax/n19421 (net)             2                   0.00       1.18 r
  scaleSoftmax/softmax/U8761/ZN (ND3OPTFAD4BWP12T30P140LVT)
                                                          0.01      0.01       1.19 f
  scaleSoftmax/softmax/n1530 (net)              1                   0.00       1.19 f
  scaleSoftmax/softmax/U8121/ZN (INR2D16BWP12T30P140LVT)
                                                          0.01      0.02       1.21 f
  scaleSoftmax/softmax/n1632 (net)             15                   0.00       1.21 f
  scaleSoftmax/softmax/U2602/Z (MUX2OPTD6BWP12T30P140LVT)
                                                          0.01      0.02       1.23 r
  scaleSoftmax/softmax/n4180 (net)              3                   0.00       1.23 r
  scaleSoftmax/softmax/U9470/ZN (OAI21OPTREPBD2BWP12T30P140LVT)
                                                          0.01      0.01       1.24 f
  scaleSoftmax/softmax/n2210 (net)              1                   0.00       1.24 f
  scaleSoftmax/softmax/U2649/ZN (AOI21OPTPBD4BWP12T30P140LVT)
                                                          0.01      0.01       1.25 r
  scaleSoftmax/softmax/n822 (net)               2                   0.00       1.25 r
  scaleSoftmax/softmax/U3278/ZN (ND2OPTFAD4BWP12T30P140LVT)
                                                          0.01      0.01       1.26 f
  scaleSoftmax/softmax/n904 (net)               2                   0.00       1.26 f
  scaleSoftmax/softmax/U3352/ZN (NR2OPTPAD2BWP12T30P140LVT)
                                                          0.01      0.01       1.27 r
  scaleSoftmax/softmax/n925 (net)               1                   0.00       1.27 r
  scaleSoftmax/softmax/U2427/ZN (ND3OPTPAD2BWP12T30P140LVT)
                                                          0.02      0.01       1.28 f
  scaleSoftmax/softmax/n107 (net)               1                   0.00       1.28 f
  scaleSoftmax/softmax/U2426/ZN (ND2OPTFAD4BWP12T30P140LVT)
                                                          0.01      0.01       1.29 r
  scaleSoftmax/softmax/n1531 (net)              1                   0.00       1.29 r
  scaleSoftmax/softmax/U2633/ZN (NR2OPTD12BWP12T30P140LVT)
                                                          0.01      0.01       1.30 f
  scaleSoftmax/softmax/n4353 (net)              9                   0.00       1.30 f
  scaleSoftmax/softmax/U8749/ZN (AOI21OPTPBD4BWP12T30P140LVT)
                                                          0.01      0.01       1.31 r
  scaleSoftmax/softmax/n5038 (net)              1                   0.00       1.31 r
  scaleSoftmax/softmax/U2501/ZN (ND2OPTFAD6BWP12T30P140LVT)
                                                          0.02      0.01       1.32 f
  scaleSoftmax/softmax/n1129 (net)              2                   0.00       1.32 f
  scaleSoftmax/softmax/U8289/ZN (NR2D16BWP12T30P140LVT)
                                                          0.02      0.02       1.34 r
  scaleSoftmax/softmax/n6669 (net)             17                   0.00       1.34 r
  scaleSoftmax/softmax/U2132/Z (BUFFXD6BWP12T30P140LVT)
                                                          0.01      0.01       1.36 r
  scaleSoftmax/softmax/n379 (net)               3                   0.00       1.36 r
  scaleSoftmax/softmax/U8786/ZN (OAI22OPTPBD4BWP12T30P140LVT)
                                                          0.02      0.01       1.37 f
  scaleSoftmax/softmax/n19579 (net)             3                   0.00       1.37 f
  scaleSoftmax/softmax/U701/ZN (NR2D2BWP12T30P140LVT)     0.01      0.01       1.38 r
  scaleSoftmax/softmax/n99 (net)                1                   0.00       1.38 r
  scaleSoftmax/softmax/U2404/ZN (AOI21OPTPBD2BWP12T30P140LVT)
                                                          0.01      0.01       1.39 f
  scaleSoftmax/softmax/n4278 (net)              1                   0.00       1.39 f
  scaleSoftmax/softmax/U2912/ZN (NR2D2BWP12T30P140LVT)
                                                          0.01      0.01       1.40 r
  scaleSoftmax/softmax/n1579 (net)              1                   0.00       1.40 r
  scaleSoftmax/softmax/U6104/ZN (OAI21D2BWP12T30P140LVT)
                                                          0.02      0.01       1.41 f
  scaleSoftmax/softmax/n3878 (net)              1                   0.00       1.41 f
  scaleSoftmax/softmax/U8849/ZN (AOI21D4BWP12T30P140LVT)
                                                          0.02      0.01       1.42 r
  scaleSoftmax/softmax/n4018 (net)              1                   0.00       1.42 r
  scaleSoftmax/softmax/U8070/ZN (NR2D8BWP12T30P140LVT)
                                                          0.01      0.01       1.43 f
  scaleSoftmax/softmax/n711 (net)               3                   0.00       1.43 f
  scaleSoftmax/softmax/U8068/ZN (ND2OPTFAD16BWP12T30P140LVT)
                                                          0.02      0.01       1.44 r
  scaleSoftmax/softmax/n3169 (net)             18                   0.00       1.44 r
  scaleSoftmax/softmax/U2919/ZN (CKND16BWP12T30P140LVT)
                                                          0.01      0.01       1.45 f
  scaleSoftmax/softmax/n4151 (net)             12                   0.00       1.45 f
  scaleSoftmax/softmax/U2833/Z (MUX2OPTD6BWP12T30P140LVT)
                                                          0.01      0.02       1.47 r
  scaleSoftmax/softmax/n19763 (net)             3                   0.00       1.47 r
  scaleSoftmax/softmax/U2832/ZN (ND2OPTPAD2BWP12T30P140LVT)
                                                          0.01      0.01       1.48 f
  scaleSoftmax/softmax/n1322 (net)              1                   0.00       1.48 f
  scaleSoftmax/softmax/U2936/ZN (INVD4BWP12T30P140LVT)
                                                          0.01      0.01       1.49 r
  scaleSoftmax/softmax/n937 (net)               1                   0.00       1.49 r
  scaleSoftmax/softmax/U2783/ZN (NR2OPTFAD4BWP12T30P140LVT)
                                                          0.01      0.01       1.50 f
  scaleSoftmax/softmax/n936 (net)               1                   0.00       1.50 f
  scaleSoftmax/softmax/U8203/ZN (AOI21OPTPBD2BWP12T30P140LVT)
                                                          0.01      0.01       1.51 r
  scaleSoftmax/softmax/n934 (net)               1                   0.00       1.51 r
  scaleSoftmax/softmax/U8200/ZN (NR2OPTPAD2BWP12T30P140LVT)
                                                          0.01      0.01       1.51 f
  scaleSoftmax/softmax/n1026 (net)              1                   0.00       1.51 f
  scaleSoftmax/softmax/U8245/ZN (INR2D4BWP12T30P140LVT)
                                                          0.01      0.01       1.52 r
  scaleSoftmax/softmax/n1035 (net)              1                   0.00       1.52 r
  scaleSoftmax/softmax/U4135/ZN (NR2D8BWP12T30P140LVT)
                                                          0.01      0.01       1.53 f
  scaleSoftmax/softmax/n4065 (net)              1                   0.00       1.53 f
  scaleSoftmax/softmax/U16539/ZN (ND2OPTFAD16BWP12T30P140LVT)
                                                          0.02      0.02       1.55 r
  scaleSoftmax/softmax/n19725 (net)            35                   0.00       1.55 r
  scaleSoftmax/softmax/U2010/Z (MUX2OPTD4BWP12T30P140LVT)
                                                          0.01      0.03       1.57 f
  scaleSoftmax/softmax/n19872 (net)             3                   0.00       1.57 f
  scaleSoftmax/softmax/U8133/ZN (INR2D8BWP12T30P140LVT)
                                                          0.01      0.01       1.58 r
  scaleSoftmax/softmax/n2396 (net)              3                   0.00       1.58 r
  scaleSoftmax/softmax/U396/ZN (INR2D1BWP12T30P140LVT)
                                                          0.01      0.01       1.59 f
  scaleSoftmax/softmax/n1481 (net)              1                   0.00       1.59 f
  scaleSoftmax/softmax/U8713/ZN (AOI21OPTPBD2BWP12T30P140LVT)
                                                          0.02      0.01       1.60 r
  scaleSoftmax/softmax/n1567 (net)              1                   0.00       1.60 r
  scaleSoftmax/softmax/U8210/ZN (ND2OPTPAD2BWP12T30P140LVT)
                                                          0.01      0.01       1.61 f
  scaleSoftmax/softmax/n946 (net)               1                   0.00       1.61 f
  scaleSoftmax/softmax/U2384/ZN (AOI21OPTPBD4BWP12T30P140LVT)
                                                          0.02      0.01       1.62 r
  scaleSoftmax/softmax/n945 (net)               1                   0.00       1.62 r
  scaleSoftmax/softmax/U8208/ZN (AOI21OPTPBD6BWP12T30P140LVT)
                                                          0.02      0.01       1.63 f
  scaleSoftmax/softmax/n3921 (net)              1                   0.00       1.63 f
  scaleSoftmax/softmax/U3194/ZN (NR2D16BWP12T30P140LVT)
                                                          0.02      0.02       1.65 r
  scaleSoftmax/softmax/n19838 (net)            16                   0.00       1.65 r
  scaleSoftmax/softmax/U16460/ZN (ND2OPTPAD2BWP12T30P140LVT)
                                                          0.02      0.01       1.66 f
  scaleSoftmax/softmax/n4758 (net)              1                   0.00       1.66 f
  scaleSoftmax/softmax/U8774/ZN (ND2OPTFAD4BWP12T30P140LVT)
                                                          0.01      0.01       1.67 r
  scaleSoftmax/softmax/n19981 (net)             3                   0.00       1.67 r
  scaleSoftmax/softmax/U9290/ZN (ND2OPTFAD6BWP12T30P140LVT)
                                                          0.01      0.01       1.68 f
  scaleSoftmax/softmax/n4729 (net)              2                   0.00       1.68 f
  scaleSoftmax/softmax/U8254/ZN (ND2OPTFAD4BWP12T30P140LVT)
                                                          0.01      0.01       1.69 r
  scaleSoftmax/softmax/n1040 (net)              2                   0.00       1.69 r
  scaleSoftmax/softmax/U8253/ZN (OAI21OPTREPBD2BWP12T30P140LVT)
                                                          0.01      0.01       1.70 f
  scaleSoftmax/softmax/n1568 (net)              1                   0.00       1.70 f
  scaleSoftmax/softmax/U8811/ZN (ND2D3BWP12T30P140LVT)
                                                          0.01      0.01       1.71 r
  scaleSoftmax/softmax/n4516 (net)              1                   0.00       1.71 r
  scaleSoftmax/softmax/U16483/ZN (ND3OPTFAD4BWP12T30P140LVT)
                                                          0.01      0.01       1.72 f
  scaleSoftmax/softmax/n4944 (net)              1                   0.00       1.72 f
  scaleSoftmax/softmax/U16769/ZN (AOI21OPTPBD2BWP12T30P140LVT)
                                                          0.01      0.01       1.73 r
  scaleSoftmax/softmax/n6616 (net)              1                   0.00       1.73 r
  scaleSoftmax/softmax/U16750/ZN (ND3OPTPAD2BWP12T30P140LVT)
                                                          0.02      0.01       1.74 f
  scaleSoftmax/softmax/n19964 (net)             1                   0.00       1.74 f
  scaleSoftmax/softmax/U16675/ZN (AOI21OPTPBD4BWP12T30P140LVT)
                                                          0.02      0.01       1.75 r
  scaleSoftmax/softmax/n19980 (net)             2                   0.00       1.75 r
  scaleSoftmax/softmax/U8898/ZN (CKND8BWP12T30P140LVT)
                                                          0.01      0.01       1.76 f
  scaleSoftmax/softmax/n4415 (net)              8                   0.00       1.76 f
  scaleSoftmax/softmax/U2802/ZN (CKND8BWP12T30P140LVT)
                                                          0.01      0.01       1.77 r
  scaleSoftmax/softmax/n1189 (net)              5                   0.00       1.77 r
  scaleSoftmax/softmax/U2186/ZN (ND2OPTPAD4BWP12T30P140LVT)
                                                          0.01      0.01       1.78 f
  scaleSoftmax/softmax/n2802 (net)              1                   0.00       1.78 f
  scaleSoftmax/softmax/U9704/ZN (OAI21OPTPBD2BWP12T30P140LVT)
                                                          0.01      0.01       1.79 r
  scaleSoftmax/softmax/n20006 (net)             3                   0.00       1.79 r
  scaleSoftmax/softmax/U143/ZN (ND2D2BWP12T30P140LVT)     0.01      0.01       1.80 f
  scaleSoftmax/softmax/n6948 (net)              2                   0.00       1.80 f
  scaleSoftmax/softmax/U8890/ZN (AOI31D2BWP12T30P140LVT)
                                                          0.02      0.01       1.81 r
  scaleSoftmax/softmax/n4669 (net)              1                   0.00       1.81 r
  scaleSoftmax/softmax/U9364/ZN (NR2D2BWP12T30P140LVT)
                                                          0.01      0.01       1.82 f
  scaleSoftmax/softmax/n4470 (net)              1                   0.00       1.82 f
  scaleSoftmax/softmax/U8778/ZN (OAI21D2BWP12T30P140LVT)
                                                          0.01      0.01       1.83 r
  scaleSoftmax/softmax/n4904 (net)              1                   0.00       1.83 r
  scaleSoftmax/softmax/U16746/ZN (AOI21OPTPBD2BWP12T30P140LVT)
                                                          0.01      0.01       1.84 f
  scaleSoftmax/softmax/n4902 (net)              1                   0.00       1.84 f
  scaleSoftmax/softmax/U4124/ZN (NR2D4BWP12T30P140LVT)
                                                          0.01      0.01       1.85 r
  scaleSoftmax/softmax/n7083 (net)              1                   0.00       1.85 r
  scaleSoftmax/softmax/U2366/ZN (ND2OPTFAD6BWP12T30P140LVT)
                                                          0.01      0.01       1.85 f
  scaleSoftmax/softmax/n3806 (net)              2                   0.00       1.85 f
  scaleSoftmax/softmax/U2365/ZN (INR2D8BWP12T30P140LVT)
                                                          0.01      0.01       1.87 r
  scaleSoftmax/softmax/n494 (net)               5                   0.00       1.87 r
  scaleSoftmax/softmax/U9242/ZN (ND2OPTFAD8BWP12T30P140LVT)
                                                          0.01      0.01       1.87 f
  scaleSoftmax/softmax/n20097 (net)             2                   0.00       1.87 f
  scaleSoftmax/softmax/U2244/ZN (INVD9BWP12T30P140LVT)
                                                          0.01      0.01       1.88 r
  scaleSoftmax/softmax/n40384 (net)             9                   0.00       1.88 r
  scaleSoftmax/softmax/U9405/ZN (CKND12BWP12T30P140LVT)
                                                          0.01      0.01       1.89 f
  scaleSoftmax/softmax/n40918 (net)            30                   0.00       1.89 f
  scaleSoftmax/softmax/U4/ZN (OAI22OPTPBD1BWP12T30P140LVT)
                                                          0.02      0.01       1.90 r
  scaleSoftmax/softmax/n5507 (net)              1                   0.00       1.90 r
  scaleSoftmax/softmax/globalMaximum_reg[6]/D (DFQD2BWP12T30P140LVT)
                                                          0.02      0.00       1.90 r
  data arrival time                                                            1.90

  clock clk (rise edge)                                             2.00       2.00
  clock network delay (ideal)                                       0.00       2.00
  clock uncertainty                                                -0.10       1.90
  scaleSoftmax/softmax/globalMaximum_reg[6]/CP (DFQD2BWP12T30P140LVT)
                                                                    0.00       1.90 r
  library setup time                                               -0.01       1.89
  data required time                                                           1.89
  ------------------------------------------------------------------------------------
  data required time                                                           1.89
  data arrival time                                                           -1.90
  ------------------------------------------------------------------------------------
  slack (VIOLATED)                                                            -0.02


  Startpoint: scaleSoftmax/softmax/packCountReg_reg[0]
              (rising edge-triggered flip-flop clocked by clk)
  Endpoint: scaleSoftmax/softmax/globalMaximum_reg[5]
            (rising edge-triggered flip-flop clocked by clk)
  Path Group: clk
  Path Type: max

  Des/Clust/Port     Wire Load Model       Library
  ------------------------------------------------
  AttentionFeaturePacketizer_0
                     ZeroWireload          tcbn28hpcplusbwp12t30p140lvtssg0p81v125c
  PackDescriptorDecoder_1
                     ZeroWireload          tcbn28hpcplusbwp12t30p140lvtssg0p81v125c
  PackDescriptorDecoder
                     ZeroWireload          tcbn28hpcplusbwp12t30p140lvtssg0p81v125c
  BufferedPackMetadataDequantizer_1
                     ZeroWireload          tcbn28hpcplusbwp12t30p140lvtssg0p81v125c
  DynamicBitUnpacker_1
                     ZeroWireload          tcbn28hpcplusbwp12t30p140lvtssg0p81v125c
  BufferedPackMetadataDequantizer
                     ZeroWireload          tcbn28hpcplusbwp12t30p140lvtssg0p81v125c
  DynamicBitUnpacker ZeroWireload          tcbn28hpcplusbwp12t30p140lvtssg0p81v125c
  KvStreamDequantizer_1
                     ZeroWireload          tcbn28hpcplusbwp12t30p140lvtssg0p81v125c
  KvStreamDequantizer
                     ZeroWireload          tcbn28hpcplusbwp12t30p140lvtssg0p81v125c
  DecompressionPipelineController_1
                     ZeroWireload          tcbn28hpcplusbwp12t30p140lvtssg0p81v125c
  DecompressionPipelineController
                     ZeroWireload          tcbn28hpcplusbwp12t30p140lvtssg0p81v125c
  QkDotProductAccumulator
                     ZeroWireload          tcbn28hpcplusbwp12t30p140lvtssg0p81v125c
  QueryReplayBuffer  ZeroWireload          tcbn28hpcplusbwp12t30p140lvtssg0p81v125c
  AttentionFeaturePacketizer_1
                     ZeroWireload          tcbn28hpcplusbwp12t30p140lvtssg0p81v125c
  DualKvDecompressionController
                     ZeroWireload          tcbn28hpcplusbwp12t30p140lvtssg0p81v125c
  SoftmaxVAccumulator
                     ZeroWireload          tcbn28hpcplusbwp12t30p140lvtssg0p81v125c
  StreamingSoftmax   ZeroWireload          tcbn28hpcplusbwp12t30p140lvtssg0p81v125c
  AttentionScaleUnit ZeroWireload          tcbn28hpcplusbwp12t30p140lvtssg0p81v125c
  AvOutputQuantizer  ZeroWireload          tcbn28hpcplusbwp12t30p140lvtssg0p81v125c
  BriskKvAttentionTop
                     ZeroWireload          tcbn28hpcplusbwp12t30p140lvtssg0p81v125c

  Point                                       Fanout     Trans      Incr       Path
  ------------------------------------------------------------------------------------
  clock clk (rise edge)                                             0.00       0.00
  clock network delay (ideal)                                       0.00       0.00
  scaleSoftmax/softmax/packCountReg_reg[0]/CP (DFQOPTMAD8BWP12T30P140LVT)
                                                          0.00      0.00 #     0.00 r
  scaleSoftmax/softmax/packCountReg_reg[0]/Q (DFQOPTMAD8BWP12T30P140LVT)
                                                          0.01      0.02       0.02 f
  scaleSoftmax/softmax/packCountReg[0] (net)
                                                5                   0.00       0.02 f
  scaleSoftmax/softmax/U16327/ZN (NR2OPTD12BWP12T30P140LVT)
                                                          0.01      0.01       0.03 r
  scaleSoftmax/softmax/n4197 (net)              1                   0.00       0.03 r
  scaleSoftmax/softmax/U4071/ZN (ND3OPTFAD16BWP12T30P140LVT)
                                                          0.01      0.01       0.04 f
  scaleSoftmax/softmax/n6641 (net)              1                   0.00       0.04 f
  scaleSoftmax/softmax/U16385/ZN (NR2OPTPAD16BWP12T30P140LVT)
                                                          0.02      0.01       0.06 r
  scaleSoftmax/softmax/n6989 (net)             11                   0.00       0.06 r
  scaleSoftmax/softmax/U1973/ZN (ND2OPTD6BWP12T30P140LVT)
                                                          0.01      0.01       0.07 f
  scaleSoftmax/softmax/n27900 (net)             3                   0.00       0.07 f
  scaleSoftmax/softmax/U3042/ZN (AOI21OPTREPBD2BWP12T30P140LVT)
                                                          0.01      0.01       0.08 r
  scaleSoftmax/softmax/n298 (net)               1                   0.00       0.08 r
  scaleSoftmax/softmax/U3041/ZN (NR2D3BWP12T30P140LVT)
                                                          0.01      0.01       0.08 f
  scaleSoftmax/softmax/n3693 (net)              1                   0.00       0.08 f
  scaleSoftmax/softmax/U16282/ZN (ND2OPTFAD4BWP12T30P140LVT)
                                                          0.01      0.01       0.09 r
  scaleSoftmax/softmax/n3654 (net)              2                   0.00       0.09 r
  scaleSoftmax/softmax/U8918/ZN (NR3OPTFAD4BWP12T30P140LVT)
                                                          0.01      0.01       0.10 f
  scaleSoftmax/softmax/n4748 (net)              1                   0.00       0.10 f
  scaleSoftmax/softmax/U16710/ZN (ND2OPTFAD4BWP12T30P140LVT)
                                                          0.01      0.01       0.11 r
  scaleSoftmax/softmax/n4747 (net)              1                   0.00       0.11 r
  scaleSoftmax/softmax/U9152/ZN (NR2OPTD12BWP12T30P140LVT)
                                                          0.01      0.01       0.12 f
  scaleSoftmax/softmax/n4745 (net)              2                   0.00       0.12 f
  scaleSoftmax/softmax/U2510/ZN (ND2OPTFAD16BWP12T30P140LVT)
                                                          0.02      0.02       0.14 r
  scaleSoftmax/softmax/n6944 (net)             24                   0.00       0.14 r
  scaleSoftmax/softmax/U9041/ZN (ND2D4BWP12T30P140LVT)
                                                          0.01      0.01       0.15 f
  scaleSoftmax/softmax/n3809 (net)              1                   0.00       0.15 f
  scaleSoftmax/softmax/U3085/ZN (INVD4BWP12T30P140LVT)
                                                          0.01      0.01       0.15 r
  scaleSoftmax/softmax/n18388 (net)             3                   0.00       0.15 r
  scaleSoftmax/softmax/U9632/ZN (NR2OPTPAD2BWP12T30P140LVT)
                                                          0.01      0.01       0.16 f
  scaleSoftmax/softmax/n2576 (net)              2                   0.00       0.16 f
  scaleSoftmax/softmax/U9542/ZN (OAI21D2BWP12T30P140LVT)
                                                          0.01      0.01       0.17 r
  scaleSoftmax/softmax/n2569 (net)              1                   0.00       0.17 r
  scaleSoftmax/softmax/U9624/ZN (AOI21OPTPBD2BWP12T30P140LVT)
                                                          0.01      0.01       0.18 f
  scaleSoftmax/softmax/n3706 (net)              1                   0.00       0.18 f
  scaleSoftmax/softmax/U9099/ZN (NR2D4BWP12T30P140LVT)
                                                          0.01      0.01       0.20 r
  scaleSoftmax/softmax/n4249 (net)              1                   0.00       0.20 r
  scaleSoftmax/softmax/U16454/ZN (NR3OPTFAD4BWP12T30P140LVT)
                                                          0.01      0.01       0.21 f
  scaleSoftmax/softmax/n4248 (net)              1                   0.00       0.21 f
  scaleSoftmax/softmax/U4139/ZN (NR2D8BWP12T30P140LVT)
                                                          0.02      0.01       0.22 r
  scaleSoftmax/softmax/n4243 (net)              1                   0.00       0.22 r
  scaleSoftmax/softmax/U2946/ZN (NR2OPTPAD16BWP12T30P140LVT)
                                                          0.02      0.01       0.24 f
  scaleSoftmax/softmax/n6703 (net)             31                   0.00       0.24 f
  scaleSoftmax/softmax/U9805/Z (MUX2OPTD4BWP12T30P140LVT)
                                                          0.01      0.02       0.26 r
  scaleSoftmax/softmax/n3041 (net)              3                   0.00       0.26 r
  scaleSoftmax/softmax/U5717/ZN (ND2OPTFAD4BWP12T30P140LVT)
                                                          0.01      0.01       0.27 f
  scaleSoftmax/softmax/n2269 (net)              2                   0.00       0.27 f
  scaleSoftmax/softmax/U9222/ZN (AOI21OPTPBD2BWP12T30P140LVT)
                                                          0.01      0.01       0.28 r
  scaleSoftmax/softmax/n18507 (net)             1                   0.00       0.28 r
  scaleSoftmax/softmax/U9715/ZN (OAI21OPTREPBD2BWP12T30P140LVT)
                                                          0.01      0.01       0.29 f
  scaleSoftmax/softmax/n18509 (net)             1                   0.00       0.29 f
  scaleSoftmax/softmax/U9814/ZN (AOI21OPTPBD2BWP12T30P140LVT)
                                                          0.01      0.01       0.30 r
  scaleSoftmax/softmax/n3065 (net)              1                   0.00       0.30 r
  scaleSoftmax/softmax/U9813/ZN (OAI21OPTPBD2BWP12T30P140LVT)
                                                          0.01      0.01       0.31 f
  scaleSoftmax/softmax/n3064 (net)              1                   0.00       0.31 f
  scaleSoftmax/softmax/U2800/ZN (NR2OPTPAD2BWP12T30P140LVT)
                                                          0.01      0.01       0.33 r
  scaleSoftmax/softmax/n228 (net)               1                   0.00       0.33 r
  scaleSoftmax/softmax/U2799/ZN (NR2OPTD6BWP12T30P140LVT)
                                                          0.01      0.01       0.33 f
  scaleSoftmax/softmax/n226 (net)               1                   0.00       0.33 f
  scaleSoftmax/softmax/U2798/ZN (INR2D16BWP12T30P140LVT)
                                                          0.03      0.02       0.35 r
  scaleSoftmax/softmax/n4484 (net)             32                   0.00       0.35 r
  scaleSoftmax/softmax/U1771/ZN (INR2D2BWP12T30P140LVT)
                                                          0.01      0.01       0.36 f
  scaleSoftmax/softmax/n1956 (net)              1                   0.00       0.36 f
  scaleSoftmax/softmax/U7313/ZN (INVD2BWP12T30P140LVT)
                                                          0.01      0.01       0.36 r
  scaleSoftmax/softmax/n3055 (net)              1                   0.00       0.36 r
  scaleSoftmax/softmax/U2885/ZN (CKND2D3BWP12T30P140LVT)
                                                          0.01      0.01       0.37 f
  scaleSoftmax/softmax/n18710 (net)             3                   0.00       0.37 f
  scaleSoftmax/softmax/U1732/ZN (NR2OPTFAD4BWP12T30P140LVT)
                                                          0.01      0.01       0.38 r
  scaleSoftmax/softmax/n6473 (net)              2                   0.00       0.38 r
  scaleSoftmax/softmax/U2097/ZN (NR3OPTPAD2BWP12T30P140LVT)
                                                          0.01      0.01       0.39 f
  scaleSoftmax/softmax/n6845 (net)              1                   0.00       0.39 f
  scaleSoftmax/softmax/U1706/ZN (NR2OPTPAD2BWP12T30P140LVT)
                                                          0.01      0.01       0.40 r
  scaleSoftmax/softmax/n4574 (net)              1                   0.00       0.40 r
  scaleSoftmax/softmax/U7265/ZN (OAI21D2BWP12T30P140LVT)
                                                          0.01      0.01       0.41 f
  scaleSoftmax/softmax/n4572 (net)              1                   0.00       0.41 f
  scaleSoftmax/softmax/U16689/ZN (AOI21OPTREPBD2BWP12T30P140LVT)
                                                          0.01      0.01       0.42 r
  scaleSoftmax/softmax/n6526 (net)              1                   0.00       0.42 r
  scaleSoftmax/softmax/U8494/ZN (OAI21OPTREPBD2BWP12T30P140LVT)
                                                          0.02      0.01       0.43 f
  scaleSoftmax/softmax/n6538 (net)              1                   0.00       0.43 f
  scaleSoftmax/softmax/U16902/ZN (OAI21OPTPBD4BWP12T30P140LVT)
                                                          0.02      0.01       0.44 r
  scaleSoftmax/softmax/n6730 (net)              1                   0.00       0.44 r
  scaleSoftmax/softmax/U8524/ZN (ND2OPTD12BWP12T30P140LVT)
                                                          0.02      0.02       0.46 f
  scaleSoftmax/softmax/n18684 (net)             8                   0.00       0.46 f
  scaleSoftmax/softmax/U2026/Z (MUX2D4BWP12T30P140LVT)
                                                          0.01      0.03       0.49 r
  scaleSoftmax/softmax/n18845 (net)             2                   0.00       0.49 r
  scaleSoftmax/softmax/U1651/Z (BUFFXD6BWP12T30P140LVT)
                                                          0.01      0.01       0.50 r
  scaleSoftmax/softmax/n4548 (net)              2                   0.00       0.50 r
  scaleSoftmax/softmax/U16986/ZN (INR2D4BWP12T30P140LVT)
                                                          0.01      0.00       0.50 f
  scaleSoftmax/softmax/n6990 (net)              1                   0.00       0.50 f
  scaleSoftmax/softmax/U16886/ZN (NR2OPTPAD2BWP12T30P140LVT)
                                                          0.01      0.01       0.51 r
  scaleSoftmax/softmax/n6386 (net)              1                   0.00       0.51 r
  scaleSoftmax/softmax/U8425/ZN (OAI21OPTREPBD2BWP12T30P140LVT)
                                                          0.01      0.01       0.52 f
  scaleSoftmax/softmax/n1151 (net)              1                   0.00       0.52 f
  scaleSoftmax/softmax/U2048/ZN (ND2D3BWP12T30P140LVT)
                                                          0.01      0.01       0.53 r
  scaleSoftmax/softmax/n4475 (net)              1                   0.00       0.53 r
  scaleSoftmax/softmax/U2140/ZN (AOI21OPTPBD6BWP12T30P140LVT)
                                                          0.02      0.01       0.54 f
  scaleSoftmax/softmax/n7123 (net)              1                   0.00       0.54 f
  scaleSoftmax/softmax/U8928/ZN (INR2D16BWP12T30P140LVT)
                                                          0.02      0.01       0.55 r
  scaleSoftmax/softmax/n1751 (net)             12                   0.00       0.55 r
  scaleSoftmax/softmax/U8979/Z (MUX2D2BWP12T30P140LVT)
                                                          0.01      0.02       0.58 f
  scaleSoftmax/softmax/n18956 (net)             3                   0.00       0.58 f
  scaleSoftmax/softmax/U1558/ZN (INR2D1BWP12T30P140LVT)
                                                          0.02      0.01       0.59 r
  scaleSoftmax/softmax/n18894 (net)             2                   0.00       0.59 r
  scaleSoftmax/softmax/U1530/ZN (INVD1BWP12T30P140LVT)
                                                          0.01      0.01       0.60 f
  scaleSoftmax/softmax/n6379 (net)              1                   0.00       0.60 f
  scaleSoftmax/softmax/U9248/ZN (AOI21OPTPBD2BWP12T30P140LVT)
                                                          0.01      0.01       0.61 r
  scaleSoftmax/softmax/n1998 (net)              1                   0.00       0.61 r
  scaleSoftmax/softmax/U9247/ZN (OAI21OPTREPBD2BWP12T30P140LVT)
                                                          0.01      0.01       0.62 f
  scaleSoftmax/softmax/n4641 (net)              1                   0.00       0.62 f
  scaleSoftmax/softmax/U9396/ZN (AOI21OPTPBD2BWP12T30P140LVT)
                                                          0.02      0.02       0.64 r
  scaleSoftmax/softmax/n18955 (net)             2                   0.00       0.64 r
  scaleSoftmax/softmax/U16699/ZN (ND3OPTPAD2BWP12T30P140LVT)
                                                          0.02      0.02       0.65 f
  scaleSoftmax/softmax/n6520 (net)              1                   0.00       0.65 f
  scaleSoftmax/softmax/U16336/ZN (NR2OPTFAD4BWP12T30P140LVT)
                                                          0.01      0.01       0.66 r
  scaleSoftmax/softmax/n3781 (net)              1                   0.00       0.66 r
  scaleSoftmax/softmax/U1999/ZN (ND2OPTFAD8BWP12T30P140LVT)
                                                          0.01      0.01       0.68 f
  scaleSoftmax/softmax/n18941 (net)             4                   0.00       0.68 f
  scaleSoftmax/softmax/U8376/ZN (CKND16BWP12T30P140LVT)
                                                          0.01      0.01       0.69 r
  scaleSoftmax/softmax/n4526 (net)             12                   0.00       0.69 r
  scaleSoftmax/softmax/U2122/ZN (CKND8BWP12T30P140LVT)
                                                          0.01      0.01       0.69 f
  scaleSoftmax/softmax/n6496 (net)              4                   0.00       0.69 f
  scaleSoftmax/softmax/U8277/Z (MUX2OPTD6BWP12T30P140LVT)
                                                          0.01      0.02       0.71 r
  scaleSoftmax/softmax/n4363 (net)              3                   0.00       0.71 r
  scaleSoftmax/softmax/U8276/ZN (ND2OPTFAD4BWP12T30P140LVT)
                                                          0.01      0.01       0.72 f
  scaleSoftmax/softmax/n2146 (net)              2                   0.00       0.72 f
  scaleSoftmax/softmax/U6882/ZN (ND2D2BWP12T30P140LVT)
                                                          0.01      0.01       0.72 r
  scaleSoftmax/softmax/n1813 (net)              1                   0.00       0.72 r
  scaleSoftmax/softmax/U9007/ZN (ND2OPTPAD2BWP12T30P140LVT)
                                                          0.01      0.01       0.73 f
  scaleSoftmax/softmax/n4724 (net)              1                   0.00       0.73 f
  scaleSoftmax/softmax/U16408/ZN (AOI21OPTPBD2BWP12T30P140LVT)
                                                          0.01      0.01       0.74 r
  scaleSoftmax/softmax/n3746 (net)              1                   0.00       0.74 r
  scaleSoftmax/softmax/U16403/ZN (NR2D2BWP12T30P140LVT)
                                                          0.01      0.01       0.74 f
  scaleSoftmax/softmax/n6187 (net)              1                   0.00       0.74 f
  scaleSoftmax/softmax/U16622/ZN (OAI21D2BWP12T30P140LVT)
                                                          0.01      0.01       0.75 r
  scaleSoftmax/softmax/n6651 (net)              1                   0.00       0.75 r
  scaleSoftmax/softmax/U16932/ZN (AOI21OPTPBD2BWP12T30P140LVT)
                                                          0.02      0.01       0.76 f
  scaleSoftmax/softmax/n6649 (net)              1                   0.00       0.76 f
  scaleSoftmax/softmax/U16646/ZN (NR3OPTD6BWP12T30P140LVT)
                                                          0.03      0.02       0.79 r
  scaleSoftmax/softmax/n19026 (net)             4                   0.00       0.79 r
  scaleSoftmax/softmax/U8752/ZN (CKND8BWP12T30P140LVT)
                                                          0.02      0.01       0.80 f
  scaleSoftmax/softmax/n4468 (net)             14                   0.00       0.80 f
  scaleSoftmax/softmax/U2747/ZN (INR2D2BWP12T30P140LVT)
                                                          0.01      0.01       0.81 r
  scaleSoftmax/softmax/n3691 (net)              1                   0.00       0.81 r
  scaleSoftmax/softmax/U9219/ZN (INVD1P25BWP12T30P140LVT)
                                                          0.01      0.01       0.81 f
  scaleSoftmax/softmax/n4509 (net)              1                   0.00       0.81 f
  scaleSoftmax/softmax/U9265/ZN (OAI21OPTREPBD2BWP12T30P140LVT)
                                                          0.03      0.01       0.82 r
  scaleSoftmax/softmax/n19157 (net)             3                   0.00       0.82 r
  scaleSoftmax/softmax/U1343/ZN (ND2D2BWP12T30P140LVT)
                                                          0.02      0.01       0.83 f
  scaleSoftmax/softmax/n2582 (net)              2                   0.00       0.83 f
  scaleSoftmax/softmax/U2120/ZN (OAI211OPTREPBD2BWP12T30P140LVT)
                                                          0.01      0.01       0.84 r
  scaleSoftmax/softmax/n22 (net)                1                   0.00       0.84 r
  scaleSoftmax/softmax/U1321/ZN (AOI21OPTPBD1BWP12T30P140LVT)
                                                          0.01      0.01       0.85 f
  scaleSoftmax/softmax/n2733 (net)              1                   0.00       0.85 f
  scaleSoftmax/softmax/U2383/ZN (OAI21OPTPBD2BWP12T30P140LVT)
                                                          0.01      0.01       0.86 r
  scaleSoftmax/softmax/n6275 (net)              1                   0.00       0.86 r
  scaleSoftmax/softmax/U5271/ZN (ND2D2BWP12T30P140LVT)
                                                          0.01      0.01       0.87 f
  scaleSoftmax/softmax/n4491 (net)              1                   0.00       0.87 f
  scaleSoftmax/softmax/U6734/ZN (ND2OPTPAD2BWP12T30P140LVT)
                                                          0.01      0.01       0.88 r
  scaleSoftmax/softmax/n6272 (net)              1                   0.00       0.88 r
  scaleSoftmax/softmax/U8619/ZN (AOI21OPTPBD6BWP12T30P140LVT)
                                                          0.02      0.01       0.89 f
  scaleSoftmax/softmax/n1271 (net)              4                   0.00       0.89 f
  scaleSoftmax/softmax/U8617/ZN (NR2OPTPAD16BWP12T30P140LVT)
                                                          0.03      0.02       0.91 r
  scaleSoftmax/softmax/n6472 (net)             30                   0.00       0.91 r
  scaleSoftmax/softmax/U1235/Z (MUX2D4BWP12T30P140LVT)
                                                          0.01      0.03       0.94 r
  scaleSoftmax/softmax/n4372 (net)              3                   0.00       0.94 r
  scaleSoftmax/softmax/U9515/ZN (INR2D4BWP12T30P140LVT)
                                                          0.01      0.01       0.95 f
  scaleSoftmax/softmax/n2301 (net)              3                   0.00       0.95 f
  scaleSoftmax/softmax/U4424/ZN (NR2D2BWP12T30P140LVT)
                                                          0.01      0.01       0.96 r
  scaleSoftmax/softmax/n2786 (net)              1                   0.00       0.96 r
  scaleSoftmax/softmax/U9670/ZN (OAI211OPTREPBD2BWP12T30P140LVT)
                                                          0.02      0.01       0.97 f
  scaleSoftmax/softmax/n2780 (net)              1                   0.00       0.97 f
  scaleSoftmax/softmax/U9699/ZN (AOI21OPTPBD2BWP12T30P140LVT)
                                                          0.02      0.01       0.98 r
  scaleSoftmax/softmax/n2777 (net)              1                   0.00       0.98 r
  scaleSoftmax/softmax/U4140/ZN (OAI21OPTPBD8BWP12T30P140LVT)
                                                          0.02      0.01       1.00 f
  scaleSoftmax/softmax/n3432 (net)              1                   0.00       1.00 f
  scaleSoftmax/softmax/U8773/ZN (ND2OPTFAD16BWP12T30P140LVT)
                                                          0.03      0.02       1.02 r
  scaleSoftmax/softmax/n19267 (net)            40                   0.00       1.02 r
  scaleSoftmax/softmax/U8407/ZN (CKND16BWP12T30P140LVT)
                                                          0.01      0.01       1.03 f
  scaleSoftmax/softmax/n4373 (net)             13                   0.00       1.03 f
  scaleSoftmax/softmax/U8485/Z (MUX2OPTD6BWP12T30P140LVT)
                                                          0.01      0.02       1.05 r
  scaleSoftmax/softmax/n4401 (net)              3                   0.00       1.05 r
  scaleSoftmax/softmax/U8207/ZN (ND2OPTFAD4BWP12T30P140LVT)
                                                          0.02      0.01       1.06 f
  scaleSoftmax/softmax/n941 (net)               2                   0.00       1.06 f
  scaleSoftmax/softmax/U8206/ZN (AOI21OPTPBD2BWP12T30P140LVT)
                                                          0.01      0.01       1.06 r
  scaleSoftmax/softmax/n1677 (net)              1                   0.00       1.06 r
  scaleSoftmax/softmax/U8843/ZN (OAI21OPTPBD2BWP12T30P140LVT)
                                                          0.01      0.01       1.07 f
  scaleSoftmax/softmax/n2867 (net)              1                   0.00       1.07 f
  scaleSoftmax/softmax/U9737/ZN (AOI21OPTPBD2BWP12T30P140LVT)
                                                          0.01      0.01       1.08 r
  scaleSoftmax/softmax/n4254 (net)              1                   0.00       1.08 r
  scaleSoftmax/softmax/U16413/ZN (NR2D4BWP12T30P140LVT)
                                                          0.01      0.01       1.09 f
  scaleSoftmax/softmax/n4057 (net)              1                   0.00       1.09 f
  scaleSoftmax/softmax/U8359/ZN (NR3OPTPAD6BWP12T30P140LVT)
                                                          0.02      0.02       1.11 r
  scaleSoftmax/softmax/n4055 (net)              1                   0.00       1.11 r
  scaleSoftmax/softmax/U3181/ZN (ND2OPTFAD16BWP12T30P140LVT)
                                                          0.02      0.02       1.12 f
  scaleSoftmax/softmax/n4344 (net)             27                   0.00       1.12 f
  scaleSoftmax/softmax/U2139/ZN (CKND6BWP12T30P140LVT)
                                                          0.01      0.01       1.13 r
  scaleSoftmax/softmax/n158 (net)               3                   0.00       1.13 r
  scaleSoftmax/softmax/U2275/ZN (ND2OPTFAD4BWP12T30P140LVT)
                                                          0.01      0.01       1.14 f
  scaleSoftmax/softmax/n1798 (net)              2                   0.00       1.14 f
  scaleSoftmax/softmax/U3191/ZN (INR2D4BWP12T30P140LVT)
                                                          0.01      0.01       1.15 f
  scaleSoftmax/softmax/n6125 (net)              2                   0.00       1.15 f
  scaleSoftmax/softmax/U2623/ZN (INVD4BWP12T30P140LVT)
                                                          0.01      0.01       1.16 r
  scaleSoftmax/softmax/n186 (net)               1                   0.00       1.16 r
  scaleSoftmax/softmax/U2681/ZN (ND2D4BWP12T30P140LVT)
                                                          0.01      0.01       1.17 f
  scaleSoftmax/softmax/n789 (net)               2                   0.00       1.17 f
  scaleSoftmax/softmax/U2856/ZN (NR2D3BWP12T30P140LVT)
                                                          0.01      0.01       1.18 r
  scaleSoftmax/softmax/n19421 (net)             2                   0.00       1.18 r
  scaleSoftmax/softmax/U8761/ZN (ND3OPTFAD4BWP12T30P140LVT)
                                                          0.01      0.01       1.19 f
  scaleSoftmax/softmax/n1530 (net)              1                   0.00       1.19 f
  scaleSoftmax/softmax/U8121/ZN (INR2D16BWP12T30P140LVT)
                                                          0.01      0.02       1.21 f
  scaleSoftmax/softmax/n1632 (net)             15                   0.00       1.21 f
  scaleSoftmax/softmax/U2602/Z (MUX2OPTD6BWP12T30P140LVT)
                                                          0.01      0.02       1.23 r
  scaleSoftmax/softmax/n4180 (net)              3                   0.00       1.23 r
  scaleSoftmax/softmax/U9470/ZN (OAI21OPTREPBD2BWP12T30P140LVT)
                                                          0.01      0.01       1.24 f
  scaleSoftmax/softmax/n2210 (net)              1                   0.00       1.24 f
  scaleSoftmax/softmax/U2649/ZN (AOI21OPTPBD4BWP12T30P140LVT)
                                                          0.01      0.01       1.25 r
  scaleSoftmax/softmax/n822 (net)               2                   0.00       1.25 r
  scaleSoftmax/softmax/U3278/ZN (ND2OPTFAD4BWP12T30P140LVT)
                                                          0.01      0.01       1.26 f
  scaleSoftmax/softmax/n904 (net)               2                   0.00       1.26 f
  scaleSoftmax/softmax/U3352/ZN (NR2OPTPAD2BWP12T30P140LVT)
                                                          0.01      0.01       1.27 r
  scaleSoftmax/softmax/n925 (net)               1                   0.00       1.27 r
  scaleSoftmax/softmax/U2427/ZN (ND3OPTPAD2BWP12T30P140LVT)
                                                          0.02      0.01       1.28 f
  scaleSoftmax/softmax/n107 (net)               1                   0.00       1.28 f
  scaleSoftmax/softmax/U2426/ZN (ND2OPTFAD4BWP12T30P140LVT)
                                                          0.01      0.01       1.29 r
  scaleSoftmax/softmax/n1531 (net)              1                   0.00       1.29 r
  scaleSoftmax/softmax/U2633/ZN (NR2OPTD12BWP12T30P140LVT)
                                                          0.01      0.01       1.30 f
  scaleSoftmax/softmax/n4353 (net)              9                   0.00       1.30 f
  scaleSoftmax/softmax/U8749/ZN (AOI21OPTPBD4BWP12T30P140LVT)
                                                          0.01      0.01       1.31 r
  scaleSoftmax/softmax/n5038 (net)              1                   0.00       1.31 r
  scaleSoftmax/softmax/U2501/ZN (ND2OPTFAD6BWP12T30P140LVT)
                                                          0.02      0.01       1.32 f
  scaleSoftmax/softmax/n1129 (net)              2                   0.00       1.32 f
  scaleSoftmax/softmax/U8289/ZN (NR2D16BWP12T30P140LVT)
                                                          0.02      0.02       1.34 r
  scaleSoftmax/softmax/n6669 (net)             17                   0.00       1.34 r
  scaleSoftmax/softmax/U2132/Z (BUFFXD6BWP12T30P140LVT)
                                                          0.01      0.01       1.36 r
  scaleSoftmax/softmax/n379 (net)               3                   0.00       1.36 r
  scaleSoftmax/softmax/U8786/ZN (OAI22OPTPBD4BWP12T30P140LVT)
                                                          0.02      0.01       1.37 f
  scaleSoftmax/softmax/n19579 (net)             3                   0.00       1.37 f
  scaleSoftmax/softmax/U701/ZN (NR2D2BWP12T30P140LVT)     0.01      0.01       1.38 r
  scaleSoftmax/softmax/n99 (net)                1                   0.00       1.38 r
  scaleSoftmax/softmax/U2404/ZN (AOI21OPTPBD2BWP12T30P140LVT)
                                                          0.01      0.01       1.39 f
  scaleSoftmax/softmax/n4278 (net)              1                   0.00       1.39 f
  scaleSoftmax/softmax/U2912/ZN (NR2D2BWP12T30P140LVT)
                                                          0.01      0.01       1.40 r
  scaleSoftmax/softmax/n1579 (net)              1                   0.00       1.40 r
  scaleSoftmax/softmax/U6104/ZN (OAI21D2BWP12T30P140LVT)
                                                          0.02      0.01       1.41 f
  scaleSoftmax/softmax/n3878 (net)              1                   0.00       1.41 f
  scaleSoftmax/softmax/U8849/ZN (AOI21D4BWP12T30P140LVT)
                                                          0.02      0.01       1.42 r
  scaleSoftmax/softmax/n4018 (net)              1                   0.00       1.42 r
  scaleSoftmax/softmax/U8070/ZN (NR2D8BWP12T30P140LVT)
                                                          0.01      0.01       1.43 f
  scaleSoftmax/softmax/n711 (net)               3                   0.00       1.43 f
  scaleSoftmax/softmax/U8068/ZN (ND2OPTFAD16BWP12T30P140LVT)
                                                          0.02      0.01       1.44 r
  scaleSoftmax/softmax/n3169 (net)             18                   0.00       1.44 r
  scaleSoftmax/softmax/U2919/ZN (CKND16BWP12T30P140LVT)
                                                          0.01      0.01       1.45 f
  scaleSoftmax/softmax/n4151 (net)             12                   0.00       1.45 f
  scaleSoftmax/softmax/U8697/Z (MUX2OPTD6BWP12T30P140LVT)
                                                          0.01      0.02       1.47 r
  scaleSoftmax/softmax/n4356 (net)              3                   0.00       1.47 r
  scaleSoftmax/softmax/U552/ZN (ND2OPTFAD6BWP12T30P140LVT)
                                                          0.01      0.01       1.48 f
  scaleSoftmax/softmax/n2489 (net)              3                   0.00       1.48 f
  scaleSoftmax/softmax/U8156/ZN (AOI21OPTPBD2BWP12T30P140LVT)
                                                          0.01      0.01       1.49 r
  scaleSoftmax/softmax/n863 (net)               1                   0.00       1.49 r
  scaleSoftmax/softmax/U8157/ZN (ND2OPTPAD2BWP12T30P140LVT)
                                                          0.01      0.01       1.50 f
  scaleSoftmax/softmax/n860 (net)               1                   0.00       1.50 f
  scaleSoftmax/softmax/U4203/ZN (ND2D2BWP12T30P140LVT)
                                                          0.01      0.01       1.50 r
  scaleSoftmax/softmax/n1034 (net)              1                   0.00       1.50 r
  scaleSoftmax/softmax/U8250/ZN (ND2OPTPAD2BWP12T30P140LVT)
                                                          0.02      0.01       1.52 f
  scaleSoftmax/softmax/n1032 (net)              1                   0.00       1.52 f
  scaleSoftmax/softmax/U4135/ZN (NR2D8BWP12T30P140LVT)
                                                          0.01      0.01       1.53 r
  scaleSoftmax/softmax/n4065 (net)              1                   0.00       1.53 r
  scaleSoftmax/softmax/U16539/ZN (ND2OPTFAD16BWP12T30P140LVT)
                                                          0.02      0.01       1.54 f
  scaleSoftmax/softmax/n19725 (net)            35                   0.00       1.54 f
  scaleSoftmax/softmax/U2010/Z (MUX2OPTD4BWP12T30P140LVT)
                                                          0.01      0.03       1.57 r
  scaleSoftmax/softmax/n19872 (net)             3                   0.00       1.57 r
  scaleSoftmax/softmax/U8133/ZN (INR2D8BWP12T30P140LVT)
                                                          0.01      0.01       1.58 f
  scaleSoftmax/softmax/n2396 (net)              3                   0.00       1.58 f
  scaleSoftmax/softmax/U396/ZN (INR2D1BWP12T30P140LVT)
                                                          0.01      0.01       1.59 r
  scaleSoftmax/softmax/n1481 (net)              1                   0.00       1.59 r
  scaleSoftmax/softmax/U8713/ZN (AOI21OPTPBD2BWP12T30P140LVT)
                                                          0.01      0.01       1.60 f
  scaleSoftmax/softmax/n1567 (net)              1                   0.00       1.60 f
  scaleSoftmax/softmax/U8210/ZN (ND2OPTPAD2BWP12T30P140LVT)
                                                          0.01      0.01       1.61 r
  scaleSoftmax/softmax/n946 (net)               1                   0.00       1.61 r
  scaleSoftmax/softmax/U2384/ZN (AOI21OPTPBD4BWP12T30P140LVT)
                                                          0.02      0.01       1.62 f
  scaleSoftmax/softmax/n945 (net)               1                   0.00       1.62 f
  scaleSoftmax/softmax/U8208/ZN (AOI21OPTPBD6BWP12T30P140LVT)
                                                          0.02      0.01       1.63 r
  scaleSoftmax/softmax/n3921 (net)              1                   0.00       1.63 r
  scaleSoftmax/softmax/U3194/ZN (NR2D16BWP12T30P140LVT)
                                                          0.02      0.01       1.65 f
  scaleSoftmax/softmax/n19838 (net)            16                   0.00       1.65 f
  scaleSoftmax/softmax/U2253/ZN (CKND12BWP12T30P140LVT)
                                                          0.01      0.01       1.66 r
  scaleSoftmax/softmax/n19851 (net)             9                   0.00       1.66 r
  scaleSoftmax/softmax/U2851/Z (MUX2OPTD6BWP12T30P140LVT)
                                                          0.01      0.02       1.68 f
  scaleSoftmax/softmax/n4501 (net)              3                   0.00       1.68 f
  scaleSoftmax/softmax/U2850/ZN (ND2OPTFAD6BWP12T30P140LVT)
                                                          0.02      0.01       1.68 r
  scaleSoftmax/softmax/n1738 (net)              2                   0.00       1.68 r
  scaleSoftmax/softmax/U273/ZN (CKND3BWP12T30P140LVT)     0.01      0.01       1.69 f
  scaleSoftmax/softmax/n1642 (net)              1                   0.00       1.69 f
  scaleSoftmax/softmax/U8585/ZN (NR2OPTFAD4BWP12T30P140LVT)
                                                          0.01      0.01       1.70 r
  scaleSoftmax/softmax/n4561 (net)              2                   0.00       1.70 r
  scaleSoftmax/softmax/U8466/ZN (ND2OPTFAD4BWP12T30P140LVT)
                                                          0.01      0.01       1.70 f
  scaleSoftmax/softmax/n6614 (net)              2                   0.00       1.70 f
  scaleSoftmax/softmax/U245/ZN (NR2D2BWP12T30P140LVT)     0.01      0.01       1.71 r
  scaleSoftmax/softmax/n6613 (net)              1                   0.00       1.71 r
  scaleSoftmax/softmax/U8261/ZN (ND3OPTPAD2BWP12T30P140LVT)
                                                          0.01      0.01       1.73 f
  scaleSoftmax/softmax/n6612 (net)              1                   0.00       1.73 f
  scaleSoftmax/softmax/U16750/ZN (ND3OPTPAD2BWP12T30P140LVT)
                                                          0.01      0.01       1.74 r
  scaleSoftmax/softmax/n19964 (net)             1                   0.00       1.74 r
  scaleSoftmax/softmax/U16675/ZN (AOI21OPTPBD4BWP12T30P140LVT)
                                                          0.02      0.01       1.75 f
  scaleSoftmax/softmax/n19980 (net)             2                   0.00       1.75 f
  scaleSoftmax/softmax/U8892/ZN (CKND8BWP12T30P140LVT)
                                                          0.02      0.01       1.76 r
  scaleSoftmax/softmax/n4506 (net)             17                   0.00       1.76 r
  scaleSoftmax/softmax/U8793/ZN (INVD1BWP12T30P140LVT)
                                                          0.01      0.01       1.78 f
  scaleSoftmax/softmax/n1548 (net)              2                   0.00       1.78 f
  scaleSoftmax/softmax/U8797/ZN (ND2OPTPAD2BWP12T30P140LVT)
                                                          0.01      0.01       1.78 r
  scaleSoftmax/softmax/n3788 (net)              1                   0.00       1.78 r
  scaleSoftmax/softmax/U16433/ZN (OAI21OPTREPBD2BWP12T30P140LVT)
                                                          0.02      0.01       1.79 f
  scaleSoftmax/softmax/n19968 (net)             3                   0.00       1.79 f
  scaleSoftmax/softmax/U9395/ZN (INR2D2BWP12T30P140LVT)
                                                          0.01      0.01       1.80 r
  scaleSoftmax/softmax/n2341 (net)              1                   0.00       1.80 r
  scaleSoftmax/softmax/U2008/ZN (AOI22D2BWP12T30P140LVT)
                                                          0.02      0.01       1.81 f
  scaleSoftmax/softmax/n2340 (net)              1                   0.00       1.81 f
  scaleSoftmax/softmax/U9529/ZN (NR2OPTPAD2BWP12T30P140LVT)
                                                          0.01      0.01       1.82 r
  scaleSoftmax/softmax/n2338 (net)              1                   0.00       1.82 r
  scaleSoftmax/softmax/U8815/ZN (OAI21OPTREPBD2BWP12T30P140LVT)
                                                          0.01      0.01       1.83 f
  scaleSoftmax/softmax/n3787 (net)              1                   0.00       1.83 f
  scaleSoftmax/softmax/U16219/ZN (ND2D2BWP12T30P140LVT)
                                                          0.01      0.01       1.84 r
  scaleSoftmax/softmax/n3552 (net)              1                   0.00       1.84 r
  scaleSoftmax/softmax/U2367/ZN (ND2OPTPAD2BWP12T30P140LVT)
                                                          0.01      0.01       1.85 f
  scaleSoftmax/softmax/n4524 (net)              2                   0.00       1.85 f
  scaleSoftmax/softmax/U2365/ZN (INR2D8BWP12T30P140LVT)
                                                          0.01      0.02       1.87 f
  scaleSoftmax/softmax/n494 (net)               5                   0.00       1.87 f
  scaleSoftmax/softmax/U9242/ZN (ND2OPTFAD8BWP12T30P140LVT)
                                                          0.01      0.01       1.87 r
  scaleSoftmax/softmax/n20097 (net)             2                   0.00       1.87 r
  scaleSoftmax/softmax/U9857/ZN (ND2OPTFAD8BWP12T30P140LVT)
                                                          0.02      0.02       1.89 f
  scaleSoftmax/softmax/n5007 (net)             44                   0.00       1.89 f
  scaleSoftmax/softmax/U16794/ZN (OAI22D1BWP12T30P140LVT)
                                                          0.02      0.01       1.90 r
  scaleSoftmax/softmax/n5506 (net)              1                   0.00       1.90 r
  scaleSoftmax/softmax/globalMaximum_reg[5]/D (DFQD2BWP12T30P140LVT)
                                                          0.02      0.00       1.90 r
  data arrival time                                                            1.90

  clock clk (rise edge)                                             2.00       2.00
  clock network delay (ideal)                                       0.00       2.00
  clock uncertainty                                                -0.10       1.90
  scaleSoftmax/softmax/globalMaximum_reg[5]/CP (DFQD2BWP12T30P140LVT)
                                                                    0.00       1.90 r
  library setup time                                               -0.01       1.89
  data required time                                                           1.89
  ------------------------------------------------------------------------------------
  data required time                                                           1.89
  data arrival time                                                           -1.90
  ------------------------------------------------------------------------------------
  slack (VIOLATED)                                                            -0.02


  Startpoint: scaleSoftmax/softmax/packCountReg_reg[0]
              (rising edge-triggered flip-flop clocked by clk)
  Endpoint: scaleSoftmax/softmax/globalMaximum_reg[23]
            (rising edge-triggered flip-flop clocked by clk)
  Path Group: clk
  Path Type: max

  Des/Clust/Port     Wire Load Model       Library
  ------------------------------------------------
  AttentionFeaturePacketizer_0
                     ZeroWireload          tcbn28hpcplusbwp12t30p140lvtssg0p81v125c
  PackDescriptorDecoder_1
                     ZeroWireload          tcbn28hpcplusbwp12t30p140lvtssg0p81v125c
  PackDescriptorDecoder
                     ZeroWireload          tcbn28hpcplusbwp12t30p140lvtssg0p81v125c
  BufferedPackMetadataDequantizer_1
                     ZeroWireload          tcbn28hpcplusbwp12t30p140lvtssg0p81v125c
  DynamicBitUnpacker_1
                     ZeroWireload          tcbn28hpcplusbwp12t30p140lvtssg0p81v125c
  BufferedPackMetadataDequantizer
                     ZeroWireload          tcbn28hpcplusbwp12t30p140lvtssg0p81v125c
  DynamicBitUnpacker ZeroWireload          tcbn28hpcplusbwp12t30p140lvtssg0p81v125c
  KvStreamDequantizer_1
                     ZeroWireload          tcbn28hpcplusbwp12t30p140lvtssg0p81v125c
  KvStreamDequantizer
                     ZeroWireload          tcbn28hpcplusbwp12t30p140lvtssg0p81v125c
  DecompressionPipelineController_1
                     ZeroWireload          tcbn28hpcplusbwp12t30p140lvtssg0p81v125c
  DecompressionPipelineController
                     ZeroWireload          tcbn28hpcplusbwp12t30p140lvtssg0p81v125c
  QkDotProductAccumulator
                     ZeroWireload          tcbn28hpcplusbwp12t30p140lvtssg0p81v125c
  QueryReplayBuffer  ZeroWireload          tcbn28hpcplusbwp12t30p140lvtssg0p81v125c
  AttentionFeaturePacketizer_1
                     ZeroWireload          tcbn28hpcplusbwp12t30p140lvtssg0p81v125c
  DualKvDecompressionController
                     ZeroWireload          tcbn28hpcplusbwp12t30p140lvtssg0p81v125c
  SoftmaxVAccumulator
                     ZeroWireload          tcbn28hpcplusbwp12t30p140lvtssg0p81v125c
  StreamingSoftmax   ZeroWireload          tcbn28hpcplusbwp12t30p140lvtssg0p81v125c
  AttentionScaleUnit ZeroWireload          tcbn28hpcplusbwp12t30p140lvtssg0p81v125c
  AvOutputQuantizer  ZeroWireload          tcbn28hpcplusbwp12t30p140lvtssg0p81v125c
  BriskKvAttentionTop
                     ZeroWireload          tcbn28hpcplusbwp12t30p140lvtssg0p81v125c

  Point                                       Fanout     Trans      Incr       Path
  ------------------------------------------------------------------------------------
  clock clk (rise edge)                                             0.00       0.00
  clock network delay (ideal)                                       0.00       0.00
  scaleSoftmax/softmax/packCountReg_reg[0]/CP (DFQOPTMAD8BWP12T30P140LVT)
                                                          0.00      0.00 #     0.00 r
  scaleSoftmax/softmax/packCountReg_reg[0]/Q (DFQOPTMAD8BWP12T30P140LVT)
                                                          0.01      0.02       0.02 f
  scaleSoftmax/softmax/packCountReg[0] (net)
                                                5                   0.00       0.02 f
  scaleSoftmax/softmax/U16327/ZN (NR2OPTD12BWP12T30P140LVT)
                                                          0.01      0.01       0.03 r
  scaleSoftmax/softmax/n4197 (net)              1                   0.00       0.03 r
  scaleSoftmax/softmax/U4071/ZN (ND3OPTFAD16BWP12T30P140LVT)
                                                          0.01      0.01       0.04 f
  scaleSoftmax/softmax/n6641 (net)              1                   0.00       0.04 f
  scaleSoftmax/softmax/U16385/ZN (NR2OPTPAD16BWP12T30P140LVT)
                                                          0.02      0.01       0.06 r
  scaleSoftmax/softmax/n6989 (net)             11                   0.00       0.06 r
  scaleSoftmax/softmax/U1973/ZN (ND2OPTD6BWP12T30P140LVT)
                                                          0.01      0.01       0.07 f
  scaleSoftmax/softmax/n27900 (net)             3                   0.00       0.07 f
  scaleSoftmax/softmax/U3042/ZN (AOI21OPTREPBD2BWP12T30P140LVT)
                                                          0.01      0.01       0.08 r
  scaleSoftmax/softmax/n298 (net)               1                   0.00       0.08 r
  scaleSoftmax/softmax/U3041/ZN (NR2D3BWP12T30P140LVT)
                                                          0.01      0.01       0.08 f
  scaleSoftmax/softmax/n3693 (net)              1                   0.00       0.08 f
  scaleSoftmax/softmax/U16282/ZN (ND2OPTFAD4BWP12T30P140LVT)
                                                          0.01      0.01       0.09 r
  scaleSoftmax/softmax/n3654 (net)              2                   0.00       0.09 r
  scaleSoftmax/softmax/U8918/ZN (NR3OPTFAD4BWP12T30P140LVT)
                                                          0.01      0.01       0.10 f
  scaleSoftmax/softmax/n4748 (net)              1                   0.00       0.10 f
  scaleSoftmax/softmax/U16710/ZN (ND2OPTFAD4BWP12T30P140LVT)
                                                          0.01      0.01       0.11 r
  scaleSoftmax/softmax/n4747 (net)              1                   0.00       0.11 r
  scaleSoftmax/softmax/U9152/ZN (NR2OPTD12BWP12T30P140LVT)
                                                          0.01      0.01       0.12 f
  scaleSoftmax/softmax/n4745 (net)              2                   0.00       0.12 f
  scaleSoftmax/softmax/U2510/ZN (ND2OPTFAD16BWP12T30P140LVT)
                                                          0.02      0.02       0.14 r
  scaleSoftmax/softmax/n6944 (net)             24                   0.00       0.14 r
  scaleSoftmax/softmax/U9041/ZN (ND2D4BWP12T30P140LVT)
                                                          0.01      0.01       0.15 f
  scaleSoftmax/softmax/n3809 (net)              1                   0.00       0.15 f
  scaleSoftmax/softmax/U3085/ZN (INVD4BWP12T30P140LVT)
                                                          0.01      0.01       0.15 r
  scaleSoftmax/softmax/n18388 (net)             3                   0.00       0.15 r
  scaleSoftmax/softmax/U9632/ZN (NR2OPTPAD2BWP12T30P140LVT)
                                                          0.01      0.01       0.16 f
  scaleSoftmax/softmax/n2576 (net)              2                   0.00       0.16 f
  scaleSoftmax/softmax/U9542/ZN (OAI21D2BWP12T30P140LVT)
                                                          0.01      0.01       0.17 r
  scaleSoftmax/softmax/n2569 (net)              1                   0.00       0.17 r
  scaleSoftmax/softmax/U9624/ZN (AOI21OPTPBD2BWP12T30P140LVT)
                                                          0.01      0.01       0.18 f
  scaleSoftmax/softmax/n3706 (net)              1                   0.00       0.18 f
  scaleSoftmax/softmax/U9099/ZN (NR2D4BWP12T30P140LVT)
                                                          0.01      0.01       0.20 r
  scaleSoftmax/softmax/n4249 (net)              1                   0.00       0.20 r
  scaleSoftmax/softmax/U16454/ZN (NR3OPTFAD4BWP12T30P140LVT)
                                                          0.01      0.01       0.21 f
  scaleSoftmax/softmax/n4248 (net)              1                   0.00       0.21 f
  scaleSoftmax/softmax/U4139/ZN (NR2D8BWP12T30P140LVT)
                                                          0.02      0.01       0.22 r
  scaleSoftmax/softmax/n4243 (net)              1                   0.00       0.22 r
  scaleSoftmax/softmax/U2946/ZN (NR2OPTPAD16BWP12T30P140LVT)
                                                          0.02      0.01       0.24 f
  scaleSoftmax/softmax/n6703 (net)             31                   0.00       0.24 f
  scaleSoftmax/softmax/U9805/Z (MUX2OPTD4BWP12T30P140LVT)
                                                          0.01      0.02       0.26 r
  scaleSoftmax/softmax/n3041 (net)              3                   0.00       0.26 r
  scaleSoftmax/softmax/U5717/ZN (ND2OPTFAD4BWP12T30P140LVT)
                                                          0.01      0.01       0.27 f
  scaleSoftmax/softmax/n2269 (net)              2                   0.00       0.27 f
  scaleSoftmax/softmax/U9222/ZN (AOI21OPTPBD2BWP12T30P140LVT)
                                                          0.01      0.01       0.28 r
  scaleSoftmax/softmax/n18507 (net)             1                   0.00       0.28 r
  scaleSoftmax/softmax/U9715/ZN (OAI21OPTREPBD2BWP12T30P140LVT)
                                                          0.01      0.01       0.29 f
  scaleSoftmax/softmax/n18509 (net)             1                   0.00       0.29 f
  scaleSoftmax/softmax/U9814/ZN (AOI21OPTPBD2BWP12T30P140LVT)
                                                          0.01      0.01       0.30 r
  scaleSoftmax/softmax/n3065 (net)              1                   0.00       0.30 r
  scaleSoftmax/softmax/U9813/ZN (OAI21OPTPBD2BWP12T30P140LVT)
                                                          0.01      0.01       0.31 f
  scaleSoftmax/softmax/n3064 (net)              1                   0.00       0.31 f
  scaleSoftmax/softmax/U2800/ZN (NR2OPTPAD2BWP12T30P140LVT)
                                                          0.01      0.01       0.33 r
  scaleSoftmax/softmax/n228 (net)               1                   0.00       0.33 r
  scaleSoftmax/softmax/U2799/ZN (NR2OPTD6BWP12T30P140LVT)
                                                          0.01      0.01       0.33 f
  scaleSoftmax/softmax/n226 (net)               1                   0.00       0.33 f
  scaleSoftmax/softmax/U2798/ZN (INR2D16BWP12T30P140LVT)
                                                          0.03      0.02       0.35 r
  scaleSoftmax/softmax/n4484 (net)             32                   0.00       0.35 r
  scaleSoftmax/softmax/U1771/ZN (INR2D2BWP12T30P140LVT)
                                                          0.01      0.01       0.36 f
  scaleSoftmax/softmax/n1956 (net)              1                   0.00       0.36 f
  scaleSoftmax/softmax/U7313/ZN (INVD2BWP12T30P140LVT)
                                                          0.01      0.01       0.36 r
  scaleSoftmax/softmax/n3055 (net)              1                   0.00       0.36 r
  scaleSoftmax/softmax/U2885/ZN (CKND2D3BWP12T30P140LVT)
                                                          0.01      0.01       0.37 f
  scaleSoftmax/softmax/n18710 (net)             3                   0.00       0.37 f
  scaleSoftmax/softmax/U1732/ZN (NR2OPTFAD4BWP12T30P140LVT)
                                                          0.01      0.01       0.38 r
  scaleSoftmax/softmax/n6473 (net)              2                   0.00       0.38 r
  scaleSoftmax/softmax/U2097/ZN (NR3OPTPAD2BWP12T30P140LVT)
                                                          0.01      0.01       0.39 f
  scaleSoftmax/softmax/n6845 (net)              1                   0.00       0.39 f
  scaleSoftmax/softmax/U1706/ZN (NR2OPTPAD2BWP12T30P140LVT)
                                                          0.01      0.01       0.40 r
  scaleSoftmax/softmax/n4574 (net)              1                   0.00       0.40 r
  scaleSoftmax/softmax/U7265/ZN (OAI21D2BWP12T30P140LVT)
                                                          0.01      0.01       0.41 f
  scaleSoftmax/softmax/n4572 (net)              1                   0.00       0.41 f
  scaleSoftmax/softmax/U16689/ZN (AOI21OPTREPBD2BWP12T30P140LVT)
                                                          0.01      0.01       0.42 r
  scaleSoftmax/softmax/n6526 (net)              1                   0.00       0.42 r
  scaleSoftmax/softmax/U8494/ZN (OAI21OPTREPBD2BWP12T30P140LVT)
                                                          0.02      0.01       0.43 f
  scaleSoftmax/softmax/n6538 (net)              1                   0.00       0.43 f
  scaleSoftmax/softmax/U16902/ZN (OAI21OPTPBD4BWP12T30P140LVT)
                                                          0.02      0.01       0.44 r
  scaleSoftmax/softmax/n6730 (net)              1                   0.00       0.44 r
  scaleSoftmax/softmax/U8524/ZN (ND2OPTD12BWP12T30P140LVT)
                                                          0.02      0.02       0.46 f
  scaleSoftmax/softmax/n18684 (net)             8                   0.00       0.46 f
  scaleSoftmax/softmax/U2026/Z (MUX2D4BWP12T30P140LVT)
                                                          0.01      0.03       0.49 r
  scaleSoftmax/softmax/n18845 (net)             2                   0.00       0.49 r
  scaleSoftmax/softmax/U1651/Z (BUFFXD6BWP12T30P140LVT)
                                                          0.01      0.01       0.50 r
  scaleSoftmax/softmax/n4548 (net)              2                   0.00       0.50 r
  scaleSoftmax/softmax/U16986/ZN (INR2D4BWP12T30P140LVT)
                                                          0.01      0.00       0.50 f
  scaleSoftmax/softmax/n6990 (net)              1                   0.00       0.50 f
  scaleSoftmax/softmax/U16886/ZN (NR2OPTPAD2BWP12T30P140LVT)
                                                          0.01      0.01       0.51 r
  scaleSoftmax/softmax/n6386 (net)              1                   0.00       0.51 r
  scaleSoftmax/softmax/U8425/ZN (OAI21OPTREPBD2BWP12T30P140LVT)
                                                          0.01      0.01       0.52 f
  scaleSoftmax/softmax/n1151 (net)              1                   0.00       0.52 f
  scaleSoftmax/softmax/U2048/ZN (ND2D3BWP12T30P140LVT)
                                                          0.01      0.01       0.53 r
  scaleSoftmax/softmax/n4475 (net)              1                   0.00       0.53 r
  scaleSoftmax/softmax/U2140/ZN (AOI21OPTPBD6BWP12T30P140LVT)
                                                          0.02      0.01       0.54 f
  scaleSoftmax/softmax/n7123 (net)              1                   0.00       0.54 f
  scaleSoftmax/softmax/U8928/ZN (INR2D16BWP12T30P140LVT)
                                                          0.02      0.01       0.55 r
  scaleSoftmax/softmax/n1751 (net)             12                   0.00       0.55 r
  scaleSoftmax/softmax/U8979/Z (MUX2D2BWP12T30P140LVT)
                                                          0.01      0.02       0.58 f
  scaleSoftmax/softmax/n18956 (net)             3                   0.00       0.58 f
  scaleSoftmax/softmax/U1558/ZN (INR2D1BWP12T30P140LVT)
                                                          0.02      0.01       0.59 r
  scaleSoftmax/softmax/n18894 (net)             2                   0.00       0.59 r
  scaleSoftmax/softmax/U1530/ZN (INVD1BWP12T30P140LVT)
                                                          0.01      0.01       0.60 f
  scaleSoftmax/softmax/n6379 (net)              1                   0.00       0.60 f
  scaleSoftmax/softmax/U9248/ZN (AOI21OPTPBD2BWP12T30P140LVT)
                                                          0.01      0.01       0.61 r
  scaleSoftmax/softmax/n1998 (net)              1                   0.00       0.61 r
  scaleSoftmax/softmax/U9247/ZN (OAI21OPTREPBD2BWP12T30P140LVT)
                                                          0.01      0.01       0.62 f
  scaleSoftmax/softmax/n4641 (net)              1                   0.00       0.62 f
  scaleSoftmax/softmax/U9396/ZN (AOI21OPTPBD2BWP12T30P140LVT)
                                                          0.02      0.02       0.64 r
  scaleSoftmax/softmax/n18955 (net)             2                   0.00       0.64 r
  scaleSoftmax/softmax/U16699/ZN (ND3OPTPAD2BWP12T30P140LVT)
                                                          0.02      0.02       0.65 f
  scaleSoftmax/softmax/n6520 (net)              1                   0.00       0.65 f
  scaleSoftmax/softmax/U16336/ZN (NR2OPTFAD4BWP12T30P140LVT)
                                                          0.01      0.01       0.66 r
  scaleSoftmax/softmax/n3781 (net)              1                   0.00       0.66 r
  scaleSoftmax/softmax/U1999/ZN (ND2OPTFAD8BWP12T30P140LVT)
                                                          0.01      0.01       0.68 f
  scaleSoftmax/softmax/n18941 (net)             4                   0.00       0.68 f
  scaleSoftmax/softmax/U8376/ZN (CKND16BWP12T30P140LVT)
                                                          0.01      0.01       0.69 r
  scaleSoftmax/softmax/n4526 (net)             12                   0.00       0.69 r
  scaleSoftmax/softmax/U2122/ZN (CKND8BWP12T30P140LVT)
                                                          0.01      0.01       0.69 f
  scaleSoftmax/softmax/n6496 (net)              4                   0.00       0.69 f
  scaleSoftmax/softmax/U8277/Z (MUX2OPTD6BWP12T30P140LVT)
                                                          0.01      0.02       0.71 r
  scaleSoftmax/softmax/n4363 (net)              3                   0.00       0.71 r
  scaleSoftmax/softmax/U8276/ZN (ND2OPTFAD4BWP12T30P140LVT)
                                                          0.01      0.01       0.72 f
  scaleSoftmax/softmax/n2146 (net)              2                   0.00       0.72 f
  scaleSoftmax/softmax/U6882/ZN (ND2D2BWP12T30P140LVT)
                                                          0.01      0.01       0.72 r
  scaleSoftmax/softmax/n1813 (net)              1                   0.00       0.72 r
  scaleSoftmax/softmax/U9007/ZN (ND2OPTPAD2BWP12T30P140LVT)
                                                          0.01      0.01       0.73 f
  scaleSoftmax/softmax/n4724 (net)              1                   0.00       0.73 f
  scaleSoftmax/softmax/U16408/ZN (AOI21OPTPBD2BWP12T30P140LVT)
                                                          0.01      0.01       0.74 r
  scaleSoftmax/softmax/n3746 (net)              1                   0.00       0.74 r
  scaleSoftmax/softmax/U16403/ZN (NR2D2BWP12T30P140LVT)
                                                          0.01      0.01       0.74 f
  scaleSoftmax/softmax/n6187 (net)              1                   0.00       0.74 f
  scaleSoftmax/softmax/U16622/ZN (OAI21D2BWP12T30P140LVT)
                                                          0.01      0.01       0.75 r
  scaleSoftmax/softmax/n6651 (net)              1                   0.00       0.75 r
  scaleSoftmax/softmax/U16932/ZN (AOI21OPTPBD2BWP12T30P140LVT)
                                                          0.02      0.01       0.76 f
  scaleSoftmax/softmax/n6649 (net)              1                   0.00       0.76 f
  scaleSoftmax/softmax/U16646/ZN (NR3OPTD6BWP12T30P140LVT)
                                                          0.03      0.02       0.79 r
  scaleSoftmax/softmax/n19026 (net)             4                   0.00       0.79 r
  scaleSoftmax/softmax/U8752/ZN (CKND8BWP12T30P140LVT)
                                                          0.02      0.01       0.80 f
  scaleSoftmax/softmax/n4468 (net)             14                   0.00       0.80 f
  scaleSoftmax/softmax/U2747/ZN (INR2D2BWP12T30P140LVT)
                                                          0.01      0.01       0.81 r
  scaleSoftmax/softmax/n3691 (net)              1                   0.00       0.81 r
  scaleSoftmax/softmax/U9219/ZN (INVD1P25BWP12T30P140LVT)
                                                          0.01      0.01       0.81 f
  scaleSoftmax/softmax/n4509 (net)              1                   0.00       0.81 f
  scaleSoftmax/softmax/U9265/ZN (OAI21OPTREPBD2BWP12T30P140LVT)
                                                          0.03      0.01       0.82 r
  scaleSoftmax/softmax/n19157 (net)             3                   0.00       0.82 r
  scaleSoftmax/softmax/U1343/ZN (ND2D2BWP12T30P140LVT)
                                                          0.02      0.01       0.83 f
  scaleSoftmax/softmax/n2582 (net)              2                   0.00       0.83 f
  scaleSoftmax/softmax/U2120/ZN (OAI211OPTREPBD2BWP12T30P140LVT)
                                                          0.01      0.01       0.84 r
  scaleSoftmax/softmax/n22 (net)                1                   0.00       0.84 r
  scaleSoftmax/softmax/U1321/ZN (AOI21OPTPBD1BWP12T30P140LVT)
                                                          0.01      0.01       0.85 f
  scaleSoftmax/softmax/n2733 (net)              1                   0.00       0.85 f
  scaleSoftmax/softmax/U2383/ZN (OAI21OPTPBD2BWP12T30P140LVT)
                                                          0.01      0.01       0.86 r
  scaleSoftmax/softmax/n6275 (net)              1                   0.00       0.86 r
  scaleSoftmax/softmax/U5271/ZN (ND2D2BWP12T30P140LVT)
                                                          0.01      0.01       0.87 f
  scaleSoftmax/softmax/n4491 (net)              1                   0.00       0.87 f
  scaleSoftmax/softmax/U6734/ZN (ND2OPTPAD2BWP12T30P140LVT)
                                                          0.01      0.01       0.88 r
  scaleSoftmax/softmax/n6272 (net)              1                   0.00       0.88 r
  scaleSoftmax/softmax/U8619/ZN (AOI21OPTPBD6BWP12T30P140LVT)
                                                          0.02      0.01       0.89 f
  scaleSoftmax/softmax/n1271 (net)              4                   0.00       0.89 f
  scaleSoftmax/softmax/U8617/ZN (NR2OPTPAD16BWP12T30P140LVT)
                                                          0.03      0.02       0.91 r
  scaleSoftmax/softmax/n6472 (net)             30                   0.00       0.91 r
  scaleSoftmax/softmax/U1235/Z (MUX2D4BWP12T30P140LVT)
                                                          0.01      0.03       0.94 r
  scaleSoftmax/softmax/n4372 (net)              3                   0.00       0.94 r
  scaleSoftmax/softmax/U9515/ZN (INR2D4BWP12T30P140LVT)
                                                          0.01      0.01       0.95 f
  scaleSoftmax/softmax/n2301 (net)              3                   0.00       0.95 f
  scaleSoftmax/softmax/U4424/ZN (NR2D2BWP12T30P140LVT)
                                                          0.01      0.01       0.96 r
  scaleSoftmax/softmax/n2786 (net)              1                   0.00       0.96 r
  scaleSoftmax/softmax/U9670/ZN (OAI211OPTREPBD2BWP12T30P140LVT)
                                                          0.02      0.01       0.97 f
  scaleSoftmax/softmax/n2780 (net)              1                   0.00       0.97 f
  scaleSoftmax/softmax/U9699/ZN (AOI21OPTPBD2BWP12T30P140LVT)
                                                          0.02      0.01       0.98 r
  scaleSoftmax/softmax/n2777 (net)              1                   0.00       0.98 r
  scaleSoftmax/softmax/U4140/ZN (OAI21OPTPBD8BWP12T30P140LVT)
                                                          0.02      0.01       1.00 f
  scaleSoftmax/softmax/n3432 (net)              1                   0.00       1.00 f
  scaleSoftmax/softmax/U8773/ZN (ND2OPTFAD16BWP12T30P140LVT)
                                                          0.03      0.02       1.02 r
  scaleSoftmax/softmax/n19267 (net)            40                   0.00       1.02 r
  scaleSoftmax/softmax/U8407/ZN (CKND16BWP12T30P140LVT)
                                                          0.01      0.01       1.03 f
  scaleSoftmax/softmax/n4373 (net)             13                   0.00       1.03 f
  scaleSoftmax/softmax/U8485/Z (MUX2OPTD6BWP12T30P140LVT)
                                                          0.01      0.02       1.05 r
  scaleSoftmax/softmax/n4401 (net)              3                   0.00       1.05 r
  scaleSoftmax/softmax/U8207/ZN (ND2OPTFAD4BWP12T30P140LVT)
                                                          0.02      0.01       1.06 f
  scaleSoftmax/softmax/n941 (net)               2                   0.00       1.06 f
  scaleSoftmax/softmax/U8206/ZN (AOI21OPTPBD2BWP12T30P140LVT)
                                                          0.01      0.01       1.06 r
  scaleSoftmax/softmax/n1677 (net)              1                   0.00       1.06 r
  scaleSoftmax/softmax/U8843/ZN (OAI21OPTPBD2BWP12T30P140LVT)
                                                          0.01      0.01       1.07 f
  scaleSoftmax/softmax/n2867 (net)              1                   0.00       1.07 f
  scaleSoftmax/softmax/U9737/ZN (AOI21OPTPBD2BWP12T30P140LVT)
                                                          0.01      0.01       1.08 r
  scaleSoftmax/softmax/n4254 (net)              1                   0.00       1.08 r
  scaleSoftmax/softmax/U16413/ZN (NR2D4BWP12T30P140LVT)
                                                          0.01      0.01       1.09 f
  scaleSoftmax/softmax/n4057 (net)              1                   0.00       1.09 f
  scaleSoftmax/softmax/U8359/ZN (NR3OPTPAD6BWP12T30P140LVT)
                                                          0.02      0.02       1.11 r
  scaleSoftmax/softmax/n4055 (net)              1                   0.00       1.11 r
  scaleSoftmax/softmax/U3181/ZN (ND2OPTFAD16BWP12T30P140LVT)
                                                          0.02      0.02       1.12 f
  scaleSoftmax/softmax/n4344 (net)             27                   0.00       1.12 f
  scaleSoftmax/softmax/U2139/ZN (CKND6BWP12T30P140LVT)
                                                          0.01      0.01       1.13 r
  scaleSoftmax/softmax/n158 (net)               3                   0.00       1.13 r
  scaleSoftmax/softmax/U2275/ZN (ND2OPTFAD4BWP12T30P140LVT)
                                                          0.01      0.01       1.14 f
  scaleSoftmax/softmax/n1798 (net)              2                   0.00       1.14 f
  scaleSoftmax/softmax/U3191/ZN (INR2D4BWP12T30P140LVT)
                                                          0.01      0.01       1.15 f
  scaleSoftmax/softmax/n6125 (net)              2                   0.00       1.15 f
  scaleSoftmax/softmax/U2623/ZN (INVD4BWP12T30P140LVT)
                                                          0.01      0.01       1.16 r
  scaleSoftmax/softmax/n186 (net)               1                   0.00       1.16 r
  scaleSoftmax/softmax/U2681/ZN (ND2D4BWP12T30P140LVT)
                                                          0.01      0.01       1.17 f
  scaleSoftmax/softmax/n789 (net)               2                   0.00       1.17 f
  scaleSoftmax/softmax/U2856/ZN (NR2D3BWP12T30P140LVT)
                                                          0.01      0.01       1.18 r
  scaleSoftmax/softmax/n19421 (net)             2                   0.00       1.18 r
  scaleSoftmax/softmax/U8761/ZN (ND3OPTFAD4BWP12T30P140LVT)
                                                          0.01      0.01       1.19 f
  scaleSoftmax/softmax/n1530 (net)              1                   0.00       1.19 f
  scaleSoftmax/softmax/U8121/ZN (INR2D16BWP12T30P140LVT)
                                                          0.01      0.02       1.21 f
  scaleSoftmax/softmax/n1632 (net)             15                   0.00       1.21 f
  scaleSoftmax/softmax/U2602/Z (MUX2OPTD6BWP12T30P140LVT)
                                                          0.01      0.02       1.23 r
  scaleSoftmax/softmax/n4180 (net)              3                   0.00       1.23 r
  scaleSoftmax/softmax/U9470/ZN (OAI21OPTREPBD2BWP12T30P140LVT)
                                                          0.01      0.01       1.24 f
  scaleSoftmax/softmax/n2210 (net)              1                   0.00       1.24 f
  scaleSoftmax/softmax/U2649/ZN (AOI21OPTPBD4BWP12T30P140LVT)
                                                          0.01      0.01       1.25 r
  scaleSoftmax/softmax/n822 (net)               2                   0.00       1.25 r
  scaleSoftmax/softmax/U3278/ZN (ND2OPTFAD4BWP12T30P140LVT)
                                                          0.01      0.01       1.26 f
  scaleSoftmax/softmax/n904 (net)               2                   0.00       1.26 f
  scaleSoftmax/softmax/U3352/ZN (NR2OPTPAD2BWP12T30P140LVT)
                                                          0.01      0.01       1.27 r
  scaleSoftmax/softmax/n925 (net)               1                   0.00       1.27 r
  scaleSoftmax/softmax/U2427/ZN (ND3OPTPAD2BWP12T30P140LVT)
                                                          0.02      0.01       1.28 f
  scaleSoftmax/softmax/n107 (net)               1                   0.00       1.28 f
  scaleSoftmax/softmax/U2426/ZN (ND2OPTFAD4BWP12T30P140LVT)
                                                          0.01      0.01       1.29 r
  scaleSoftmax/softmax/n1531 (net)              1                   0.00       1.29 r
  scaleSoftmax/softmax/U2633/ZN (NR2OPTD12BWP12T30P140LVT)
                                                          0.01      0.01       1.30 f
  scaleSoftmax/softmax/n4353 (net)              9                   0.00       1.30 f
  scaleSoftmax/softmax/U8749/ZN (AOI21OPTPBD4BWP12T30P140LVT)
                                                          0.01      0.01       1.31 r
  scaleSoftmax/softmax/n5038 (net)              1                   0.00       1.31 r
  scaleSoftmax/softmax/U2501/ZN (ND2OPTFAD6BWP12T30P140LVT)
                                                          0.02      0.01       1.32 f
  scaleSoftmax/softmax/n1129 (net)              2                   0.00       1.32 f
  scaleSoftmax/softmax/U8289/ZN (NR2D16BWP12T30P140LVT)
                                                          0.02      0.02       1.34 r
  scaleSoftmax/softmax/n6669 (net)             17                   0.00       1.34 r
  scaleSoftmax/softmax/U2132/Z (BUFFXD6BWP12T30P140LVT)
                                                          0.01      0.01       1.36 r
  scaleSoftmax/softmax/n379 (net)               3                   0.00       1.36 r
  scaleSoftmax/softmax/U8786/ZN (OAI22OPTPBD4BWP12T30P140LVT)
                                                          0.02      0.01       1.37 f
  scaleSoftmax/softmax/n19579 (net)             3                   0.00       1.37 f
  scaleSoftmax/softmax/U701/ZN (NR2D2BWP12T30P140LVT)     0.01      0.01       1.38 r
  scaleSoftmax/softmax/n99 (net)                1                   0.00       1.38 r
  scaleSoftmax/softmax/U2404/ZN (AOI21OPTPBD2BWP12T30P140LVT)
                                                          0.01      0.01       1.39 f
  scaleSoftmax/softmax/n4278 (net)              1                   0.00       1.39 f
  scaleSoftmax/softmax/U2912/ZN (NR2D2BWP12T30P140LVT)
                                                          0.01      0.01       1.40 r
  scaleSoftmax/softmax/n1579 (net)              1                   0.00       1.40 r
  scaleSoftmax/softmax/U6104/ZN (OAI21D2BWP12T30P140LVT)
                                                          0.02      0.01       1.41 f
  scaleSoftmax/softmax/n3878 (net)              1                   0.00       1.41 f
  scaleSoftmax/softmax/U8849/ZN (AOI21D4BWP12T30P140LVT)
                                                          0.02      0.01       1.42 r
  scaleSoftmax/softmax/n4018 (net)              1                   0.00       1.42 r
  scaleSoftmax/softmax/U8070/ZN (NR2D8BWP12T30P140LVT)
                                                          0.01      0.01       1.43 f
  scaleSoftmax/softmax/n711 (net)               3                   0.00       1.43 f
  scaleSoftmax/softmax/U8068/ZN (ND2OPTFAD16BWP12T30P140LVT)
                                                          0.02      0.01       1.44 r
  scaleSoftmax/softmax/n3169 (net)             18                   0.00       1.44 r
  scaleSoftmax/softmax/U2919/ZN (CKND16BWP12T30P140LVT)
                                                          0.01      0.01       1.45 f
  scaleSoftmax/softmax/n4151 (net)             12                   0.00       1.45 f
  scaleSoftmax/softmax/U8697/Z (MUX2OPTD6BWP12T30P140LVT)
                                                          0.01      0.02       1.47 r
  scaleSoftmax/softmax/n4356 (net)              3                   0.00       1.47 r
  scaleSoftmax/softmax/U552/ZN (ND2OPTFAD6BWP12T30P140LVT)
                                                          0.01      0.01       1.48 f
  scaleSoftmax/softmax/n2489 (net)              3                   0.00       1.48 f
  scaleSoftmax/softmax/U8156/ZN (AOI21OPTPBD2BWP12T30P140LVT)
                                                          0.01      0.01       1.49 r
  scaleSoftmax/softmax/n863 (net)               1                   0.00       1.49 r
  scaleSoftmax/softmax/U8157/ZN (ND2OPTPAD2BWP12T30P140LVT)
                                                          0.01      0.01       1.50 f
  scaleSoftmax/softmax/n860 (net)               1                   0.00       1.50 f
  scaleSoftmax/softmax/U4203/ZN (ND2D2BWP12T30P140LVT)
                                                          0.01      0.01       1.50 r
  scaleSoftmax/softmax/n1034 (net)              1                   0.00       1.50 r
  scaleSoftmax/softmax/U8250/ZN (ND2OPTPAD2BWP12T30P140LVT)
                                                          0.02      0.01       1.52 f
  scaleSoftmax/softmax/n1032 (net)              1                   0.00       1.52 f
  scaleSoftmax/softmax/U4135/ZN (NR2D8BWP12T30P140LVT)
                                                          0.01      0.01       1.53 r
  scaleSoftmax/softmax/n4065 (net)              1                   0.00       1.53 r
  scaleSoftmax/softmax/U16539/ZN (ND2OPTFAD16BWP12T30P140LVT)
                                                          0.02      0.01       1.54 f
  scaleSoftmax/softmax/n19725 (net)            35                   0.00       1.54 f
  scaleSoftmax/softmax/U2010/Z (MUX2OPTD4BWP12T30P140LVT)
                                                          0.01      0.03       1.57 r
  scaleSoftmax/softmax/n19872 (net)             3                   0.00       1.57 r
  scaleSoftmax/softmax/U8133/ZN (INR2D8BWP12T30P140LVT)
                                                          0.01      0.01       1.58 f
  scaleSoftmax/softmax/n2396 (net)              3                   0.00       1.58 f
  scaleSoftmax/softmax/U396/ZN (INR2D1BWP12T30P140LVT)
                                                          0.01      0.01       1.59 r
  scaleSoftmax/softmax/n1481 (net)              1                   0.00       1.59 r
  scaleSoftmax/softmax/U8713/ZN (AOI21OPTPBD2BWP12T30P140LVT)
                                                          0.01      0.01       1.60 f
  scaleSoftmax/softmax/n1567 (net)              1                   0.00       1.60 f
  scaleSoftmax/softmax/U8210/ZN (ND2OPTPAD2BWP12T30P140LVT)
                                                          0.01      0.01       1.61 r
  scaleSoftmax/softmax/n946 (net)               1                   0.00       1.61 r
  scaleSoftmax/softmax/U2384/ZN (AOI21OPTPBD4BWP12T30P140LVT)
                                                          0.02      0.01       1.62 f
  scaleSoftmax/softmax/n945 (net)               1                   0.00       1.62 f
  scaleSoftmax/softmax/U8208/ZN (AOI21OPTPBD6BWP12T30P140LVT)
                                                          0.02      0.01       1.63 r
  scaleSoftmax/softmax/n3921 (net)              1                   0.00       1.63 r
  scaleSoftmax/softmax/U3194/ZN (NR2D16BWP12T30P140LVT)
                                                          0.02      0.01       1.65 f
  scaleSoftmax/softmax/n19838 (net)            16                   0.00       1.65 f
  scaleSoftmax/softmax/U2253/ZN (CKND12BWP12T30P140LVT)
                                                          0.01      0.01       1.66 r
  scaleSoftmax/softmax/n19851 (net)             9                   0.00       1.66 r
  scaleSoftmax/softmax/U2851/Z (MUX2OPTD6BWP12T30P140LVT)
                                                          0.01      0.02       1.68 f
  scaleSoftmax/softmax/n4501 (net)              3                   0.00       1.68 f
  scaleSoftmax/softmax/U2850/ZN (ND2OPTFAD6BWP12T30P140LVT)
                                                          0.02      0.01       1.68 r
  scaleSoftmax/softmax/n1738 (net)              2                   0.00       1.68 r
  scaleSoftmax/softmax/U273/ZN (CKND3BWP12T30P140LVT)     0.01      0.01       1.69 f
  scaleSoftmax/softmax/n1642 (net)              1                   0.00       1.69 f
  scaleSoftmax/softmax/U8585/ZN (NR2OPTFAD4BWP12T30P140LVT)
                                                          0.01      0.01       1.70 r
  scaleSoftmax/softmax/n4561 (net)              2                   0.00       1.70 r
  scaleSoftmax/softmax/U8466/ZN (ND2OPTFAD4BWP12T30P140LVT)
                                                          0.01      0.01       1.70 f
  scaleSoftmax/softmax/n6614 (net)              2                   0.00       1.70 f
  scaleSoftmax/softmax/U245/ZN (NR2D2BWP12T30P140LVT)     0.01      0.01       1.71 r
  scaleSoftmax/softmax/n6613 (net)              1                   0.00       1.71 r
  scaleSoftmax/softmax/U8261/ZN (ND3OPTPAD2BWP12T30P140LVT)
                                                          0.01      0.01       1.73 f
  scaleSoftmax/softmax/n6612 (net)              1                   0.00       1.73 f
  scaleSoftmax/softmax/U16750/ZN (ND3OPTPAD2BWP12T30P140LVT)
                                                          0.01      0.01       1.74 r
  scaleSoftmax/softmax/n19964 (net)             1                   0.00       1.74 r
  scaleSoftmax/softmax/U16675/ZN (AOI21OPTPBD4BWP12T30P140LVT)
                                                          0.02      0.01       1.75 f
  scaleSoftmax/softmax/n19980 (net)             2                   0.00       1.75 f
  scaleSoftmax/softmax/U8892/ZN (CKND8BWP12T30P140LVT)
                                                          0.02      0.01       1.76 r
  scaleSoftmax/softmax/n4506 (net)             17                   0.00       1.76 r
  scaleSoftmax/softmax/U8793/ZN (INVD1BWP12T30P140LVT)
                                                          0.01      0.01       1.78 f
  scaleSoftmax/softmax/n1548 (net)              2                   0.00       1.78 f
  scaleSoftmax/softmax/U8797/ZN (ND2OPTPAD2BWP12T30P140LVT)
                                                          0.01      0.01       1.78 r
  scaleSoftmax/softmax/n3788 (net)              1                   0.00       1.78 r
  scaleSoftmax/softmax/U16433/ZN (OAI21OPTREPBD2BWP12T30P140LVT)
                                                          0.02      0.01       1.79 f
  scaleSoftmax/softmax/n19968 (net)             3                   0.00       1.79 f
  scaleSoftmax/softmax/U9395/ZN (INR2D2BWP12T30P140LVT)
                                                          0.01      0.01       1.80 r
  scaleSoftmax/softmax/n2341 (net)              1                   0.00       1.80 r
  scaleSoftmax/softmax/U2008/ZN (AOI22D2BWP12T30P140LVT)
                                                          0.02      0.01       1.81 f
  scaleSoftmax/softmax/n2340 (net)              1                   0.00       1.81 f
  scaleSoftmax/softmax/U9529/ZN (NR2OPTPAD2BWP12T30P140LVT)
                                                          0.01      0.01       1.82 r
  scaleSoftmax/softmax/n2338 (net)              1                   0.00       1.82 r
  scaleSoftmax/softmax/U8815/ZN (OAI21OPTREPBD2BWP12T30P140LVT)
                                                          0.01      0.01       1.83 f
  scaleSoftmax/softmax/n3787 (net)              1                   0.00       1.83 f
  scaleSoftmax/softmax/U16219/ZN (ND2D2BWP12T30P140LVT)
                                                          0.01      0.01       1.84 r
  scaleSoftmax/softmax/n3552 (net)              1                   0.00       1.84 r
  scaleSoftmax/softmax/U2367/ZN (ND2OPTPAD2BWP12T30P140LVT)
                                                          0.01      0.01       1.85 f
  scaleSoftmax/softmax/n4524 (net)              2                   0.00       1.85 f
  scaleSoftmax/softmax/U2365/ZN (INR2D8BWP12T30P140LVT)
                                                          0.01      0.02       1.87 f
  scaleSoftmax/softmax/n494 (net)               5                   0.00       1.87 f
  scaleSoftmax/softmax/U9242/ZN (ND2OPTFAD8BWP12T30P140LVT)
                                                          0.01      0.01       1.87 r
  scaleSoftmax/softmax/n20097 (net)             2                   0.00       1.87 r
  scaleSoftmax/softmax/U9857/ZN (ND2OPTFAD8BWP12T30P140LVT)
                                                          0.02      0.02       1.89 f
  scaleSoftmax/softmax/n5007 (net)             44                   0.00       1.89 f
  scaleSoftmax/softmax/U16781/ZN (OAI22D1BWP12T30P140LVT)
                                                          0.02      0.01       1.90 r
  scaleSoftmax/softmax/n5524 (net)              1                   0.00       1.90 r
  scaleSoftmax/softmax/globalMaximum_reg[23]/D (DFQD2BWP12T30P140LVT)
                                                          0.02      0.00       1.90 r
  data arrival time                                                            1.90

  clock clk (rise edge)                                             2.00       2.00
  clock network delay (ideal)                                       0.00       2.00
  clock uncertainty                                                -0.10       1.90
  scaleSoftmax/softmax/globalMaximum_reg[23]/CP (DFQD2BWP12T30P140LVT)
                                                                    0.00       1.90 r
  library setup time                                               -0.01       1.89
  data required time                                                           1.89
  ------------------------------------------------------------------------------------
  data required time                                                           1.89
  data arrival time                                                           -1.90
  ------------------------------------------------------------------------------------
  slack (VIOLATED)                                                            -0.02


1
