 
****************************************
Report : timing
        -path full
        -delay max
        -nets
        -max_paths 20
        -transition_time
Design : BriskKvAttentionTop
Version: O-2018.06-SP1
Date   : Tue Aug 11 23:09:01 2026
****************************************

 # A fanout number of 1000 was used for high fanout net computations.

Operating Conditions: ssg0p81v125c   Library: tcbn28hpcplusbwp12t30p140lvtssg0p81v125c
Wire Load Model Mode: segmented

  Startpoint: softmaxV/vBuffer/featureDimReg_reg[5]
              (rising edge-triggered flip-flop clocked by clk)
  Endpoint: softmaxV/vBuffer/errorReg_reg
            (rising edge-triggered flip-flop clocked by clk)
  Path Group: clk
  Path Type: max

  Des/Clust/Port     Wire Load Model       Library
  ------------------------------------------------
  PackDescriptorDecoder_1
                     ZeroWireload          tcbn28hpcplusbwp12t30p140lvtssg0p81v125c
  PackDescriptorDecoder
                     ZeroWireload          tcbn28hpcplusbwp12t30p140lvtssg0p81v125c
  BufferedPackMetadataDequantizer_1
                     ZeroWireload          tcbn28hpcplusbwp12t30p140lvtssg0p81v125c
  DynamicBitUnpacker_1
                     ZeroWireload          tcbn28hpcplusbwp12t30p140lvtssg0p81v125c
  BufferedPackMetadataDequantizer
                     ZeroWireload          tcbn28hpcplusbwp12t30p140lvtssg0p81v125c
  DynamicBitUnpacker ZeroWireload          tcbn28hpcplusbwp12t30p140lvtssg0p81v125c
  KvStreamDequantizer_1
                     ZeroWireload          tcbn28hpcplusbwp12t30p140lvtssg0p81v125c
  KvStreamDequantizer
                     ZeroWireload          tcbn28hpcplusbwp12t30p140lvtssg0p81v125c
  DecompressionPipelineController_1
                     ZeroWireload          tcbn28hpcplusbwp12t30p140lvtssg0p81v125c
  DecompressionPipelineController
                     ZeroWireload          tcbn28hpcplusbwp12t30p140lvtssg0p81v125c
  QkDotProductAccumulator
                     ZeroWireload          tcbn28hpcplusbwp12t30p140lvtssg0p81v125c
  StreamingSoftmax   ZeroWireload          tcbn28hpcplusbwp12t30p140lvtssg0p81v125c
  AttentionScaleUnit ZeroWireload          tcbn28hpcplusbwp12t30p140lvtssg0p81v125c
  BriskKvAttentionTop
                     ZeroWireload          tcbn28hpcplusbwp12t30p140lvtssg0p81v125c

  Point                                       Fanout     Trans      Incr       Path
  ------------------------------------------------------------------------------------
  clock clk (rise edge)                                             0.00       0.00
  clock network delay (ideal)                                       0.00       0.00
  softmaxV/vBuffer/featureDimReg_reg[5]/CP (DFQOPTMAD8BWP12T30P140LVT)
                                                          0.00      0.00 #     0.00 r
  softmaxV/vBuffer/featureDimReg_reg[5]/Q (DFQOPTMAD8BWP12T30P140LVT)
                                                          0.01      0.03       0.03 r
  softmaxV/vBuffer/featureDimReg[5] (net)      32                   0.00       0.03 r
  U823/ZN (NR2D3BWP12T30P140LVT)                          0.01      0.01       0.04 f
  n6429 (net)                                   4                   0.00       0.04 f
  U4474/ZN (INVD1BWP12T30P140LVT)                         0.01      0.01       0.05 r
  n506 (net)                                    4                   0.00       0.05 r
  U5124/ZN (NR2D2BWP12T30P140LVT)                         0.01      0.01       0.06 f
  n891 (net)                                    1                   0.00       0.06 f
  U4768/ZN (ND2OPTFAD4BWP12T30P140LVT)                    0.01      0.01       0.07 r
  n1089 (net)                                   5                   0.00       0.07 r
  U817/ZN (ND2D1BWP12T30P140LVT)                          0.01      0.01       0.08 f
  n6375 (net)                                   2                   0.00       0.08 f
  U5431/ZN (NR2D1BWP12T30P140LVT)                         0.01      0.01       0.09 r
  n1114 (net)                                   1                   0.00       0.09 r
  U5430/Z (OR2D1BWP12T30P140LVT)                          0.01      0.01       0.10 r
  n6408 (net)                                   3                   0.00       0.10 r
  U12743/ZN (INR2D1BWP12T30P140LVT)                       0.01      0.02       0.12 r
  n2331 (net)                                   1                   0.00       0.12 r
  U807/ZN (ND2D1BWP12T30P140LVT)                          0.02      0.01       0.14 f
  n6391 (net)                                   2                   0.00       0.14 f
  U5027/ZN (INR2D4BWP12T30P140LVT)                        0.01      0.01       0.15 f
  n827 (net)                                    1                   0.00       0.15 f
  U5024/ZN (ND2OPTFAD4BWP12T30P140LVT)                    0.01      0.01       0.16 r
  n6516 (net)                                   6                   0.00       0.16 r
  U5023/ZN (CKND2D2BWP12T30P140LVT)                       0.01      0.01       0.17 f
  n2822 (net)                                   1                   0.00       0.17 f
  U13099/ZN (ND2D1BWP12T30P140LVT)                        0.02      0.01       0.17 r
  n4077 (net)                                   2                   0.00       0.17 r
  U5823/ZN (AOI21OPTPBD1BWP12T30P140LVT)                  0.02      0.01       0.19 f
  n1399 (net)                                   1                   0.00       0.19 f
  U5822/ZN (NR2D2BWP12T30P140LVT)                         0.01      0.01       0.20 r
  n6523 (net)                                   2                   0.00       0.20 r
  U5821/ZN (AOI21OPTPBD2BWP12T30P140LVT)                  0.02      0.01       0.21 f
  n1398 (net)                                   1                   0.00       0.21 f
  U4692/ZN (NR2OPTPAD4BWP12T30P140LVT)                    0.02      0.02       0.23 r
  n6493 (net)                                  13                   0.00       0.23 r
  U4689/Z (OR2D1BWP12T30P140LVT)                          0.01      0.02       0.24 r
  n2768 (net)                                   3                   0.00       0.24 r
  U6535/ZN (ND2D2BWP12T30P140LVT)                         0.01      0.01       0.26 f
  n2482 (net)                                   1                   0.00       0.26 f
  U5697/ZN (NR2OPTPAD2BWP12T30P140LVT)                    0.02      0.02       0.27 r
  n6627 (net)                                   5                   0.00       0.27 r
  U12949/ZN (INR2D4BWP12T30P140LVT)                       0.01      0.01       0.28 f
  n6611 (net)                                   4                   0.00       0.28 f
  U12948/ZN (OAI21OPTREPBD2BWP12T30P140LVT)               0.01      0.01       0.29 r
  n2600 (net)                                   1                   0.00       0.29 r
  U12947/ZN (ND2D3BWP12T30P140LVT)                        0.02      0.01       0.30 f
  n2599 (net)                                   1                   0.00       0.30 f
  U12946/ZN (OAI21OPTPBD4BWP12T30P140LVT)                 0.02      0.01       0.32 r
  n3320 (net)                                   7                   0.00       0.32 r
  U748/ZN (ND2D1BWP12T30P140LVT)                          0.02      0.01       0.33 f
  n3315 (net)                                   1                   0.00       0.33 f
  U5016/ZN (INVD2BWP12T30P140LVT)                         0.01      0.01       0.34 r
  n6686 (net)                                   3                   0.00       0.34 r
  U1365/ZN (NR2OPTPAD1BWP12T30P140LVT)                    0.02      0.01       0.34 f
  n1093 (net)                                   1                   0.00       0.34 f
  U5259/ZN (ND3OPTPAD1BWP12T30P140LVT)                    0.01      0.01       0.36 r
  n1092 (net)                                   1                   0.00       0.36 r
  U731/Z (OR2D2BWP12T30P140LVT)                           0.01      0.02       0.37 r
  n6703 (net)                                   3                   0.00       0.37 r
  U7058/ZN (ND2D2BWP12T30P140LVT)                         0.02      0.01       0.39 f
  n6869 (net)                                   2                   0.00       0.39 f
  U12934/ZN (INR2D4BWP12T30P140LVT)                       0.01      0.01       0.39 r
  n2801 (net)                                   2                   0.00       0.39 r
  U5380/ZN (ND3OPTPAD2BWP12T30P140LVT)                    0.01      0.01       0.41 f
  n1079 (net)                                   1                   0.00       0.41 f
  U5378/ZN (ND2OPTPAD2BWP12T30P140LVT)                    0.01      0.01       0.41 r
  n3116 (net)                                   2                   0.00       0.41 r
  U5375/ZN (NR2OPTPAD2BWP12T30P140LVT)                    0.02      0.01       0.42 f
  n6714 (net)                                   7                   0.00       0.42 f
  U710/ZN (OAI31D1BWP12T30P140LVT)                        0.03      0.02       0.44 r
  n812 (net)                                    1                   0.00       0.44 r
  U5000/ZN (AOI21OPTPBD1BWP12T30P140LVT)                  0.02      0.02       0.46 f
  n6921 (net)                                   3                   0.00       0.46 f
  U5761/ZN (NR3OPTPAD2BWP12T30P140LVT)                    0.02      0.02       0.48 r
  n1357 (net)                                   3                   0.00       0.48 r
  U12993/ZN (INR2D1BWP12T30P140LVT)                       0.01      0.01       0.49 f
  n6955 (net)                                   2                   0.00       0.49 f
  U12990/ZN (AOI21OPTPBD1BWP12T30P140LVT)                 0.01      0.01       0.50 r
  n3029 (net)                                   1                   0.00       0.50 r
  U13075/ZN (OAI21OPTREPBD2BWP12T30P140LVT)               0.02      0.01       0.51 f
  n2975 (net)                                   7                   0.00       0.51 f
  U6660/ZN (NR3D0BWP12T30P140LVT)                         0.02      0.02       0.53 r
  n2422 (net)                                   1                   0.00       0.53 r
  U4816/ZN (NR2OPTPAD2BWP12T30P140LVT)                    0.01      0.01       0.54 f
  n2754 (net)                                   3                   0.00       0.54 f
  U4814/ZN (NR2D3BWP12T30P140LVT)                         0.02      0.02       0.56 r
  n2410 (net)                                   6                   0.00       0.56 r
  U5395/ZN (INR2D4BWP12T30P140LVT)                        0.01      0.01       0.56 f
  n4416 (net)                                   5                   0.00       0.56 f
  U665/ZN (NR2D1BWP12T30P140LVT)                          0.02      0.01       0.58 r
  n4062 (net)                                   2                   0.00       0.58 r
  U5531/Z (OR2D4BWP12T30P140LVT)                          0.01      0.01       0.59 r
  n7117 (net)                                   4                   0.00       0.59 r
  U3730/Z (OR2D1BWP12T30P140LVT)                          0.01      0.01       0.60 r
  n7147 (net)                                   3                   0.00       0.60 r
  U7081/ZN (INR2D2BWP12T30P140LVT)                        0.02      0.02       0.62 r
  n7308 (net)                                   5                   0.00       0.62 r
  U634/ZN (OAI21D1BWP12T30P140LVT)                        0.02      0.02       0.64 f
  n2413 (net)                                   1                   0.00       0.64 f
  U631/ZN (ND2D2BWP12T30P140LVT)                          0.01      0.01       0.65 r
  n1613 (net)                                   2                   0.00       0.65 r
  U1777/ZN (ND2OPTPAD2BWP12T30P140LVT)                    0.01      0.01       0.65 f
  n3808 (net)                                   2                   0.00       0.65 f
  U13081/ZN (ND2OPTPAD4BWP12T30P140LVT)                   0.01      0.01       0.66 r
  n4156 (net)                                   9                   0.00       0.66 r
  U3600/Z (OR2D1BWP12T30P140LVT)                          0.01      0.02       0.68 r
  n7366 (net)                                   4                   0.00       0.68 r
  U12572/Z (AN2D0BWP12T30P140LVT)                         0.01      0.02       0.70 r
  n2159 (net)                                   1                   0.00       0.70 r
  U7095/ZN (ND2D0BWP12T30P140LVT)                         0.01      0.01       0.71 f
  n4015 (net)                                   1                   0.00       0.71 f
  U605/ZN (NR2D1BWP12T30P140LVT)                          0.02      0.02       0.73 r
  n7470 (net)                                   5                   0.00       0.73 r
  U13485/ZN (NR2D1BWP12T30P140LVT)                        0.01      0.01       0.74 f
  n7504 (net)                                   2                   0.00       0.74 f
  U9355/ZN (INR2D1BWP12T30P140LVT)                        0.01      0.02       0.75 f
  n3465 (net)                                   1                   0.00       0.75 f
  U4523/ZN (INVD1BWP12T30P140LVT)                         0.01      0.01       0.76 r
  n530 (net)                                    1                   0.00       0.76 r
  U3502/ZN (CKND2D1BWP12T30P140LVT)                       0.01      0.01       0.77 f
  n529 (net)                                    1                   0.00       0.77 f
  U4520/Z (OR2D2BWP12T30P140LVT)                          0.01      0.02       0.79 f
  n1262 (net)                                   7                   0.00       0.79 f
  U5088/ZN (ND2D3BWP12T30P140LVT)                         0.01      0.01       0.80 r
  n7509 (net)                                   8                   0.00       0.80 r
  U5534/ZN (NR2D1BWP12T30P140LVT)                         0.01      0.01       0.80 f
  n1179 (net)                                   1                   0.00       0.80 f
  U3372/ZN (NR2D1BWP12T30P140LVT)                         0.02      0.01       0.82 r
  n1178 (net)                                   1                   0.00       0.82 r
  U5533/ZN (ND3OPTPAD2BWP12T30P140LVT)                    0.02      0.02       0.83 f
  n7617 (net)                                   6                   0.00       0.83 f
  U5832/ZN (CKND2D1BWP12T30P140LVT)                       0.02      0.02       0.85 r
  n7752 (net)                                   3                   0.00       0.85 r
  U881/ZN (ND2D0BWP12T30P140LVT)                          0.02      0.02       0.86 f
  n1244 (net)                                   1                   0.00       0.86 f
  U5614/ZN (NR3OPTPAD2BWP12T30P140LVT)                    0.02      0.01       0.88 r
  n1243 (net)                                   1                   0.00       0.88 r
  U5613/ZN (ND2OPTPAD2BWP12T30P140LVT)                    0.01      0.01       0.89 f
  n1242 (net)                                   1                   0.00       0.89 f
  U572/ZN (NR2OPTD6BWP12T30P140LVT)                       0.02      0.02       0.90 r
  n3106 (net)                                  13                   0.00       0.90 r
  U4548/Z (OR2D4BWP12T30P140LVT)                          0.01      0.02       0.92 r
  n2763 (net)                                   9                   0.00       0.92 r
  U5305/ZN (INVD1BWP12T30P140LVT)                         0.01      0.01       0.93 f
  n1033 (net)                                   1                   0.00       0.93 f
  U3203/ZN (AOI22OPTPBD1BWP12T30P140LVT)                  0.02      0.01       0.94 r
  n1032 (net)                                   1                   0.00       0.94 r
  U5303/ZN (ND2OPTPAD2BWP12T30P140LVT)                    0.02      0.01       0.95 f
  n3799 (net)                                   7                   0.00       0.95 f
  U9437/ZN (ND2D1BWP12T30P140LVT)                         0.01      0.01       0.97 r
  n2569 (net)                                   2                   0.00       0.97 r
  U552/ZN (OAI21D2BWP12T30P140LVT)                        0.02      0.02       0.98 f
  n2990 (net)                                   3                   0.00       0.98 f
  U12796/ZN (AOI21OPTPBD2BWP12T30P140LVT)                 0.02      0.01       0.99 r
  n2415 (net)                                   1                   0.00       0.99 r
  U12795/ZN (OAI21OPTPBD4BWP12T30P140LVT)                 0.02      0.01       1.01 f
  n7902 (net)                                   3                   0.00       1.01 f
  U5382/ZN (INR2D8BWP12T30P140LVT)                        0.01      0.01       1.02 r
  n3286 (net)                                   6                   0.00       1.02 r
  U12998/ZN (INVD1BWP12T30P140LVT)                        0.01      0.01       1.03 f
  n7820 (net)                                   4                   0.00       1.03 f
  U17268/Z (MUX2D1BWP12T30P140LVT)                        0.01      0.02       1.05 r
  n7823 (net)                                   1                   0.00       1.05 r
  U525/ZN (OAI21D1BWP12T30P140LVT)                        0.02      0.01       1.07 f
  n7824 (net)                                   1                   0.00       1.07 f
  U3071/ZN (CKND2D3BWP12T30P140LVT)                       0.03      0.02       1.09 r
  n1074 (net)                                   7                   0.00       1.09 r
  U5369/ZN (ND2OPTPAD2BWP12T30P140LVT)                    0.01      0.01       1.10 f
  n2811 (net)                                   2                   0.00       1.10 f
  U6046/ZN (OAI21D2BWP12T30P140LVT)                       0.01      0.01       1.11 r
  n8052 (net)                                   2                   0.00       1.11 r
  U13404/ZN (AOI21OPTPBD2BWP12T30P140LVT)                 0.02      0.01       1.12 f
  n8093 (net)                                   2                   0.00       1.12 f
  U2987/ZN (NR2D3BWP12T30P140LVT)                         0.02      0.01       1.13 r
  n1577 (net)                                   3                   0.00       1.13 r
  U6050/ZN (INR2D4BWP12T30P140LVT)                        0.01      0.01       1.14 f
  n2738 (net)                                   8                   0.00       1.14 f
  U13045/ZN (ND2D2BWP12T30P140LVT)                        0.01      0.01       1.15 r
  n4325 (net)                                   1                   0.00       1.15 r
  U13870/ZN (XNR2D1BWP12T30P140LVT)                       0.01      0.02       1.17 f
  n4324 (net)                                   1                   0.00       1.17 f
  U2905/ZN (AOI22D1BWP12T30P140LVT)                       0.02      0.02       1.18 r
  n3325 (net)                                   1                   0.00       1.18 r
  U12425/ZN (ND2D2BWP12T30P140LVT)                        0.02      0.02       1.20 f
  n8200 (net)                                   5                   0.00       1.20 f
  U4676/ZN (NR2OPTPAD2BWP12T30P140LVT)                    0.01      0.01       1.21 r
  n616 (net)                                    2                   0.00       1.21 r
  U4675/ZN (INVD1BWP12T30P140LVT)                         0.01      0.01       1.21 f
  n615 (net)                                    1                   0.00       1.21 f
  U4674/ZN (NR3OPTPAD1BWP12T30P140LVT)                    0.01      0.01       1.22 r
  n2284 (net)                                   1                   0.00       1.22 r
  U2849/ZN (CKND2D1BWP12T30P140LVT)                       0.01      0.01       1.23 f
  n2283 (net)                                   1                   0.00       1.23 f
  U6580/ZN (NR2OPTPAD2BWP12T30P140LVT)                    0.01      0.01       1.24 r
  n3658 (net)                                   3                   0.00       1.24 r
  U7294/ZN (ND2OPTFAD4BWP12T30P140LVT)                    0.01      0.01       1.25 f
  n2399 (net)                                   1                   0.00       1.25 f
  U5068/ZN (NR2OPTD6BWP12T30P140LVT)                      0.02      0.01       1.27 r
  n4172 (net)                                  14                   0.00       1.27 r
  U2799/ZN (INVD3BWP12T30P140LVT)                         0.01      0.01       1.27 f
  n3592 (net)                                   1                   0.00       1.27 f
  U2785/ZN (ND2OPTD6BWP12T30P140LVT)                      0.01      0.01       1.28 r
  n3971 (net)                                  13                   0.00       1.28 r
  U462/ZN (INVD4BWP12T30P140LVT)                          0.01      0.01       1.29 f
  n3807 (net)                                  13                   0.00       1.29 f
  U7292/ZN (ND2D1BWP12T30P140LVT)                         0.01      0.01       1.30 r
  n3291 (net)                                   1                   0.00       1.30 r
  U8273/ZN (ND2D1BWP12T30P140LVT)                         0.01      0.01       1.31 f
  n3290 (net)                                   1                   0.00       1.31 f
  U2736/ZN (NR2OPTPAD1BWP12T30P140LVT)                    0.01      0.01       1.32 r
  n2261 (net)                                   3                   0.00       1.32 r
  U5948/ZN (INVD1BWP12T30P140LVT)                         0.01      0.01       1.33 f
  n8666 (net)                                   4                   0.00       1.33 f
  U12702/Z (OR2D1BWP12T30P140LVT)                         0.01      0.02       1.34 f
  n4149 (net)                                   2                   0.00       1.34 f
  U13551/ZN (NR2D1BWP12T30P140LVT)                        0.02      0.01       1.36 r
  n8674 (net)                                   4                   0.00       1.36 r
  U442/ZN (CKND2D1BWP12T30P140LVT)                        0.02      0.01       1.37 f
  n3577 (net)                                   1                   0.00       1.37 f
  U4499/ZN (NR2OPTPAD2BWP12T30P140LVT)                    0.01      0.01       1.38 r
  n508 (net)                                    1                   0.00       1.38 r
  U4498/ZN (IND2D4BWP12T30P140LVT)                        0.02      0.01       1.40 f
  n4308 (net)                                   7                   0.00       1.40 f
  U6733/ZN (ND2D3BWP12T30P140LVT)                         0.01      0.01       1.41 r
  n2732 (net)                                   4                   0.00       1.41 r
  U430/ZN (INVD3BWP12T30P140LVT)                          0.02      0.01       1.42 f
  n381 (net)                                   19                   0.00       1.42 f
  U10219/ZN (ND2D0BWP12T30P140LVT)                        0.01      0.01       1.43 r
  n3795 (net)                                   1                   0.00       1.43 r
  U418/ZN (ND3D1BWP12T30P140LVT)                          0.03      0.02       1.45 f
  n8719 (net)                                   3                   0.00       1.45 f
  U6524/ZN (IND2D1BWP12T30P140LVT)                        0.02      0.03       1.47 f
  n8922 (net)                                   4                   0.00       1.47 f
  U6578/ZN (NR4D1BWP12T30P140LVT)                         0.02      0.02       1.49 r
  n3087 (net)                                   1                   0.00       1.49 r
  U2472/ZN (CKND2D3BWP12T30P140LVT)                       0.01      0.01       1.50 f
  n3279 (net)                                   1                   0.00       1.50 f
  U1383/ZN (NR2OPTFAD4BWP12T30P140LVT)                    0.02      0.01       1.51 r
  n8797 (net)                                   9                   0.00       1.51 r
  U2422/ZN (ND2OPTFAD8BWP12T30P140LVT)                    0.01      0.01       1.52 f
  n3951 (net)                                   8                   0.00       1.52 f
  U2395/ZN (INVD6BWP12T30P140LVT)                         0.01      0.01       1.53 r
  n3239 (net)                                   1                   0.00       1.53 r
  U392/ZN (NR2D8BWP12T30P140LVT)                          0.01      0.01       1.54 f
  n3623 (net)                                  21                   0.00       1.54 f
  U8743/ZN (ND2D0BWP12T30P140LVT)                         0.01      0.01       1.55 r
  n2302 (net)                                   1                   0.00       1.55 r
  U12727/ZN (ND3OPTPAD1BWP12T30P140LVT)                   0.02      0.02       1.56 f
  n9012 (net)                                   2                   0.00       1.56 f
  U370/ZN (INVD1BWP12T30P140LVT)                          0.01      0.01       1.58 r
  n379 (net)                                    4                   0.00       1.58 r
  U5631/ZN (ND3OPTPAD1BWP12T30P140LVT)                    0.02      0.01       1.59 f
  n4323 (net)                                   1                   0.00       1.59 f
  U5473/ZN (NR2D1BWP12T30P140LVT)                         0.02      0.01       1.60 r
  n9188 (net)                                   2                   0.00       1.60 r
  U5470/ZN (ND3OPTPAD2BWP12T30P140LVT)                    0.01      0.01       1.61 f
  n8993 (net)                                   2                   0.00       1.61 f
  U2287/ZN (NR3D1BWP12T30P140LVT)                         0.02      0.01       1.62 r
  n1130 (net)                                   1                   0.00       1.62 r
  U5466/ZN (INR2D8BWP12T30P140LVT)                        0.01      0.02       1.64 r
  n3948 (net)                                   3                   0.00       1.64 r
  U6566/ZN (CKND8BWP12T30P140LVT)                         0.01      0.01       1.65 f
  n9273 (net)                                  15                   0.00       1.65 f
  U5970/ZN (INR2D4BWP12T30P140LVT)                        0.01      0.01       1.67 f
  n9282 (net)                                  10                   0.00       1.67 f
  U6680/ZN (OAI21D1BWP12T30P140LVT)                       0.01      0.01       1.68 r
  n3085 (net)                                   1                   0.00       1.68 r
  U12982/ZN (ND2D1BWP12T30P140LVT)                        0.01      0.01       1.69 f
  n2652 (net)                                   1                   0.00       1.69 f
  U12981/ZN (INR2D2BWP12T30P140LVT)                       0.01      0.01       1.70 r
  n15092 (net)                                  2                   0.00       1.70 r
  U2211/ZN (INVD2BWP12T30P140LVT)                         0.01      0.01       1.70 f
  n410 (net)                                    2                   0.00       1.70 f
  U13251/Z (OR2D2BWP12T30P140LVT)                         0.01      0.02       1.72 f
  n9329 (net)                                   3                   0.00       1.72 f
  U333/ZN (NR2OPTPAD1BWP12T30P140LVT)                     0.01      0.01       1.73 r
  n3055 (net)                                   1                   0.00       1.73 r
  U12719/ZN (INVD2BWP12T30P140LVT)                        0.01      0.01       1.73 f
  n2278 (net)                                   1                   0.00       1.73 f
  U2160/ZN (INR2D2BWP12T30P140LVT)                        0.01      0.01       1.74 r
  n3843 (net)                                   2                   0.00       1.74 r
  U2150/ZN (ND2D2BWP12T30P140LVT)                         0.02      0.01       1.75 f
  n1533 (net)                                   1                   0.00       1.75 f
  U5993/ZN (NR2OPTPAD2BWP12T30P140LVT)                    0.02      0.02       1.77 r
  n3058 (net)                                  14                   0.00       1.77 r
  U12773/ZN (ND2D1BWP12T30P140LVT)                        0.02      0.01       1.78 f
  n2381 (net)                                   1                   0.00       1.78 f
  U2129/Z (CKXOR2D0BWP12T30P140LVT)                       0.01      0.02       1.81 r
  n3276 (net)                                   1                   0.00       1.81 r
  U4840/ZN (CKND2D1BWP12T30P140LVT)                       0.01      0.01       1.81 f
  n1274 (net)                                   1                   0.00       1.81 f
  U5665/ZN (INR2D1BWP12T30P140LVT)                        0.01      0.02       1.83 f
  n4072 (net)                                   1                   0.00       1.83 f
  U2105/Z (CKXOR2D1BWP12T30P140LVT)                       0.01      0.02       1.85 r
  n3846 (net)                                   1                   0.00       1.85 r
  U13554/ZN (ND2OPTPAD1BWP12T30P140LVT)                   0.01      0.01       1.86 f
  n3845 (net)                                   1                   0.00       1.86 f
  U6394/ZN (NR3OPTPAD2BWP12T30P140LVT)                    0.01      0.01       1.87 r
  n1857 (net)                                   1                   0.00       1.87 r
  U6393/ZN (ND3OPTPAD2BWP12T30P140LVT)                    0.01      0.01       1.88 f
  n1864 (net)                                   1                   0.00       1.88 f
  U6397/ZN (NR2OPTPAD1BWP12T30P140LVT)                    0.01      0.01       1.89 r
  n3555 (net)                                   1                   0.00       1.89 r
  U13536/ZN (AOI21OPTPBD1BWP12T30P140LVT)                 0.01      0.01       1.89 f
  softmaxV/vBuffer/N393 (net)                   1                   0.00       1.89 f
  softmaxV/vBuffer/errorReg_reg/D (DFQD1BWP12T30P140LVT)
                                                          0.01      0.00       1.89 f
  data arrival time                                                            1.89

  clock clk (rise edge)                                             2.00       2.00
  clock network delay (ideal)                                       0.00       2.00
  clock uncertainty                                                -0.10       1.90
  softmaxV/vBuffer/errorReg_reg/CP (DFQD1BWP12T30P140LVT)           0.00       1.90 r
  library setup time                                               -0.01       1.89
  data required time                                                           1.89
  ------------------------------------------------------------------------------------
  data required time                                                           1.89
  data arrival time                                                           -1.89
  ------------------------------------------------------------------------------------
  slack (MET)                                                                  0.00


  Startpoint: io_command_bits_tokenCount[2]
              (input port clocked by clk)
  Endpoint: decompressionQk/compute/decompressor/state_reg[1]
            (rising edge-triggered flip-flop clocked by clk)
  Path Group: clk
  Path Type: max

  Des/Clust/Port     Wire Load Model       Library
  ------------------------------------------------
  StreamingSoftmax   ZeroWireload          tcbn28hpcplusbwp12t30p140lvtssg0p81v125c
  AttentionScaleUnit ZeroWireload          tcbn28hpcplusbwp12t30p140lvtssg0p81v125c
  BriskKvAttentionTop
                     ZeroWireload          tcbn28hpcplusbwp12t30p140lvtssg0p81v125c

  Point                                       Fanout     Trans      Incr       Path
  ------------------------------------------------------------------------------------
  clock clk (rise edge)                                             0.00       0.00
  clock network delay (ideal)                                       0.00       0.00
  input external delay                                              0.20       0.20 r
  io_command_bits_tokenCount[2] (in)                      0.00      0.00       0.20 r
  io_command_bits_tokenCount[2] (net)          12                   0.00       0.20 r
  U575/ZN (NR2D3BWP12T30P140LVT)                          0.01      0.00       0.20 f
  n2860 (net)                                   1                   0.00       0.20 f
  U4478/ZN (ND2D3BWP12T30P140LVT)                         0.01      0.01       0.21 r
  n16884 (net)                                  2                   0.00       0.21 r
  U2092/CO (HA1D1BWP12T30P140LVT)                         0.01      0.02       0.23 r
  n16883 (net)                                  1                   0.00       0.23 r
  U2085/CO (HA1D1BWP12T30P140LVT)                         0.01      0.02       0.25 r
  n15803 (net)                                  1                   0.00       0.25 r
  U20664/CO (HA1D1BWP12T30P140LVT)                        0.01      0.02       0.27 r
  n16325 (net)                                  1                   0.00       0.27 r
  U20892/CO (HA1D1BWP12T30P140LVT)                        0.01      0.02       0.29 r
  n16326 (net)                                  1                   0.00       0.29 r
  U4428/CO (HA1D2BWP12T30P140LVT)                         0.01      0.02       0.31 r
  n15802 (net)                                  2                   0.00       0.31 r
  U4418/ZN (INVD1P25BWP12T30P140LVT)                      0.01      0.01       0.31 f
  n4209 (net)                                   1                   0.00       0.31 f
  U4397/ZN (INR2D2BWP12T30P140LVT)                        0.01      0.01       0.32 r
  n4853 (net)                                   1                   0.00       0.32 r
  U20879/CO (HA1D1BWP12T30P140LVT)                        0.01      0.02       0.34 r
  n16308 (net)                                  1                   0.00       0.34 r
  U2056/CO (HA1D1BWP12T30P140LVT)                         0.01      0.02       0.36 r
  n15695 (net)                                  2                   0.00       0.36 r
  U4343/ZN (CKND2D2BWP12T30P140LVT)                       0.01      0.01       0.37 f
  n15519 (net)                                  1                   0.00       0.37 f
  U4338/ZN (INVD1P25BWP12T30P140LVT)                      0.01      0.01       0.37 r
  n16052 (net)                                  1                   0.00       0.37 r
  U2050/CO (HA1D1BWP12T30P140LVT)                         0.01      0.02       0.39 r
  n16053 (net)                                  1                   0.00       0.39 r
  U20760/CO (HA1D1BWP12T30P140LVT)                        0.01      0.02       0.41 r
  n15683 (net)                                  1                   0.00       0.41 r
  U4325/CO (HA1D2BWP12T30P140LVT)                         0.01      0.02       0.43 r
  n15836 (net)                                  2                   0.00       0.43 r
  U4318/ZN (CKND2D2BWP12T30P140LVT)                       0.01      0.01       0.44 f
  n15520 (net)                                  1                   0.00       0.44 f
  U4312/ZN (INVD1P25BWP12T30P140LVT)                      0.01      0.01       0.44 r
  n15837 (net)                                  1                   0.00       0.44 r
  U4308/CO (HA1D2BWP12T30P140LVT)                         0.01      0.02       0.46 r
  n15606 (net)                                  2                   0.00       0.46 r
  U4298/ZN (INVD1P25BWP12T30P140LVT)                      0.01      0.01       0.47 f
  n4208 (net)                                   1                   0.00       0.47 f
  U4291/ZN (INR2D2BWP12T30P140LVT)                        0.01      0.01       0.48 r
  n4731 (net)                                   1                   0.00       0.48 r
  U4284/CO (HA1D2BWP12T30P140LVT)                         0.01      0.02       0.50 r
  n15715 (net)                                  2                   0.00       0.50 r
  U4277/ZN (CKND2D3BWP12T30P140LVT)                       0.01      0.01       0.50 f
  n4040 (net)                                   2                   0.00       0.50 f
  U13748/ZN (INR2D2BWP12T30P140LVT)                       0.01      0.01       0.51 r
  n4766 (net)                                   1                   0.00       0.51 r
  U4264/CO (HA1D2BWP12T30P140LVT)                         0.01      0.02       0.53 r
  n15621 (net)                                  4                   0.00       0.53 r
  U4251/ZN (INVD2BWP12T30P140LVT)                         0.01      0.01       0.54 f
  n3481 (net)                                   1                   0.00       0.54 f
  U2026/ZN (INR3D2BWP12T30P140LVT)                        0.02      0.01       0.55 r
  n15558 (net)                                  1                   0.00       0.55 r
  U4232/CO (HA1D2BWP12T30P140LVT)                         0.01      0.02       0.57 r
  n15527 (net)                                  2                   0.00       0.57 r
  U4209/ZN (CKND2D1BWP12T30P140LVT)                       0.01      0.01       0.58 f
  n15521 (net)                                  1                   0.00       0.58 f
  U4183/ZN (INVD1BWP12T30P140LVT)                         0.01      0.01       0.59 r
  n15529 (net)                                  1                   0.00       0.59 r
  U2006/CO (HA1D1BWP12T30P140LVT)                         0.01      0.02       0.61 r
  n15526 (net)                                  1                   0.00       0.61 r
  U4139/CO (HA1D2BWP12T30P140LVT)                         0.01      0.02       0.63 r
  n15523 (net)                                  2                   0.00       0.63 r
  U463/S (HA1D1BWP12T30P140LVT)                           0.01      0.02       0.66 f
  n367 (net)                                    1                   0.00       0.66 f
  U1408/Z (MUX2D4BWP12T30P140LVT)                         0.01      0.02       0.67 f
  n15541 (net)                                  3                   0.00       0.67 f
  U1407/ZN (INR2D4BWP12T30P140LVT)                        0.02      0.02       0.69 f
  n15962 (net)                                 31                   0.00       0.69 f
  U1416/ZN (AOI222D1BWP12T30P140LVT)                      0.04      0.03       0.73 r
  n15965 (net)                                  1                   0.00       0.73 r
  U20724/ZN (MUX2ND0BWP12T30P140LVT)                      0.03      0.03       0.75 r
  n16016 (net)                                  2                   0.00       0.75 r
  U1410/Z (AN2D1BWP12T30P140LVT)                          0.01      0.02       0.78 r
  n16010 (net)                                  1                   0.00       0.78 r
  U20743/CO (HA1D1BWP12T30P140LVT)                        0.01      0.02       0.79 r
  n16005 (net)                                  1                   0.00       0.79 r
  U20741/S (FA1D1BWP12T30P140LVT)                         0.02      0.05       0.84 f
  n16160 (net)                                  1                   0.00       0.84 f
  U20814/CO (FA1D1BWP12T30P140LVT)                        0.01      0.03       0.87 f
  n16153 (net)                                  1                   0.00       0.87 f
  U20811/S (FA1D1BWP12T30P140LVT)                         0.02      0.05       0.92 r
  n16234 (net)                                  3                   0.00       0.92 r
  U9989/ZN (ND2D0BWP12T30P140LVT)                         0.03      0.02       0.94 f
  n4043 (net)                                   1                   0.00       0.94 f
  U13751/ZN (ND2OPTPAD1BWP12T30P140LVT)                   0.01      0.01       0.95 r
  n16227 (net)                                  1                   0.00       0.95 r
  U20846/CO (FA1D1BWP12T30P140LVT)                        0.01      0.02       0.98 r
  n16222 (net)                                  1                   0.00       0.98 r
  U20843/S (FA1D1BWP12T30P140LVT)                         0.02      0.05       1.02 f
  n16360 (net)                                  1                   0.00       1.02 f
  U20918/S (FA1D1BWP12T30P140LVT)                         0.02      0.06       1.08 r
  n16467 (net)                                  1                   0.00       1.08 r
  U20966/S (FA1D1BWP12T30P140LVT)                         0.02      0.05       1.13 f
  n16613 (net)                                  1                   0.00       1.13 f
  U21037/CO (FA1D1BWP12T30P140LVT)                        0.01      0.03       1.17 f
  n16606 (net)                                  1                   0.00       1.17 f
  U21034/CO (FA1D1BWP12T30P140LVT)                        0.01      0.03       1.19 f
  n16601 (net)                                  1                   0.00       1.19 f
  U21031/S (FA1D1BWP12T30P140LVT)                         0.02      0.05       1.24 r
  n16741 (net)                                  1                   0.00       1.24 r
  U21104/S (FA1D1BWP12T30P140LVT)                         0.02      0.05       1.29 f
  n16895 (net)                                  1                   0.00       1.29 f
  U21183/S (FA1D1BWP12T30P140LVT)                         0.02      0.06       1.35 r
  n17400 (net)                                  1                   0.00       1.35 r
  U3605/CO (FA1OPTCD1BWP12T30P140LVT)                     0.01      0.03       1.39 r
  n17161 (net)                                  1                   0.00       1.39 r
  U21315/CO (FA1D1BWP12T30P140LVT)                        0.02      0.03       1.41 r
  n17158 (net)                                  1                   0.00       1.41 r
  U21314/CO (FA1OPTCD2BWP12T30P140LVT)                    0.01      0.02       1.43 r
  n17155 (net)                                  1                   0.00       1.43 r
  U21313/CO (FA1OPTCD2BWP12T30P140LVT)                    0.01      0.02       1.45 r
  n17152 (net)                                  1                   0.00       1.45 r
  U3583/CO (FA1OPTCD1BWP12T30P140LVT)                     0.02      0.02       1.47 r
  n17369 (net)                                  1                   0.00       1.47 r
  U21365/CO (FA1OPTCD2BWP12T30P140LVT)                    0.01      0.02       1.49 r
  n17368 (net)                                  3                   0.00       1.49 r
  U3558/ZN (NR2OPTPAD1BWP12T30P140LVT)                    0.01      0.01       1.50 f
  n4041 (net)                                   1                   0.00       1.50 f
  U13750/ZN (INVD2BWP12T30P140LVT)                        0.01      0.01       1.51 r
  n17355 (net)                                  1                   0.00       1.51 r
  U21364/CO (FA1OPTCD2BWP12T30P140LVT)                    0.01      0.02       1.53 r
  n17385 (net)                                  1                   0.00       1.53 r
  U21370/CO (FA1OPTCD2BWP12T30P140LVT)                    0.01      0.02       1.55 r
  n17382 (net)                                  1                   0.00       1.55 r
  U21369/CO (FA1OPTCD2BWP12T30P140LVT)                    0.01      0.02       1.56 r
  n17379 (net)                                  1                   0.00       1.56 r
  U21368/CO (FA1OPTCD2BWP12T30P140LVT)                    0.01      0.02       1.58 r
  n17330 (net)                                  1                   0.00       1.58 r
  U21358/CO (FA1OPTCD2BWP12T30P140LVT)                    0.01      0.02       1.60 r
  n17376 (net)                                  1                   0.00       1.60 r
  U21367/CO (FA1OPTCD2BWP12T30P140LVT)                    0.01      0.02       1.62 r
  n17333 (net)                                  1                   0.00       1.62 r
  U21359/CO (FA1OPTCD2BWP12T30P140LVT)                    0.01      0.02       1.64 r
  n17327 (net)                                  1                   0.00       1.64 r
  U21357/CO (FA1OPTCD2BWP12T30P140LVT)                    0.01      0.02       1.66 r
  n17324 (net)                                  1                   0.00       1.66 r
  U21356/CO (FA1OPTCD2BWP12T30P140LVT)                    0.01      0.02       1.68 r
  n17349 (net)                                  1                   0.00       1.68 r
  U21363/CO (FA1OPTCD2BWP12T30P140LVT)                    0.01      0.02       1.69 r
  n17346 (net)                                  1                   0.00       1.69 r
  U21362/CO (FA1OPTCD2BWP12T30P140LVT)                    0.01      0.02       1.71 r
  n17343 (net)                                  1                   0.00       1.71 r
  U21361/CO (FA1OPTCD2BWP12T30P140LVT)                    0.01      0.02       1.73 r
  n17340 (net)                                  2                   0.00       1.73 r
  U3292/ZN (CKND2D2BWP12T30P140LVT)                       0.01      0.01       1.74 f
  n3216 (net)                                   1                   0.00       1.74 f
  U3276/ZN (ND2D2BWP12T30P140LVT)                         0.01      0.01       1.75 r
  n17318 (net)                                  1                   0.00       1.75 r
  U21355/CO (FA1OPTCD2BWP12T30P140LVT)                    0.01      0.02       1.76 r
  n17315 (net)                                  1                   0.00       1.76 r
  U21354/CO (FA1OPTCD2BWP12T30P140LVT)                    0.01      0.02       1.78 r
  n17312 (net)                                  2                   0.00       1.78 r
  U6164/ZN (AOI21OPTPBD2BWP12T30P140LVT)                  0.02      0.01       1.79 f
  n1675 (net)                                   2                   0.00       1.79 f
  U6162/ZN (OAI22D2BWP12T30P140LVT)                       0.02      0.01       1.80 r
  n17402 (net)                                  1                   0.00       1.80 r
  U21373/S (FA1OPTCD2BWP12T30P140LVT)                     0.02      0.05       1.85 f
  n17405 (net)                                  1                   0.00       1.85 f
  U5809/ZN (OAI31D2BWP12T30P140LVT)                       0.02      0.01       1.86 r
  n1393 (net)                                   1                   0.00       1.86 r
  U5808/ZN (ND3OPTPAD2BWP12T30P140LVT)                    0.01      0.01       1.87 f
  n37183 (net)                                  2                   0.00       1.87 f
  U3119/ZN (NR2OPTPAD1BWP12T30P140LVT)                    0.01      0.01       1.88 r
  n17419 (net)                                  1                   0.00       1.88 r
  U1412/ZN (OAI22OPTPBD1BWP12T30P140LVT)                  0.02      0.01       1.89 f
  decompressionQk/compute/decompressor/n629 (net)
                                                1                   0.00       1.89 f
  decompressionQk/compute/decompressor/state_reg[1]/D (DFQD1BWP12T30P140LVT)
                                                          0.02      0.00       1.89 f
  data arrival time                                                            1.89

  clock clk (rise edge)                                             2.00       2.00
  clock network delay (ideal)                                       0.00       2.00
  clock uncertainty                                                -0.10       1.90
  decompressionQk/compute/decompressor/state_reg[1]/CP (DFQD1BWP12T30P140LVT)
                                                                    0.00       1.90 r
  library setup time                                               -0.01       1.89
  data required time                                                           1.89
  ------------------------------------------------------------------------------------
  data required time                                                           1.89
  data arrival time                                                           -1.89
  ------------------------------------------------------------------------------------
  slack (MET)                                                                  0.00


  Startpoint: io_command_bits_tokenCount[2]
              (input port clocked by clk)
  Endpoint: decompressionQk/compute/vPacketizer/blockIndex_reg[31]
            (rising edge-triggered flip-flop clocked by clk)
  Path Group: clk
  Path Type: max

  Des/Clust/Port     Wire Load Model       Library
  ------------------------------------------------
  StreamingSoftmax   ZeroWireload          tcbn28hpcplusbwp12t30p140lvtssg0p81v125c
  AttentionScaleUnit ZeroWireload          tcbn28hpcplusbwp12t30p140lvtssg0p81v125c
  BriskKvAttentionTop
                     ZeroWireload          tcbn28hpcplusbwp12t30p140lvtssg0p81v125c

  Point                                       Fanout     Trans      Incr       Path
  ------------------------------------------------------------------------------------
  clock clk (rise edge)                                             0.00       0.00
  clock network delay (ideal)                                       0.00       0.00
  input external delay                                              0.20       0.20 r
  io_command_bits_tokenCount[2] (in)                      0.00      0.00       0.20 r
  io_command_bits_tokenCount[2] (net)          12                   0.00       0.20 r
  U575/ZN (NR2D3BWP12T30P140LVT)                          0.01      0.00       0.20 f
  n2860 (net)                                   1                   0.00       0.20 f
  U4478/ZN (ND2D3BWP12T30P140LVT)                         0.01      0.01       0.21 r
  n16884 (net)                                  2                   0.00       0.21 r
  U4471/CO (HA1D0BWP12T30P140LVT)                         0.02      0.02       0.23 r
  n4932 (net)                                   1                   0.00       0.23 r
  U4459/CO (HA1D0BWP12T30P140LVT)                         0.02      0.02       0.26 r
  n4933 (net)                                   1                   0.00       0.26 r
  U4445/CO (HA1D0BWP12T30P140LVT)                         0.02      0.02       0.28 r
  n4938 (net)                                   1                   0.00       0.28 r
  U2075/CO (HA1D1BWP12T30P140LVT)                         0.01      0.02       0.30 r
  n4939 (net)                                   1                   0.00       0.30 r
  U2070/CO (HA1D1BWP12T30P140LVT)                         0.01      0.02       0.32 r
  n4934 (net)                                   1                   0.00       0.32 r
  U2064/CO (HA1D1BWP12T30P140LVT)                         0.01      0.02       0.34 r
  n5220 (net)                                   1                   0.00       0.34 r
  U2061/CO (HA1D1BWP12T30P140LVT)                         0.01      0.02       0.36 r
  n5221 (net)                                   1                   0.00       0.36 r
  U4376/Z (AN2D1BWP12T30P140LVT)                          0.01      0.02       0.37 r
  n5222 (net)                                   1                   0.00       0.37 r
  U4353/Z (AN2D1BWP12T30P140LVT)                          0.01      0.02       0.39 r
  n5223 (net)                                   1                   0.00       0.39 r
  U4342/Z (AN2D1BWP12T30P140LVT)                          0.01      0.02       0.40 r
  n5224 (net)                                   1                   0.00       0.40 r
  U10122/Z (AN2D1BWP12T30P140LVT)                         0.01      0.02       0.42 r
  n5225 (net)                                   1                   0.00       0.42 r
  U10121/Z (AN2D1BWP12T30P140LVT)                         0.01      0.02       0.44 r
  n5226 (net)                                   1                   0.00       0.44 r
  U10120/Z (AN2D1BWP12T30P140LVT)                         0.01      0.02       0.45 r
  n5227 (net)                                   1                   0.00       0.45 r
  U4324/Z (AN2D1BWP12T30P140LVT)                          0.01      0.02       0.47 r
  n5228 (net)                                   1                   0.00       0.47 r
  U6621/Z (AN2D1BWP12T30P140LVT)                          0.01      0.02       0.48 r
  n5229 (net)                                   1                   0.00       0.48 r
  U4313/Z (AN2D2BWP12T30P140LVT)                          0.01      0.02       0.50 r
  n5283 (net)                                   1                   0.00       0.50 r
  U2044/CO (HA1D1BWP12T30P140LVT)                         0.01      0.02       0.52 r
  n5284 (net)                                   1                   0.00       0.52 r
  U4297/Z (AN2D2BWP12T30P140LVT)                          0.01      0.02       0.54 r
  n5508 (net)                                   1                   0.00       0.54 r
  U4292/CO (HA1D1BWP12T30P140LVT)                         0.01      0.02       0.55 r
  n5509 (net)                                   1                   0.00       0.55 r
  U8913/Z (AN2D1BWP12T30P140LVT)                          0.01      0.02       0.57 r
  n5510 (net)                                   1                   0.00       0.57 r
  U8912/Z (AN2D1BWP12T30P140LVT)                          0.01      0.02       0.58 r
  n5511 (net)                                   1                   0.00       0.58 r
  U8911/Z (AN2D1BWP12T30P140LVT)                          0.01      0.02       0.60 r
  n5512 (net)                                   1                   0.00       0.60 r
  U11596/Z (AN2D1BWP12T30P140LVT)                         0.01      0.02       0.62 r
  n5513 (net)                                   1                   0.00       0.62 r
  U6623/Z (AN2D1BWP12T30P140LVT)                          0.01      0.02       0.63 r
  n5514 (net)                                   1                   0.00       0.63 r
  U4243/Z (AN2D2BWP12T30P140LVT)                          0.01      0.02       0.65 r
  n5551 (net)                                   1                   0.00       0.65 r
  U1197/CO (HA1D1BWP12T30P140LVT)                         0.01      0.02       0.67 r
  n5589 (net)                                   1                   0.00       0.67 r
  U6622/S (HA1D2BWP12T30P140LVT)                          0.01      0.02       0.69 r
  n5552 (net)                                   1                   0.00       0.69 r
  U2014/ZN (INVD4BWP12T30P140LVT)                         0.02      0.01       0.70 f
  n6296 (net)                                  29                   0.00       0.70 f
  U9201/Z (OR2D1BWP12T30P140LVT)                          0.01      0.02       0.72 f
  n5582 (net)                                   2                   0.00       0.72 f
  U4140/Z (OR2D1BWP12T30P140LVT)                          0.01      0.02       0.74 f
  n4839 (net)                                   1                   0.00       0.74 f
  U1976/S (FA1D0BWP12T30P140LVT)                          0.02      0.06       0.80 r
  n5633 (net)                                   1                   0.00       0.80 r
  U16579/CO (FA1D1BWP12T30P140LVT)                        0.01      0.03       0.83 r
  n5692 (net)                                   1                   0.00       0.83 r
  U1958/CO (FA1D0BWP12T30P140LVT)                         0.02      0.03       0.86 r
  n5707 (net)                                   1                   0.00       0.86 r
  U1946/S (FA1D0BWP12T30P140LVT)                          0.02      0.05       0.91 f
  n5701 (net)                                   1                   0.00       0.91 f
  U16596/S (FA1D1BWP12T30P140LVT)                         0.02      0.05       0.96 r
  n5733 (net)                                   1                   0.00       0.96 r
  U1927/S (FA1D0BWP12T30P140LVT)                          0.02      0.05       1.01 f
  n5698 (net)                                   1                   0.00       1.01 f
  U1911/Z (CKXOR2D0BWP12T30P140LVT)                       0.01      0.02       1.04 r
  n5699 (net)                                   1                   0.00       1.04 r
  U3913/ZN (ND2D0BWP12T30P140LVT)                         0.01      0.01       1.04 f
  n5739 (net)                                   1                   0.00       1.04 f
  U3888/ZN (NR2D0BWP12T30P140LVT)                         0.01      0.01       1.06 r
  n5781 (net)                                   1                   0.00       1.06 r
  U3871/ZN (ND2D0BWP12T30P140LVT)                         0.01      0.01       1.07 f
  n5824 (net)                                   1                   0.00       1.07 f
  U1876/ZN (NR2D0BWP12T30P140LVT)                         0.01      0.01       1.08 r
  n5865 (net)                                   1                   0.00       1.08 r
  U3836/ZN (ND2D0BWP12T30P140LVT)                         0.01      0.01       1.09 f
  n5904 (net)                                   1                   0.00       1.09 f
  U3829/ZN (NR2D0BWP12T30P140LVT)                         0.01      0.01       1.10 r
  n5938 (net)                                   1                   0.00       1.10 r
  U3807/ZN (ND2D0BWP12T30P140LVT)                         0.01      0.01       1.11 f
  n5972 (net)                                   1                   0.00       1.11 f
  U1849/ZN (NR2D1BWP12T30P140LVT)                         0.01      0.01       1.12 r
  n6000 (net)                                   1                   0.00       1.12 r
  U1846/ZN (CKND2D1BWP12T30P140LVT)                       0.01      0.01       1.13 f
  n6020 (net)                                   1                   0.00       1.13 f
  U16664/ZN (NR2D1BWP12T30P140LVT)                        0.01      0.01       1.13 r
  n6044 (net)                                   1                   0.00       1.13 r
  U3781/ZN (CKND2D1BWP12T30P140LVT)                       0.01      0.01       1.14 f
  n6065 (net)                                   1                   0.00       1.14 f
  U3772/ZN (NR2D1BWP12T30P140LVT)                         0.01      0.01       1.15 r
  n6084 (net)                                   1                   0.00       1.15 r
  U3754/ZN (CKND2D1BWP12T30P140LVT)                       0.01      0.01       1.16 f
  n6102 (net)                                   1                   0.00       1.16 f
  U16676/ZN (NR2D1BWP12T30P140LVT)                        0.01      0.01       1.17 r
  n6121 (net)                                   1                   0.00       1.17 r
  U3733/ZN (CKND2D1BWP12T30P140LVT)                       0.01      0.01       1.17 f
  n6136 (net)                                   1                   0.00       1.17 f
  U16681/ZN (NR2D1BWP12T30P140LVT)                        0.01      0.01       1.18 r
  n6153 (net)                                   1                   0.00       1.18 r
  U3717/ZN (CKND2D1BWP12T30P140LVT)                       0.01      0.01       1.19 f
  n6173 (net)                                   1                   0.00       1.19 f
  U16688/ZN (NR2D1BWP12T30P140LVT)                        0.01      0.01       1.20 r
  n6193 (net)                                   1                   0.00       1.20 r
  U3660/ZN (CKND2D1BWP12T30P140LVT)                       0.01      0.01       1.20 f
  n6213 (net)                                   1                   0.00       1.20 f
  U16694/ZN (NR2D1BWP12T30P140LVT)                        0.01      0.01       1.21 r
  n6231 (net)                                   1                   0.00       1.21 r
  U3633/ZN (CKND2D1BWP12T30P140LVT)                       0.01      0.01       1.22 f
  n6244 (net)                                   1                   0.00       1.22 f
  U1778/ZN (NR2D1BWP12T30P140LVT)                         0.01      0.01       1.23 r
  n6258 (net)                                   1                   0.00       1.23 r
  U3615/ZN (CKND2D1BWP12T30P140LVT)                       0.01      0.01       1.24 f
  n6263 (net)                                   1                   0.00       1.24 f
  U3606/ZN (NR2OPTPAD1BWP12T30P140LVT)                    0.01      0.01       1.24 r
  n6270 (net)                                   1                   0.00       1.24 r
  U386/ZN (CKND2D1BWP12T30P140LVT)                        0.01      0.01       1.25 f
  n6272 (net)                                   1                   0.00       1.25 f
  U16702/ZN (NR2OPTPAD1BWP12T30P140LVT)                   0.01      0.01       1.26 r
  n6279 (net)                                   1                   0.00       1.26 r
  U1772/ZN (CKND2D1BWP12T30P140LVT)                       0.01      0.01       1.26 f
  n6289 (net)                                   1                   0.00       1.26 f
  U3582/Z (OR2D1BWP12T30P140LVT)                          0.01      0.01       1.28 f
  n6290 (net)                                   1                   0.00       1.28 f
  U1770/ZN (NR2OPTPAD1BWP12T30P140LVT)                    0.01      0.01       1.29 r
  n6304 (net)                                   1                   0.00       1.29 r
  U350/Z (AN2D1BWP12T30P140LVT)                           0.01      0.02       1.30 r
  n17430 (net)                                  2                   0.00       1.30 r
  U1240/ZN (INR2D2BWP12T30P140LVT)                        0.09      0.06       1.37 r
  n14934 (net)                                 52                   0.00       1.37 r
  U1764/ZN (CKND2D1BWP12T30P140LVT)                       0.03      0.01       1.38 f
  n19068 (net)                                  1                   0.00       1.38 f
  U1760/Z (AN2D4BWP12T30P140LVT)                          0.02      0.02       1.40 f
  n4847 (net)                                  28                   0.00       1.40 f
  U1244/ZN (INVD1BWP12T30P140LVT)                         0.16      0.09       1.49 r
  n457 (net)                                   98                   0.00       1.49 r
  U1745/ZN (NR2D1BWP12T30P140LVT)                         0.04      0.02       1.51 f
  n24981 (net)                                  5                   0.00       1.51 f
  U1245/ZN (INVD0BWP12T30P140LVT)                         0.16      0.10       1.62 r
  n34633 (net)                                 50                   0.00       1.62 r
  U1230/ZN (ND2D0BWP12T30P140LVT)                         0.13      0.09       1.70 f
  n37557 (net)                                 18                   0.00       1.70 f
  U6624/ZN (INVD1BWP12T30P140LVT)                         0.03      0.02       1.72 r
  n33077 (net)                                  1                   0.00       1.72 r
  U1247/ZN (ND2D0BWP12T30P140LVT)                         0.16      0.09       1.81 f
  n34542 (net)                                 33                   0.00       1.81 f
  U15685/ZN (NR2D0BWP12T30P140LVT)                        0.05      0.04       1.86 r
  n34546 (net)                                  2                   0.00       1.86 r
  U36350/ZN (ND3D1BWP12T30P140LVT)                        0.02      0.02       1.87 f
  n34547 (net)                                  1                   0.00       1.87 f
  U12032/ZN (ND2D0BWP12T30P140LVT)                        0.01      0.01       1.89 r
  n38482 (net)                                  1                   0.00       1.89 r
  decompressionQk/compute/vPacketizer/blockIndex_reg[31]/D (DFQD1BWP12T30P140LVT)
                                                          0.01      0.00       1.89 r
  data arrival time                                                            1.89

  clock clk (rise edge)                                             2.00       2.00
  clock network delay (ideal)                                       0.00       2.00
  clock uncertainty                                                -0.10       1.90
  decompressionQk/compute/vPacketizer/blockIndex_reg[31]/CP (DFQD1BWP12T30P140LVT)
                                                                    0.00       1.90 r
  library setup time                                               -0.01       1.89
  data required time                                                           1.89
  ------------------------------------------------------------------------------------
  data required time                                                           1.89
  data arrival time                                                           -1.89
  ------------------------------------------------------------------------------------
  slack (MET)                                                                  0.00


  Startpoint: decompressionQk/compute/decompressor/kController/commandReg_tokenCount_reg[8]
              (rising edge-triggered flip-flop clocked by clk)
  Endpoint: decompressionQk/compute/decompressor/kController/resultError_reg
            (rising edge-triggered flip-flop clocked by clk)
  Path Group: clk
  Path Type: max

  Des/Clust/Port     Wire Load Model       Library
  ------------------------------------------------
  PackDescriptorDecoder_1
                     ZeroWireload          tcbn28hpcplusbwp12t30p140lvtssg0p81v125c
  PackDescriptorDecoder
                     ZeroWireload          tcbn28hpcplusbwp12t30p140lvtssg0p81v125c
  BufferedPackMetadataDequantizer_1
                     ZeroWireload          tcbn28hpcplusbwp12t30p140lvtssg0p81v125c
  DynamicBitUnpacker_1
                     ZeroWireload          tcbn28hpcplusbwp12t30p140lvtssg0p81v125c
  BufferedPackMetadataDequantizer
                     ZeroWireload          tcbn28hpcplusbwp12t30p140lvtssg0p81v125c
  DynamicBitUnpacker ZeroWireload          tcbn28hpcplusbwp12t30p140lvtssg0p81v125c
  KvStreamDequantizer_1
                     ZeroWireload          tcbn28hpcplusbwp12t30p140lvtssg0p81v125c
  KvStreamDequantizer
                     ZeroWireload          tcbn28hpcplusbwp12t30p140lvtssg0p81v125c
  DecompressionPipelineController_1
                     ZeroWireload          tcbn28hpcplusbwp12t30p140lvtssg0p81v125c
  DecompressionPipelineController
                     ZeroWireload          tcbn28hpcplusbwp12t30p140lvtssg0p81v125c
  QkDotProductAccumulator
                     ZeroWireload          tcbn28hpcplusbwp12t30p140lvtssg0p81v125c
  StreamingSoftmax   ZeroWireload          tcbn28hpcplusbwp12t30p140lvtssg0p81v125c
  AttentionScaleUnit ZeroWireload          tcbn28hpcplusbwp12t30p140lvtssg0p81v125c
  BriskKvAttentionTop
                     ZeroWireload          tcbn28hpcplusbwp12t30p140lvtssg0p81v125c

  Point                                       Fanout     Trans      Incr       Path
  ------------------------------------------------------------------------------------
  clock clk (rise edge)                                             0.00       0.00
  clock network delay (ideal)                                       0.00       0.00
  decompressionQk/compute/decompressor/kController/commandReg_tokenCount_reg[8]/CP (DFQD2BWP12T30P140LVT)
                                                          0.00      0.00 #     0.00 r
  decompressionQk/compute/decompressor/kController/commandReg_tokenCount_reg[8]/Q (DFQD2BWP12T30P140LVT)
                                                          0.04      0.07       0.07 f
  decompressionQk/compute/decompressor/kController/io_result_bits_tokenCount[8] (net)
                                               48                   0.00       0.07 f
  decompressionQk/compute/decompressor/kController/U539/ZN (INVD1BWP12T30P140LVT)
                                                          0.07      0.05       0.12 r
  decompressionQk/compute/decompressor/kController/n2236 (net)
                                               35                   0.00       0.12 r
  decompressionQk/compute/decompressor/kController/U373/ZN (AOI21D1BWP12T30P140LVT)
                                                          0.03      0.02       0.14 f
  decompressionQk/compute/decompressor/kController/n1841 (net)
                                                3                   0.00       0.14 f
  decompressionQk/compute/decompressor/kController/U400/ZN (INR2D1BWP12T30P140LVT)
                                                          0.12      0.08       0.21 r
  decompressionQk/compute/decompressor/kController/n2234 (net)
                                               33                   0.00       0.21 r
  decompressionQk/compute/decompressor/kController/U362/ZN (ND2D0BWP12T30P140LVT)
                                                          0.03      0.01       0.22 f
  decompressionQk/compute/decompressor/kController/n24 (net)
                                                1                   0.00       0.22 f
  decompressionQk/compute/decompressor/kController/U361/ZN (ND2D0BWP12T30P140LVT)
                                                          0.02      0.01       0.24 r
  decompressionQk/compute/decompressor/kController/n23 (net)
                                                1                   0.00       0.24 r
  decompressionQk/compute/decompressor/kController/U550/ZN (AOI21D1BWP12T30P140LVT)
                                                          0.01      0.01       0.25 f
  decompressionQk/compute/decompressor/kController/n22 (net)
                                                2                   0.00       0.25 f
  decompressionQk/compute/decompressor/kController/U549/ZN (ND2D0BWP12T30P140LVT)
                                                          0.02      0.01       0.26 r
  decompressionQk/compute/decompressor/kController/n21 (net)
                                                1                   0.00       0.26 r
  decompressionQk/compute/decompressor/kController/U548/ZN (OAI21D0BWP12T30P140LVT)
                                                          0.03      0.02       0.28 f
  decompressionQk/compute/decompressor/kController/n2381 (net)
                                                1                   0.00       0.28 f
  decompressionQk/compute/decompressor/kController/U51/S (HA1D0BWP12T30P140LVT)
                                                          0.02      0.04       0.32 r
  decompressionQk/compute/decompressor/kController/n2558 (net)
                                                1                   0.00       0.32 r
  decompressionQk/compute/decompressor/kController/U2160/S (FA1D1BWP12T30P140LVT)
                                                          0.02      0.05       0.37 f
  decompressionQk/compute/decompressor/kController/n2906 (net)
                                                1                   0.00       0.37 f
  decompressionQk/compute/decompressor/kController/U49/CO (FA1D0BWP12T30P140LVT)
                                                          0.02      0.04       0.40 f
  decompressionQk/compute/decompressor/kController/n2901 (net)
                                                1                   0.00       0.40 f
  decompressionQk/compute/decompressor/kController/U2280/CO (FA1D1BWP12T30P140LVT)
                                                          0.01      0.03       0.43 f
  decompressionQk/compute/decompressor/kController/n2961 (net)
                                                1                   0.00       0.43 f
  decompressionQk/compute/decompressor/kController/U2299/CO (FA1D1BWP12T30P140LVT)
                                                          0.01      0.03       0.46 f
  decompressionQk/compute/decompressor/kController/n2958 (net)
                                                1                   0.00       0.46 f
  decompressionQk/compute/decompressor/kController/U2298/CO (FA1D1BWP12T30P140LVT)
                                                          0.01      0.03       0.48 f
  decompressionQk/compute/decompressor/kController/n2972 (net)
                                                1                   0.00       0.48 f
  decompressionQk/compute/decompressor/kController/U2304/CO (FA1D1BWP12T30P140LVT)
                                                          0.01      0.03       0.51 f
  decompressionQk/compute/decompressor/kController/n2969 (net)
                                                1                   0.00       0.51 f
  decompressionQk/compute/decompressor/kController/U2303/CO (FA1D1BWP12T30P140LVT)
                                                          0.01      0.03       0.54 f
  decompressionQk/compute/decompressor/kController/n2939 (net)
                                                1                   0.00       0.54 f
  decompressionQk/compute/decompressor/kController/U2290/CO (FA1D1BWP12T30P140LVT)
                                                          0.01      0.03       0.56 f
  decompressionQk/compute/decompressor/kController/n2936 (net)
                                                1                   0.00       0.56 f
  decompressionQk/compute/decompressor/kController/U2289/CO (FA1D1BWP12T30P140LVT)
                                                          0.01      0.03       0.59 f
  decompressionQk/compute/decompressor/kController/n2950 (net)
                                                1                   0.00       0.59 f
  decompressionQk/compute/decompressor/kController/U2295/CO (FA1D1BWP12T30P140LVT)
                                                          0.01      0.03       0.62 f
  decompressionQk/compute/decompressor/kController/n2947 (net)
                                                1                   0.00       0.62 f
  decompressionQk/compute/decompressor/kController/U2294/CO (FA1D1BWP12T30P140LVT)
                                                          0.01      0.03       0.64 f
  decompressionQk/compute/decompressor/kController/n2819 (net)
                                                1                   0.00       0.64 f
  decompressionQk/compute/decompressor/kController/U2246/CO (FA1D1BWP12T30P140LVT)
                                                          0.01      0.03       0.67 f
  decompressionQk/compute/decompressor/kController/n2816 (net)
                                                1                   0.00       0.67 f
  decompressionQk/compute/decompressor/kController/U2245/CO (FA1D1BWP12T30P140LVT)
                                                          0.01      0.03       0.69 f
  decompressionQk/compute/decompressor/kController/n2830 (net)
                                                1                   0.00       0.69 f
  decompressionQk/compute/decompressor/kController/U2251/CO (FA1D1BWP12T30P140LVT)
                                                          0.01      0.03       0.72 f
  decompressionQk/compute/decompressor/kController/n2827 (net)
                                                1                   0.00       0.72 f
  decompressionQk/compute/decompressor/kController/U2250/CO (FA1D1BWP12T30P140LVT)
                                                          0.01      0.03       0.75 f
  decompressionQk/compute/decompressor/kController/n2797 (net)
                                                1                   0.00       0.75 f
  decompressionQk/compute/decompressor/kController/U2237/CO (FA1D1BWP12T30P140LVT)
                                                          0.01      0.03       0.77 f
  decompressionQk/compute/decompressor/kController/n2794 (net)
                                                1                   0.00       0.77 f
  decompressionQk/compute/decompressor/kController/U2236/CO (FA1D1BWP12T30P140LVT)
                                                          0.01      0.03       0.80 f
  decompressionQk/compute/decompressor/kController/n2808 (net)
                                                1                   0.00       0.80 f
  decompressionQk/compute/decompressor/kController/U2242/CO (FA1D1BWP12T30P140LVT)
                                                          0.01      0.03       0.83 f
  decompressionQk/compute/decompressor/kController/n2805 (net)
                                                1                   0.00       0.83 f
  decompressionQk/compute/decompressor/kController/U2241/CO (FA1D1BWP12T30P140LVT)
                                                          0.01      0.03       0.85 f
  decompressionQk/compute/decompressor/kController/n2867 (net)
                                                1                   0.00       0.85 f
  decompressionQk/compute/decompressor/kController/U2266/CO (FA1D1BWP12T30P140LVT)
                                                          0.01      0.03       0.88 f
  decompressionQk/compute/decompressor/kController/n2864 (net)
                                                1                   0.00       0.88 f
  decompressionQk/compute/decompressor/kController/U2265/CO (FA1D1BWP12T30P140LVT)
                                                          0.01      0.03       0.91 f
  decompressionQk/compute/decompressor/kController/n2878 (net)
                                                1                   0.00       0.91 f
  decompressionQk/compute/decompressor/kController/U2271/CO (FA1D1BWP12T30P140LVT)
                                                          0.01      0.03       0.93 f
  decompressionQk/compute/decompressor/kController/n2875 (net)
                                                1                   0.00       0.93 f
  decompressionQk/compute/decompressor/kController/U2270/CO (FA1D1BWP12T30P140LVT)
                                                          0.01      0.03       0.96 f
  decompressionQk/compute/decompressor/kController/n2845 (net)
                                                1                   0.00       0.96 f
  decompressionQk/compute/decompressor/kController/U2257/CO (FA1D1BWP12T30P140LVT)
                                                          0.01      0.03       0.99 f
  decompressionQk/compute/decompressor/kController/n2842 (net)
                                                1                   0.00       0.99 f
  decompressionQk/compute/decompressor/kController/U2256/CO (FA1D1BWP12T30P140LVT)
                                                          0.01      0.03       1.01 f
  decompressionQk/compute/decompressor/kController/n2856 (net)
                                                1                   0.00       1.01 f
  decompressionQk/compute/decompressor/kController/U2261/CO (FA1D1BWP12T30P140LVT)
                                                          0.01      0.03       1.04 f
  decompressionQk/compute/decompressor/kController/n2853 (net)
                                                1                   0.00       1.04 f
  decompressionQk/compute/decompressor/kController/U2260/CO (FA1D1BWP12T30P140LVT)
                                                          0.01      0.03       1.07 f
  decompressionQk/compute/decompressor/kController/n2779 (net)
                                                1                   0.00       1.07 f
  decompressionQk/compute/decompressor/kController/U2231/CO (FA1D1BWP12T30P140LVT)
                                                          0.01      0.03       1.09 f
  decompressionQk/compute/decompressor/kController/n2776 (net)
                                                1                   0.00       1.09 f
  decompressionQk/compute/decompressor/kController/U2230/CO (FA1D1BWP12T30P140LVT)
                                                          0.01      0.03       1.12 f
  decompressionQk/compute/decompressor/kController/n2768 (net)
                                                1                   0.00       1.12 f
  decompressionQk/compute/decompressor/kController/U2227/CO (FA1D1BWP12T30P140LVT)
                                                          0.01      0.03       1.15 f
  decompressionQk/compute/decompressor/kController/n2765 (net)
                                                1                   0.00       1.15 f
  decompressionQk/compute/decompressor/kController/U2226/CO (FA1D1BWP12T30P140LVT)
                                                          0.01      0.03       1.17 f
  decompressionQk/compute/decompressor/kController/n2757 (net)
                                                1                   0.00       1.17 f
  decompressionQk/compute/decompressor/kController/U2222/CO (FA1D1BWP12T30P140LVT)
                                                          0.02      0.03       1.20 f
  decompressionQk/compute/decompressor/kController/n2754 (net)
                                                1                   0.00       1.20 f
  decompressionQk/compute/decompressor/kController/U35/CO (FA1OPTCD1BWP12T30P140LVT)
                                                          0.02      0.02       1.22 f
  decompressionQk/compute/decompressor/kController/n2746 (net)
                                                1                   0.00       1.22 f
  decompressionQk/compute/decompressor/kController/U34/CO (FA1OPTCD1BWP12T30P140LVT)
                                                          0.01      0.02       1.24 f
  decompressionQk/compute/decompressor/kController/n2743 (net)
                                                1                   0.00       1.24 f
  decompressionQk/compute/decompressor/kController/U2218/CO (FA1D1BWP12T30P140LVT)
                                                          0.02      0.03       1.27 f
  decompressionQk/compute/decompressor/kController/n2731 (net)
                                                1                   0.00       1.27 f
  decompressionQk/compute/decompressor/kController/U32/CO (FA1OPTCD1BWP12T30P140LVT)
                                                          0.02      0.02       1.29 f
  decompressionQk/compute/decompressor/kController/n2728 (net)
                                                1                   0.00       1.29 f
  decompressionQk/compute/decompressor/kController/U31/CO (FA1OPTCD1BWP12T30P140LVT)
                                                          0.01      0.02       1.31 f
  decompressionQk/compute/decompressor/kController/n2720 (net)
                                                1                   0.00       1.31 f
  decompressionQk/compute/decompressor/kController/U2212/CO (FA1D1BWP12T30P140LVT)
                                                          0.01      0.03       1.34 f
  decompressionQk/compute/decompressor/kController/n2717 (net)
                                                1                   0.00       1.34 f
  decompressionQk/compute/decompressor/kController/U2211/CO (FA1D1BWP12T30P140LVT)
                                                          0.01      0.03       1.36 f
  decompressionQk/compute/decompressor/kController/n2709 (net)
                                                1                   0.00       1.36 f
  decompressionQk/compute/decompressor/kController/U2207/CO (FA1D1BWP12T30P140LVT)
                                                          0.01      0.03       1.39 f
  decompressionQk/compute/decompressor/kController/n2706 (net)
                                                1                   0.00       1.39 f
  decompressionQk/compute/decompressor/kController/U2206/CO (FA1D1BWP12T30P140LVT)
                                                          0.01      0.03       1.41 f
  decompressionQk/compute/decompressor/kController/n2698 (net)
                                                1                   0.00       1.41 f
  decompressionQk/compute/decompressor/kController/U2203/CO (FA1D1BWP12T30P140LVT)
                                                          0.01      0.03       1.44 f
  decompressionQk/compute/decompressor/kController/n2695 (net)
                                                1                   0.00       1.44 f
  decompressionQk/compute/decompressor/kController/U2202/CO (FA1D1BWP12T30P140LVT)
                                                          0.01      0.03       1.46 f
  decompressionQk/compute/decompressor/kController/n2683 (net)
                                                1                   0.00       1.46 f
  decompressionQk/compute/decompressor/kController/U2197/CO (FA1D1BWP12T30P140LVT)
                                                          0.01      0.03       1.49 f
  decompressionQk/compute/decompressor/kController/n2680 (net)
                                                1                   0.00       1.49 f
  decompressionQk/compute/decompressor/kController/U2196/CO (FA1D1BWP12T30P140LVT)
                                                          0.01      0.03       1.51 f
  decompressionQk/compute/decompressor/kController/n2672 (net)
                                                1                   0.00       1.51 f
  decompressionQk/compute/decompressor/kController/U2193/CO (FA1D1BWP12T30P140LVT)
                                                          0.01      0.02       1.54 f
  decompressionQk/compute/decompressor/kController/n2669 (net)
                                                1                   0.00       1.54 f
  decompressionQk/compute/decompressor/kController/U2192/CO (FA1D1BWP12T30P140LVT)
                                                          0.01      0.03       1.57 f
  decompressionQk/compute/decompressor/kController/n2661 (net)
                                                1                   0.00       1.57 f
  decompressionQk/compute/decompressor/kController/U27/CO (FA1OPTCD1BWP12T30P140LVT)
                                                          0.01      0.02       1.59 f
  decompressionQk/compute/decompressor/kController/n2658 (net)
                                                1                   0.00       1.59 f
  decompressionQk/compute/decompressor/kController/U26/CO (FA1OPTCD1BWP12T30P140LVT)
                                                          0.01      0.02       1.61 f
  decompressionQk/compute/decompressor/kController/n2650 (net)
                                                1                   0.00       1.61 f
  decompressionQk/compute/decompressor/kController/U2188/CO (FA1D1BWP12T30P140LVT)
                                                          0.01      0.03       1.63 f
  decompressionQk/compute/decompressor/kController/n2647 (net)
                                                1                   0.00       1.63 f
  decompressionQk/compute/decompressor/kController/U25/CO (FA1OPTCD1BWP12T30P140LVT)
                                                          0.01      0.02       1.66 f
  decompressionQk/compute/decompressor/kController/n2634 (net)
                                                1                   0.00       1.66 f
  decompressionQk/compute/decompressor/kController/U24/CO (FA1OPTCD1BWP12T30P140LVT)
                                                          0.01      0.02       1.68 f
  decompressionQk/compute/decompressor/kController/n2631 (net)
                                                1                   0.00       1.68 f
  decompressionQk/compute/decompressor/kController/U2185/CO (FA1D1BWP12T30P140LVT)
                                                          0.01      0.02       1.70 f
  decompressionQk/compute/decompressor/kController/n2623 (net)
                                                1                   0.00       1.70 f
  decompressionQk/compute/decompressor/kController/U2183/CO (FA1D1BWP12T30P140LVT)
                                                          0.01      0.02       1.73 f
  decompressionQk/compute/decompressor/kController/n2612 (net)
                                                1                   0.00       1.73 f
  decompressionQk/compute/decompressor/kController/U2180/CO (FA1D1BWP12T30P140LVT)
                                                          0.01      0.02       1.75 f
  decompressionQk/compute/decompressor/kController/n2609 (net)
                                                1                   0.00       1.75 f
  decompressionQk/compute/decompressor/kController/U2179/S (FA1D1BWP12T30P140LVT)
                                                          0.01      0.05       1.80 r
  decompressionQk/compute/decompressor/kController/n2618 (net)
                                                2                   0.00       1.80 r
  decompressionQk/compute/decompressor/kController/U22/ZN (OAI22D0BWP12T30P140LVT)
                                                          0.02      0.02       1.81 f
  decompressionQk/compute/decompressor/kController/n2615 (net)
                                                1                   0.00       1.81 f
  decompressionQk/compute/decompressor/kController/U2181/ZN (AOI221D1BWP12T30P140LVT)
                                                          0.02      0.02       1.84 r
  decompressionQk/compute/decompressor/kController/n2646 (net)
                                                1                   0.00       1.84 r
  decompressionQk/compute/decompressor/kController/U19/ZN (ND2D0BWP12T30P140LVT)
                                                          0.02      0.01       1.85 f
  decompressionQk/compute/decompressor/kController/n13 (net)
                                                1                   0.00       1.85 f
  decompressionQk/compute/decompressor/kController/U546/ZN (NR2D1BWP12T30P140LVT)
                                                          0.01      0.01       1.86 r
  decompressionQk/compute/decompressor/kController/n12 (net)
                                                1                   0.00       1.86 r
  decompressionQk/compute/decompressor/kController/U18/ZN (AOI21D1BWP12T30P140LVT)
                                                          0.01      0.01       1.87 f
  decompressionQk/compute/decompressor/kController/n3028 (net)
                                                1                   0.00       1.87 f
  decompressionQk/compute/decompressor/kController/U82/ZN (OAI21D1BWP12T30P140LVT)
                                                          0.02      0.01       1.88 r
  decompressionQk/compute/decompressor/kController/n3029 (net)
                                                1                   0.00       1.88 r
  decompressionQk/compute/decompressor/kController/U3/ZN (OAI21D1BWP12T30P140LVT)
                                                          0.01      0.01       1.89 f
  decompressionQk/compute/decompressor/kController/n633 (net)
                                                1                   0.00       1.89 f
  decompressionQk/compute/decompressor/kController/resultError_reg/D (DFQD1BWP12T30P140LVT)
                                                          0.01      0.00       1.89 f
  data arrival time                                                            1.89

  clock clk (rise edge)                                             2.00       2.00
  clock network delay (ideal)                                       0.00       2.00
  clock uncertainty                                                -0.10       1.90
  decompressionQk/compute/decompressor/kController/resultError_reg/CP (DFQD1BWP12T30P140LVT)
                                                                    0.00       1.90 r
  library setup time                                               -0.01       1.89
  data required time                                                           1.89
  ------------------------------------------------------------------------------------
  data required time                                                           1.89
  data arrival time                                                           -1.89
  ------------------------------------------------------------------------------------
  slack (MET)                                                                  0.00


  Startpoint: decompressionQk/compute/decompressor/vController/commandReg_tokenCount_reg[2]
              (rising edge-triggered flip-flop clocked by clk)
  Endpoint: decompressionQk/compute/decompressor/vController/resultError_reg
            (rising edge-triggered flip-flop clocked by clk)
  Path Group: clk
  Path Type: max

  Des/Clust/Port     Wire Load Model       Library
  ------------------------------------------------
  PackDescriptorDecoder_1
                     ZeroWireload          tcbn28hpcplusbwp12t30p140lvtssg0p81v125c
  PackDescriptorDecoder
                     ZeroWireload          tcbn28hpcplusbwp12t30p140lvtssg0p81v125c
  BufferedPackMetadataDequantizer_1
                     ZeroWireload          tcbn28hpcplusbwp12t30p140lvtssg0p81v125c
  DynamicBitUnpacker_1
                     ZeroWireload          tcbn28hpcplusbwp12t30p140lvtssg0p81v125c
  BufferedPackMetadataDequantizer
                     ZeroWireload          tcbn28hpcplusbwp12t30p140lvtssg0p81v125c
  DynamicBitUnpacker ZeroWireload          tcbn28hpcplusbwp12t30p140lvtssg0p81v125c
  KvStreamDequantizer_1
                     ZeroWireload          tcbn28hpcplusbwp12t30p140lvtssg0p81v125c
  KvStreamDequantizer
                     ZeroWireload          tcbn28hpcplusbwp12t30p140lvtssg0p81v125c
  DecompressionPipelineController_1
                     ZeroWireload          tcbn28hpcplusbwp12t30p140lvtssg0p81v125c
  DecompressionPipelineController
                     ZeroWireload          tcbn28hpcplusbwp12t30p140lvtssg0p81v125c
  QkDotProductAccumulator
                     ZeroWireload          tcbn28hpcplusbwp12t30p140lvtssg0p81v125c
  StreamingSoftmax   ZeroWireload          tcbn28hpcplusbwp12t30p140lvtssg0p81v125c
  AttentionScaleUnit ZeroWireload          tcbn28hpcplusbwp12t30p140lvtssg0p81v125c
  BriskKvAttentionTop
                     ZeroWireload          tcbn28hpcplusbwp12t30p140lvtssg0p81v125c

  Point                                       Fanout     Trans      Incr       Path
  ------------------------------------------------------------------------------------
  clock clk (rise edge)                                             0.00       0.00
  clock network delay (ideal)                                       0.00       0.00
  decompressionQk/compute/decompressor/vController/commandReg_tokenCount_reg[2]/CP (DFQD4BWP12T30P140LVT)
                                                          0.00      0.00 #     0.00 r
  decompressionQk/compute/decompressor/vController/commandReg_tokenCount_reg[2]/Q (DFQD4BWP12T30P140LVT)
                                                          0.03      0.05       0.05 r
  decompressionQk/compute/decompressor/vController/io_result_bits_tokenCount[2] (net)
                                               48                   0.00       0.05 r
  decompressionQk/compute/decompressor/vController/U29/ZN (INVD4BWP12T30P140LVT)
                                                          0.02      0.02       0.06 f
  decompressionQk/compute/decompressor/vController/n2648 (net)
                                               38                   0.00       0.06 f
  decompressionQk/compute/decompressor/vController/U2211/ZN (MAOI22D0BWP12T30P140LVT)
                                                          0.02      0.02       0.09 f
  decompressionQk/compute/decompressor/vController/n2461 (net)
                                                2                   0.00       0.09 f
  decompressionQk/compute/decompressor/vController/U492/ZN (NR2D1BWP12T30P140LVT)
                                                          0.12      0.07       0.16 r
  decompressionQk/compute/decompressor/vController/n2643 (net)
                                               33                   0.00       0.16 r
  decompressionQk/compute/decompressor/vController/U2301/ZN (AOI222D1BWP12T30P140LVT)
                                                          0.05      0.03       0.19 f
  decompressionQk/compute/decompressor/vController/n2647 (net)
                                                1                   0.00       0.19 f
  decompressionQk/compute/decompressor/vController/U2302/ZN (MUX2ND0BWP12T30P140LVT)
                                                          0.03      0.03       0.22 f
  decompressionQk/compute/decompressor/vController/n2950 (net)
                                                1                   0.00       0.22 f
  decompressionQk/compute/decompressor/vController/U63/CO (HA1D0BWP12T30P140LVT)
                                                          0.01      0.02       0.24 f
  decompressionQk/compute/decompressor/vController/n2947 (net)
                                                1                   0.00       0.24 f
  decompressionQk/compute/decompressor/vController/U514/CO (HA1D0BWP12T30P140LVT)
                                                          0.01      0.02       0.26 f
  decompressionQk/compute/decompressor/vController/n2958 (net)
                                                1                   0.00       0.26 f
  decompressionQk/compute/decompressor/vController/U2415/CO (FA1D1BWP12T30P140LVT)
                                                          0.01      0.03       0.29 f
  decompressionQk/compute/decompressor/vController/n2955 (net)
                                                1                   0.00       0.29 f
  decompressionQk/compute/decompressor/vController/U512/CO (FA1D0BWP12T30P140LVT)
                                                          0.02      0.03       0.32 f
  decompressionQk/compute/decompressor/vController/n2929 (net)
                                                1                   0.00       0.32 f
  decompressionQk/compute/decompressor/vController/U2405/CO (FA1D1BWP12T30P140LVT)
                                                          0.01      0.03       0.35 f
  decompressionQk/compute/decompressor/vController/n2926 (net)
                                                1                   0.00       0.35 f
  decompressionQk/compute/decompressor/vController/U510/CO (FA1D0BWP12T30P140LVT)
                                                          0.02      0.03       0.38 f
  decompressionQk/compute/decompressor/vController/n2940 (net)
                                                1                   0.00       0.38 f
  decompressionQk/compute/decompressor/vController/U2410/CO (FA1D1BWP12T30P140LVT)
                                                          0.01      0.03       0.41 f
  decompressionQk/compute/decompressor/vController/n2937 (net)
                                                1                   0.00       0.41 f
  decompressionQk/compute/decompressor/vController/U2409/CO (FA1D1BWP12T30P140LVT)
                                                          0.01      0.03       0.43 f
  decompressionQk/compute/decompressor/vController/n2995 (net)
                                                1                   0.00       0.43 f
  decompressionQk/compute/decompressor/vController/U2430/CO (FA1D1BWP12T30P140LVT)
                                                          0.01      0.03       0.46 f
  decompressionQk/compute/decompressor/vController/n2992 (net)
                                                1                   0.00       0.46 f
  decompressionQk/compute/decompressor/vController/U2429/CO (FA1D1BWP12T30P140LVT)
                                                          0.01      0.03       0.49 f
  decompressionQk/compute/decompressor/vController/n3006 (net)
                                                1                   0.00       0.49 f
  decompressionQk/compute/decompressor/vController/U2435/CO (FA1D1BWP12T30P140LVT)
                                                          0.01      0.03       0.51 f
  decompressionQk/compute/decompressor/vController/n3003 (net)
                                                1                   0.00       0.51 f
  decompressionQk/compute/decompressor/vController/U2434/CO (FA1D1BWP12T30P140LVT)
                                                          0.01      0.03       0.54 f
  decompressionQk/compute/decompressor/vController/n2973 (net)
                                                1                   0.00       0.54 f
  decompressionQk/compute/decompressor/vController/U2421/CO (FA1D1BWP12T30P140LVT)
                                                          0.01      0.03       0.57 f
  decompressionQk/compute/decompressor/vController/n2970 (net)
                                                1                   0.00       0.57 f
  decompressionQk/compute/decompressor/vController/U2420/CO (FA1D1BWP12T30P140LVT)
                                                          0.01      0.03       0.59 f
  decompressionQk/compute/decompressor/vController/n2984 (net)
                                                1                   0.00       0.59 f
  decompressionQk/compute/decompressor/vController/U2425/CO (FA1D1BWP12T30P140LVT)
                                                          0.01      0.03       0.62 f
  decompressionQk/compute/decompressor/vController/n2981 (net)
                                                1                   0.00       0.62 f
  decompressionQk/compute/decompressor/vController/U2424/CO (FA1D1BWP12T30P140LVT)
                                                          0.01      0.03       0.65 f
  decompressionQk/compute/decompressor/vController/n2856 (net)
                                                1                   0.00       0.65 f
  decompressionQk/compute/decompressor/vController/U2376/CO (FA1D1BWP12T30P140LVT)
                                                          0.01      0.03       0.67 f
  decompressionQk/compute/decompressor/vController/n2853 (net)
                                                1                   0.00       0.67 f
  decompressionQk/compute/decompressor/vController/U2375/CO (FA1D1BWP12T30P140LVT)
                                                          0.01      0.03       0.70 f
  decompressionQk/compute/decompressor/vController/n2867 (net)
                                                1                   0.00       0.70 f
  decompressionQk/compute/decompressor/vController/U2381/CO (FA1D1BWP12T30P140LVT)
                                                          0.01      0.03       0.73 f
  decompressionQk/compute/decompressor/vController/n2864 (net)
                                                1                   0.00       0.73 f
  decompressionQk/compute/decompressor/vController/U2380/CO (FA1D1BWP12T30P140LVT)
                                                          0.01      0.03       0.75 f
  decompressionQk/compute/decompressor/vController/n2836 (net)
                                                1                   0.00       0.75 f
  decompressionQk/compute/decompressor/vController/U2368/CO (FA1D1BWP12T30P140LVT)
                                                          0.01      0.03       0.78 f
  decompressionQk/compute/decompressor/vController/n2833 (net)
                                                1                   0.00       0.78 f
  decompressionQk/compute/decompressor/vController/U2367/CO (FA1D1BWP12T30P140LVT)
                                                          0.01      0.03       0.81 f
  decompressionQk/compute/decompressor/vController/n2846 (net)
                                                1                   0.00       0.81 f
  decompressionQk/compute/decompressor/vController/U2371/CO (FA1D1BWP12T30P140LVT)
                                                          0.01      0.03       0.83 f
  decompressionQk/compute/decompressor/vController/n2843 (net)
                                                1                   0.00       0.83 f
  decompressionQk/compute/decompressor/vController/U2370/CO (FA1D1BWP12T30P140LVT)
                                                          0.01      0.03       0.86 f
  decompressionQk/compute/decompressor/vController/n2903 (net)
                                                1                   0.00       0.86 f
  decompressionQk/compute/decompressor/vController/U2396/CO (FA1D1BWP12T30P140LVT)
                                                          0.01      0.03       0.89 f
  decompressionQk/compute/decompressor/vController/n2900 (net)
                                                1                   0.00       0.89 f
  decompressionQk/compute/decompressor/vController/U2395/CO (FA1D1BWP12T30P140LVT)
                                                          0.01      0.03       0.91 f
  decompressionQk/compute/decompressor/vController/n2914 (net)
                                                1                   0.00       0.91 f
  decompressionQk/compute/decompressor/vController/U2400/CO (FA1D1BWP12T30P140LVT)
                                                          0.01      0.03       0.94 f
  decompressionQk/compute/decompressor/vController/n2911 (net)
                                                1                   0.00       0.94 f
  decompressionQk/compute/decompressor/vController/U2399/CO (FA1D1BWP12T30P140LVT)
                                                          0.01      0.03       0.96 f
  decompressionQk/compute/decompressor/vController/n2882 (net)
                                                1                   0.00       0.96 f
  decompressionQk/compute/decompressor/vController/U2386/CO (FA1D1BWP12T30P140LVT)
                                                          0.01      0.03       0.99 f
  decompressionQk/compute/decompressor/vController/n2879 (net)
                                                1                   0.00       0.99 f
  decompressionQk/compute/decompressor/vController/U2385/CO (FA1D1BWP12T30P140LVT)
                                                          0.01      0.03       1.02 f
  decompressionQk/compute/decompressor/vController/n2893 (net)
                                                1                   0.00       1.02 f
  decompressionQk/compute/decompressor/vController/U2391/CO (FA1D1BWP12T30P140LVT)
                                                          0.01      0.03       1.04 f
  decompressionQk/compute/decompressor/vController/n2890 (net)
                                                1                   0.00       1.04 f
  decompressionQk/compute/decompressor/vController/U2390/CO (FA1D1BWP12T30P140LVT)
                                                          0.01      0.03       1.07 f
  decompressionQk/compute/decompressor/vController/n2818 (net)
                                                1                   0.00       1.07 f
  decompressionQk/compute/decompressor/vController/U2362/CO (FA1D1BWP12T30P140LVT)
                                                          0.01      0.03       1.10 f
  decompressionQk/compute/decompressor/vController/n2815 (net)
                                                1                   0.00       1.10 f
  decompressionQk/compute/decompressor/vController/U2361/CO (FA1D1BWP12T30P140LVT)
                                                          0.01      0.03       1.12 f
  decompressionQk/compute/decompressor/vController/n2808 (net)
                                                1                   0.00       1.12 f
  decompressionQk/compute/decompressor/vController/U2357/CO (FA1D1BWP12T30P140LVT)
                                                          0.01      0.03       1.15 f
  decompressionQk/compute/decompressor/vController/n2805 (net)
                                                1                   0.00       1.15 f
  decompressionQk/compute/decompressor/vController/U2356/CO (FA1D1BWP12T30P140LVT)
                                                          0.01      0.03       1.18 f
  decompressionQk/compute/decompressor/vController/n2797 (net)
                                                1                   0.00       1.18 f
  decompressionQk/compute/decompressor/vController/U2353/CO (FA1D1BWP12T30P140LVT)
                                                          0.01      0.03       1.20 f
  decompressionQk/compute/decompressor/vController/n2794 (net)
                                                1                   0.00       1.20 f
  decompressionQk/compute/decompressor/vController/U2352/CO (FA1D1BWP12T30P140LVT)
                                                          0.01      0.03       1.23 f
  decompressionQk/compute/decompressor/vController/n2786 (net)
                                                1                   0.00       1.23 f
  decompressionQk/compute/decompressor/vController/U2348/CO (FA1D1BWP12T30P140LVT)
                                                          0.01      0.03       1.26 f
  decompressionQk/compute/decompressor/vController/n2783 (net)
                                                1                   0.00       1.26 f
  decompressionQk/compute/decompressor/vController/U2347/CO (FA1D1BWP12T30P140LVT)
                                                          0.01      0.03       1.28 f
  decompressionQk/compute/decompressor/vController/n2772 (net)
                                                1                   0.00       1.28 f
  decompressionQk/compute/decompressor/vController/U19/CO (FA1D1BWP12T30P140LVT)
                                                          0.01      0.03       1.31 f
  decompressionQk/compute/decompressor/vController/n2769 (net)
                                                1                   0.00       1.31 f
  decompressionQk/compute/decompressor/vController/U18/CO (FA1D1BWP12T30P140LVT)
                                                          0.01      0.03       1.33 f
  decompressionQk/compute/decompressor/vController/n2761 (net)
                                                1                   0.00       1.33 f
  decompressionQk/compute/decompressor/vController/U2340/CO (FA1D1BWP12T30P140LVT)
                                                          0.02      0.03       1.36 f
  decompressionQk/compute/decompressor/vController/n2758 (net)
                                                1                   0.00       1.36 f
  decompressionQk/compute/decompressor/vController/U47/CO (FA1OPTCD1BWP12T30P140LVT)
                                                          0.02      0.02       1.38 f
  decompressionQk/compute/decompressor/vController/n2750 (net)
                                                1                   0.00       1.38 f
  decompressionQk/compute/decompressor/vController/U45/CO (FA1OPTCD1BWP12T30P140LVT)
                                                          0.01      0.02       1.40 f
  decompressionQk/compute/decompressor/vController/n2747 (net)
                                                1                   0.00       1.40 f
  decompressionQk/compute/decompressor/vController/U2336/CO (FA1D1BWP12T30P140LVT)
                                                          0.01      0.03       1.43 f
  decompressionQk/compute/decompressor/vController/n2739 (net)
                                                1                   0.00       1.43 f
  decompressionQk/compute/decompressor/vController/U2332/CO (FA1D1BWP12T30P140LVT)
                                                          0.01      0.03       1.45 f
  decompressionQk/compute/decompressor/vController/n2736 (net)
                                                1                   0.00       1.45 f
  decompressionQk/compute/decompressor/vController/U2331/CO (FA1D1BWP12T30P140LVT)
                                                          0.01      0.03       1.48 f
  decompressionQk/compute/decompressor/vController/n2725 (net)
                                                1                   0.00       1.48 f
  decompressionQk/compute/decompressor/vController/U2327/CO (FA1D1BWP12T30P140LVT)
                                                          0.01      0.03       1.50 f
  decompressionQk/compute/decompressor/vController/n2722 (net)
                                                1                   0.00       1.50 f
  decompressionQk/compute/decompressor/vController/U2326/CO (FA1D1BWP12T30P140LVT)
                                                          0.01      0.03       1.53 f
  decompressionQk/compute/decompressor/vController/n2715 (net)
                                                1                   0.00       1.53 f
  decompressionQk/compute/decompressor/vController/U2322/CO (FA1D1BWP12T30P140LVT)
                                                          0.01      0.02       1.55 f
  decompressionQk/compute/decompressor/vController/n2712 (net)
                                                1                   0.00       1.55 f
  decompressionQk/compute/decompressor/vController/U2321/CO (FA1D1BWP12T30P140LVT)
                                                          0.01      0.02       1.58 f
  decompressionQk/compute/decompressor/vController/n2704 (net)
                                                1                   0.00       1.58 f
  decompressionQk/compute/decompressor/vController/U2318/CO (FA1D1BWP12T30P140LVT)
                                                          0.01      0.02       1.60 f
  decompressionQk/compute/decompressor/vController/n2701 (net)
                                                1                   0.00       1.60 f
  decompressionQk/compute/decompressor/vController/U2317/CO (FA1D1BWP12T30P140LVT)
                                                          0.01      0.02       1.63 f
  decompressionQk/compute/decompressor/vController/n2693 (net)
                                                1                   0.00       1.63 f
  decompressionQk/compute/decompressor/vController/U2313/CO (FA1D1BWP12T30P140LVT)
                                                          0.01      0.03       1.65 f
  decompressionQk/compute/decompressor/vController/n2690 (net)
                                                1                   0.00       1.65 f
  decompressionQk/compute/decompressor/vController/U39/CO (FA1OPTCD1BWP12T30P140LVT)
                                                          0.01      0.02       1.68 f
  decompressionQk/compute/decompressor/vController/n2678 (net)
                                                1                   0.00       1.68 f
  decompressionQk/compute/decompressor/vController/U37/CO (FA1OPTCD1BWP12T30P140LVT)
                                                          0.01      0.02       1.70 f
  decompressionQk/compute/decompressor/vController/n2675 (net)
                                                1                   0.00       1.70 f
  decompressionQk/compute/decompressor/vController/U2308/S (FA1D1BWP12T30P140LVT)
                                                          0.01      0.04       1.74 r
  decompressionQk/compute/decompressor/vController/n2684 (net)
                                                2                   0.00       1.74 r
  decompressionQk/compute/decompressor/vController/U2310/ZN (OAI22D0BWP12T30P140LVT)
                                                          0.02      0.01       1.76 f
  decompressionQk/compute/decompressor/vController/n2681 (net)
                                                1                   0.00       1.76 f
  decompressionQk/compute/decompressor/vController/U2311/ZN (AOI221D0BWP12T30P140LVT)
                                                          0.04      0.03       1.79 r
  decompressionQk/compute/decompressor/vController/n2689 (net)
                                                1                   0.00       1.79 r
  decompressionQk/compute/decompressor/vController/U684/ZN (ND3D1BWP12T30P140LVT)
                                                          0.02      0.02       1.80 f
  decompressionQk/compute/decompressor/vController/n76 (net)
                                                1                   0.00       1.80 f
  decompressionQk/compute/decompressor/vController/U680/ZN (AOI211D1BWP12T30P140LVT)
                                                          0.02      0.02       1.82 r
  decompressionQk/compute/decompressor/vController/n72 (net)
                                                1                   0.00       1.82 r
  decompressionQk/compute/decompressor/vController/U679/ZN (CKND2D1BWP12T30P140LVT)
                                                          0.01      0.01       1.83 f
  decompressionQk/compute/decompressor/vController/n71 (net)
                                                1                   0.00       1.83 f
  decompressionQk/compute/decompressor/vController/U274/ZN (NR2D1BWP12T30P140LVT)
                                                          0.01      0.01       1.84 r
  decompressionQk/compute/decompressor/vController/n70 (net)
                                                1                   0.00       1.84 r
  decompressionQk/compute/decompressor/vController/U93/Z (AN2D1BWP12T30P140LVT)
                                                          0.01      0.02       1.86 r
  decompressionQk/compute/decompressor/vController/n33 (net)
                                                1                   0.00       1.86 r
  decompressionQk/compute/decompressor/vController/U32/ZN (AOI31D1BWP12T30P140LVT)
                                                          0.02      0.02       1.87 f
  decompressionQk/compute/decompressor/vController/n68 (net)
                                                1                   0.00       1.87 f
  decompressionQk/compute/decompressor/vController/U31/ZN (OAI21D1BWP12T30P140LVT)
                                                          0.02      0.01       1.88 r
  decompressionQk/compute/decompressor/vController/n3062 (net)
                                                1                   0.00       1.88 r
  decompressionQk/compute/decompressor/vController/U30/ZN (IOA21D1BWP12T30P140LVT)
                                                          0.01      0.01       1.89 f
  decompressionQk/compute/decompressor/vController/n633 (net)
                                                1                   0.00       1.89 f
  decompressionQk/compute/decompressor/vController/resultError_reg/D (DFQD1BWP12T30P140LVT)
                                                          0.01      0.00       1.89 f
  data arrival time                                                            1.89

  clock clk (rise edge)                                             2.00       2.00
  clock network delay (ideal)                                       0.00       2.00
  clock uncertainty                                                -0.10       1.90
  decompressionQk/compute/decompressor/vController/resultError_reg/CP (DFQD1BWP12T30P140LVT)
                                                                    0.00       1.90 r
  library setup time                                                0.00       1.90
  data required time                                                           1.90
  ------------------------------------------------------------------------------------
  data required time                                                           1.90
  data arrival time                                                           -1.89
  ------------------------------------------------------------------------------------
  slack (MET)                                                                  0.00


  Startpoint: scaleSoftmax/softmax/globalMaximum_reg[1]
              (rising edge-triggered flip-flop clocked by clk)
  Endpoint: scaleSoftmax/softmax/exponentSum_reg[25]
            (rising edge-triggered flip-flop clocked by clk)
  Path Group: clk
  Path Type: max

  Des/Clust/Port     Wire Load Model       Library
  ------------------------------------------------
  PackDescriptorDecoder_1
                     ZeroWireload          tcbn28hpcplusbwp12t30p140lvtssg0p81v125c
  PackDescriptorDecoder
                     ZeroWireload          tcbn28hpcplusbwp12t30p140lvtssg0p81v125c
  BufferedPackMetadataDequantizer_1
                     ZeroWireload          tcbn28hpcplusbwp12t30p140lvtssg0p81v125c
  DynamicBitUnpacker_1
                     ZeroWireload          tcbn28hpcplusbwp12t30p140lvtssg0p81v125c
  BufferedPackMetadataDequantizer
                     ZeroWireload          tcbn28hpcplusbwp12t30p140lvtssg0p81v125c
  DynamicBitUnpacker ZeroWireload          tcbn28hpcplusbwp12t30p140lvtssg0p81v125c
  KvStreamDequantizer_1
                     ZeroWireload          tcbn28hpcplusbwp12t30p140lvtssg0p81v125c
  KvStreamDequantizer
                     ZeroWireload          tcbn28hpcplusbwp12t30p140lvtssg0p81v125c
  DecompressionPipelineController_1
                     ZeroWireload          tcbn28hpcplusbwp12t30p140lvtssg0p81v125c
  DecompressionPipelineController
                     ZeroWireload          tcbn28hpcplusbwp12t30p140lvtssg0p81v125c
  QkDotProductAccumulator
                     ZeroWireload          tcbn28hpcplusbwp12t30p140lvtssg0p81v125c
  StreamingSoftmax   ZeroWireload          tcbn28hpcplusbwp12t30p140lvtssg0p81v125c
  AttentionScaleUnit ZeroWireload          tcbn28hpcplusbwp12t30p140lvtssg0p81v125c
  BriskKvAttentionTop
                     ZeroWireload          tcbn28hpcplusbwp12t30p140lvtssg0p81v125c

  Point                                       Fanout     Trans      Incr       Path
  ------------------------------------------------------------------------------------
  clock clk (rise edge)                                             0.00       0.00
  clock network delay (ideal)                                       0.00       0.00
  scaleSoftmax/softmax/globalMaximum_reg[1]/CP (DFQD4BWP12T30P140LVT)
                                                          0.00      0.00 #     0.00 r
  scaleSoftmax/softmax/globalMaximum_reg[1]/Q (DFQD4BWP12T30P140LVT)
                                                          0.01      0.04       0.04 f
  scaleSoftmax/softmax/globalMaximum[1] (net)
                                                9                   0.00       0.04 f
  scaleSoftmax/softmax/U52/ZN (INVD3BWP12T30P140LVT)      0.01      0.01       0.05 r
  scaleSoftmax/softmax/n24787 (net)            10                   0.00       0.05 r
  scaleSoftmax/softmax/U5171/ZN (MAOI222D0BWP12T30P140LVT)
                                                          0.03      0.02       0.06 f
  scaleSoftmax/softmax/n2066 (net)              1                   0.00       0.06 f
  scaleSoftmax/softmax/U3137/ZN (INVD0BWP12T30P140LVT)
                                                          0.01      0.01       0.08 r
  scaleSoftmax/softmax/n561 (net)               1                   0.00       0.08 r
  scaleSoftmax/softmax/U5047/ZN (AOI21D1BWP12T30P140LVT)
                                                          0.01      0.01       0.09 f
  scaleSoftmax/softmax/n559 (net)               2                   0.00       0.09 f
  scaleSoftmax/softmax/U3486/ZN (ND2D0BWP12T30P140LVT)
                                                          0.01      0.01       0.10 r
  scaleSoftmax/softmax/n556 (net)               1                   0.00       0.10 r
  scaleSoftmax/softmax/U1804/ZN (OAI21D0BWP12T30P140LVT)
                                                          0.02      0.01       0.11 f
  scaleSoftmax/softmax/n993 (net)               1                   0.00       0.11 f
  scaleSoftmax/softmax/U764/ZN (OAI21D1BWP12T30P140LVT)
                                                          0.01      0.01       0.12 r
  scaleSoftmax/softmax/n767 (net)               2                   0.00       0.12 r
  scaleSoftmax/softmax/U1806/ZN (AOI21D1BWP12T30P140LVT)
                                                          0.01      0.01       0.13 f
  scaleSoftmax/softmax/n866 (net)               1                   0.00       0.13 f
  scaleSoftmax/softmax/U752/ZN (OAI31D1BWP12T30P140LVT)
                                                          0.02      0.01       0.15 r
  scaleSoftmax/softmax/n863 (net)               1                   0.00       0.15 r
  scaleSoftmax/softmax/U740/ZN (CKND2D1BWP12T30P140LVT)
                                                          0.01      0.01       0.16 f
  scaleSoftmax/softmax/n2173 (net)              1                   0.00       0.16 f
  scaleSoftmax/softmax/U7876/CO (FA1D1BWP12T30P140LVT)
                                                          0.01      0.03       0.18 f
  scaleSoftmax/softmax/n2177 (net)              1                   0.00       0.18 f
  scaleSoftmax/softmax/U2111/CO (FA1D0BWP12T30P140LVT)
                                                          0.02      0.03       0.22 f
  scaleSoftmax/softmax/n2181 (net)              1                   0.00       0.22 f
  scaleSoftmax/softmax/U7878/CO (FA1D1BWP12T30P140LVT)
                                                          0.01      0.03       0.24 f
  scaleSoftmax/softmax/n2179 (net)              1                   0.00       0.24 f
  scaleSoftmax/softmax/U1255/CO (FA1D0BWP12T30P140LVT)
                                                          0.02      0.03       0.28 f
  scaleSoftmax/softmax/n2175 (net)              1                   0.00       0.28 f
  scaleSoftmax/softmax/U3901/CO (FA1D0BWP12T30P140LVT)
                                                          0.02      0.04       0.31 f
  scaleSoftmax/softmax/n2070 (net)              1                   0.00       0.31 f
  scaleSoftmax/softmax/U732/CO (FA1OPTCD1BWP12T30P140LVT)
                                                          0.02      0.02       0.33 f
  scaleSoftmax/softmax/n2170 (net)              1                   0.00       0.33 f
  scaleSoftmax/softmax/U7874/CO (FA1D1BWP12T30P140LVT)
                                                          0.02      0.03       0.36 f
  scaleSoftmax/softmax/n2168 (net)              1                   0.00       0.36 f
  scaleSoftmax/softmax/U730/CO (FA1OPTCD1BWP12T30P140LVT)
                                                          0.02      0.02       0.38 f
  scaleSoftmax/softmax/n2123 (net)              1                   0.00       0.38 f
  scaleSoftmax/softmax/U7859/CO (FA1D1BWP12T30P140LVT)
                                                          0.02      0.03       0.41 f
  scaleSoftmax/softmax/n2125 (net)              1                   0.00       0.41 f
  scaleSoftmax/softmax/U7860/CO (FA1D1BWP12T30P140LVT)
                                                          0.02      0.03       0.44 f
  scaleSoftmax/softmax/n2121 (net)              1                   0.00       0.44 f
  scaleSoftmax/softmax/U7858/CO (FA1D1BWP12T30P140LVT)
                                                          0.02      0.03       0.47 f
  scaleSoftmax/softmax/n2119 (net)              1                   0.00       0.47 f
  scaleSoftmax/softmax/U7857/CO (FA1D1BWP12T30P140LVT)
                                                          0.02      0.03       0.49 f
  scaleSoftmax/softmax/n2117 (net)              1                   0.00       0.49 f
  scaleSoftmax/softmax/U7856/CO (FA1D1BWP12T30P140LVT)
                                                          0.02      0.03       0.52 f
  scaleSoftmax/softmax/n2115 (net)              1                   0.00       0.52 f
  scaleSoftmax/softmax/U7855/CO (FA1D1BWP12T30P140LVT)
                                                          0.02      0.03       0.55 f
  scaleSoftmax/softmax/n2113 (net)              1                   0.00       0.55 f
  scaleSoftmax/softmax/U7854/CO (FA1D1BWP12T30P140LVT)
                                                          0.02      0.03       0.58 f
  scaleSoftmax/softmax/n2111 (net)              1                   0.00       0.58 f
  scaleSoftmax/softmax/U7853/CO (FA1D1BWP12T30P140LVT)
                                                          0.02      0.03       0.60 f
  scaleSoftmax/softmax/n2109 (net)              1                   0.00       0.60 f
  scaleSoftmax/softmax/U7852/CO (FA1D1BWP12T30P140LVT)
                                                          0.02      0.03       0.63 f
  scaleSoftmax/softmax/n2107 (net)              1                   0.00       0.63 f
  scaleSoftmax/softmax/U7851/CO (FA1D1BWP12T30P140LVT)
                                                          0.02      0.03       0.66 f
  scaleSoftmax/softmax/n2105 (net)              1                   0.00       0.66 f
  scaleSoftmax/softmax/U7850/CO (FA1D1BWP12T30P140LVT)
                                                          0.02      0.03       0.69 f
  scaleSoftmax/softmax/n2103 (net)              1                   0.00       0.69 f
  scaleSoftmax/softmax/U711/CO (FA1OPTCD1BWP12T30P140LVT)
                                                          0.02      0.02       0.71 f
  scaleSoftmax/softmax/n2101 (net)              1                   0.00       0.71 f
  scaleSoftmax/softmax/U7849/CO (FA1D1BWP12T30P140LVT)
                                                          0.02      0.03       0.74 f
  scaleSoftmax/softmax/n2099 (net)              1                   0.00       0.74 f
  scaleSoftmax/softmax/U7848/CO (FA1D1BWP12T30P140LVT)
                                                          0.02      0.03       0.77 f
  scaleSoftmax/softmax/n2097 (net)              1                   0.00       0.77 f
  scaleSoftmax/softmax/U7847/CO (FA1D1BWP12T30P140LVT)
                                                          0.02      0.03       0.80 f
  scaleSoftmax/softmax/n2095 (net)              1                   0.00       0.80 f
  scaleSoftmax/softmax/U7846/CO (FA1D1BWP12T30P140LVT)
                                                          0.02      0.03       0.82 f
  scaleSoftmax/softmax/n2093 (net)              1                   0.00       0.82 f
  scaleSoftmax/softmax/U7845/CO (FA1D1BWP12T30P140LVT)
                                                          0.02      0.03       0.85 f
  scaleSoftmax/softmax/n2091 (net)              1                   0.00       0.85 f
  scaleSoftmax/softmax/U7844/CO (FA1D1BWP12T30P140LVT)
                                                          0.02      0.03       0.88 f
  scaleSoftmax/softmax/n2089 (net)              1                   0.00       0.88 f
  scaleSoftmax/softmax/U7843/CO (FA1D1BWP12T30P140LVT)
                                                          0.02      0.03       0.91 f
  scaleSoftmax/softmax/n2087 (net)              1                   0.00       0.91 f
  scaleSoftmax/softmax/U7842/CO (FA1D1BWP12T30P140LVT)
                                                          0.02      0.03       0.93 f
  scaleSoftmax/softmax/n2085 (net)              1                   0.00       0.93 f
  scaleSoftmax/softmax/U7841/CO (FA1D1BWP12T30P140LVT)
                                                          0.02      0.03       0.96 f
  scaleSoftmax/softmax/n2083 (net)              1                   0.00       0.96 f
  scaleSoftmax/softmax/U7840/CO (FA1D1BWP12T30P140LVT)
                                                          0.02      0.03       0.99 f
  scaleSoftmax/softmax/n2081 (net)              1                   0.00       0.99 f
  scaleSoftmax/softmax/U7839/CO (FA1D1BWP12T30P140LVT)
                                                          0.02      0.03       1.02 f
  scaleSoftmax/softmax/n2079 (net)              1                   0.00       1.02 f
  scaleSoftmax/softmax/U914/CO (FA1OPTCD1BWP12T30P140LVT)
                                                          0.02      0.02       1.04 f
  scaleSoftmax/softmax/n2077 (net)              2                   0.00       1.04 f
  scaleSoftmax/softmax/U385/ZN (ND2D1BWP12T30P140LVT)     0.01      0.01       1.05 r
  scaleSoftmax/softmax/n564 (net)               1                   0.00       1.05 r
  scaleSoftmax/softmax/U25/ZN (CKND2D1BWP12T30P140LVT)
                                                          0.02      0.01       1.06 f
  scaleSoftmax/softmax/n2075 (net)              2                   0.00       1.06 f
  scaleSoftmax/softmax/U646/ZN (ND2D1BWP12T30P140LVT)     0.01      0.01       1.07 r
  scaleSoftmax/softmax/n667 (net)               1                   0.00       1.07 r
  scaleSoftmax/softmax/U636/ZN (CKND2D2BWP12T30P140LVT)
                                                          0.01      0.01       1.07 f
  scaleSoftmax/softmax/n2073 (net)              2                   0.00       1.07 f
  scaleSoftmax/softmax/U621/ZN (AOI21OPTPBD1BWP12T30P140LVT)
                                                          0.01      0.01       1.08 r
  scaleSoftmax/softmax/n868 (net)               1                   0.00       1.08 r
  scaleSoftmax/softmax/U606/ZN (XNR2D2BWP12T30P140LVT)
                                                          0.01      0.02       1.10 f
  scaleSoftmax/softmax/n2072 (net)              2                   0.00       1.10 f
  scaleSoftmax/softmax/U1957/Z (AN2D1BWP12T30P140LVT)     0.01      0.01       1.12 f
  scaleSoftmax/softmax/n670 (net)               1                   0.00       1.12 f
  scaleSoftmax/softmax/U591/ZN (NR3D1BWP12T30P140LVT)     0.02      0.01       1.13 r
  scaleSoftmax/softmax/n6214 (net)              3                   0.00       1.13 r
  scaleSoftmax/softmax/U12/ZN (ND2D1BWP12T30P140LVT)      0.02      0.02       1.15 f
  scaleSoftmax/softmax/n8619 (net)              3                   0.00       1.15 f
  scaleSoftmax/softmax/U5082/ZN (INR2D1BWP12T30P140LVT)
                                                          0.02      0.01       1.16 r
  scaleSoftmax/softmax/n8631 (net)              1                   0.00       1.16 r
  scaleSoftmax/softmax/U216/ZN (INVD2BWP12T30P140LVT)     0.01      0.01       1.17 f
  scaleSoftmax/softmax/n9 (net)                 3                   0.00       1.17 f
  scaleSoftmax/softmax/U218/ZN (INVD0BWP12T30P140LVT)     0.02      0.01       1.18 r
  scaleSoftmax/softmax/n11 (net)                3                   0.00       1.18 r
  scaleSoftmax/softmax/U2105/ZN (ND2D0BWP12T30P140LVT)
                                                          0.02      0.02       1.19 f
  scaleSoftmax/softmax/n8339 (net)              3                   0.00       1.19 f
  scaleSoftmax/softmax/U4091/ZN (OAI22D0BWP12T30P140LVT)
                                                          0.03      0.02       1.21 r
  scaleSoftmax/softmax/n8342 (net)              1                   0.00       1.21 r
  scaleSoftmax/softmax/U12433/ZN (NR2D0BWP12T30P140LVT)
                                                          0.01      0.01       1.22 f
  scaleSoftmax/softmax/n8344 (net)              1                   0.00       1.22 f
  scaleSoftmax/softmax/U198/ZN (ND2D1BWP12T30P140LVT)     0.01      0.01       1.24 r
  scaleSoftmax/softmax/laneValues_7[0] (net)
                                                2                   0.00       1.24 r
  scaleSoftmax/softmax/U12714/S (FA1D1BWP12T30P140LVT)
                                                          0.02      0.05       1.29 f
  scaleSoftmax/softmax/n9586 (net)              1                   0.00       1.29 f
  scaleSoftmax/softmax/U12722/S (FA1D1BWP12T30P140LVT)
                                                          0.02      0.06       1.34 r
  scaleSoftmax/softmax/n15020 (net)             1                   0.00       1.34 r
  scaleSoftmax/softmax/U19113/CO (FA1D1BWP12T30P140LVT)
                                                          0.02      0.03       1.37 r
  scaleSoftmax/softmax/n15025 (net)             1                   0.00       1.37 r
  scaleSoftmax/softmax/U19115/CO (FA1D1BWP12T30P140LVT)
                                                          0.01      0.03       1.39 r
  scaleSoftmax/softmax/n15017 (net)             1                   0.00       1.39 r
  scaleSoftmax/softmax/U19111/CO (FA1D1BWP12T30P140LVT)
                                                          0.01      0.03       1.42 r
  scaleSoftmax/softmax/n16365 (net)             1                   0.00       1.42 r
  scaleSoftmax/softmax/U20651/CO (FA1D1BWP12T30P140LVT)
                                                          0.01      0.02       1.44 r
  scaleSoftmax/softmax/n20732 (net)             1                   0.00       1.44 r
  scaleSoftmax/softmax/U25550/CO (FA1D1BWP12T30P140LVT)
                                                          0.01      0.02       1.47 r
  scaleSoftmax/softmax/n24949 (net)             1                   0.00       1.47 r
  scaleSoftmax/softmax/U27891/CO (FA1D1BWP12T30P140LVT)
                                                          0.01      0.03       1.49 r
  scaleSoftmax/softmax/n24953 (net)             1                   0.00       1.49 r
  scaleSoftmax/softmax/U27893/CO (FA1OPTCD2BWP12T30P140LVT)
                                                          0.01      0.02       1.51 r
  scaleSoftmax/softmax/n24957 (net)             1                   0.00       1.51 r
  scaleSoftmax/softmax/U5179/CO (FA1OPTCD2BWP12T30P140LVT)
                                                          0.01      0.02       1.53 r
  scaleSoftmax/softmax/n24961 (net)             1                   0.00       1.53 r
  scaleSoftmax/softmax/U27896/CO (FA1OPTCD2BWP12T30P140LVT)
                                                          0.01      0.02       1.55 r
  scaleSoftmax/softmax/n24965 (net)             1                   0.00       1.55 r
  scaleSoftmax/softmax/U5180/CO (FA1OPTCD2BWP12T30P140LVT)
                                                          0.01      0.02       1.57 r
  scaleSoftmax/softmax/n24969 (net)             1                   0.00       1.57 r
  scaleSoftmax/softmax/U27899/CO (FA1OPTCD2BWP12T30P140LVT)
                                                          0.01      0.02       1.59 r
  scaleSoftmax/softmax/n24973 (net)             1                   0.00       1.59 r
  scaleSoftmax/softmax/U5181/CO (FA1OPTCD2BWP12T30P140LVT)
                                                          0.01      0.02       1.61 r
  scaleSoftmax/softmax/n24977 (net)             1                   0.00       1.61 r
  scaleSoftmax/softmax/U27902/CO (FA1OPTCD2BWP12T30P140LVT)
                                                          0.01      0.02       1.63 r
  scaleSoftmax/softmax/n24981 (net)             1                   0.00       1.63 r
  scaleSoftmax/softmax/U5182/CO (FA1OPTCD2BWP12T30P140LVT)
                                                          0.01      0.02       1.64 r
  scaleSoftmax/softmax/n24985 (net)             1                   0.00       1.64 r
  scaleSoftmax/softmax/U27905/CO (FA1OPTCD2BWP12T30P140LVT)
                                                          0.01      0.02       1.66 r
  scaleSoftmax/softmax/n24989 (net)             1                   0.00       1.66 r
  scaleSoftmax/softmax/U5175/CO (FA1OPTCD2BWP12T30P140LVT)
                                                          0.01      0.02       1.68 r
  scaleSoftmax/softmax/n24993 (net)             1                   0.00       1.68 r
  scaleSoftmax/softmax/U5174/CO (FA1OPTCD2BWP12T30P140LVT)
                                                          0.01      0.02       1.70 r
  scaleSoftmax/softmax/n24997 (net)             1                   0.00       1.70 r
  scaleSoftmax/softmax/U925/CO (FA1OPTCD2BWP12T30P140LVT)
                                                          0.01      0.02       1.72 r
  scaleSoftmax/softmax/n25001 (net)             1                   0.00       1.72 r
  scaleSoftmax/softmax/U27906/CO (FA1OPTCD2BWP12T30P140LVT)
                                                          0.01      0.02       1.74 r
  scaleSoftmax/softmax/n25005 (net)             1                   0.00       1.74 r
  scaleSoftmax/softmax/U912/CO (FA1OPTCD2BWP12T30P140LVT)
                                                          0.01      0.02       1.76 r
  scaleSoftmax/softmax/n25009 (net)             1                   0.00       1.76 r
  scaleSoftmax/softmax/U27907/CO (FA1OPTCD2BWP12T30P140LVT)
                                                          0.01      0.02       1.77 r
  scaleSoftmax/softmax/n25012 (net)             1                   0.00       1.77 r
  scaleSoftmax/softmax/U27908/CO (HA1D1BWP12T30P140LVT)
                                                          0.01      0.02       1.79 r
  scaleSoftmax/softmax/n25014 (net)             1                   0.00       1.79 r
  scaleSoftmax/softmax/U917/CO (HA1D1BWP12T30P140LVT)     0.01      0.02       1.81 r
  scaleSoftmax/softmax/n25016 (net)             1                   0.00       1.81 r
  scaleSoftmax/softmax/U3945/CO (HA1D1BWP12T30P140LVT)
                                                          0.01      0.02       1.83 r
  scaleSoftmax/softmax/n25018 (net)             1                   0.00       1.83 r
  scaleSoftmax/softmax/U27909/CO (HA1D1BWP12T30P140LVT)
                                                          0.02      0.02       1.86 r
  scaleSoftmax/softmax/n25020 (net)             4                   0.00       1.86 r
  scaleSoftmax/softmax/U451/Z (XOR2D1BWP12T30P140LVT)     0.01      0.02       1.88 f
  scaleSoftmax/softmax/n69 (net)                1                   0.00       1.88 f
  scaleSoftmax/softmax/U3/ZN (OAI22D1BWP12T30P140LVT)     0.02      0.01       1.89 r
  scaleSoftmax/softmax/n5588 (net)              1                   0.00       1.89 r
  scaleSoftmax/softmax/exponentSum_reg[25]/D (DFQD2BWP12T30P140LVT)
                                                          0.02      0.00       1.89 r
  data arrival time                                                            1.89

  clock clk (rise edge)                                             2.00       2.00
  clock network delay (ideal)                                       0.00       2.00
  clock uncertainty                                                -0.10       1.90
  scaleSoftmax/softmax/exponentSum_reg[25]/CP (DFQD2BWP12T30P140LVT)
                                                                    0.00       1.90 r
  library setup time                                               -0.01       1.89
  data required time                                                           1.89
  ------------------------------------------------------------------------------------
  data required time                                                           1.89
  data arrival time                                                           -1.89
  ------------------------------------------------------------------------------------
  slack (MET)                                                                  0.00


  Startpoint: softmaxV/accumulator/weightPacketReg_weights_1_reg[2]
              (rising edge-triggered flip-flop clocked by clk)
  Endpoint: softmaxV/accumulator/featureAccumulator_reg[47]
            (rising edge-triggered flip-flop clocked by clk)
  Path Group: clk
  Path Type: max

  Des/Clust/Port     Wire Load Model       Library
  ------------------------------------------------
  PackDescriptorDecoder_1
                     ZeroWireload          tcbn28hpcplusbwp12t30p140lvtssg0p81v125c
  PackDescriptorDecoder
                     ZeroWireload          tcbn28hpcplusbwp12t30p140lvtssg0p81v125c
  BufferedPackMetadataDequantizer_1
                     ZeroWireload          tcbn28hpcplusbwp12t30p140lvtssg0p81v125c
  DynamicBitUnpacker_1
                     ZeroWireload          tcbn28hpcplusbwp12t30p140lvtssg0p81v125c
  BufferedPackMetadataDequantizer
                     ZeroWireload          tcbn28hpcplusbwp12t30p140lvtssg0p81v125c
  DynamicBitUnpacker ZeroWireload          tcbn28hpcplusbwp12t30p140lvtssg0p81v125c
  KvStreamDequantizer_1
                     ZeroWireload          tcbn28hpcplusbwp12t30p140lvtssg0p81v125c
  KvStreamDequantizer
                     ZeroWireload          tcbn28hpcplusbwp12t30p140lvtssg0p81v125c
  DecompressionPipelineController_1
                     ZeroWireload          tcbn28hpcplusbwp12t30p140lvtssg0p81v125c
  DecompressionPipelineController
                     ZeroWireload          tcbn28hpcplusbwp12t30p140lvtssg0p81v125c
  QkDotProductAccumulator
                     ZeroWireload          tcbn28hpcplusbwp12t30p140lvtssg0p81v125c
  StreamingSoftmax   ZeroWireload          tcbn28hpcplusbwp12t30p140lvtssg0p81v125c
  AttentionScaleUnit ZeroWireload          tcbn28hpcplusbwp12t30p140lvtssg0p81v125c
  BriskKvAttentionTop
                     ZeroWireload          tcbn28hpcplusbwp12t30p140lvtssg0p81v125c

  Point                                       Fanout     Trans      Incr       Path
  ------------------------------------------------------------------------------------
  clock clk (rise edge)                                             0.00       0.00
  clock network delay (ideal)                                       0.00       0.00
  softmaxV/accumulator/weightPacketReg_weights_1_reg[2]/CP (DFQD1BWP12T30P140LVT)
                                                          0.00      0.00 #     0.00 r
  softmaxV/accumulator/weightPacketReg_weights_1_reg[2]/Q (DFQD1BWP12T30P140LVT)
                                                          0.04      0.06       0.06 f
  softmaxV/accumulator/weightPacketReg_weights_1[2] (net)
                                               22                   0.00       0.06 f
  U14507/ZN (INVD0BWP12T30P140LVT)                        0.09      0.06       0.13 r
  n20746 (net)                                 25                   0.00       0.13 r
  U15291/ZN (MAOI22D0BWP12T30P140LVT)                     0.03      0.02       0.15 f
  n19918 (net)                                  2                   0.00       0.15 f
  U1177/ZN (NR2D0BWP12T30P140LVT)                         0.11      0.07       0.22 r
  n29198 (net)                                 18                   0.00       0.22 r
  U25270/ZN (AOI222D1BWP12T30P140LVT)                     0.05      0.03       0.25 f
  n19919 (net)                                  1                   0.00       0.25 f
  U25271/ZN (MUX2ND0BWP12T30P140LVT)                      0.04      0.03       0.28 r
  n22733 (net)                                  1                   0.00       0.28 r
  U4414/CO (HA1D0BWP12T30P140LVT)                         0.02      0.03       0.30 r
  n23173 (net)                                  1                   0.00       0.30 r
  U11580/CO (HA1D0BWP12T30P140LVT)                        0.02      0.02       0.33 r
  n23106 (net)                                  1                   0.00       0.33 r
  U28624/CO (FA1D1BWP12T30P140LVT)                        0.01      0.02       0.35 r
  n22811 (net)                                  1                   0.00       0.35 r
  U28344/CO (FA1D1BWP12T30P140LVT)                        0.01      0.02       0.37 r
  n23383 (net)                                  1                   0.00       0.37 r
  U11567/CO (FA1D0BWP12T30P140LVT)                        0.02      0.03       0.41 r
  n22873 (net)                                  1                   0.00       0.41 r
  U28414/CO (FA1D1BWP12T30P140LVT)                        0.01      0.03       0.43 r
  n23347 (net)                                  1                   0.00       0.43 r
  U11555/CO (FA1D0BWP12T30P140LVT)                        0.02      0.03       0.47 r
  n23266 (net)                                  1                   0.00       0.47 r
  U28714/CO (FA1D1BWP12T30P140LVT)                        0.01      0.03       0.49 r
  n25992 (net)                                  1                   0.00       0.49 r
  U11546/CO (FA1D0BWP12T30P140LVT)                        0.02      0.03       0.53 r
  n26171 (net)                                  1                   0.00       0.53 r
  U31250/CO (FA1D1BWP12T30P140LVT)                        0.01      0.03       0.55 r
  n26125 (net)                                  1                   0.00       0.55 r
  U11272/CO (FA1D0BWP12T30P140LVT)                        0.02      0.03       0.59 r
  n26575 (net)                                  1                   0.00       0.59 r
  U31520/CO (FA1D1BWP12T30P140LVT)                        0.01      0.03       0.61 r
  n26937 (net)                                  1                   0.00       0.61 r
  U11260/CO (FA1D0BWP12T30P140LVT)                        0.02      0.03       0.64 r
  n27491 (net)                                  1                   0.00       0.64 r
  U32065/CO (FA1D1BWP12T30P140LVT)                        0.01      0.03       0.67 r
  n28116 (net)                                  1                   0.00       0.67 r
  U11247/CO (FA1D0BWP12T30P140LVT)                        0.02      0.03       0.70 r
  n28641 (net)                                  1                   0.00       0.70 r
  U32679/CO (FA1D1BWP12T30P140LVT)                        0.01      0.03       0.73 r
  n29227 (net)                                  1                   0.00       0.73 r
  U32957/CO (FA1D1BWP12T30P140LVT)                        0.01      0.02       0.75 r
  n30918 (net)                                  1                   0.00       0.75 r
  U11522/CO (FA1D0BWP12T30P140LVT)                        0.02      0.03       0.79 r
  n31087 (net)                                  1                   0.00       0.79 r
  U33828/CO (FA1D1BWP12T30P140LVT)                        0.01      0.03       0.81 r
  n31203 (net)                                  1                   0.00       0.81 r
  U11222/CO (FA1D0BWP12T30P140LVT)                        0.02      0.03       0.85 r
  n31141 (net)                                  1                   0.00       0.85 r
  U11203/CO (FA1D0BWP12T30P140LVT)                        0.02      0.04       0.88 r
  n31589 (net)                                  1                   0.00       0.88 r
  U11176/CO (FA1D0BWP12T30P140LVT)                        0.02      0.04       0.92 r
  n31933 (net)                                  1                   0.00       0.92 r
  U11166/CO (FA1D0BWP12T30P140LVT)                        0.02      0.04       0.95 r
  n32420 (net)                                  1                   0.00       0.95 r
  U11141/CO (FA1D0BWP12T30P140LVT)                        0.02      0.04       0.99 r
  n33701 (net)                                  1                   0.00       0.99 r
  U11128/CO (FA1D0BWP12T30P140LVT)                        0.02      0.04       1.02 r
  n34943 (net)                                  1                   0.00       1.02 r
  U11111/CO (FA1D0BWP12T30P140LVT)                        0.02      0.04       1.06 r
  n35302 (net)                                  1                   0.00       1.06 r
  U11100/CO (FA1D0BWP12T30P140LVT)                        0.02      0.04       1.09 r
  n35586 (net)                                  1                   0.00       1.09 r
  U11078/CO (FA1D0BWP12T30P140LVT)                        0.02      0.04       1.13 r
  n35846 (net)                                  1                   0.00       1.13 r
  U11066/CO (FA1D0BWP12T30P140LVT)                        0.02      0.04       1.16 r
  n36144 (net)                                  1                   0.00       1.16 r
  U11054/CO (FA1D0BWP12T30P140LVT)                        0.02      0.04       1.20 r
  n36273 (net)                                  1                   0.00       1.20 r
  U11041/CO (FA1D0BWP12T30P140LVT)                        0.02      0.04       1.23 r
  n36403 (net)                                  1                   0.00       1.23 r
  U11036/S (FA1D0BWP12T30P140LVT)                         0.01      0.05       1.28 f
  n36276 (net)                                  1                   0.00       1.28 f
  U37026/ZN (INR2D1BWP12T30P140LVT)                       0.02      0.02       1.30 f
  n36369 (net)                                  1                   0.00       1.30 f
  U37058/S (FA1D1BWP12T30P140LVT)                         0.02      0.06       1.36 r
  n36398 (net)                                  1                   0.00       1.36 r
  U37069/S (FA1D1BWP12T30P140LVT)                         0.02      0.05       1.41 f
  n36425 (net)                                  1                   0.00       1.41 f
  U37080/S (FA1D1BWP12T30P140LVT)                         0.02      0.06       1.46 r
  n36436 (net)                                  1                   0.00       1.46 r
  U37084/S (FA1D1BWP12T30P140LVT)                         0.02      0.05       1.51 f
  n37482 (net)                                  1                   0.00       1.51 f
  U37811/CO (FA1D1BWP12T30P140LVT)                        0.01      0.03       1.54 f
  n36605 (net)                                  1                   0.00       1.54 f
  U37137/CO (FA1D1BWP12T30P140LVT)                        0.01      0.03       1.57 f
  n37475 (net)                                  1                   0.00       1.57 f
  U37808/CO (FA1D1BWP12T30P140LVT)                        0.02      0.03       1.60 f
  n36634 (net)                                  1                   0.00       1.60 f
  U37146/CO (FA1OPTCD2BWP12T30P140LVT)                    0.01      0.02       1.61 f
  n36651 (net)                                  1                   0.00       1.61 f
  U37152/CO (FA1D1BWP12T30P140LVT)                        0.02      0.03       1.64 f
  n36662 (net)                                  1                   0.00       1.64 f
  U37158/CO (FA1OPTCD2BWP12T30P140LVT)                    0.01      0.02       1.66 f
  n36670 (net)                                  1                   0.00       1.66 f
  U14007/CO (FA1OPTCD2BWP12T30P140LVT)                    0.01      0.02       1.68 f
  n36678 (net)                                  1                   0.00       1.68 f
  U37167/CO (FA1OPTCD2BWP12T30P140LVT)                    0.01      0.02       1.70 f
  n36686 (net)                                  1                   0.00       1.70 f
  U13980/CO (FA1OPTCD2BWP12T30P140LVT)                    0.01      0.02       1.71 f
  n36694 (net)                                  1                   0.00       1.71 f
  U13979/CO (FA1OPTCD2BWP12T30P140LVT)                    0.01      0.02       1.73 f
  n36702 (net)                                  1                   0.00       1.73 f
  U37180/CO (FA1OPTCD2BWP12T30P140LVT)                    0.01      0.02       1.75 f
  n36710 (net)                                  1                   0.00       1.75 f
  U6684/CO (FA1OPTCD2BWP12T30P140LVT)                     0.01      0.02       1.77 f
  n36718 (net)                                  1                   0.00       1.77 f
  U37189/CO (FA1OPTCD2BWP12T30P140LVT)                    0.01      0.02       1.79 f
  n36726 (net)                                  1                   0.00       1.79 f
  U6658/CO (FA1OPTCD2BWP12T30P140LVT)                     0.01      0.02       1.80 f
  n36734 (net)                                  1                   0.00       1.80 f
  U37199/CO (FA1OPTCD2BWP12T30P140LVT)                    0.01      0.02       1.82 f
  n36742 (net)                                  1                   0.00       1.82 f
  U14010/S (FA1OPTCD2BWP12T30P140LVT)                     0.02      0.04       1.86 r
  n36739 (net)                                  2                   0.00       1.86 r
  U37200/ZN (ND2D0BWP12T30P140LVT)                        0.04      0.01       1.88 f
  n36738 (net)                                  1                   0.00       1.88 f
  U37202/ZN (ND2D1BWP12T30P140LVT)                        0.01      0.01       1.89 r
  softmaxV/accumulator/n939 (net)               1                   0.00       1.89 r
  softmaxV/accumulator/featureAccumulator_reg[47]/D (DFQD2BWP12T30P140LVT)
                                                          0.01      0.00       1.89 r
  data arrival time                                                            1.89

  clock clk (rise edge)                                             2.00       2.00
  clock network delay (ideal)                                       0.00       2.00
  clock uncertainty                                                -0.10       1.90
  softmaxV/accumulator/featureAccumulator_reg[47]/CP (DFQD2BWP12T30P140LVT)
                                                                    0.00       1.90 r
  library setup time                                               -0.01       1.89
  data required time                                                           1.89
  ------------------------------------------------------------------------------------
  data required time                                                           1.89
  data arrival time                                                           -1.89
  ------------------------------------------------------------------------------------
  slack (MET)                                                                  0.00


  Startpoint: softmaxV/accumulator/weightPacketReg_weights_10_reg[2]
              (rising edge-triggered flip-flop clocked by clk)
  Endpoint: softmaxV/accumulator/featureAccumulator_reg[49]
            (rising edge-triggered flip-flop clocked by clk)
  Path Group: clk
  Path Type: max

  Des/Clust/Port     Wire Load Model       Library
  ------------------------------------------------
  PackDescriptorDecoder_1
                     ZeroWireload          tcbn28hpcplusbwp12t30p140lvtssg0p81v125c
  PackDescriptorDecoder
                     ZeroWireload          tcbn28hpcplusbwp12t30p140lvtssg0p81v125c
  BufferedPackMetadataDequantizer_1
                     ZeroWireload          tcbn28hpcplusbwp12t30p140lvtssg0p81v125c
  DynamicBitUnpacker_1
                     ZeroWireload          tcbn28hpcplusbwp12t30p140lvtssg0p81v125c
  BufferedPackMetadataDequantizer
                     ZeroWireload          tcbn28hpcplusbwp12t30p140lvtssg0p81v125c
  DynamicBitUnpacker ZeroWireload          tcbn28hpcplusbwp12t30p140lvtssg0p81v125c
  KvStreamDequantizer_1
                     ZeroWireload          tcbn28hpcplusbwp12t30p140lvtssg0p81v125c
  KvStreamDequantizer
                     ZeroWireload          tcbn28hpcplusbwp12t30p140lvtssg0p81v125c
  DecompressionPipelineController_1
                     ZeroWireload          tcbn28hpcplusbwp12t30p140lvtssg0p81v125c
  DecompressionPipelineController
                     ZeroWireload          tcbn28hpcplusbwp12t30p140lvtssg0p81v125c
  QkDotProductAccumulator
                     ZeroWireload          tcbn28hpcplusbwp12t30p140lvtssg0p81v125c
  StreamingSoftmax   ZeroWireload          tcbn28hpcplusbwp12t30p140lvtssg0p81v125c
  AttentionScaleUnit ZeroWireload          tcbn28hpcplusbwp12t30p140lvtssg0p81v125c
  BriskKvAttentionTop
                     ZeroWireload          tcbn28hpcplusbwp12t30p140lvtssg0p81v125c

  Point                                       Fanout     Trans      Incr       Path
  ------------------------------------------------------------------------------------
  clock clk (rise edge)                                             0.00       0.00
  clock network delay (ideal)                                       0.00       0.00
  softmaxV/accumulator/weightPacketReg_weights_10_reg[2]/CP (DFQD1BWP12T30P140LVT)
                                                          0.00      0.00 #     0.00 r
  softmaxV/accumulator/weightPacketReg_weights_10_reg[2]/Q (DFQD1BWP12T30P140LVT)
                                                          0.04      0.06       0.06 f
  softmaxV/accumulator/weightPacketReg_weights_10[2] (net)
                                               22                   0.00       0.06 f
  U6696/ZN (INVD1BWP12T30P140LVT)                         0.05      0.04       0.10 r
  n20919 (net)                                 25                   0.00       0.10 r
  U6695/ZN (MAOI22D0BWP12T30P140LVT)                      0.03      0.03       0.13 r
  n19893 (net)                                  2                   0.00       0.13 r
  U25229/ZN (ND2D0BWP12T30P140LVT)                        0.07      0.04       0.17 f
  n29128 (net)                                 13                   0.00       0.17 f
  U25230/ZN (INVD0BWP12T30P140LVT)                        0.04      0.03       0.21 r
  n27425 (net)                                  6                   0.00       0.21 r
  U25232/ZN (AOI222D1BWP12T30P140LVT)                     0.05      0.02       0.22 f
  n19894 (net)                                  1                   0.00       0.22 f
  U25233/ZN (MUX2ND0BWP12T30P140LVT)                      0.03      0.03       0.25 r
  n22532 (net)                                  1                   0.00       0.25 r
  U8996/CO (HA1D0BWP12T30P140LVT)                         0.02      0.03       0.27 r
  n23358 (net)                                  1                   0.00       0.27 r
  U11586/CO (HA1D0BWP12T30P140LVT)                        0.01      0.02       0.30 r
  n22684 (net)                                  1                   0.00       0.30 r
  U8990/CO (FA1D0BWP12T30P140LVT)                         0.02      0.03       0.33 r
  n22918 (net)                                  1                   0.00       0.33 r
  U28460/CO (FA1D1BWP12T30P140LVT)                        0.01      0.03       0.36 r
  n23155 (net)                                  1                   0.00       0.36 r
  U11572/CO (FA1D0BWP12T30P140LVT)                        0.02      0.03       0.39 r
  n23437 (net)                                  1                   0.00       0.39 r
  U8988/CO (FA1D0BWP12T30P140LVT)                         0.02      0.04       0.43 r
  n23721 (net)                                  1                   0.00       0.43 r
  U28916/CO (FA1D1BWP12T30P140LVT)                        0.01      0.03       0.45 r
  n23410 (net)                                  1                   0.00       0.45 r
  U8981/CO (FA1D0BWP12T30P140LVT)                         0.02      0.03       0.48 r
  n25299 (net)                                  1                   0.00       0.48 r
  U11679/CO (FA1D0BWP12T30P140LVT)                        0.02      0.04       0.52 r
  n26106 (net)                                  1                   0.00       0.52 r
  U8869/CO (FA1D0BWP12T30P140LVT)                         0.02      0.04       0.56 r
  n25497 (net)                                  1                   0.00       0.56 r
  U30761/CO (FA1D1BWP12T30P140LVT)                        0.01      0.03       0.58 r
  n26357 (net)                                  1                   0.00       0.58 r
  U8865/CO (FA1D0BWP12T30P140LVT)                         0.02      0.03       0.61 r
  n26788 (net)                                  1                   0.00       0.61 r
  U11539/CO (FA1D0BWP12T30P140LVT)                        0.02      0.04       0.65 r
  n27427 (net)                                  1                   0.00       0.65 r
  U8854/CO (FA1D0BWP12T30P140LVT)                         0.02      0.04       0.68 r
  n28048 (net)                                  1                   0.00       0.68 r
  U11532/CO (FA1D0BWP12T30P140LVT)                        0.02      0.04       0.72 r
  n28577 (net)                                  1                   0.00       0.72 r
  U8847/CO (FA1D0BWP12T30P140LVT)                         0.02      0.04       0.75 r
  n29153 (net)                                  1                   0.00       0.75 r
  U6608/CO (FA1D1BWP12T30P140LVT)                         0.01      0.03       0.78 r
  n29879 (net)                                  1                   0.00       0.78 r
  U4260/CO (FA1D1BWP12T30P140LVT)                         0.01      0.02       0.80 r
  n31184 (net)                                  1                   0.00       0.80 r
  U11206/CO (FA1D0BWP12T30P140LVT)                        0.02      0.03       0.84 r
  n31114 (net)                                  1                   0.00       0.84 r
  U11227/CO (FA1D0BWP12T30P140LVT)                        0.02      0.04       0.87 r
  n30196 (net)                                  1                   0.00       0.87 r
  U11514/CO (FA1D0BWP12T30P140LVT)                        0.02      0.04       0.91 r
  n31380 (net)                                  1                   0.00       0.91 r
  U8821/CO (FA1D0BWP12T30P140LVT)                         0.02      0.04       0.94 r
  n31793 (net)                                  1                   0.00       0.94 r
  U11509/CO (FA1D0BWP12T30P140LVT)                        0.02      0.04       0.98 r
  n32366 (net)                                  1                   0.00       0.98 r
  U8817/CO (FA1D0BWP12T30P140LVT)                         0.02      0.04       1.01 r
  n33657 (net)                                  1                   0.00       1.01 r
  U11506/CO (FA1D0BWP12T30P140LVT)                        0.02      0.04       1.05 r
  n34897 (net)                                  1                   0.00       1.05 r
  U8814/CO (FA1D0BWP12T30P140LVT)                         0.02      0.04       1.08 r
  n35258 (net)                                  1                   0.00       1.08 r
  U6607/CO (FA1D1BWP12T30P140LVT)                         0.01      0.03       1.11 r
  n35552 (net)                                  1                   0.00       1.11 r
  U6606/CO (FA1D1BWP12T30P140LVT)                         0.01      0.02       1.13 r
  n35814 (net)                                  1                   0.00       1.13 r
  U6605/CO (FA1D1BWP12T30P140LVT)                         0.01      0.02       1.16 r
  n36074 (net)                                  1                   0.00       1.16 r
  U11051/CO (FA1D0BWP12T30P140LVT)                        0.02      0.03       1.19 r
  n36209 (net)                                  1                   0.00       1.19 r
  U8807/CO (FA1D0BWP12T30P140LVT)                         0.02      0.04       1.23 r
  n36389 (net)                                  1                   0.00       1.23 r
  U8804/CO (FA1D0BWP12T30P140LVT)                         0.02      0.04       1.26 r
  n36488 (net)                                  1                   0.00       1.26 r
  U11499/S (FA1D0BWP12T30P140LVT)                         0.01      0.05       1.31 f
  n36392 (net)                                  1                   0.00       1.31 f
  U37067/ZN (INR2D1BWP12T30P140LVT)                       0.03      0.02       1.33 f
  n36558 (net)                                  1                   0.00       1.33 f
  U37124/S (FA1D1BWP12T30P140LVT)                         0.02      0.06       1.39 r
  n36537 (net)                                  3                   0.00       1.39 r
  U1804/Z (CKXOR2D0BWP12T30P140LVT)                       0.01      0.02       1.41 f
  n4220 (net)                                   1                   0.00       1.41 f
  U1769/Z (XOR2D1BWP12T30P140LVT)                         0.01      0.03       1.44 r
  n36452 (net)                                  1                   0.00       1.44 r
  U37090/S (FA1D1BWP12T30P140LVT)                         0.02      0.05       1.49 f
  n36515 (net)                                  2                   0.00       1.49 f
  U3526/ZN (OAI21D1BWP12T30P140LVT)                       0.01      0.01       1.50 r
  n898 (net)                                    1                   0.00       1.50 r
  U3501/ZN (IOA21D1BWP12T30P140LVT)                       0.02      0.01       1.51 f
  n36602 (net)                                  1                   0.00       1.51 f
  U37136/S (FA1D1BWP12T30P140LVT)                         0.02      0.05       1.56 r
  n37476 (net)                                  1                   0.00       1.56 r
  U37808/CO (FA1D1BWP12T30P140LVT)                        0.01      0.03       1.59 r
  n36634 (net)                                  1                   0.00       1.59 r
  U37146/CO (FA1OPTCD2BWP12T30P140LVT)                    0.01      0.02       1.60 r
  n36651 (net)                                  1                   0.00       1.60 r
  U37152/CO (FA1D1BWP12T30P140LVT)                        0.01      0.03       1.63 r
  n36662 (net)                                  1                   0.00       1.63 r
  U37158/CO (FA1OPTCD2BWP12T30P140LVT)                    0.01      0.02       1.65 r
  n36670 (net)                                  1                   0.00       1.65 r
  U14007/CO (FA1OPTCD2BWP12T30P140LVT)                    0.01      0.02       1.67 r
  n36678 (net)                                  1                   0.00       1.67 r
  U37167/CO (FA1OPTCD2BWP12T30P140LVT)                    0.01      0.02       1.69 r
  n36686 (net)                                  1                   0.00       1.69 r
  U13980/CO (FA1OPTCD2BWP12T30P140LVT)                    0.01      0.02       1.71 r
  n36694 (net)                                  1                   0.00       1.71 r
  U13979/CO (FA1OPTCD2BWP12T30P140LVT)                    0.01      0.02       1.72 r
  n36702 (net)                                  1                   0.00       1.72 r
  U37180/CO (FA1OPTCD2BWP12T30P140LVT)                    0.01      0.02       1.74 r
  n36710 (net)                                  1                   0.00       1.74 r
  U6684/CO (FA1OPTCD2BWP12T30P140LVT)                     0.01      0.02       1.76 r
  n36718 (net)                                  1                   0.00       1.76 r
  U37189/CO (FA1OPTCD2BWP12T30P140LVT)                    0.01      0.02       1.78 r
  n36726 (net)                                  1                   0.00       1.78 r
  U6658/CO (FA1OPTCD2BWP12T30P140LVT)                     0.01      0.02       1.80 r
  n36734 (net)                                  1                   0.00       1.80 r
  U37199/CO (FA1OPTCD2BWP12T30P140LVT)                    0.01      0.02       1.82 r
  n36742 (net)                                  1                   0.00       1.82 r
  U14010/CO (FA1OPTCD2BWP12T30P140LVT)                    0.01      0.02       1.84 r
  n36750 (net)                                  2                   0.00       1.84 r
  U3209/ZN (AOI21OPTPBD1BWP12T30P140LVT)                  0.01      0.01       1.85 f
  n907 (net)                                    1                   0.00       1.85 f
  U314/Z (CKXOR2D1BWP12T30P140LVT)                        0.01      0.02       1.87 r
  n36757 (net)                                  2                   0.00       1.87 r
  U312/ZN (CKND2D1BWP12T30P140LVT)                        0.03      0.01       1.88 f
  n36756 (net)                                  1                   0.00       1.88 f
  U37212/ZN (ND2D1BWP12T30P140LVT)                        0.01      0.01       1.89 r
  softmaxV/accumulator/n941 (net)               1                   0.00       1.89 r
  softmaxV/accumulator/featureAccumulator_reg[49]/D (DFQD2BWP12T30P140LVT)
                                                          0.01      0.00       1.89 r
  data arrival time                                                            1.89

  clock clk (rise edge)                                             2.00       2.00
  clock network delay (ideal)                                       0.00       2.00
  clock uncertainty                                                -0.10       1.90
  softmaxV/accumulator/featureAccumulator_reg[49]/CP (DFQD2BWP12T30P140LVT)
                                                                    0.00       1.90 r
  library setup time                                               -0.01       1.89
  data required time                                                           1.89
  ------------------------------------------------------------------------------------
  data required time                                                           1.89
  data arrival time                                                           -1.89
  ------------------------------------------------------------------------------------
  slack (MET)                                                                  0.00


  Startpoint: io_command_bits_tokenCount[2]
              (input port clocked by clk)
  Endpoint: decompressionQk/compute/decompressor/resultError_reg
            (rising edge-triggered flip-flop clocked by clk)
  Path Group: clk
  Path Type: max

  Des/Clust/Port     Wire Load Model       Library
  ------------------------------------------------
  StreamingSoftmax   ZeroWireload          tcbn28hpcplusbwp12t30p140lvtssg0p81v125c
  AttentionScaleUnit ZeroWireload          tcbn28hpcplusbwp12t30p140lvtssg0p81v125c
  BriskKvAttentionTop
                     ZeroWireload          tcbn28hpcplusbwp12t30p140lvtssg0p81v125c

  Point                                       Fanout     Trans      Incr       Path
  ------------------------------------------------------------------------------------
  clock clk (rise edge)                                             0.00       0.00
  clock network delay (ideal)                                       0.00       0.00
  input external delay                                              0.20       0.20 r
  io_command_bits_tokenCount[2] (in)                      0.00      0.00       0.20 r
  io_command_bits_tokenCount[2] (net)          12                   0.00       0.20 r
  U575/ZN (NR2D3BWP12T30P140LVT)                          0.01      0.00       0.20 f
  n2860 (net)                                   1                   0.00       0.20 f
  U4478/ZN (ND2D3BWP12T30P140LVT)                         0.01      0.01       0.21 r
  n16884 (net)                                  2                   0.00       0.21 r
  U2092/CO (HA1D1BWP12T30P140LVT)                         0.01      0.02       0.23 r
  n16883 (net)                                  1                   0.00       0.23 r
  U2085/CO (HA1D1BWP12T30P140LVT)                         0.01      0.02       0.25 r
  n15803 (net)                                  1                   0.00       0.25 r
  U20664/CO (HA1D1BWP12T30P140LVT)                        0.01      0.02       0.27 r
  n16325 (net)                                  1                   0.00       0.27 r
  U20892/CO (HA1D1BWP12T30P140LVT)                        0.01      0.02       0.29 r
  n16326 (net)                                  1                   0.00       0.29 r
  U4428/CO (HA1D2BWP12T30P140LVT)                         0.01      0.02       0.31 r
  n15802 (net)                                  2                   0.00       0.31 r
  U4418/ZN (INVD1P25BWP12T30P140LVT)                      0.01      0.01       0.31 f
  n4209 (net)                                   1                   0.00       0.31 f
  U4397/ZN (INR2D2BWP12T30P140LVT)                        0.01      0.01       0.32 r
  n4853 (net)                                   1                   0.00       0.32 r
  U20879/CO (HA1D1BWP12T30P140LVT)                        0.01      0.02       0.34 r
  n16308 (net)                                  1                   0.00       0.34 r
  U2056/CO (HA1D1BWP12T30P140LVT)                         0.01      0.02       0.36 r
  n15695 (net)                                  2                   0.00       0.36 r
  U4343/ZN (CKND2D2BWP12T30P140LVT)                       0.01      0.01       0.37 f
  n15519 (net)                                  1                   0.00       0.37 f
  U4338/ZN (INVD1P25BWP12T30P140LVT)                      0.01      0.01       0.37 r
  n16052 (net)                                  1                   0.00       0.37 r
  U2050/CO (HA1D1BWP12T30P140LVT)                         0.01      0.02       0.39 r
  n16053 (net)                                  1                   0.00       0.39 r
  U20760/CO (HA1D1BWP12T30P140LVT)                        0.01      0.02       0.41 r
  n15683 (net)                                  1                   0.00       0.41 r
  U4325/CO (HA1D2BWP12T30P140LVT)                         0.01      0.02       0.43 r
  n15836 (net)                                  2                   0.00       0.43 r
  U4318/ZN (CKND2D2BWP12T30P140LVT)                       0.01      0.01       0.44 f
  n15520 (net)                                  1                   0.00       0.44 f
  U4312/ZN (INVD1P25BWP12T30P140LVT)                      0.01      0.01       0.44 r
  n15837 (net)                                  1                   0.00       0.44 r
  U4308/CO (HA1D2BWP12T30P140LVT)                         0.01      0.02       0.46 r
  n15606 (net)                                  2                   0.00       0.46 r
  U4298/ZN (INVD1P25BWP12T30P140LVT)                      0.01      0.01       0.47 f
  n4208 (net)                                   1                   0.00       0.47 f
  U4291/ZN (INR2D2BWP12T30P140LVT)                        0.01      0.01       0.48 r
  n4731 (net)                                   1                   0.00       0.48 r
  U4284/CO (HA1D2BWP12T30P140LVT)                         0.01      0.02       0.50 r
  n15715 (net)                                  2                   0.00       0.50 r
  U4277/ZN (CKND2D3BWP12T30P140LVT)                       0.01      0.01       0.50 f
  n4040 (net)                                   2                   0.00       0.50 f
  U13748/ZN (INR2D2BWP12T30P140LVT)                       0.01      0.01       0.51 r
  n4766 (net)                                   1                   0.00       0.51 r
  U4264/CO (HA1D2BWP12T30P140LVT)                         0.01      0.02       0.53 r
  n15621 (net)                                  4                   0.00       0.53 r
  U4251/ZN (INVD2BWP12T30P140LVT)                         0.01      0.01       0.54 f
  n3481 (net)                                   1                   0.00       0.54 f
  U2026/ZN (INR3D2BWP12T30P140LVT)                        0.02      0.01       0.55 r
  n15558 (net)                                  1                   0.00       0.55 r
  U4232/CO (HA1D2BWP12T30P140LVT)                         0.01      0.02       0.57 r
  n15527 (net)                                  2                   0.00       0.57 r
  U4209/ZN (CKND2D1BWP12T30P140LVT)                       0.01      0.01       0.58 f
  n15521 (net)                                  1                   0.00       0.58 f
  U4183/ZN (INVD1BWP12T30P140LVT)                         0.01      0.01       0.59 r
  n15529 (net)                                  1                   0.00       0.59 r
  U2006/CO (HA1D1BWP12T30P140LVT)                         0.01      0.02       0.61 r
  n15526 (net)                                  1                   0.00       0.61 r
  U4139/CO (HA1D2BWP12T30P140LVT)                         0.01      0.02       0.63 r
  n15523 (net)                                  2                   0.00       0.63 r
  U463/S (HA1D1BWP12T30P140LVT)                           0.01      0.02       0.66 f
  n367 (net)                                    1                   0.00       0.66 f
  U1408/Z (MUX2D4BWP12T30P140LVT)                         0.01      0.02       0.67 f
  n15541 (net)                                  3                   0.00       0.67 f
  U1407/ZN (INR2D4BWP12T30P140LVT)                        0.02      0.02       0.69 f
  n15962 (net)                                 31                   0.00       0.69 f
  U1416/ZN (AOI222D1BWP12T30P140LVT)                      0.04      0.03       0.73 r
  n15965 (net)                                  1                   0.00       0.73 r
  U20724/ZN (MUX2ND0BWP12T30P140LVT)                      0.03      0.03       0.75 r
  n16016 (net)                                  2                   0.00       0.75 r
  U1410/Z (AN2D1BWP12T30P140LVT)                          0.01      0.02       0.78 r
  n16010 (net)                                  1                   0.00       0.78 r
  U20743/CO (HA1D1BWP12T30P140LVT)                        0.01      0.02       0.79 r
  n16005 (net)                                  1                   0.00       0.79 r
  U20741/S (FA1D1BWP12T30P140LVT)                         0.02      0.05       0.84 f
  n16160 (net)                                  1                   0.00       0.84 f
  U20814/CO (FA1D1BWP12T30P140LVT)                        0.01      0.03       0.87 f
  n16153 (net)                                  1                   0.00       0.87 f
  U20811/S (FA1D1BWP12T30P140LVT)                         0.02      0.05       0.92 r
  n16234 (net)                                  3                   0.00       0.92 r
  U9989/ZN (ND2D0BWP12T30P140LVT)                         0.03      0.02       0.94 f
  n4043 (net)                                   1                   0.00       0.94 f
  U13751/ZN (ND2OPTPAD1BWP12T30P140LVT)                   0.01      0.01       0.95 r
  n16227 (net)                                  1                   0.00       0.95 r
  U20846/CO (FA1D1BWP12T30P140LVT)                        0.01      0.02       0.98 r
  n16222 (net)                                  1                   0.00       0.98 r
  U20843/S (FA1D1BWP12T30P140LVT)                         0.02      0.05       1.02 f
  n16360 (net)                                  1                   0.00       1.02 f
  U20918/S (FA1D1BWP12T30P140LVT)                         0.02      0.06       1.08 r
  n16467 (net)                                  1                   0.00       1.08 r
  U20966/S (FA1D1BWP12T30P140LVT)                         0.02      0.05       1.13 f
  n16613 (net)                                  1                   0.00       1.13 f
  U21037/CO (FA1D1BWP12T30P140LVT)                        0.01      0.03       1.17 f
  n16606 (net)                                  1                   0.00       1.17 f
  U21034/CO (FA1D1BWP12T30P140LVT)                        0.01      0.03       1.19 f
  n16601 (net)                                  1                   0.00       1.19 f
  U21031/S (FA1D1BWP12T30P140LVT)                         0.02      0.05       1.24 r
  n16741 (net)                                  1                   0.00       1.24 r
  U21104/S (FA1D1BWP12T30P140LVT)                         0.02      0.05       1.29 f
  n16895 (net)                                  1                   0.00       1.29 f
  U21183/S (FA1D1BWP12T30P140LVT)                         0.02      0.06       1.35 r
  n17400 (net)                                  1                   0.00       1.35 r
  U3605/CO (FA1OPTCD1BWP12T30P140LVT)                     0.01      0.03       1.39 r
  n17161 (net)                                  1                   0.00       1.39 r
  U21315/CO (FA1D1BWP12T30P140LVT)                        0.02      0.03       1.41 r
  n17158 (net)                                  1                   0.00       1.41 r
  U21314/CO (FA1OPTCD2BWP12T30P140LVT)                    0.01      0.02       1.43 r
  n17155 (net)                                  1                   0.00       1.43 r
  U21313/CO (FA1OPTCD2BWP12T30P140LVT)                    0.01      0.02       1.45 r
  n17152 (net)                                  1                   0.00       1.45 r
  U3583/CO (FA1OPTCD1BWP12T30P140LVT)                     0.02      0.02       1.47 r
  n17369 (net)                                  1                   0.00       1.47 r
  U21365/CO (FA1OPTCD2BWP12T30P140LVT)                    0.01      0.02       1.49 r
  n17368 (net)                                  3                   0.00       1.49 r
  U3558/ZN (NR2OPTPAD1BWP12T30P140LVT)                    0.01      0.01       1.50 f
  n4041 (net)                                   1                   0.00       1.50 f
  U13750/ZN (INVD2BWP12T30P140LVT)                        0.01      0.01       1.51 r
  n17355 (net)                                  1                   0.00       1.51 r
  U21364/CO (FA1OPTCD2BWP12T30P140LVT)                    0.01      0.02       1.53 r
  n17385 (net)                                  1                   0.00       1.53 r
  U21370/CO (FA1OPTCD2BWP12T30P140LVT)                    0.01      0.02       1.55 r
  n17382 (net)                                  1                   0.00       1.55 r
  U21369/CO (FA1OPTCD2BWP12T30P140LVT)                    0.01      0.02       1.56 r
  n17379 (net)                                  1                   0.00       1.56 r
  U21368/CO (FA1OPTCD2BWP12T30P140LVT)                    0.01      0.02       1.58 r
  n17330 (net)                                  1                   0.00       1.58 r
  U21358/CO (FA1OPTCD2BWP12T30P140LVT)                    0.01      0.02       1.60 r
  n17376 (net)                                  1                   0.00       1.60 r
  U21367/CO (FA1OPTCD2BWP12T30P140LVT)                    0.01      0.02       1.62 r
  n17333 (net)                                  1                   0.00       1.62 r
  U21359/CO (FA1OPTCD2BWP12T30P140LVT)                    0.01      0.02       1.64 r
  n17327 (net)                                  1                   0.00       1.64 r
  U21357/CO (FA1OPTCD2BWP12T30P140LVT)                    0.01      0.02       1.66 r
  n17324 (net)                                  1                   0.00       1.66 r
  U21356/CO (FA1OPTCD2BWP12T30P140LVT)                    0.01      0.02       1.68 r
  n17349 (net)                                  1                   0.00       1.68 r
  U21363/CO (FA1OPTCD2BWP12T30P140LVT)                    0.01      0.02       1.69 r
  n17346 (net)                                  1                   0.00       1.69 r
  U21362/CO (FA1OPTCD2BWP12T30P140LVT)                    0.01      0.02       1.71 r
  n17343 (net)                                  1                   0.00       1.71 r
  U21361/CO (FA1OPTCD2BWP12T30P140LVT)                    0.01      0.02       1.73 r
  n17340 (net)                                  2                   0.00       1.73 r
  U3292/ZN (CKND2D2BWP12T30P140LVT)                       0.01      0.01       1.74 f
  n3216 (net)                                   1                   0.00       1.74 f
  U3276/ZN (ND2D2BWP12T30P140LVT)                         0.01      0.01       1.75 r
  n17318 (net)                                  1                   0.00       1.75 r
  U21355/CO (FA1OPTCD2BWP12T30P140LVT)                    0.01      0.02       1.76 r
  n17315 (net)                                  1                   0.00       1.76 r
  U21354/CO (FA1OPTCD2BWP12T30P140LVT)                    0.01      0.02       1.78 r
  n17312 (net)                                  2                   0.00       1.78 r
  U6164/ZN (AOI21OPTPBD2BWP12T30P140LVT)                  0.02      0.01       1.79 f
  n1675 (net)                                   2                   0.00       1.79 f
  U6162/ZN (OAI22D2BWP12T30P140LVT)                       0.02      0.01       1.80 r
  n17402 (net)                                  1                   0.00       1.80 r
  U21373/S (FA1OPTCD2BWP12T30P140LVT)                     0.02      0.05       1.85 f
  n17405 (net)                                  1                   0.00       1.85 f
  U5809/ZN (OAI31D2BWP12T30P140LVT)                       0.02      0.01       1.86 r
  n1393 (net)                                   1                   0.00       1.86 r
  U5808/ZN (ND3OPTPAD2BWP12T30P140LVT)                    0.01      0.01       1.87 f
  n37183 (net)                                  2                   0.00       1.87 f
  U37561/ZN (OAI21D1BWP12T30P140LVT)                      0.02      0.01       1.88 r
  n37184 (net)                                  1                   0.00       1.88 r
  U37562/ZN (IOA21D1BWP12T30P140LVT)                      0.01      0.01       1.89 f
  decompressionQk/compute/decompressor/n815 (net)
                                                1                   0.00       1.89 f
  decompressionQk/compute/decompressor/resultError_reg/D (DFQD2BWP12T30P140LVT)
                                                          0.01      0.00       1.89 f
  data arrival time                                                            1.89

  clock clk (rise edge)                                             2.00       2.00
  clock network delay (ideal)                                       0.00       2.00
  clock uncertainty                                                -0.10       1.90
  decompressionQk/compute/decompressor/resultError_reg/CP (DFQD2BWP12T30P140LVT)
                                                                    0.00       1.90 r
  library setup time                                                0.00       1.90
  data required time                                                           1.90
  ------------------------------------------------------------------------------------
  data required time                                                           1.90
  data arrival time                                                           -1.89
  ------------------------------------------------------------------------------------
  slack (MET)                                                                  0.00


  Startpoint: softmaxV/accumulator/weightPacketReg_weights_10_reg[2]
              (rising edge-triggered flip-flop clocked by clk)
  Endpoint: softmaxV/accumulator/outputReg_value_reg[49]
            (rising edge-triggered flip-flop clocked by clk)
  Path Group: clk
  Path Type: max

  Des/Clust/Port     Wire Load Model       Library
  ------------------------------------------------
  PackDescriptorDecoder_1
                     ZeroWireload          tcbn28hpcplusbwp12t30p140lvtssg0p81v125c
  PackDescriptorDecoder
                     ZeroWireload          tcbn28hpcplusbwp12t30p140lvtssg0p81v125c
  BufferedPackMetadataDequantizer_1
                     ZeroWireload          tcbn28hpcplusbwp12t30p140lvtssg0p81v125c
  DynamicBitUnpacker_1
                     ZeroWireload          tcbn28hpcplusbwp12t30p140lvtssg0p81v125c
  BufferedPackMetadataDequantizer
                     ZeroWireload          tcbn28hpcplusbwp12t30p140lvtssg0p81v125c
  DynamicBitUnpacker ZeroWireload          tcbn28hpcplusbwp12t30p140lvtssg0p81v125c
  KvStreamDequantizer_1
                     ZeroWireload          tcbn28hpcplusbwp12t30p140lvtssg0p81v125c
  KvStreamDequantizer
                     ZeroWireload          tcbn28hpcplusbwp12t30p140lvtssg0p81v125c
  DecompressionPipelineController_1
                     ZeroWireload          tcbn28hpcplusbwp12t30p140lvtssg0p81v125c
  DecompressionPipelineController
                     ZeroWireload          tcbn28hpcplusbwp12t30p140lvtssg0p81v125c
  QkDotProductAccumulator
                     ZeroWireload          tcbn28hpcplusbwp12t30p140lvtssg0p81v125c
  StreamingSoftmax   ZeroWireload          tcbn28hpcplusbwp12t30p140lvtssg0p81v125c
  AttentionScaleUnit ZeroWireload          tcbn28hpcplusbwp12t30p140lvtssg0p81v125c
  BriskKvAttentionTop
                     ZeroWireload          tcbn28hpcplusbwp12t30p140lvtssg0p81v125c

  Point                                       Fanout     Trans      Incr       Path
  ------------------------------------------------------------------------------------
  clock clk (rise edge)                                             0.00       0.00
  clock network delay (ideal)                                       0.00       0.00
  softmaxV/accumulator/weightPacketReg_weights_10_reg[2]/CP (DFQD1BWP12T30P140LVT)
                                                          0.00      0.00 #     0.00 r
  softmaxV/accumulator/weightPacketReg_weights_10_reg[2]/Q (DFQD1BWP12T30P140LVT)
                                                          0.04      0.06       0.06 f
  softmaxV/accumulator/weightPacketReg_weights_10[2] (net)
                                               22                   0.00       0.06 f
  U6696/ZN (INVD1BWP12T30P140LVT)                         0.05      0.04       0.10 r
  n20919 (net)                                 25                   0.00       0.10 r
  U6695/ZN (MAOI22D0BWP12T30P140LVT)                      0.03      0.03       0.13 r
  n19893 (net)                                  2                   0.00       0.13 r
  U25229/ZN (ND2D0BWP12T30P140LVT)                        0.07      0.04       0.17 f
  n29128 (net)                                 13                   0.00       0.17 f
  U25230/ZN (INVD0BWP12T30P140LVT)                        0.04      0.03       0.21 r
  n27425 (net)                                  6                   0.00       0.21 r
  U25232/ZN (AOI222D1BWP12T30P140LVT)                     0.05      0.02       0.22 f
  n19894 (net)                                  1                   0.00       0.22 f
  U25233/ZN (MUX2ND0BWP12T30P140LVT)                      0.03      0.03       0.25 r
  n22532 (net)                                  1                   0.00       0.25 r
  U8996/CO (HA1D0BWP12T30P140LVT)                         0.02      0.03       0.27 r
  n23358 (net)                                  1                   0.00       0.27 r
  U11586/CO (HA1D0BWP12T30P140LVT)                        0.01      0.02       0.30 r
  n22684 (net)                                  1                   0.00       0.30 r
  U8990/CO (FA1D0BWP12T30P140LVT)                         0.02      0.03       0.33 r
  n22918 (net)                                  1                   0.00       0.33 r
  U28460/CO (FA1D1BWP12T30P140LVT)                        0.01      0.03       0.36 r
  n23155 (net)                                  1                   0.00       0.36 r
  U11572/CO (FA1D0BWP12T30P140LVT)                        0.02      0.03       0.39 r
  n23437 (net)                                  1                   0.00       0.39 r
  U8988/CO (FA1D0BWP12T30P140LVT)                         0.02      0.04       0.43 r
  n23721 (net)                                  1                   0.00       0.43 r
  U28916/CO (FA1D1BWP12T30P140LVT)                        0.01      0.03       0.45 r
  n23410 (net)                                  1                   0.00       0.45 r
  U8981/CO (FA1D0BWP12T30P140LVT)                         0.02      0.03       0.48 r
  n25299 (net)                                  1                   0.00       0.48 r
  U11679/CO (FA1D0BWP12T30P140LVT)                        0.02      0.04       0.52 r
  n26106 (net)                                  1                   0.00       0.52 r
  U8869/CO (FA1D0BWP12T30P140LVT)                         0.02      0.04       0.56 r
  n25497 (net)                                  1                   0.00       0.56 r
  U30761/CO (FA1D1BWP12T30P140LVT)                        0.01      0.03       0.58 r
  n26357 (net)                                  1                   0.00       0.58 r
  U8865/CO (FA1D0BWP12T30P140LVT)                         0.02      0.03       0.61 r
  n26788 (net)                                  1                   0.00       0.61 r
  U11539/CO (FA1D0BWP12T30P140LVT)                        0.02      0.04       0.65 r
  n27427 (net)                                  1                   0.00       0.65 r
  U8854/CO (FA1D0BWP12T30P140LVT)                         0.02      0.04       0.68 r
  n28048 (net)                                  1                   0.00       0.68 r
  U11532/CO (FA1D0BWP12T30P140LVT)                        0.02      0.04       0.72 r
  n28577 (net)                                  1                   0.00       0.72 r
  U8847/CO (FA1D0BWP12T30P140LVT)                         0.02      0.04       0.75 r
  n29153 (net)                                  1                   0.00       0.75 r
  U6608/CO (FA1D1BWP12T30P140LVT)                         0.01      0.03       0.78 r
  n29879 (net)                                  1                   0.00       0.78 r
  U4260/CO (FA1D1BWP12T30P140LVT)                         0.01      0.02       0.80 r
  n31184 (net)                                  1                   0.00       0.80 r
  U11206/CO (FA1D0BWP12T30P140LVT)                        0.02      0.03       0.84 r
  n31114 (net)                                  1                   0.00       0.84 r
  U11227/CO (FA1D0BWP12T30P140LVT)                        0.02      0.04       0.87 r
  n30196 (net)                                  1                   0.00       0.87 r
  U11514/CO (FA1D0BWP12T30P140LVT)                        0.02      0.04       0.91 r
  n31380 (net)                                  1                   0.00       0.91 r
  U8821/CO (FA1D0BWP12T30P140LVT)                         0.02      0.04       0.94 r
  n31793 (net)                                  1                   0.00       0.94 r
  U11509/CO (FA1D0BWP12T30P140LVT)                        0.02      0.04       0.98 r
  n32366 (net)                                  1                   0.00       0.98 r
  U8817/CO (FA1D0BWP12T30P140LVT)                         0.02      0.04       1.01 r
  n33657 (net)                                  1                   0.00       1.01 r
  U11506/CO (FA1D0BWP12T30P140LVT)                        0.02      0.04       1.05 r
  n34897 (net)                                  1                   0.00       1.05 r
  U8814/CO (FA1D0BWP12T30P140LVT)                         0.02      0.04       1.08 r
  n35258 (net)                                  1                   0.00       1.08 r
  U6607/CO (FA1D1BWP12T30P140LVT)                         0.01      0.03       1.11 r
  n35552 (net)                                  1                   0.00       1.11 r
  U6606/CO (FA1D1BWP12T30P140LVT)                         0.01      0.02       1.13 r
  n35814 (net)                                  1                   0.00       1.13 r
  U6605/CO (FA1D1BWP12T30P140LVT)                         0.01      0.02       1.16 r
  n36074 (net)                                  1                   0.00       1.16 r
  U11051/CO (FA1D0BWP12T30P140LVT)                        0.02      0.03       1.19 r
  n36209 (net)                                  1                   0.00       1.19 r
  U8807/CO (FA1D0BWP12T30P140LVT)                         0.02      0.04       1.23 r
  n36389 (net)                                  1                   0.00       1.23 r
  U8804/CO (FA1D0BWP12T30P140LVT)                         0.02      0.04       1.26 r
  n36488 (net)                                  1                   0.00       1.26 r
  U11499/S (FA1D0BWP12T30P140LVT)                         0.01      0.05       1.31 f
  n36392 (net)                                  1                   0.00       1.31 f
  U37067/ZN (INR2D1BWP12T30P140LVT)                       0.03      0.02       1.33 f
  n36558 (net)                                  1                   0.00       1.33 f
  U37124/S (FA1D1BWP12T30P140LVT)                         0.02      0.06       1.39 r
  n36537 (net)                                  3                   0.00       1.39 r
  U1804/Z (CKXOR2D0BWP12T30P140LVT)                       0.01      0.02       1.41 f
  n4220 (net)                                   1                   0.00       1.41 f
  U1769/Z (XOR2D1BWP12T30P140LVT)                         0.01      0.03       1.44 r
  n36452 (net)                                  1                   0.00       1.44 r
  U37090/S (FA1D1BWP12T30P140LVT)                         0.02      0.05       1.49 f
  n36515 (net)                                  2                   0.00       1.49 f
  U3526/ZN (OAI21D1BWP12T30P140LVT)                       0.01      0.01       1.50 r
  n898 (net)                                    1                   0.00       1.50 r
  U3501/ZN (IOA21D1BWP12T30P140LVT)                       0.02      0.01       1.51 f
  n36602 (net)                                  1                   0.00       1.51 f
  U37136/S (FA1D1BWP12T30P140LVT)                         0.02      0.05       1.56 r
  n37476 (net)                                  1                   0.00       1.56 r
  U37808/CO (FA1D1BWP12T30P140LVT)                        0.01      0.03       1.59 r
  n36634 (net)                                  1                   0.00       1.59 r
  U37146/CO (FA1OPTCD2BWP12T30P140LVT)                    0.01      0.02       1.60 r
  n36651 (net)                                  1                   0.00       1.60 r
  U37152/CO (FA1D1BWP12T30P140LVT)                        0.01      0.03       1.63 r
  n36662 (net)                                  1                   0.00       1.63 r
  U37158/CO (FA1OPTCD2BWP12T30P140LVT)                    0.01      0.02       1.65 r
  n36670 (net)                                  1                   0.00       1.65 r
  U14007/CO (FA1OPTCD2BWP12T30P140LVT)                    0.01      0.02       1.67 r
  n36678 (net)                                  1                   0.00       1.67 r
  U37167/CO (FA1OPTCD2BWP12T30P140LVT)                    0.01      0.02       1.69 r
  n36686 (net)                                  1                   0.00       1.69 r
  U13980/CO (FA1OPTCD2BWP12T30P140LVT)                    0.01      0.02       1.71 r
  n36694 (net)                                  1                   0.00       1.71 r
  U13979/CO (FA1OPTCD2BWP12T30P140LVT)                    0.01      0.02       1.72 r
  n36702 (net)                                  1                   0.00       1.72 r
  U37180/CO (FA1OPTCD2BWP12T30P140LVT)                    0.01      0.02       1.74 r
  n36710 (net)                                  1                   0.00       1.74 r
  U6684/CO (FA1OPTCD2BWP12T30P140LVT)                     0.01      0.02       1.76 r
  n36718 (net)                                  1                   0.00       1.76 r
  U37189/CO (FA1OPTCD2BWP12T30P140LVT)                    0.01      0.02       1.78 r
  n36726 (net)                                  1                   0.00       1.78 r
  U6658/CO (FA1OPTCD2BWP12T30P140LVT)                     0.01      0.02       1.80 r
  n36734 (net)                                  1                   0.00       1.80 r
  U37199/CO (FA1OPTCD2BWP12T30P140LVT)                    0.01      0.02       1.82 r
  n36742 (net)                                  1                   0.00       1.82 r
  U14010/CO (FA1OPTCD2BWP12T30P140LVT)                    0.01      0.02       1.84 r
  n36750 (net)                                  2                   0.00       1.84 r
  U3209/ZN (AOI21OPTPBD1BWP12T30P140LVT)                  0.01      0.01       1.85 f
  n907 (net)                                    1                   0.00       1.85 f
  U314/Z (CKXOR2D1BWP12T30P140LVT)                        0.01      0.02       1.87 r
  n36757 (net)                                  2                   0.00       1.87 r
  U5134/ZN (CKND2D1BWP12T30P140LVT)                       0.03      0.01       1.88 f
  n906 (net)                                    1                   0.00       1.88 f
  U3158/ZN (ND2D1BWP12T30P140LVT)                         0.01      0.01       1.89 r
  softmaxV/accumulator/n440 (net)               1                   0.00       1.89 r
  softmaxV/accumulator/outputReg_value_reg[49]/D (DFQD2BWP12T30P140LVT)
                                                          0.01      0.00       1.89 r
  data arrival time                                                            1.89

  clock clk (rise edge)                                             2.00       2.00
  clock network delay (ideal)                                       0.00       2.00
  clock uncertainty                                                -0.10       1.90
  softmaxV/accumulator/outputReg_value_reg[49]/CP (DFQD2BWP12T30P140LVT)
                                                                    0.00       1.90 r
  library setup time                                               -0.01       1.89
  data required time                                                           1.89
  ------------------------------------------------------------------------------------
  data required time                                                           1.89
  data arrival time                                                           -1.89
  ------------------------------------------------------------------------------------
  slack (MET)                                                                  0.00


  Startpoint: scaleSoftmax/softmax/packCountReg_reg[0]
              (rising edge-triggered flip-flop clocked by clk)
  Endpoint: scaleSoftmax/softmax/globalMaximum_reg[1]
            (rising edge-triggered flip-flop clocked by clk)
  Path Group: clk
  Path Type: max

  Des/Clust/Port     Wire Load Model       Library
  ------------------------------------------------
  PackDescriptorDecoder_1
                     ZeroWireload          tcbn28hpcplusbwp12t30p140lvtssg0p81v125c
  PackDescriptorDecoder
                     ZeroWireload          tcbn28hpcplusbwp12t30p140lvtssg0p81v125c
  BufferedPackMetadataDequantizer_1
                     ZeroWireload          tcbn28hpcplusbwp12t30p140lvtssg0p81v125c
  DynamicBitUnpacker_1
                     ZeroWireload          tcbn28hpcplusbwp12t30p140lvtssg0p81v125c
  BufferedPackMetadataDequantizer
                     ZeroWireload          tcbn28hpcplusbwp12t30p140lvtssg0p81v125c
  DynamicBitUnpacker ZeroWireload          tcbn28hpcplusbwp12t30p140lvtssg0p81v125c
  KvStreamDequantizer_1
                     ZeroWireload          tcbn28hpcplusbwp12t30p140lvtssg0p81v125c
  KvStreamDequantizer
                     ZeroWireload          tcbn28hpcplusbwp12t30p140lvtssg0p81v125c
  DecompressionPipelineController_1
                     ZeroWireload          tcbn28hpcplusbwp12t30p140lvtssg0p81v125c
  DecompressionPipelineController
                     ZeroWireload          tcbn28hpcplusbwp12t30p140lvtssg0p81v125c
  QkDotProductAccumulator
                     ZeroWireload          tcbn28hpcplusbwp12t30p140lvtssg0p81v125c
  StreamingSoftmax   ZeroWireload          tcbn28hpcplusbwp12t30p140lvtssg0p81v125c
  AttentionScaleUnit ZeroWireload          tcbn28hpcplusbwp12t30p140lvtssg0p81v125c
  BriskKvAttentionTop
                     ZeroWireload          tcbn28hpcplusbwp12t30p140lvtssg0p81v125c

  Point                                       Fanout     Trans      Incr       Path
  ------------------------------------------------------------------------------------
  clock clk (rise edge)                                             0.00       0.00
  clock network delay (ideal)                                       0.00       0.00
  scaleSoftmax/softmax/packCountReg_reg[0]/CP (DFQD2BWP12T30P140LVT)
                                                          0.00      0.00 #     0.00 r
  scaleSoftmax/softmax/packCountReg_reg[0]/Q (DFQD2BWP12T30P140LVT)
                                                          0.01      0.05       0.05 f
  scaleSoftmax/softmax/packCountReg[0] (net)
                                                9                   0.00       0.05 f
  scaleSoftmax/softmax/U435/ZN (NR3OPTPAD2BWP12T30P140LVT)
                                                          0.01      0.01       0.06 r
  scaleSoftmax/softmax/n9649 (net)              2                   0.00       0.06 r
  scaleSoftmax/softmax/U431/ZN (CKND2D1BWP12T30P140LVT)
                                                          0.01      0.01       0.07 f
  scaleSoftmax/softmax/n9642 (net)              2                   0.00       0.07 f
  scaleSoftmax/softmax/U12736/ZN (NR2D1BWP12T30P140LVT)
                                                          0.02      0.01       0.09 r
  scaleSoftmax/softmax/n9651 (net)              2                   0.00       0.09 r
  scaleSoftmax/softmax/U12737/ZN (ND2D1BWP12T30P140LVT)
                                                          0.02      0.01       0.10 f
  scaleSoftmax/softmax/n9636 (net)              2                   0.00       0.10 f
  scaleSoftmax/softmax/U12738/ZN (NR2D1BWP12T30P140LVT)
                                                          0.02      0.01       0.12 r
  scaleSoftmax/softmax/n9644 (net)              2                   0.00       0.12 r
  scaleSoftmax/softmax/U12739/ZN (ND2D1BWP12T30P140LVT)
                                                          0.02      0.01       0.13 f
  scaleSoftmax/softmax/n9646 (net)              2                   0.00       0.13 f
  scaleSoftmax/softmax/U12740/ZN (NR2D1BWP12T30P140LVT)
                                                          0.02      0.01       0.14 r
  scaleSoftmax/softmax/n9638 (net)              2                   0.00       0.14 r
  scaleSoftmax/softmax/U12741/ZN (ND2D1BWP12T30P140LVT)
                                                          0.02      0.01       0.16 f
  scaleSoftmax/softmax/n9629 (net)              2                   0.00       0.16 f
  scaleSoftmax/softmax/U12742/ZN (NR2D1BWP12T30P140LVT)
                                                          0.02      0.01       0.17 r
  scaleSoftmax/softmax/n9640 (net)              2                   0.00       0.17 r
  scaleSoftmax/softmax/U12743/ZN (ND2D1BWP12T30P140LVT)
                                                          0.02      0.01       0.19 f
  scaleSoftmax/softmax/n9633 (net)              2                   0.00       0.19 f
  scaleSoftmax/softmax/U12744/ZN (NR2D1BWP12T30P140LVT)
                                                          0.02      0.01       0.20 r
  scaleSoftmax/softmax/n9631 (net)              2                   0.00       0.20 r
  scaleSoftmax/softmax/U410/ZN (CKND2D1BWP12T30P140LVT)
                                                          0.01      0.01       0.21 f
  scaleSoftmax/softmax/n9622 (net)              2                   0.00       0.21 f
  scaleSoftmax/softmax/U12745/ZN (NR2D1BWP12T30P140LVT)
                                                          0.02      0.01       0.23 r
  scaleSoftmax/softmax/n9615 (net)              2                   0.00       0.23 r
  scaleSoftmax/softmax/U409/ZN (CKND2D1BWP12T30P140LVT)
                                                          0.01      0.01       0.24 f
  scaleSoftmax/softmax/n9624 (net)              2                   0.00       0.24 f
  scaleSoftmax/softmax/U12746/ZN (NR2D1BWP12T30P140LVT)
                                                          0.02      0.01       0.25 r
  scaleSoftmax/softmax/n9626 (net)              2                   0.00       0.25 r
  scaleSoftmax/softmax/U734/ZN (CKND2D1BWP12T30P140LVT)
                                                          0.01      0.01       0.26 f
  scaleSoftmax/softmax/n9608 (net)              2                   0.00       0.26 f
  scaleSoftmax/softmax/U12747/ZN (NR2D1BWP12T30P140LVT)
                                                          0.02      0.01       0.28 r
  scaleSoftmax/softmax/n9617 (net)              2                   0.00       0.28 r
  scaleSoftmax/softmax/U729/ZN (CKND2D1BWP12T30P140LVT)
                                                          0.01      0.01       0.29 f
  scaleSoftmax/softmax/n9619 (net)              2                   0.00       0.29 f
  scaleSoftmax/softmax/U12748/ZN (NR2D1BWP12T30P140LVT)
                                                          0.02      0.01       0.30 r
  scaleSoftmax/softmax/n9610 (net)              2                   0.00       0.30 r
  scaleSoftmax/softmax/U723/ZN (CKND2D1BWP12T30P140LVT)
                                                          0.01      0.01       0.31 f
  scaleSoftmax/softmax/n9601 (net)              2                   0.00       0.31 f
  scaleSoftmax/softmax/U721/ZN (NR2D1BWP12T30P140LVT)     0.02      0.01       0.33 r
  scaleSoftmax/softmax/n9612 (net)              2                   0.00       0.33 r
  scaleSoftmax/softmax/U12759/ZN (MUX2ND0BWP12T30P140LVT)
                                                          0.03      0.03       0.36 r
  scaleSoftmax/softmax/n9745 (net)              4                   0.00       0.36 r
  scaleSoftmax/softmax/U3161/ZN (OAI22D0BWP12T30P140LVT)
                                                          0.02      0.02       0.37 f
  scaleSoftmax/softmax/n9614 (net)              1                   0.00       0.37 f
  scaleSoftmax/softmax/U12760/ZN (AOI221D1BWP12T30P140LVT)
                                                          0.03      0.02       0.40 r
  scaleSoftmax/softmax/n9677 (net)              1                   0.00       0.40 r
  scaleSoftmax/softmax/U12800/ZN (OAI211D1BWP12T30P140LVT)
                                                          0.03      0.02       0.42 f
  scaleSoftmax/softmax/n9678 (net)              1                   0.00       0.42 f
  scaleSoftmax/softmax/U12801/ZN (AOI21D1BWP12T30P140LVT)
                                                          0.02      0.02       0.44 r
  scaleSoftmax/softmax/n9679 (net)              1                   0.00       0.44 r
  scaleSoftmax/softmax/U12802/ZN (OAI211D1BWP12T30P140LVT)
                                                          0.03      0.02       0.46 f
  scaleSoftmax/softmax/n9681 (net)              1                   0.00       0.46 f
  scaleSoftmax/softmax/U12803/ZN (AOI21D1BWP12T30P140LVT)
                                                          0.02      0.02       0.47 r
  scaleSoftmax/softmax/n9685 (net)              1                   0.00       0.47 r
  scaleSoftmax/softmax/U12805/ZN (OAI211D1BWP12T30P140LVT)
                                                          0.03      0.02       0.49 f
  scaleSoftmax/softmax/n9686 (net)              1                   0.00       0.49 f
  scaleSoftmax/softmax/U12806/ZN (AOI21D1BWP12T30P140LVT)
                                                          0.02      0.02       0.51 r
  scaleSoftmax/softmax/n9689 (net)              1                   0.00       0.51 r
  scaleSoftmax/softmax/U12808/ZN (OAI211D1BWP12T30P140LVT)
                                                          0.03      0.02       0.53 f
  scaleSoftmax/softmax/n9690 (net)              1                   0.00       0.53 f
  scaleSoftmax/softmax/U4195/ZN (AOI21OPTREPBD1BWP12T30P140LVT)
                                                          0.03      0.02       0.55 r
  scaleSoftmax/softmax/n25646 (net)             7                   0.00       0.55 r
  scaleSoftmax/softmax/U704/ZN (CKND2D1BWP12T30P140LVT)
                                                          0.02      0.01       0.57 f
  scaleSoftmax/softmax/n25680 (net)             3                   0.00       0.57 f
  scaleSoftmax/softmax/U12809/ZN (INVD1BWP12T30P140LVT)
                                                          0.01      0.01       0.57 r
  scaleSoftmax/softmax/expectedValidTokens[3] (net)
                                                2                   0.00       0.57 r
  scaleSoftmax/softmax/U26109/ZN (INR2D1BWP12T30P140LVT)
                                                          0.01      0.01       0.58 f
  scaleSoftmax/softmax/n21278 (net)             1                   0.00       0.58 f
  scaleSoftmax/softmax/U26110/ZN (INVD1BWP12T30P140LVT)
                                                          0.01      0.01       0.59 r
  scaleSoftmax/softmax/n23477 (net)             3                   0.00       0.59 r
  scaleSoftmax/softmax/U691/ZN (INVD3BWP12T30P140LVT)     0.04      0.03       0.62 f
  scaleSoftmax/softmax/n21415 (net)            46                   0.00       0.62 f
  scaleSoftmax/softmax/U26268/ZN (ND2OPTFAD4BWP12T30P140LVT)
                                                          0.03      0.03       0.64 r
  scaleSoftmax/softmax/n21999 (net)            47                   0.00       0.64 r
  scaleSoftmax/softmax/U26269/ZN (OAI21D1BWP12T30P140LVT)
                                                          0.20      0.11       0.76 f
  scaleSoftmax/softmax/n21422 (net)            44                   0.00       0.76 f
  scaleSoftmax/softmax/U26343/ZN (INR2D1BWP12T30P140LVT)
                                                          0.05      0.03       0.79 r
  scaleSoftmax/softmax/n21719 (net)             2                   0.00       0.79 r
  scaleSoftmax/softmax/U26344/ZN (INVD0BWP12T30P140LVT)
                                                          0.02      0.01       0.81 f
  scaleSoftmax/softmax/n21462 (net)             3                   0.00       0.81 f
  scaleSoftmax/softmax/U26353/ZN (OAI21D0BWP12T30P140LVT)
                                                          0.02      0.02       0.82 r
  scaleSoftmax/softmax/n21463 (net)             1                   0.00       0.82 r
  scaleSoftmax/softmax/U26354/ZN (MOAI22D0BWP12T30P140LVT)
                                                          0.02      0.01       0.84 f
  scaleSoftmax/softmax/n21464 (net)             1                   0.00       0.84 f
  scaleSoftmax/softmax/U26355/ZN (AOI31D1BWP12T30P140LVT)
                                                          0.02      0.02       0.86 r
  scaleSoftmax/softmax/n21468 (net)             1                   0.00       0.86 r
  scaleSoftmax/softmax/U26356/ZN (AOI211D1BWP12T30P140LVT)
                                                          0.02      0.01       0.87 f
  scaleSoftmax/softmax/n21479 (net)             1                   0.00       0.87 f
  scaleSoftmax/softmax/U1321/ZN (AOI221D0BWP12T30P140LVT)
                                                          0.03      0.02       0.89 r
  scaleSoftmax/softmax/n21506 (net)             1                   0.00       0.89 r
  scaleSoftmax/softmax/U2562/ZN (OAI31D0BWP12T30P140LVT)
                                                          0.03      0.02       0.91 f
  scaleSoftmax/softmax/n21509 (net)             1                   0.00       0.91 f
  scaleSoftmax/softmax/U26403/ZN (ND3D1BWP12T30P140LVT)
                                                          0.01      0.01       0.92 r
  scaleSoftmax/softmax/n21517 (net)             1                   0.00       0.92 r
  scaleSoftmax/softmax/U326/ZN (AOI32D0BWP12T30P140LVT)
                                                          0.03      0.02       0.94 f
  scaleSoftmax/softmax/n21550 (net)             1                   0.00       0.94 f
  scaleSoftmax/softmax/U26413/ZN (AOI21D1BWP12T30P140LVT)
                                                          0.02      0.02       0.95 r
  scaleSoftmax/softmax/n21562 (net)             1                   0.00       0.95 r
  scaleSoftmax/softmax/U582/Z (BUFFD3BWP12T30P140LVT)     0.05      0.04       1.00 r
  scaleSoftmax/softmax/n21 (net)               44                   0.00       1.00 r
  scaleSoftmax/softmax/U6283/Z (CKMUX2D0BWP12T30P140LVT)
                                                          0.01      0.03       1.03 f
  scaleSoftmax/softmax/n22618 (net)             2                   0.00       1.03 f
  scaleSoftmax/softmax/U26465/ZN (INR2D1BWP12T30P140LVT)
                                                          0.01      0.02       1.04 f
  scaleSoftmax/softmax/n21729 (net)             1                   0.00       1.04 f
  scaleSoftmax/softmax/U2302/ZN (MAOI222D0BWP12T30P140LVT)
                                                          0.03      0.02       1.06 r
  scaleSoftmax/softmax/n21734 (net)             1                   0.00       1.06 r
  scaleSoftmax/softmax/U26468/ZN (AOI31D1BWP12T30P140LVT)
                                                          0.02      0.02       1.08 f
  scaleSoftmax/softmax/n21737 (net)             1                   0.00       1.08 f
  scaleSoftmax/softmax/U26469/ZN (AOI211D1BWP12T30P140LVT)
                                                          0.02      0.02       1.10 r
  scaleSoftmax/softmax/n21756 (net)             1                   0.00       1.10 r
  scaleSoftmax/softmax/U300/ZN (AOI221D1BWP12T30P140LVT)
                                                          0.03      0.01       1.11 f
  scaleSoftmax/softmax/n21815 (net)             1                   0.00       1.11 f
  scaleSoftmax/softmax/U26502/ZN (OAI31D1BWP12T30P140LVT)
                                                          0.02      0.02       1.13 r
  scaleSoftmax/softmax/n21818 (net)             1                   0.00       1.13 r
  scaleSoftmax/softmax/U26504/ZN (ND3D1BWP12T30P140LVT)
                                                          0.02      0.02       1.15 f
  scaleSoftmax/softmax/n21826 (net)             1                   0.00       1.15 f
  scaleSoftmax/softmax/U514/ZN (AOI32D1BWP12T30P140LVT)
                                                          0.03      0.02       1.17 r
  scaleSoftmax/softmax/n21859 (net)             1                   0.00       1.17 r
  scaleSoftmax/softmax/U290/ZN (AOI21OPTPBD2BWP12T30P140LVT)
                                                          0.03      0.02       1.19 f
  scaleSoftmax/softmax/n22659 (net)             9                   0.00       1.19 f
  scaleSoftmax/softmax/U285/Z (BUFFXD6BWP12T30P140LVT)
                                                          0.02      0.03       1.22 f
  scaleSoftmax/softmax/n18 (net)               36                   0.00       1.22 f
  scaleSoftmax/softmax/U26900/Z (CKMUX2D0BWP12T30P140LVT)
                                                          0.02      0.03       1.25 r
  scaleSoftmax/softmax/n24576 (net)             4                   0.00       1.25 r
  scaleSoftmax/softmax/U26901/ZN (MAOI22D1BWP12T30P140LVT)
                                                          0.02      0.02       1.27 r
  scaleSoftmax/softmax/n22702 (net)             2                   0.00       1.27 r
  scaleSoftmax/softmax/U26903/ZN (OAI211D1BWP12T30P140LVT)
                                                          0.03      0.02       1.29 f
  scaleSoftmax/softmax/n22704 (net)             2                   0.00       1.29 f
  scaleSoftmax/softmax/U26908/ZN (AOI221D1BWP12T30P140LVT)
                                                          0.03      0.03       1.32 r
  scaleSoftmax/softmax/n22700 (net)             1                   0.00       1.32 r
  scaleSoftmax/softmax/U26911/ZN (AOI211D1BWP12T30P140LVT)
                                                          0.02      0.01       1.33 f
  scaleSoftmax/softmax/n22703 (net)             1                   0.00       1.33 f
  scaleSoftmax/softmax/U26912/ZN (OAI31D1BWP12T30P140LVT)
                                                          0.02      0.01       1.34 r
  scaleSoftmax/softmax/n22709 (net)             1                   0.00       1.34 r
  scaleSoftmax/softmax/U481/ZN (ND3D1BWP12T30P140LVT)     0.02      0.02       1.36 f
  scaleSoftmax/softmax/n22717 (net)             1                   0.00       1.36 f
  scaleSoftmax/softmax/U480/ZN (AOI32D1BWP12T30P140LVT)
                                                          0.02      0.02       1.38 r
  scaleSoftmax/softmax/n22747 (net)             1                   0.00       1.38 r
  scaleSoftmax/softmax/U26921/ZN (AOI21D1BWP12T30P140LVT)
                                                          0.02      0.01       1.39 f
  scaleSoftmax/softmax/n24299 (net)             1                   0.00       1.39 f
  scaleSoftmax/softmax/U479/Z (BUFFD6BWP12T30P140LVT)     0.03      0.03       1.42 f
  scaleSoftmax/softmax/n14 (net)               88                   0.00       1.42 f
  scaleSoftmax/softmax/U27714/ZN (ND2D0BWP12T30P140LVT)
                                                          0.01      0.01       1.43 r
  scaleSoftmax/softmax/n24491 (net)             1                   0.00       1.43 r
  scaleSoftmax/softmax/U27715/ZN (OAI21D0BWP12T30P140LVT)
                                                          0.02      0.02       1.44 f
  scaleSoftmax/softmax/n24782 (net)             2                   0.00       1.44 f
  scaleSoftmax/softmax/U27718/ZN (INR2D1BWP12T30P140LVT)
                                                          0.01      0.02       1.46 f
  scaleSoftmax/softmax/n24497 (net)             1                   0.00       1.46 f
  scaleSoftmax/softmax/U27719/ZN (MAOI222D0BWP12T30P140LVT)
                                                          0.03      0.02       1.48 r
  scaleSoftmax/softmax/n24501 (net)             1                   0.00       1.48 r
  scaleSoftmax/softmax/U27722/ZN (AOI31D1BWP12T30P140LVT)
                                                          0.02      0.02       1.50 f
  scaleSoftmax/softmax/n24504 (net)             1                   0.00       1.50 f
  scaleSoftmax/softmax/U915/ZN (AOI211D1BWP12T30P140LVT)
                                                          0.02      0.02       1.52 r
  scaleSoftmax/softmax/n24527 (net)             1                   0.00       1.52 r
  scaleSoftmax/softmax/U236/ZN (AOI221D1BWP12T30P140LVT)
                                                          0.03      0.01       1.53 f
  scaleSoftmax/softmax/n24609 (net)             1                   0.00       1.53 f
  scaleSoftmax/softmax/U27760/ZN (OAI31D1BWP12T30P140LVT)
                                                          0.02      0.02       1.55 r
  scaleSoftmax/softmax/n24611 (net)             1                   0.00       1.55 r
  scaleSoftmax/softmax/U27762/ZN (ND3D1BWP12T30P140LVT)
                                                          0.02      0.02       1.57 f
  scaleSoftmax/softmax/n24618 (net)             1                   0.00       1.57 f
  scaleSoftmax/softmax/U27766/ZN (AOI32D1BWP12T30P140LVT)
                                                          0.02      0.02       1.59 r
  scaleSoftmax/softmax/n24645 (net)             1                   0.00       1.59 r
  scaleSoftmax/softmax/U235/ZN (AOI21OPTPBD1BWP12T30P140LVT)
                                                          0.02      0.01       1.60 f
  scaleSoftmax/softmax/n24649 (net)             1                   0.00       1.60 f
  scaleSoftmax/softmax/U234/Z (BUFFD8BWP12T30P140LVT)     0.02      0.03       1.63 f
  scaleSoftmax/softmax/n13 (net)               87                   0.00       1.63 f
  scaleSoftmax/softmax/U181/ZN (NR2D0BWP12T30P140LVT)     0.02      0.02       1.64 r
  scaleSoftmax/softmax/n24784 (net)             1                   0.00       1.64 r
  scaleSoftmax/softmax/U27847/ZN (AOI21D1BWP12T30P140LVT)
                                                          0.02      0.01       1.65 f
  scaleSoftmax/softmax/n24945 (net)             2                   0.00       1.65 f
  scaleSoftmax/softmax/U27848/ZN (INR2D1BWP12T30P140LVT)
                                                          0.01      0.02       1.67 f
  scaleSoftmax/softmax/n24786 (net)             1                   0.00       1.67 f
  scaleSoftmax/softmax/U27849/ZN (MAOI222D0BWP12T30P140LVT)
                                                          0.03      0.02       1.69 r
  scaleSoftmax/softmax/n24791 (net)             1                   0.00       1.69 r
  scaleSoftmax/softmax/U27851/ZN (AOI31D1BWP12T30P140LVT)
                                                          0.02      0.02       1.71 f
  scaleSoftmax/softmax/n24794 (net)             1                   0.00       1.71 f
  scaleSoftmax/softmax/U27852/ZN (AOI211D1BWP12T30P140LVT)
                                                          0.02      0.02       1.73 r
  scaleSoftmax/softmax/n24810 (net)             1                   0.00       1.73 r
  scaleSoftmax/softmax/U27857/ZN (AOI221D1BWP12T30P140LVT)
                                                          0.03      0.01       1.74 f
  scaleSoftmax/softmax/n24855 (net)             1                   0.00       1.74 f
  scaleSoftmax/softmax/U27882/ZN (OAI31D1BWP12T30P140LVT)
                                                          0.02      0.02       1.76 r
  scaleSoftmax/softmax/n24858 (net)             1                   0.00       1.76 r
  scaleSoftmax/softmax/U27884/ZN (ND3D1BWP12T30P140LVT)
                                                          0.02      0.02       1.78 f
  scaleSoftmax/softmax/n24866 (net)             1                   0.00       1.78 f
  scaleSoftmax/softmax/U27887/ZN (AOI32D1BWP12T30P140LVT)
                                                          0.02      0.02       1.79 r
  scaleSoftmax/softmax/n24898 (net)             1                   0.00       1.79 r
  scaleSoftmax/softmax/U444/ZN (AOI21OPTPBD1BWP12T30P140LVT)
                                                          0.02      0.01       1.80 f
  scaleSoftmax/softmax/n24900 (net)             1                   0.00       1.80 f
  scaleSoftmax/softmax/U443/ZN (INR2D4BWP12T30P140LVT)
                                                          0.03      0.03       1.83 f
  scaleSoftmax/softmax/n25437 (net)            45                   0.00       1.83 f
  scaleSoftmax/softmax/U6/Z (OR2XD8BWP12T30P140LVT)       0.01      0.02       1.85 f
  scaleSoftmax/softmax/n24930 (net)             4                   0.00       1.85 f
  scaleSoftmax/softmax/U440/ZN (INVD2BWP12T30P140LVT)     0.01      0.01       1.86 r
  scaleSoftmax/softmax/n24946 (net)            14                   0.00       1.86 r
  scaleSoftmax/softmax/U5173/Z (AO22D0BWP12T30P140LVT)
                                                          0.01      0.02       1.88 r
  scaleSoftmax/softmax/n5520 (net)              1                   0.00       1.88 r
  scaleSoftmax/softmax/globalMaximum_reg[1]/D (DFQD4BWP12T30P140LVT)
                                                          0.01      0.00       1.88 r
  data arrival time                                                            1.88

  clock clk (rise edge)                                             2.00       2.00
  clock network delay (ideal)                                       0.00       2.00
  clock uncertainty                                                -0.10       1.90
  scaleSoftmax/softmax/globalMaximum_reg[1]/CP (DFQD4BWP12T30P140LVT)
                                                                    0.00       1.90 r
  library setup time                                               -0.02       1.88
  data required time                                                           1.88
  ------------------------------------------------------------------------------------
  data required time                                                           1.88
  data arrival time                                                           -1.88
  ------------------------------------------------------------------------------------
  slack (MET)                                                                  0.00


  Startpoint: scaleSoftmax/softmax/packCountReg_reg[0]
              (rising edge-triggered flip-flop clocked by clk)
  Endpoint: scaleSoftmax/softmax/globalMaximum_reg[0]
            (rising edge-triggered flip-flop clocked by clk)
  Path Group: clk
  Path Type: max

  Des/Clust/Port     Wire Load Model       Library
  ------------------------------------------------
  PackDescriptorDecoder_1
                     ZeroWireload          tcbn28hpcplusbwp12t30p140lvtssg0p81v125c
  PackDescriptorDecoder
                     ZeroWireload          tcbn28hpcplusbwp12t30p140lvtssg0p81v125c
  BufferedPackMetadataDequantizer_1
                     ZeroWireload          tcbn28hpcplusbwp12t30p140lvtssg0p81v125c
  DynamicBitUnpacker_1
                     ZeroWireload          tcbn28hpcplusbwp12t30p140lvtssg0p81v125c
  BufferedPackMetadataDequantizer
                     ZeroWireload          tcbn28hpcplusbwp12t30p140lvtssg0p81v125c
  DynamicBitUnpacker ZeroWireload          tcbn28hpcplusbwp12t30p140lvtssg0p81v125c
  KvStreamDequantizer_1
                     ZeroWireload          tcbn28hpcplusbwp12t30p140lvtssg0p81v125c
  KvStreamDequantizer
                     ZeroWireload          tcbn28hpcplusbwp12t30p140lvtssg0p81v125c
  DecompressionPipelineController_1
                     ZeroWireload          tcbn28hpcplusbwp12t30p140lvtssg0p81v125c
  DecompressionPipelineController
                     ZeroWireload          tcbn28hpcplusbwp12t30p140lvtssg0p81v125c
  QkDotProductAccumulator
                     ZeroWireload          tcbn28hpcplusbwp12t30p140lvtssg0p81v125c
  StreamingSoftmax   ZeroWireload          tcbn28hpcplusbwp12t30p140lvtssg0p81v125c
  AttentionScaleUnit ZeroWireload          tcbn28hpcplusbwp12t30p140lvtssg0p81v125c
  BriskKvAttentionTop
                     ZeroWireload          tcbn28hpcplusbwp12t30p140lvtssg0p81v125c

  Point                                       Fanout     Trans      Incr       Path
  ------------------------------------------------------------------------------------
  clock clk (rise edge)                                             0.00       0.00
  clock network delay (ideal)                                       0.00       0.00
  scaleSoftmax/softmax/packCountReg_reg[0]/CP (DFQD2BWP12T30P140LVT)
                                                          0.00      0.00 #     0.00 r
  scaleSoftmax/softmax/packCountReg_reg[0]/Q (DFQD2BWP12T30P140LVT)
                                                          0.01      0.05       0.05 f
  scaleSoftmax/softmax/packCountReg[0] (net)
                                                9                   0.00       0.05 f
  scaleSoftmax/softmax/U435/ZN (NR3OPTPAD2BWP12T30P140LVT)
                                                          0.01      0.01       0.06 r
  scaleSoftmax/softmax/n9649 (net)              2                   0.00       0.06 r
  scaleSoftmax/softmax/U431/ZN (CKND2D1BWP12T30P140LVT)
                                                          0.01      0.01       0.07 f
  scaleSoftmax/softmax/n9642 (net)              2                   0.00       0.07 f
  scaleSoftmax/softmax/U12736/ZN (NR2D1BWP12T30P140LVT)
                                                          0.02      0.01       0.09 r
  scaleSoftmax/softmax/n9651 (net)              2                   0.00       0.09 r
  scaleSoftmax/softmax/U12737/ZN (ND2D1BWP12T30P140LVT)
                                                          0.02      0.01       0.10 f
  scaleSoftmax/softmax/n9636 (net)              2                   0.00       0.10 f
  scaleSoftmax/softmax/U12738/ZN (NR2D1BWP12T30P140LVT)
                                                          0.02      0.01       0.12 r
  scaleSoftmax/softmax/n9644 (net)              2                   0.00       0.12 r
  scaleSoftmax/softmax/U12739/ZN (ND2D1BWP12T30P140LVT)
                                                          0.02      0.01       0.13 f
  scaleSoftmax/softmax/n9646 (net)              2                   0.00       0.13 f
  scaleSoftmax/softmax/U12740/ZN (NR2D1BWP12T30P140LVT)
                                                          0.02      0.01       0.14 r
  scaleSoftmax/softmax/n9638 (net)              2                   0.00       0.14 r
  scaleSoftmax/softmax/U12741/ZN (ND2D1BWP12T30P140LVT)
                                                          0.02      0.01       0.16 f
  scaleSoftmax/softmax/n9629 (net)              2                   0.00       0.16 f
  scaleSoftmax/softmax/U12742/ZN (NR2D1BWP12T30P140LVT)
                                                          0.02      0.01       0.17 r
  scaleSoftmax/softmax/n9640 (net)              2                   0.00       0.17 r
  scaleSoftmax/softmax/U12743/ZN (ND2D1BWP12T30P140LVT)
                                                          0.02      0.01       0.19 f
  scaleSoftmax/softmax/n9633 (net)              2                   0.00       0.19 f
  scaleSoftmax/softmax/U12744/ZN (NR2D1BWP12T30P140LVT)
                                                          0.02      0.01       0.20 r
  scaleSoftmax/softmax/n9631 (net)              2                   0.00       0.20 r
  scaleSoftmax/softmax/U410/ZN (CKND2D1BWP12T30P140LVT)
                                                          0.01      0.01       0.21 f
  scaleSoftmax/softmax/n9622 (net)              2                   0.00       0.21 f
  scaleSoftmax/softmax/U12745/ZN (NR2D1BWP12T30P140LVT)
                                                          0.02      0.01       0.23 r
  scaleSoftmax/softmax/n9615 (net)              2                   0.00       0.23 r
  scaleSoftmax/softmax/U409/ZN (CKND2D1BWP12T30P140LVT)
                                                          0.01      0.01       0.24 f
  scaleSoftmax/softmax/n9624 (net)              2                   0.00       0.24 f
  scaleSoftmax/softmax/U12746/ZN (NR2D1BWP12T30P140LVT)
                                                          0.02      0.01       0.25 r
  scaleSoftmax/softmax/n9626 (net)              2                   0.00       0.25 r
  scaleSoftmax/softmax/U734/ZN (CKND2D1BWP12T30P140LVT)
                                                          0.01      0.01       0.26 f
  scaleSoftmax/softmax/n9608 (net)              2                   0.00       0.26 f
  scaleSoftmax/softmax/U12747/ZN (NR2D1BWP12T30P140LVT)
                                                          0.02      0.01       0.28 r
  scaleSoftmax/softmax/n9617 (net)              2                   0.00       0.28 r
  scaleSoftmax/softmax/U729/ZN (CKND2D1BWP12T30P140LVT)
                                                          0.01      0.01       0.29 f
  scaleSoftmax/softmax/n9619 (net)              2                   0.00       0.29 f
  scaleSoftmax/softmax/U12748/ZN (NR2D1BWP12T30P140LVT)
                                                          0.02      0.01       0.30 r
  scaleSoftmax/softmax/n9610 (net)              2                   0.00       0.30 r
  scaleSoftmax/softmax/U723/ZN (CKND2D1BWP12T30P140LVT)
                                                          0.01      0.01       0.31 f
  scaleSoftmax/softmax/n9601 (net)              2                   0.00       0.31 f
  scaleSoftmax/softmax/U721/ZN (NR2D1BWP12T30P140LVT)     0.02      0.01       0.33 r
  scaleSoftmax/softmax/n9612 (net)              2                   0.00       0.33 r
  scaleSoftmax/softmax/U12759/ZN (MUX2ND0BWP12T30P140LVT)
                                                          0.03      0.03       0.36 r
  scaleSoftmax/softmax/n9745 (net)              4                   0.00       0.36 r
  scaleSoftmax/softmax/U3161/ZN (OAI22D0BWP12T30P140LVT)
                                                          0.02      0.02       0.37 f
  scaleSoftmax/softmax/n9614 (net)              1                   0.00       0.37 f
  scaleSoftmax/softmax/U12760/ZN (AOI221D1BWP12T30P140LVT)
                                                          0.03      0.02       0.40 r
  scaleSoftmax/softmax/n9677 (net)              1                   0.00       0.40 r
  scaleSoftmax/softmax/U12800/ZN (OAI211D1BWP12T30P140LVT)
                                                          0.03      0.02       0.42 f
  scaleSoftmax/softmax/n9678 (net)              1                   0.00       0.42 f
  scaleSoftmax/softmax/U12801/ZN (AOI21D1BWP12T30P140LVT)
                                                          0.02      0.02       0.44 r
  scaleSoftmax/softmax/n9679 (net)              1                   0.00       0.44 r
  scaleSoftmax/softmax/U12802/ZN (OAI211D1BWP12T30P140LVT)
                                                          0.03      0.02       0.46 f
  scaleSoftmax/softmax/n9681 (net)              1                   0.00       0.46 f
  scaleSoftmax/softmax/U12803/ZN (AOI21D1BWP12T30P140LVT)
                                                          0.02      0.02       0.47 r
  scaleSoftmax/softmax/n9685 (net)              1                   0.00       0.47 r
  scaleSoftmax/softmax/U12805/ZN (OAI211D1BWP12T30P140LVT)
                                                          0.03      0.02       0.49 f
  scaleSoftmax/softmax/n9686 (net)              1                   0.00       0.49 f
  scaleSoftmax/softmax/U12806/ZN (AOI21D1BWP12T30P140LVT)
                                                          0.02      0.02       0.51 r
  scaleSoftmax/softmax/n9689 (net)              1                   0.00       0.51 r
  scaleSoftmax/softmax/U12808/ZN (OAI211D1BWP12T30P140LVT)
                                                          0.03      0.02       0.53 f
  scaleSoftmax/softmax/n9690 (net)              1                   0.00       0.53 f
  scaleSoftmax/softmax/U4195/ZN (AOI21OPTREPBD1BWP12T30P140LVT)
                                                          0.03      0.02       0.55 r
  scaleSoftmax/softmax/n25646 (net)             7                   0.00       0.55 r
  scaleSoftmax/softmax/U703/ZN (INR2D1BWP12T30P140LVT)
                                                          0.01      0.02       0.57 r
  scaleSoftmax/softmax/n21277 (net)             2                   0.00       0.57 r
  scaleSoftmax/softmax/U12980/ZN (INVD1BWP12T30P140LVT)
                                                          0.02      0.01       0.59 f
  scaleSoftmax/softmax/n27786 (net)             5                   0.00       0.59 f
  scaleSoftmax/softmax/U26924/ZN (NR2D1BWP12T30P140LVT)
                                                          0.02      0.01       0.60 r
  scaleSoftmax/softmax/n23338 (net)             3                   0.00       0.60 r
  scaleSoftmax/softmax/U27235/ZN (ND2D1BWP12T30P140LVT)
                                                          0.02      0.01       0.61 f
  scaleSoftmax/softmax/n23478 (net)             2                   0.00       0.61 f
  scaleSoftmax/softmax/U27390/ZN (OAI21D1BWP12T30P140LVT)
                                                          0.17      0.10       0.71 r
  scaleSoftmax/softmax/n23484 (net)            44                   0.00       0.71 r
  scaleSoftmax/softmax/U27492/ZN (INR2D1BWP12T30P140LVT)
                                                          0.04      0.01       0.72 f
  scaleSoftmax/softmax/n23845 (net)             2                   0.00       0.72 f
  scaleSoftmax/softmax/U27493/ZN (INVD0BWP12T30P140LVT)
                                                          0.02      0.02       0.74 r
  scaleSoftmax/softmax/n23559 (net)             3                   0.00       0.74 r
  scaleSoftmax/softmax/U27494/ZN (MAOI22D1BWP12T30P140LVT)
                                                          0.02      0.02       0.76 r
  scaleSoftmax/softmax/n23564 (net)             2                   0.00       0.76 r
  scaleSoftmax/softmax/U1067/ZN (OAI211D0BWP12T30P140LVT)
                                                          0.03      0.02       0.79 f
  scaleSoftmax/softmax/n23566 (net)             2                   0.00       0.79 f
  scaleSoftmax/softmax/U383/ZN (AOI221D0BWP12T30P140LVT)
                                                          0.04      0.03       0.82 r
  scaleSoftmax/softmax/n23562 (net)             1                   0.00       0.82 r
  scaleSoftmax/softmax/U27504/ZN (AOI211D1BWP12T30P140LVT)
                                                          0.02      0.01       0.83 f
  scaleSoftmax/softmax/n23565 (net)             1                   0.00       0.83 f
  scaleSoftmax/softmax/U1550/ZN (OAI31D0BWP12T30P140LVT)
                                                          0.03      0.01       0.84 r
  scaleSoftmax/softmax/n23571 (net)             1                   0.00       0.84 r
  scaleSoftmax/softmax/U27506/ZN (ND3D1BWP12T30P140LVT)
                                                          0.02      0.02       0.86 f
  scaleSoftmax/softmax/n23579 (net)             1                   0.00       0.86 f
  scaleSoftmax/softmax/U27510/ZN (AOI32D1BWP12T30P140LVT)
                                                          0.02      0.02       0.88 r
  scaleSoftmax/softmax/n23612 (net)             1                   0.00       0.88 r
  scaleSoftmax/softmax/U27516/ZN (AOI21D2BWP12T30P140LVT)
                                                          0.14      0.08       0.96 f
  scaleSoftmax/softmax/n23852 (net)            44                   0.00       0.96 f
  scaleSoftmax/softmax/U27571/Z (CKMUX2D0BWP12T30P140LVT)
                                                          0.02      0.04       1.01 r
  scaleSoftmax/softmax/n24134 (net)             2                   0.00       1.01 r
  scaleSoftmax/softmax/U27572/ZN (INVD0BWP12T30P140LVT)
                                                          0.01      0.01       1.02 f
  scaleSoftmax/softmax/n23862 (net)             2                   0.00       1.02 f
  scaleSoftmax/softmax/U1339/Z (AN2D0BWP12T30P140LVT)     0.01      0.02       1.03 f
  scaleSoftmax/softmax/n23864 (net)             1                   0.00       1.03 f
  scaleSoftmax/softmax/U1338/ZN (MAOI222D0BWP12T30P140LVT)
                                                          0.04      0.03       1.06 r
  scaleSoftmax/softmax/n23866 (net)             2                   0.00       1.06 r
  scaleSoftmax/softmax/U27585/ZN (AOI221D1BWP12T30P140LVT)
                                                          0.03      0.02       1.08 f
  scaleSoftmax/softmax/n23871 (net)             1                   0.00       1.08 f
  scaleSoftmax/softmax/U27586/ZN (AOI211D1BWP12T30P140LVT)
                                                          0.02      0.02       1.10 r
  scaleSoftmax/softmax/n23874 (net)             1                   0.00       1.10 r
  scaleSoftmax/softmax/U27587/ZN (OAI31D1BWP12T30P140LVT)
                                                          0.02      0.02       1.12 f
  scaleSoftmax/softmax/n23880 (net)             1                   0.00       1.12 f
  scaleSoftmax/softmax/U27589/ZN (ND3D1BWP12T30P140LVT)
                                                          0.01      0.01       1.13 r
  scaleSoftmax/softmax/n23888 (net)             1                   0.00       1.13 r
  scaleSoftmax/softmax/U99/ZN (AOI32D0BWP12T30P140LVT)
                                                          0.03      0.02       1.15 f
  scaleSoftmax/softmax/n23921 (net)             1                   0.00       1.15 f
  scaleSoftmax/softmax/U27596/ZN (AOI21D1BWP12T30P140LVT)
                                                          0.02      0.02       1.16 r
  scaleSoftmax/softmax/n23975 (net)             1                   0.00       1.16 r
  scaleSoftmax/softmax/U153/Z (BUFFD3BWP12T30P140LVT)     0.05      0.04       1.20 r
  scaleSoftmax/softmax/n19 (net)               44                   0.00       1.20 r
  scaleSoftmax/softmax/U27620/Z (CKMUX2D0BWP12T30P140LVT)
                                                          0.01      0.03       1.23 f
  scaleSoftmax/softmax/n24494 (net)             2                   0.00       1.23 f
  scaleSoftmax/softmax/U27621/ZN (INR2D1BWP12T30P140LVT)
                                                          0.01      0.02       1.25 f
  scaleSoftmax/softmax/n24099 (net)             1                   0.00       1.25 f
  scaleSoftmax/softmax/U27622/ZN (MAOI222D0BWP12T30P140LVT)
                                                          0.03      0.02       1.27 r
  scaleSoftmax/softmax/n24103 (net)             1                   0.00       1.27 r
  scaleSoftmax/softmax/U27625/ZN (AOI31D1BWP12T30P140LVT)
                                                          0.02      0.02       1.29 f
  scaleSoftmax/softmax/n24106 (net)             1                   0.00       1.29 f
  scaleSoftmax/softmax/U27626/ZN (AOI211D1BWP12T30P140LVT)
                                                          0.02      0.02       1.31 r
  scaleSoftmax/softmax/n24125 (net)             1                   0.00       1.31 r
  scaleSoftmax/softmax/U272/ZN (AOI221D1BWP12T30P140LVT)
                                                          0.02      0.01       1.32 f
  scaleSoftmax/softmax/n24183 (net)             1                   0.00       1.32 f
  scaleSoftmax/softmax/U270/ZN (OAI31D0BWP12T30P140LVT)
                                                          0.03      0.02       1.35 r
  scaleSoftmax/softmax/n24186 (net)             1                   0.00       1.35 r
  scaleSoftmax/softmax/U27648/ZN (ND3D1BWP12T30P140LVT)
                                                          0.02      0.02       1.36 f
  scaleSoftmax/softmax/n24194 (net)             1                   0.00       1.36 f
  scaleSoftmax/softmax/U125/ZN (AOI32D0BWP12T30P140LVT)
                                                          0.03      0.02       1.38 r
  scaleSoftmax/softmax/n24224 (net)             1                   0.00       1.38 r
  scaleSoftmax/softmax/U27656/ZN (AOI21D1BWP12T30P140LVT)
                                                          0.02      0.01       1.40 f
  scaleSoftmax/softmax/n24234 (net)             1                   0.00       1.40 f
  scaleSoftmax/softmax/U261/Z (BUFFD6BWP12T30P140LVT)     0.03      0.03       1.42 f
  scaleSoftmax/softmax/n16 (net)               87                   0.00       1.42 f
  scaleSoftmax/softmax/U27705/ZN (ND2D0BWP12T30P140LVT)
                                                          0.01      0.01       1.43 r
  scaleSoftmax/softmax/n24479 (net)             1                   0.00       1.43 r
  scaleSoftmax/softmax/U27706/ZN (OAI21D0BWP12T30P140LVT)
                                                          0.03      0.02       1.46 f
  scaleSoftmax/softmax/n24776 (net)             4                   0.00       1.46 f
  scaleSoftmax/softmax/U27720/ZN (OAI21D0BWP12T30P140LVT)
                                                          0.02      0.02       1.47 r
  scaleSoftmax/softmax/n24499 (net)             1                   0.00       1.47 r
  scaleSoftmax/softmax/U27721/ZN (MOAI22D0BWP12T30P140LVT)
                                                          0.02      0.01       1.49 f
  scaleSoftmax/softmax/n24500 (net)             1                   0.00       1.49 f
  scaleSoftmax/softmax/U27722/ZN (AOI31D1BWP12T30P140LVT)
                                                          0.02      0.02       1.51 r
  scaleSoftmax/softmax/n24504 (net)             1                   0.00       1.51 r
  scaleSoftmax/softmax/U915/ZN (AOI211D1BWP12T30P140LVT)
                                                          0.02      0.01       1.52 f
  scaleSoftmax/softmax/n24527 (net)             1                   0.00       1.52 f
  scaleSoftmax/softmax/U236/ZN (AOI221D1BWP12T30P140LVT)
                                                          0.03      0.02       1.54 r
  scaleSoftmax/softmax/n24609 (net)             1                   0.00       1.54 r
  scaleSoftmax/softmax/U27760/ZN (OAI31D1BWP12T30P140LVT)
                                                          0.02      0.02       1.55 f
  scaleSoftmax/softmax/n24611 (net)             1                   0.00       1.55 f
  scaleSoftmax/softmax/U27762/ZN (ND3D1BWP12T30P140LVT)
                                                          0.01      0.01       1.56 r
  scaleSoftmax/softmax/n24618 (net)             1                   0.00       1.56 r
  scaleSoftmax/softmax/U27766/ZN (AOI32D1BWP12T30P140LVT)
                                                          0.03      0.02       1.58 f
  scaleSoftmax/softmax/n24645 (net)             1                   0.00       1.58 f
  scaleSoftmax/softmax/U235/ZN (AOI21OPTPBD1BWP12T30P140LVT)
                                                          0.02      0.02       1.60 r
  scaleSoftmax/softmax/n24649 (net)             1                   0.00       1.60 r
  scaleSoftmax/softmax/U234/Z (BUFFD8BWP12T30P140LVT)     0.02      0.02       1.63 r
  scaleSoftmax/softmax/n13 (net)               87                   0.00       1.63 r
  scaleSoftmax/softmax/U180/ZN (NR2D0BWP12T30P140LVT)     0.02      0.01       1.64 f
  scaleSoftmax/softmax/n24777 (net)             1                   0.00       1.64 f
  scaleSoftmax/softmax/U27841/ZN (AOI21D1BWP12T30P140LVT)
                                                          0.02      0.02       1.65 r
  scaleSoftmax/softmax/n24934 (net)             2                   0.00       1.65 r
  scaleSoftmax/softmax/U27842/ZN (INVD0BWP12T30P140LVT)
                                                          0.02      0.01       1.66 f
  scaleSoftmax/softmax/n24788 (net)             3                   0.00       1.66 f
  scaleSoftmax/softmax/U5177/ZN (OAI21D0BWP12T30P140LVT)
                                                          0.02      0.01       1.68 r
  scaleSoftmax/softmax/n24789 (net)             1                   0.00       1.68 r
  scaleSoftmax/softmax/U27850/ZN (MOAI22D0BWP12T30P140LVT)
                                                          0.02      0.01       1.69 f
  scaleSoftmax/softmax/n24790 (net)             1                   0.00       1.69 f
  scaleSoftmax/softmax/U27851/ZN (AOI31D1BWP12T30P140LVT)
                                                          0.02      0.02       1.71 r
  scaleSoftmax/softmax/n24794 (net)             1                   0.00       1.71 r
  scaleSoftmax/softmax/U27852/ZN (AOI211D1BWP12T30P140LVT)
                                                          0.02      0.01       1.72 f
  scaleSoftmax/softmax/n24810 (net)             1                   0.00       1.72 f
  scaleSoftmax/softmax/U27857/ZN (AOI221D1BWP12T30P140LVT)
                                                          0.03      0.02       1.74 r
  scaleSoftmax/softmax/n24855 (net)             1                   0.00       1.74 r
  scaleSoftmax/softmax/U27882/ZN (OAI31D1BWP12T30P140LVT)
                                                          0.02      0.02       1.76 f
  scaleSoftmax/softmax/n24858 (net)             1                   0.00       1.76 f
  scaleSoftmax/softmax/U27884/ZN (ND3D1BWP12T30P140LVT)
                                                          0.01      0.01       1.77 r
  scaleSoftmax/softmax/n24866 (net)             1                   0.00       1.77 r
  scaleSoftmax/softmax/U27887/ZN (AOI32D1BWP12T30P140LVT)
                                                          0.03      0.02       1.79 f
  scaleSoftmax/softmax/n24898 (net)             1                   0.00       1.79 f
  scaleSoftmax/softmax/U444/ZN (AOI21OPTPBD1BWP12T30P140LVT)
                                                          0.02      0.02       1.80 r
  scaleSoftmax/softmax/n24900 (net)             1                   0.00       1.80 r
  scaleSoftmax/softmax/U443/ZN (INR2D4BWP12T30P140LVT)
                                                          0.05      0.03       1.84 r
  scaleSoftmax/softmax/n25437 (net)            45                   0.00       1.84 r
  scaleSoftmax/softmax/U6/Z (OR2XD8BWP12T30P140LVT)       0.01      0.02       1.85 r
  scaleSoftmax/softmax/n24930 (net)             4                   0.00       1.85 r
  scaleSoftmax/softmax/U440/ZN (INVD2BWP12T30P140LVT)     0.01      0.01       1.86 f
  scaleSoftmax/softmax/n24946 (net)            14                   0.00       1.86 f
  scaleSoftmax/softmax/U439/Z (AO22D1BWP12T30P140LVT)     0.01      0.02       1.89 f
  scaleSoftmax/softmax/n5563 (net)              1                   0.00       1.89 f
  scaleSoftmax/softmax/globalMaximum_reg[0]/D (DFQOPTMAD8BWP12T30P140LVT)
                                                          0.01      0.00       1.89 f
  data arrival time                                                            1.89

  clock clk (rise edge)                                             2.00       2.00
  clock network delay (ideal)                                       0.00       2.00
  clock uncertainty                                                -0.10       1.90
  scaleSoftmax/softmax/globalMaximum_reg[0]/CP (DFQOPTMAD8BWP12T30P140LVT)
                                                                    0.00       1.90 r
  library setup time                                               -0.01       1.89
  data required time                                                           1.89
  ------------------------------------------------------------------------------------
  data required time                                                           1.89
  data arrival time                                                           -1.89
  ------------------------------------------------------------------------------------
  slack (MET)                                                                  0.00


  Startpoint: scaleSoftmax/softmax/globalMaximum_reg[0]
              (rising edge-triggered flip-flop clocked by clk)
  Endpoint: scaleSoftmax/softmax/exponentSum_reg[27]
            (rising edge-triggered flip-flop clocked by clk)
  Path Group: clk
  Path Type: max

  Des/Clust/Port     Wire Load Model       Library
  ------------------------------------------------
  PackDescriptorDecoder_1
                     ZeroWireload          tcbn28hpcplusbwp12t30p140lvtssg0p81v125c
  PackDescriptorDecoder
                     ZeroWireload          tcbn28hpcplusbwp12t30p140lvtssg0p81v125c
  BufferedPackMetadataDequantizer_1
                     ZeroWireload          tcbn28hpcplusbwp12t30p140lvtssg0p81v125c
  DynamicBitUnpacker_1
                     ZeroWireload          tcbn28hpcplusbwp12t30p140lvtssg0p81v125c
  BufferedPackMetadataDequantizer
                     ZeroWireload          tcbn28hpcplusbwp12t30p140lvtssg0p81v125c
  DynamicBitUnpacker ZeroWireload          tcbn28hpcplusbwp12t30p140lvtssg0p81v125c
  KvStreamDequantizer_1
                     ZeroWireload          tcbn28hpcplusbwp12t30p140lvtssg0p81v125c
  KvStreamDequantizer
                     ZeroWireload          tcbn28hpcplusbwp12t30p140lvtssg0p81v125c
  DecompressionPipelineController_1
                     ZeroWireload          tcbn28hpcplusbwp12t30p140lvtssg0p81v125c
  DecompressionPipelineController
                     ZeroWireload          tcbn28hpcplusbwp12t30p140lvtssg0p81v125c
  QkDotProductAccumulator
                     ZeroWireload          tcbn28hpcplusbwp12t30p140lvtssg0p81v125c
  StreamingSoftmax   ZeroWireload          tcbn28hpcplusbwp12t30p140lvtssg0p81v125c
  AttentionScaleUnit ZeroWireload          tcbn28hpcplusbwp12t30p140lvtssg0p81v125c
  BriskKvAttentionTop
                     ZeroWireload          tcbn28hpcplusbwp12t30p140lvtssg0p81v125c

  Point                                       Fanout     Trans      Incr       Path
  ------------------------------------------------------------------------------------
  clock clk (rise edge)                                             0.00       0.00
  clock network delay (ideal)                                       0.00       0.00
  scaleSoftmax/softmax/globalMaximum_reg[0]/CP (DFQOPTMAD8BWP12T30P140LVT)
                                                          0.00      0.00 #     0.00 r
  scaleSoftmax/softmax/globalMaximum_reg[0]/Q (DFQOPTMAD8BWP12T30P140LVT)
                                                          0.01      0.02       0.02 f
  scaleSoftmax/softmax/globalMaximum[0] (net)
                                               18                   0.00       0.02 f
  scaleSoftmax/softmax/U8294/ZN (INR2D1BWP12T30P140LVT)
                                                          0.01      0.01       0.03 r
  scaleSoftmax/softmax/n2762 (net)              2                   0.00       0.03 r
  scaleSoftmax/softmax/U5063/ZN (CKND2D1BWP12T30P140LVT)
                                                          0.01      0.01       0.04 f
  scaleSoftmax/softmax/n612 (net)               1                   0.00       0.04 f
  scaleSoftmax/softmax/U1640/ZN (ND2D0BWP12T30P140LVT)
                                                          0.01      0.01       0.05 r
  scaleSoftmax/softmax/n611 (net)               1                   0.00       0.05 r
  scaleSoftmax/softmax/U3489/ZN (ND2D0BWP12T30P140LVT)
                                                          0.01      0.01       0.06 f
  scaleSoftmax/softmax/n2763 (net)              1                   0.00       0.06 f
  scaleSoftmax/softmax/U3488/ZN (MAOI222D0BWP12T30P140LVT)
                                                          0.03      0.02       0.08 r
  scaleSoftmax/softmax/n2765 (net)              2                   0.00       0.08 r
  scaleSoftmax/softmax/U1808/ZN (OAI22D0BWP12T30P140LVT)
                                                          0.02      0.02       0.10 f
  scaleSoftmax/softmax/n970 (net)               1                   0.00       0.10 f
  scaleSoftmax/softmax/U5066/ZN (OAI21D1BWP12T30P140LVT)
                                                          0.02      0.01       0.11 r
  scaleSoftmax/softmax/n615 (net)               2                   0.00       0.11 r
  scaleSoftmax/softmax/U1810/ZN (AOI21D1BWP12T30P140LVT)
                                                          0.01      0.01       0.12 f
  scaleSoftmax/softmax/n828 (net)               1                   0.00       0.12 f
  scaleSoftmax/softmax/U745/ZN (OAI31D1BWP12T30P140LVT)
                                                          0.02      0.01       0.13 r
  scaleSoftmax/softmax/n825 (net)               1                   0.00       0.13 r
  scaleSoftmax/softmax/U415/ZN (CKND2D1BWP12T30P140LVT)
                                                          0.01      0.01       0.15 f
  scaleSoftmax/softmax/n2879 (net)              1                   0.00       0.15 f
  scaleSoftmax/softmax/U8368/CO (FA1D1BWP12T30P140LVT)
                                                          0.01      0.03       0.17 f
  scaleSoftmax/softmax/n2877 (net)              1                   0.00       0.17 f
  scaleSoftmax/softmax/U1264/CO (FA1D0BWP12T30P140LVT)
                                                          0.02      0.03       0.20 f
  scaleSoftmax/softmax/n2875 (net)              1                   0.00       0.20 f
  scaleSoftmax/softmax/U211/CO (FA1D1BWP12T30P140LVT)     0.01      0.03       0.23 f
  scaleSoftmax/softmax/n2873 (net)              1                   0.00       0.23 f
  scaleSoftmax/softmax/U2134/CO (FA1D0BWP12T30P140LVT)
                                                          0.02      0.03       0.26 f
  scaleSoftmax/softmax/n2871 (net)              1                   0.00       0.26 f
  scaleSoftmax/softmax/U8364/CO (FA1D1BWP12T30P140LVT)
                                                          0.02      0.03       0.29 f
  scaleSoftmax/softmax/n2768 (net)              1                   0.00       0.29 f
  scaleSoftmax/softmax/U8321/CO (FA1D1BWP12T30P140LVT)
                                                          0.02      0.03       0.32 f
  scaleSoftmax/softmax/n2868 (net)              1                   0.00       0.32 f
  scaleSoftmax/softmax/U8362/CO (FA1D1BWP12T30P140LVT)
                                                          0.02      0.03       0.35 f
  scaleSoftmax/softmax/n2865 (net)              1                   0.00       0.35 f
  scaleSoftmax/softmax/U8360/CO (FA1D1BWP12T30P140LVT)
                                                          0.02      0.03       0.37 f
  scaleSoftmax/softmax/n2821 (net)              1                   0.00       0.37 f
  scaleSoftmax/softmax/U8345/CO (FA1D1BWP12T30P140LVT)
                                                          0.02      0.03       0.40 f
  scaleSoftmax/softmax/n2823 (net)              1                   0.00       0.40 f
  scaleSoftmax/softmax/U8346/CO (FA1D1BWP12T30P140LVT)
                                                          0.02      0.03       0.43 f
  scaleSoftmax/softmax/n2819 (net)              1                   0.00       0.43 f
  scaleSoftmax/softmax/U8344/CO (FA1D1BWP12T30P140LVT)
                                                          0.02      0.03       0.46 f
  scaleSoftmax/softmax/n2817 (net)              1                   0.00       0.46 f
  scaleSoftmax/softmax/U8343/CO (FA1D1BWP12T30P140LVT)
                                                          0.02      0.03       0.48 f
  scaleSoftmax/softmax/n2815 (net)              1                   0.00       0.48 f
  scaleSoftmax/softmax/U8342/CO (FA1D1BWP12T30P140LVT)
                                                          0.02      0.03       0.51 f
  scaleSoftmax/softmax/n2813 (net)              1                   0.00       0.51 f
  scaleSoftmax/softmax/U8341/CO (FA1D1BWP12T30P140LVT)
                                                          0.02      0.03       0.54 f
  scaleSoftmax/softmax/n2811 (net)              1                   0.00       0.54 f
  scaleSoftmax/softmax/U8340/CO (FA1D1BWP12T30P140LVT)
                                                          0.02      0.03       0.57 f
  scaleSoftmax/softmax/n2809 (net)              1                   0.00       0.57 f
  scaleSoftmax/softmax/U8339/CO (FA1D1BWP12T30P140LVT)
                                                          0.02      0.03       0.60 f
  scaleSoftmax/softmax/n2807 (net)              1                   0.00       0.60 f
  scaleSoftmax/softmax/U8338/CO (FA1D1BWP12T30P140LVT)
                                                          0.02      0.03       0.62 f
  scaleSoftmax/softmax/n2805 (net)              1                   0.00       0.62 f
  scaleSoftmax/softmax/U8337/CO (FA1D1BWP12T30P140LVT)
                                                          0.02      0.03       0.65 f
  scaleSoftmax/softmax/n2803 (net)              1                   0.00       0.65 f
  scaleSoftmax/softmax/U8336/CO (FA1D1BWP12T30P140LVT)
                                                          0.02      0.03       0.68 f
  scaleSoftmax/softmax/n2801 (net)              1                   0.00       0.68 f
  scaleSoftmax/softmax/U8335/CO (FA1D1BWP12T30P140LVT)
                                                          0.02      0.03       0.71 f
  scaleSoftmax/softmax/n2799 (net)              1                   0.00       0.71 f
  scaleSoftmax/softmax/U8334/CO (FA1D1BWP12T30P140LVT)
                                                          0.02      0.03       0.74 f
  scaleSoftmax/softmax/n2797 (net)              1                   0.00       0.74 f
  scaleSoftmax/softmax/U8333/CO (FA1D1BWP12T30P140LVT)
                                                          0.02      0.03       0.76 f
  scaleSoftmax/softmax/n2795 (net)              1                   0.00       0.76 f
  scaleSoftmax/softmax/U8332/CO (FA1D1BWP12T30P140LVT)
                                                          0.02      0.03       0.79 f
  scaleSoftmax/softmax/n2793 (net)              1                   0.00       0.79 f
  scaleSoftmax/softmax/U8331/CO (FA1D1BWP12T30P140LVT)
                                                          0.02      0.03       0.82 f
  scaleSoftmax/softmax/n2791 (net)              1                   0.00       0.82 f
  scaleSoftmax/softmax/U8330/CO (FA1D1BWP12T30P140LVT)
                                                          0.02      0.03       0.85 f
  scaleSoftmax/softmax/n2789 (net)              1                   0.00       0.85 f
  scaleSoftmax/softmax/U8329/CO (FA1D1BWP12T30P140LVT)
                                                          0.02      0.03       0.87 f
  scaleSoftmax/softmax/n2787 (net)              1                   0.00       0.87 f
  scaleSoftmax/softmax/U8328/CO (FA1D1BWP12T30P140LVT)
                                                          0.02      0.03       0.90 f
  scaleSoftmax/softmax/n2785 (net)              1                   0.00       0.90 f
  scaleSoftmax/softmax/U8327/CO (FA1D1BWP12T30P140LVT)
                                                          0.02      0.03       0.93 f
  scaleSoftmax/softmax/n2783 (net)              1                   0.00       0.93 f
  scaleSoftmax/softmax/U8326/CO (FA1D1BWP12T30P140LVT)
                                                          0.02      0.03       0.96 f
  scaleSoftmax/softmax/n2781 (net)              1                   0.00       0.96 f
  scaleSoftmax/softmax/U8325/CO (FA1D1BWP12T30P140LVT)
                                                          0.02      0.03       0.98 f
  scaleSoftmax/softmax/n2779 (net)              1                   0.00       0.98 f
  scaleSoftmax/softmax/U8324/CO (FA1D1BWP12T30P140LVT)
                                                          0.02      0.03       1.01 f
  scaleSoftmax/softmax/n2777 (net)              1                   0.00       1.01 f
  scaleSoftmax/softmax/U8323/CO (FA1D1BWP12T30P140LVT)
                                                          0.02      0.03       1.04 f
  scaleSoftmax/softmax/n2775 (net)              1                   0.00       1.04 f
  scaleSoftmax/softmax/U8322/CO (FA1D1BWP12T30P140LVT)
                                                          0.02      0.03       1.07 f
  scaleSoftmax/softmax/n2773 (net)              2                   0.00       1.07 f
  scaleSoftmax/softmax/U377/ZN (ND2D1BWP12T30P140LVT)     0.01      0.01       1.07 r
  scaleSoftmax/softmax/n606 (net)               1                   0.00       1.07 r
  scaleSoftmax/softmax/U365/ZN (CKND2D1BWP12T30P140LVT)
                                                          0.02      0.01       1.08 f
  scaleSoftmax/softmax/n2771 (net)              2                   0.00       1.08 f
  scaleSoftmax/softmax/U626/ZN (ND2D1BWP12T30P140LVT)     0.01      0.01       1.09 r
  scaleSoftmax/softmax/n818 (net)               1                   0.00       1.09 r
  scaleSoftmax/softmax/U618/ZN (CKND2D1BWP12T30P140LVT)
                                                          0.02      0.01       1.10 f
  scaleSoftmax/softmax/n2770 (net)              2                   0.00       1.10 f
  scaleSoftmax/softmax/U79/ZN (INVD0BWP12T30P140LVT)      0.01      0.01       1.11 r
  scaleSoftmax/softmax/n966 (net)               1                   0.00       1.11 r
  scaleSoftmax/softmax/U601/ZN (CKND2D1BWP12T30P140LVT)
                                                          0.01      0.01       1.12 f
  scaleSoftmax/softmax/n830 (net)               1                   0.00       1.12 f
  scaleSoftmax/softmax/U594/ZN (ND3OPTPAD1BWP12T30P140LVT)
                                                          0.02      0.01       1.13 r
  scaleSoftmax/softmax/n6440 (net)              2                   0.00       1.13 r
  scaleSoftmax/softmax/U587/ZN (NR2D2BWP12T30P140LVT)     0.01      0.01       1.14 f
  scaleSoftmax/softmax/n3647 (net)              3                   0.00       1.14 f
  scaleSoftmax/softmax/U322/ZN (ND2D2BWP12T30P140LVT)     0.01      0.01       1.15 r
  scaleSoftmax/softmax/n8691 (net)              3                   0.00       1.15 r
  scaleSoftmax/softmax/U567/ZN (INR2D2BWP12T30P140LVT)
                                                          0.01      0.01       1.16 f
  scaleSoftmax/softmax/n8648 (net)              9                   0.00       1.16 f
  scaleSoftmax/softmax/U10819/ZN (INVD0BWP12T30P140LVT)
                                                          0.01      0.01       1.17 r
  scaleSoftmax/softmax/n8678 (net)              3                   0.00       1.17 r
  scaleSoftmax/softmax/U12445/ZN (OAI22D0BWP12T30P140LVT)
                                                          0.02      0.01       1.18 f
  scaleSoftmax/softmax/n8387 (net)              1                   0.00       1.18 f
  scaleSoftmax/softmax/U5121/ZN (IND3D1BWP12T30P140LVT)
                                                          0.02      0.02       1.21 f
  scaleSoftmax/softmax/n822 (net)               1                   0.00       1.21 f
  scaleSoftmax/softmax/U303/ZN (NR2D0BWP12T30P140LVT)     0.02      0.01       1.22 r
  scaleSoftmax/softmax/n819 (net)               1                   0.00       1.22 r
  scaleSoftmax/softmax/U519/ZN (ND2D1BWP12T30P140LVT)     0.02      0.02       1.24 f
  scaleSoftmax/softmax/laneValues_9[0] (net)
                                                2                   0.00       1.24 f
  scaleSoftmax/softmax/U12714/S (FA1D1BWP12T30P140LVT)
                                                          0.02      0.06       1.30 r
  scaleSoftmax/softmax/n9586 (net)              1                   0.00       1.30 r
  scaleSoftmax/softmax/U12722/S (FA1D1BWP12T30P140LVT)
                                                          0.02      0.05       1.34 f
  scaleSoftmax/softmax/n15020 (net)             1                   0.00       1.34 f
  scaleSoftmax/softmax/U19113/CO (FA1D1BWP12T30P140LVT)
                                                          0.02      0.03       1.37 f
  scaleSoftmax/softmax/n15025 (net)             1                   0.00       1.37 f
  scaleSoftmax/softmax/U19115/CO (FA1D1BWP12T30P140LVT)
                                                          0.02      0.03       1.41 f
  scaleSoftmax/softmax/n15017 (net)             1                   0.00       1.41 f
  scaleSoftmax/softmax/U19111/CO (FA1D1BWP12T30P140LVT)
                                                          0.01      0.03       1.44 f
  scaleSoftmax/softmax/n16365 (net)             1                   0.00       1.44 f
  scaleSoftmax/softmax/U20651/CO (FA1D1BWP12T30P140LVT)
                                                          0.01      0.03       1.46 f
  scaleSoftmax/softmax/n20732 (net)             1                   0.00       1.46 f
  scaleSoftmax/softmax/U25550/CO (FA1D1BWP12T30P140LVT)
                                                          0.01      0.03       1.49 f
  scaleSoftmax/softmax/n24949 (net)             1                   0.00       1.49 f
  scaleSoftmax/softmax/U27891/CO (FA1D1BWP12T30P140LVT)
                                                          0.02      0.03       1.52 f
  scaleSoftmax/softmax/n24953 (net)             1                   0.00       1.52 f
  scaleSoftmax/softmax/U27893/CO (FA1OPTCD2BWP12T30P140LVT)
                                                          0.01      0.02       1.54 f
  scaleSoftmax/softmax/n24957 (net)             1                   0.00       1.54 f
  scaleSoftmax/softmax/U5179/CO (FA1OPTCD2BWP12T30P140LVT)
                                                          0.01      0.02       1.55 f
  scaleSoftmax/softmax/n24961 (net)             1                   0.00       1.55 f
  scaleSoftmax/softmax/U27896/CO (FA1OPTCD2BWP12T30P140LVT)
                                                          0.01      0.02       1.57 f
  scaleSoftmax/softmax/n24965 (net)             1                   0.00       1.57 f
  scaleSoftmax/softmax/U5180/CO (FA1OPTCD2BWP12T30P140LVT)
                                                          0.01      0.02       1.59 f
  scaleSoftmax/softmax/n24969 (net)             1                   0.00       1.59 f
  scaleSoftmax/softmax/U27899/CO (FA1OPTCD2BWP12T30P140LVT)
                                                          0.01      0.02       1.61 f
  scaleSoftmax/softmax/n24973 (net)             1                   0.00       1.61 f
  scaleSoftmax/softmax/U5181/CO (FA1OPTCD2BWP12T30P140LVT)
                                                          0.01      0.02       1.63 f
  scaleSoftmax/softmax/n24977 (net)             1                   0.00       1.63 f
  scaleSoftmax/softmax/U27902/CO (FA1OPTCD2BWP12T30P140LVT)
                                                          0.01      0.02       1.64 f
  scaleSoftmax/softmax/n24981 (net)             1                   0.00       1.64 f
  scaleSoftmax/softmax/U5182/CO (FA1OPTCD2BWP12T30P140LVT)
                                                          0.01      0.02       1.66 f
  scaleSoftmax/softmax/n24985 (net)             1                   0.00       1.66 f
  scaleSoftmax/softmax/U27905/CO (FA1OPTCD2BWP12T30P140LVT)
                                                          0.01      0.02       1.68 f
  scaleSoftmax/softmax/n24989 (net)             1                   0.00       1.68 f
  scaleSoftmax/softmax/U5175/CO (FA1OPTCD2BWP12T30P140LVT)
                                                          0.01      0.02       1.70 f
  scaleSoftmax/softmax/n24993 (net)             1                   0.00       1.70 f
  scaleSoftmax/softmax/U5174/CO (FA1OPTCD2BWP12T30P140LVT)
                                                          0.01      0.02       1.71 f
  scaleSoftmax/softmax/n24997 (net)             1                   0.00       1.71 f
  scaleSoftmax/softmax/U925/CO (FA1OPTCD2BWP12T30P140LVT)
                                                          0.01      0.02       1.73 f
  scaleSoftmax/softmax/n25001 (net)             1                   0.00       1.73 f
  scaleSoftmax/softmax/U27906/CO (FA1OPTCD2BWP12T30P140LVT)
                                                          0.01      0.02       1.75 f
  scaleSoftmax/softmax/n25005 (net)             1                   0.00       1.75 f
  scaleSoftmax/softmax/U912/CO (FA1OPTCD2BWP12T30P140LVT)
                                                          0.01      0.02       1.77 f
  scaleSoftmax/softmax/n25009 (net)             1                   0.00       1.77 f
  scaleSoftmax/softmax/U27907/CO (FA1OPTCD2BWP12T30P140LVT)
                                                          0.01      0.02       1.79 f
  scaleSoftmax/softmax/n25012 (net)             1                   0.00       1.79 f
  scaleSoftmax/softmax/U27908/CO (HA1D1BWP12T30P140LVT)
                                                          0.01      0.02       1.80 f
  scaleSoftmax/softmax/n25014 (net)             1                   0.00       1.80 f
  scaleSoftmax/softmax/U917/CO (HA1D1BWP12T30P140LVT)     0.01      0.02       1.82 f
  scaleSoftmax/softmax/n25016 (net)             1                   0.00       1.82 f
  scaleSoftmax/softmax/U3945/CO (HA1D1BWP12T30P140LVT)
                                                          0.01      0.02       1.83 f
  scaleSoftmax/softmax/n25018 (net)             1                   0.00       1.83 f
  scaleSoftmax/softmax/U27909/CO (HA1D1BWP12T30P140LVT)
                                                          0.02      0.02       1.85 f
  scaleSoftmax/softmax/n25020 (net)             4                   0.00       1.85 f
  scaleSoftmax/softmax/U5/ZN (CKND2D1BWP12T30P140LVT)     0.02      0.01       1.86 r
  scaleSoftmax/softmax/n153 (net)               2                   0.00       1.86 r
  scaleSoftmax/softmax/U190/ZN (ND2D0BWP12T30P140LVT)     0.01      0.01       1.88 f
  scaleSoftmax/softmax/n151 (net)               1                   0.00       1.88 f
  scaleSoftmax/softmax/U447/ZN (OAI211OPTREPBD1BWP12T30P140LVT)
                                                          0.02      0.01       1.88 r
  scaleSoftmax/softmax/n5590 (net)              1                   0.00       1.88 r
  scaleSoftmax/softmax/exponentSum_reg[27]/D (DFQD1BWP12T30P140LVT)
                                                          0.02      0.00       1.88 r
  data arrival time                                                            1.88

  clock clk (rise edge)                                             2.00       2.00
  clock network delay (ideal)                                       0.00       2.00
  clock uncertainty                                                -0.10       1.90
  scaleSoftmax/softmax/exponentSum_reg[27]/CP (DFQD1BWP12T30P140LVT)
                                                                    0.00       1.90 r
  library setup time                                               -0.01       1.89
  data required time                                                           1.89
  ------------------------------------------------------------------------------------
  data required time                                                           1.89
  data arrival time                                                           -1.88
  ------------------------------------------------------------------------------------
  slack (MET)                                                                  0.00


  Startpoint: scaleSoftmax/softmax/globalMaximum_reg[0]
              (rising edge-triggered flip-flop clocked by clk)
  Endpoint: scaleSoftmax/softmax/exponentSum_reg[26]
            (rising edge-triggered flip-flop clocked by clk)
  Path Group: clk
  Path Type: max

  Des/Clust/Port     Wire Load Model       Library
  ------------------------------------------------
  PackDescriptorDecoder_1
                     ZeroWireload          tcbn28hpcplusbwp12t30p140lvtssg0p81v125c
  PackDescriptorDecoder
                     ZeroWireload          tcbn28hpcplusbwp12t30p140lvtssg0p81v125c
  BufferedPackMetadataDequantizer_1
                     ZeroWireload          tcbn28hpcplusbwp12t30p140lvtssg0p81v125c
  DynamicBitUnpacker_1
                     ZeroWireload          tcbn28hpcplusbwp12t30p140lvtssg0p81v125c
  BufferedPackMetadataDequantizer
                     ZeroWireload          tcbn28hpcplusbwp12t30p140lvtssg0p81v125c
  DynamicBitUnpacker ZeroWireload          tcbn28hpcplusbwp12t30p140lvtssg0p81v125c
  KvStreamDequantizer_1
                     ZeroWireload          tcbn28hpcplusbwp12t30p140lvtssg0p81v125c
  KvStreamDequantizer
                     ZeroWireload          tcbn28hpcplusbwp12t30p140lvtssg0p81v125c
  DecompressionPipelineController_1
                     ZeroWireload          tcbn28hpcplusbwp12t30p140lvtssg0p81v125c
  DecompressionPipelineController
                     ZeroWireload          tcbn28hpcplusbwp12t30p140lvtssg0p81v125c
  QkDotProductAccumulator
                     ZeroWireload          tcbn28hpcplusbwp12t30p140lvtssg0p81v125c
  StreamingSoftmax   ZeroWireload          tcbn28hpcplusbwp12t30p140lvtssg0p81v125c
  AttentionScaleUnit ZeroWireload          tcbn28hpcplusbwp12t30p140lvtssg0p81v125c
  BriskKvAttentionTop
                     ZeroWireload          tcbn28hpcplusbwp12t30p140lvtssg0p81v125c

  Point                                       Fanout     Trans      Incr       Path
  ------------------------------------------------------------------------------------
  clock clk (rise edge)                                             0.00       0.00
  clock network delay (ideal)                                       0.00       0.00
  scaleSoftmax/softmax/globalMaximum_reg[0]/CP (DFQOPTMAD8BWP12T30P140LVT)
                                                          0.00      0.00 #     0.00 r
  scaleSoftmax/softmax/globalMaximum_reg[0]/Q (DFQOPTMAD8BWP12T30P140LVT)
                                                          0.01      0.02       0.02 f
  scaleSoftmax/softmax/globalMaximum[0] (net)
                                               18                   0.00       0.02 f
  scaleSoftmax/softmax/U8294/ZN (INR2D1BWP12T30P140LVT)
                                                          0.01      0.01       0.03 r
  scaleSoftmax/softmax/n2762 (net)              2                   0.00       0.03 r
  scaleSoftmax/softmax/U5063/ZN (CKND2D1BWP12T30P140LVT)
                                                          0.01      0.01       0.04 f
  scaleSoftmax/softmax/n612 (net)               1                   0.00       0.04 f
  scaleSoftmax/softmax/U1640/ZN (ND2D0BWP12T30P140LVT)
                                                          0.01      0.01       0.05 r
  scaleSoftmax/softmax/n611 (net)               1                   0.00       0.05 r
  scaleSoftmax/softmax/U3489/ZN (ND2D0BWP12T30P140LVT)
                                                          0.01      0.01       0.06 f
  scaleSoftmax/softmax/n2763 (net)              1                   0.00       0.06 f
  scaleSoftmax/softmax/U3488/ZN (MAOI222D0BWP12T30P140LVT)
                                                          0.03      0.02       0.08 r
  scaleSoftmax/softmax/n2765 (net)              2                   0.00       0.08 r
  scaleSoftmax/softmax/U1808/ZN (OAI22D0BWP12T30P140LVT)
                                                          0.02      0.02       0.10 f
  scaleSoftmax/softmax/n970 (net)               1                   0.00       0.10 f
  scaleSoftmax/softmax/U5066/ZN (OAI21D1BWP12T30P140LVT)
                                                          0.02      0.01       0.11 r
  scaleSoftmax/softmax/n615 (net)               2                   0.00       0.11 r
  scaleSoftmax/softmax/U1810/ZN (AOI21D1BWP12T30P140LVT)
                                                          0.01      0.01       0.12 f
  scaleSoftmax/softmax/n828 (net)               1                   0.00       0.12 f
  scaleSoftmax/softmax/U745/ZN (OAI31D1BWP12T30P140LVT)
                                                          0.02      0.01       0.13 r
  scaleSoftmax/softmax/n825 (net)               1                   0.00       0.13 r
  scaleSoftmax/softmax/U415/ZN (CKND2D1BWP12T30P140LVT)
                                                          0.01      0.01       0.15 f
  scaleSoftmax/softmax/n2879 (net)              1                   0.00       0.15 f
  scaleSoftmax/softmax/U8368/CO (FA1D1BWP12T30P140LVT)
                                                          0.01      0.03       0.17 f
  scaleSoftmax/softmax/n2877 (net)              1                   0.00       0.17 f
  scaleSoftmax/softmax/U1264/CO (FA1D0BWP12T30P140LVT)
                                                          0.02      0.03       0.20 f
  scaleSoftmax/softmax/n2875 (net)              1                   0.00       0.20 f
  scaleSoftmax/softmax/U211/CO (FA1D1BWP12T30P140LVT)     0.01      0.03       0.23 f
  scaleSoftmax/softmax/n2873 (net)              1                   0.00       0.23 f
  scaleSoftmax/softmax/U2134/CO (FA1D0BWP12T30P140LVT)
                                                          0.02      0.03       0.26 f
  scaleSoftmax/softmax/n2871 (net)              1                   0.00       0.26 f
  scaleSoftmax/softmax/U8364/CO (FA1D1BWP12T30P140LVT)
                                                          0.02      0.03       0.29 f
  scaleSoftmax/softmax/n2768 (net)              1                   0.00       0.29 f
  scaleSoftmax/softmax/U8321/CO (FA1D1BWP12T30P140LVT)
                                                          0.02      0.03       0.32 f
  scaleSoftmax/softmax/n2868 (net)              1                   0.00       0.32 f
  scaleSoftmax/softmax/U8362/CO (FA1D1BWP12T30P140LVT)
                                                          0.02      0.03       0.35 f
  scaleSoftmax/softmax/n2865 (net)              1                   0.00       0.35 f
  scaleSoftmax/softmax/U8360/CO (FA1D1BWP12T30P140LVT)
                                                          0.02      0.03       0.37 f
  scaleSoftmax/softmax/n2821 (net)              1                   0.00       0.37 f
  scaleSoftmax/softmax/U8345/CO (FA1D1BWP12T30P140LVT)
                                                          0.02      0.03       0.40 f
  scaleSoftmax/softmax/n2823 (net)              1                   0.00       0.40 f
  scaleSoftmax/softmax/U8346/CO (FA1D1BWP12T30P140LVT)
                                                          0.02      0.03       0.43 f
  scaleSoftmax/softmax/n2819 (net)              1                   0.00       0.43 f
  scaleSoftmax/softmax/U8344/CO (FA1D1BWP12T30P140LVT)
                                                          0.02      0.03       0.46 f
  scaleSoftmax/softmax/n2817 (net)              1                   0.00       0.46 f
  scaleSoftmax/softmax/U8343/CO (FA1D1BWP12T30P140LVT)
                                                          0.02      0.03       0.48 f
  scaleSoftmax/softmax/n2815 (net)              1                   0.00       0.48 f
  scaleSoftmax/softmax/U8342/CO (FA1D1BWP12T30P140LVT)
                                                          0.02      0.03       0.51 f
  scaleSoftmax/softmax/n2813 (net)              1                   0.00       0.51 f
  scaleSoftmax/softmax/U8341/CO (FA1D1BWP12T30P140LVT)
                                                          0.02      0.03       0.54 f
  scaleSoftmax/softmax/n2811 (net)              1                   0.00       0.54 f
  scaleSoftmax/softmax/U8340/CO (FA1D1BWP12T30P140LVT)
                                                          0.02      0.03       0.57 f
  scaleSoftmax/softmax/n2809 (net)              1                   0.00       0.57 f
  scaleSoftmax/softmax/U8339/CO (FA1D1BWP12T30P140LVT)
                                                          0.02      0.03       0.60 f
  scaleSoftmax/softmax/n2807 (net)              1                   0.00       0.60 f
  scaleSoftmax/softmax/U8338/CO (FA1D1BWP12T30P140LVT)
                                                          0.02      0.03       0.62 f
  scaleSoftmax/softmax/n2805 (net)              1                   0.00       0.62 f
  scaleSoftmax/softmax/U8337/CO (FA1D1BWP12T30P140LVT)
                                                          0.02      0.03       0.65 f
  scaleSoftmax/softmax/n2803 (net)              1                   0.00       0.65 f
  scaleSoftmax/softmax/U8336/CO (FA1D1BWP12T30P140LVT)
                                                          0.02      0.03       0.68 f
  scaleSoftmax/softmax/n2801 (net)              1                   0.00       0.68 f
  scaleSoftmax/softmax/U8335/CO (FA1D1BWP12T30P140LVT)
                                                          0.02      0.03       0.71 f
  scaleSoftmax/softmax/n2799 (net)              1                   0.00       0.71 f
  scaleSoftmax/softmax/U8334/CO (FA1D1BWP12T30P140LVT)
                                                          0.02      0.03       0.74 f
  scaleSoftmax/softmax/n2797 (net)              1                   0.00       0.74 f
  scaleSoftmax/softmax/U8333/CO (FA1D1BWP12T30P140LVT)
                                                          0.02      0.03       0.76 f
  scaleSoftmax/softmax/n2795 (net)              1                   0.00       0.76 f
  scaleSoftmax/softmax/U8332/CO (FA1D1BWP12T30P140LVT)
                                                          0.02      0.03       0.79 f
  scaleSoftmax/softmax/n2793 (net)              1                   0.00       0.79 f
  scaleSoftmax/softmax/U8331/CO (FA1D1BWP12T30P140LVT)
                                                          0.02      0.03       0.82 f
  scaleSoftmax/softmax/n2791 (net)              1                   0.00       0.82 f
  scaleSoftmax/softmax/U8330/CO (FA1D1BWP12T30P140LVT)
                                                          0.02      0.03       0.85 f
  scaleSoftmax/softmax/n2789 (net)              1                   0.00       0.85 f
  scaleSoftmax/softmax/U8329/CO (FA1D1BWP12T30P140LVT)
                                                          0.02      0.03       0.87 f
  scaleSoftmax/softmax/n2787 (net)              1                   0.00       0.87 f
  scaleSoftmax/softmax/U8328/CO (FA1D1BWP12T30P140LVT)
                                                          0.02      0.03       0.90 f
  scaleSoftmax/softmax/n2785 (net)              1                   0.00       0.90 f
  scaleSoftmax/softmax/U8327/CO (FA1D1BWP12T30P140LVT)
                                                          0.02      0.03       0.93 f
  scaleSoftmax/softmax/n2783 (net)              1                   0.00       0.93 f
  scaleSoftmax/softmax/U8326/CO (FA1D1BWP12T30P140LVT)
                                                          0.02      0.03       0.96 f
  scaleSoftmax/softmax/n2781 (net)              1                   0.00       0.96 f
  scaleSoftmax/softmax/U8325/CO (FA1D1BWP12T30P140LVT)
                                                          0.02      0.03       0.98 f
  scaleSoftmax/softmax/n2779 (net)              1                   0.00       0.98 f
  scaleSoftmax/softmax/U8324/CO (FA1D1BWP12T30P140LVT)
                                                          0.02      0.03       1.01 f
  scaleSoftmax/softmax/n2777 (net)              1                   0.00       1.01 f
  scaleSoftmax/softmax/U8323/CO (FA1D1BWP12T30P140LVT)
                                                          0.02      0.03       1.04 f
  scaleSoftmax/softmax/n2775 (net)              1                   0.00       1.04 f
  scaleSoftmax/softmax/U8322/CO (FA1D1BWP12T30P140LVT)
                                                          0.02      0.03       1.07 f
  scaleSoftmax/softmax/n2773 (net)              2                   0.00       1.07 f
  scaleSoftmax/softmax/U377/ZN (ND2D1BWP12T30P140LVT)     0.01      0.01       1.07 r
  scaleSoftmax/softmax/n606 (net)               1                   0.00       1.07 r
  scaleSoftmax/softmax/U365/ZN (CKND2D1BWP12T30P140LVT)
                                                          0.02      0.01       1.08 f
  scaleSoftmax/softmax/n2771 (net)              2                   0.00       1.08 f
  scaleSoftmax/softmax/U626/ZN (ND2D1BWP12T30P140LVT)     0.01      0.01       1.09 r
  scaleSoftmax/softmax/n818 (net)               1                   0.00       1.09 r
  scaleSoftmax/softmax/U618/ZN (CKND2D1BWP12T30P140LVT)
                                                          0.02      0.01       1.10 f
  scaleSoftmax/softmax/n2770 (net)              2                   0.00       1.10 f
  scaleSoftmax/softmax/U79/ZN (INVD0BWP12T30P140LVT)      0.01      0.01       1.11 r
  scaleSoftmax/softmax/n966 (net)               1                   0.00       1.11 r
  scaleSoftmax/softmax/U601/ZN (CKND2D1BWP12T30P140LVT)
                                                          0.01      0.01       1.12 f
  scaleSoftmax/softmax/n830 (net)               1                   0.00       1.12 f
  scaleSoftmax/softmax/U594/ZN (ND3OPTPAD1BWP12T30P140LVT)
                                                          0.02      0.01       1.13 r
  scaleSoftmax/softmax/n6440 (net)              2                   0.00       1.13 r
  scaleSoftmax/softmax/U587/ZN (NR2D2BWP12T30P140LVT)     0.01      0.01       1.14 f
  scaleSoftmax/softmax/n3647 (net)              3                   0.00       1.14 f
  scaleSoftmax/softmax/U322/ZN (ND2D2BWP12T30P140LVT)     0.01      0.01       1.15 r
  scaleSoftmax/softmax/n8691 (net)              3                   0.00       1.15 r
  scaleSoftmax/softmax/U567/ZN (INR2D2BWP12T30P140LVT)
                                                          0.01      0.01       1.16 f
  scaleSoftmax/softmax/n8648 (net)              9                   0.00       1.16 f
  scaleSoftmax/softmax/U10819/ZN (INVD0BWP12T30P140LVT)
                                                          0.01      0.01       1.17 r
  scaleSoftmax/softmax/n8678 (net)              3                   0.00       1.17 r
  scaleSoftmax/softmax/U12445/ZN (OAI22D0BWP12T30P140LVT)
                                                          0.02      0.01       1.18 f
  scaleSoftmax/softmax/n8387 (net)              1                   0.00       1.18 f
  scaleSoftmax/softmax/U5121/ZN (IND3D1BWP12T30P140LVT)
                                                          0.02      0.02       1.21 f
  scaleSoftmax/softmax/n822 (net)               1                   0.00       1.21 f
  scaleSoftmax/softmax/U303/ZN (NR2D0BWP12T30P140LVT)     0.02      0.01       1.22 r
  scaleSoftmax/softmax/n819 (net)               1                   0.00       1.22 r
  scaleSoftmax/softmax/U519/ZN (ND2D1BWP12T30P140LVT)     0.02      0.02       1.24 f
  scaleSoftmax/softmax/laneValues_9[0] (net)
                                                2                   0.00       1.24 f
  scaleSoftmax/softmax/U12714/S (FA1D1BWP12T30P140LVT)
                                                          0.02      0.06       1.30 r
  scaleSoftmax/softmax/n9586 (net)              1                   0.00       1.30 r
  scaleSoftmax/softmax/U12722/S (FA1D1BWP12T30P140LVT)
                                                          0.02      0.05       1.34 f
  scaleSoftmax/softmax/n15020 (net)             1                   0.00       1.34 f
  scaleSoftmax/softmax/U19113/CO (FA1D1BWP12T30P140LVT)
                                                          0.02      0.03       1.37 f
  scaleSoftmax/softmax/n15025 (net)             1                   0.00       1.37 f
  scaleSoftmax/softmax/U19115/CO (FA1D1BWP12T30P140LVT)
                                                          0.02      0.03       1.41 f
  scaleSoftmax/softmax/n15017 (net)             1                   0.00       1.41 f
  scaleSoftmax/softmax/U19111/CO (FA1D1BWP12T30P140LVT)
                                                          0.01      0.03       1.44 f
  scaleSoftmax/softmax/n16365 (net)             1                   0.00       1.44 f
  scaleSoftmax/softmax/U20651/CO (FA1D1BWP12T30P140LVT)
                                                          0.01      0.03       1.46 f
  scaleSoftmax/softmax/n20732 (net)             1                   0.00       1.46 f
  scaleSoftmax/softmax/U25550/CO (FA1D1BWP12T30P140LVT)
                                                          0.01      0.03       1.49 f
  scaleSoftmax/softmax/n24949 (net)             1                   0.00       1.49 f
  scaleSoftmax/softmax/U27891/CO (FA1D1BWP12T30P140LVT)
                                                          0.02      0.03       1.52 f
  scaleSoftmax/softmax/n24953 (net)             1                   0.00       1.52 f
  scaleSoftmax/softmax/U27893/CO (FA1OPTCD2BWP12T30P140LVT)
                                                          0.01      0.02       1.54 f
  scaleSoftmax/softmax/n24957 (net)             1                   0.00       1.54 f
  scaleSoftmax/softmax/U5179/CO (FA1OPTCD2BWP12T30P140LVT)
                                                          0.01      0.02       1.55 f
  scaleSoftmax/softmax/n24961 (net)             1                   0.00       1.55 f
  scaleSoftmax/softmax/U27896/CO (FA1OPTCD2BWP12T30P140LVT)
                                                          0.01      0.02       1.57 f
  scaleSoftmax/softmax/n24965 (net)             1                   0.00       1.57 f
  scaleSoftmax/softmax/U5180/CO (FA1OPTCD2BWP12T30P140LVT)
                                                          0.01      0.02       1.59 f
  scaleSoftmax/softmax/n24969 (net)             1                   0.00       1.59 f
  scaleSoftmax/softmax/U27899/CO (FA1OPTCD2BWP12T30P140LVT)
                                                          0.01      0.02       1.61 f
  scaleSoftmax/softmax/n24973 (net)             1                   0.00       1.61 f
  scaleSoftmax/softmax/U5181/CO (FA1OPTCD2BWP12T30P140LVT)
                                                          0.01      0.02       1.63 f
  scaleSoftmax/softmax/n24977 (net)             1                   0.00       1.63 f
  scaleSoftmax/softmax/U27902/CO (FA1OPTCD2BWP12T30P140LVT)
                                                          0.01      0.02       1.64 f
  scaleSoftmax/softmax/n24981 (net)             1                   0.00       1.64 f
  scaleSoftmax/softmax/U5182/CO (FA1OPTCD2BWP12T30P140LVT)
                                                          0.01      0.02       1.66 f
  scaleSoftmax/softmax/n24985 (net)             1                   0.00       1.66 f
  scaleSoftmax/softmax/U27905/CO (FA1OPTCD2BWP12T30P140LVT)
                                                          0.01      0.02       1.68 f
  scaleSoftmax/softmax/n24989 (net)             1                   0.00       1.68 f
  scaleSoftmax/softmax/U5175/CO (FA1OPTCD2BWP12T30P140LVT)
                                                          0.01      0.02       1.70 f
  scaleSoftmax/softmax/n24993 (net)             1                   0.00       1.70 f
  scaleSoftmax/softmax/U5174/CO (FA1OPTCD2BWP12T30P140LVT)
                                                          0.01      0.02       1.71 f
  scaleSoftmax/softmax/n24997 (net)             1                   0.00       1.71 f
  scaleSoftmax/softmax/U925/CO (FA1OPTCD2BWP12T30P140LVT)
                                                          0.01      0.02       1.73 f
  scaleSoftmax/softmax/n25001 (net)             1                   0.00       1.73 f
  scaleSoftmax/softmax/U27906/CO (FA1OPTCD2BWP12T30P140LVT)
                                                          0.01      0.02       1.75 f
  scaleSoftmax/softmax/n25005 (net)             1                   0.00       1.75 f
  scaleSoftmax/softmax/U912/CO (FA1OPTCD2BWP12T30P140LVT)
                                                          0.01      0.02       1.77 f
  scaleSoftmax/softmax/n25009 (net)             1                   0.00       1.77 f
  scaleSoftmax/softmax/U27907/CO (FA1OPTCD2BWP12T30P140LVT)
                                                          0.01      0.02       1.79 f
  scaleSoftmax/softmax/n25012 (net)             1                   0.00       1.79 f
  scaleSoftmax/softmax/U27908/CO (HA1D1BWP12T30P140LVT)
                                                          0.01      0.02       1.80 f
  scaleSoftmax/softmax/n25014 (net)             1                   0.00       1.80 f
  scaleSoftmax/softmax/U917/CO (HA1D1BWP12T30P140LVT)     0.01      0.02       1.82 f
  scaleSoftmax/softmax/n25016 (net)             1                   0.00       1.82 f
  scaleSoftmax/softmax/U3945/CO (HA1D1BWP12T30P140LVT)
                                                          0.01      0.02       1.83 f
  scaleSoftmax/softmax/n25018 (net)             1                   0.00       1.83 f
  scaleSoftmax/softmax/U27909/CO (HA1D1BWP12T30P140LVT)
                                                          0.02      0.02       1.85 f
  scaleSoftmax/softmax/n25020 (net)             4                   0.00       1.85 f
  scaleSoftmax/softmax/U904/ZN (ND3OPTPAD2BWP12T30P140LVT)
                                                          0.01      0.01       1.86 r
  scaleSoftmax/softmax/n166 (net)               1                   0.00       1.86 r
  scaleSoftmax/softmax/U229/ZN (OAI211OPTREPBD1BWP12T30P140LVT)
                                                          0.02      0.01       1.87 f
  scaleSoftmax/softmax/n933 (net)               1                   0.00       1.87 f
  scaleSoftmax/softmax/U228/ZN (OAI22D1BWP12T30P140LVT)
                                                          0.02      0.01       1.88 r
  scaleSoftmax/softmax/n5589 (net)              1                   0.00       1.88 r
  scaleSoftmax/softmax/exponentSum_reg[26]/D (DFQD1BWP12T30P140LVT)
                                                          0.02      0.00       1.88 r
  data arrival time                                                            1.88

  clock clk (rise edge)                                             2.00       2.00
  clock network delay (ideal)                                       0.00       2.00
  clock uncertainty                                                -0.10       1.90
  scaleSoftmax/softmax/exponentSum_reg[26]/CP (DFQD1BWP12T30P140LVT)
                                                                    0.00       1.90 r
  library setup time                                               -0.01       1.89
  data required time                                                           1.89
  ------------------------------------------------------------------------------------
  data required time                                                           1.89
  data arrival time                                                           -1.88
  ------------------------------------------------------------------------------------
  slack (MET)                                                                  0.00


  Startpoint: softmaxV/accumulator/weightPacketReg_weights_1_reg[2]
              (rising edge-triggered flip-flop clocked by clk)
  Endpoint: softmaxV/accumulator/outputReg_value_reg[47]
            (rising edge-triggered flip-flop clocked by clk)
  Path Group: clk
  Path Type: max

  Des/Clust/Port     Wire Load Model       Library
  ------------------------------------------------
  PackDescriptorDecoder_1
                     ZeroWireload          tcbn28hpcplusbwp12t30p140lvtssg0p81v125c
  PackDescriptorDecoder
                     ZeroWireload          tcbn28hpcplusbwp12t30p140lvtssg0p81v125c
  BufferedPackMetadataDequantizer_1
                     ZeroWireload          tcbn28hpcplusbwp12t30p140lvtssg0p81v125c
  DynamicBitUnpacker_1
                     ZeroWireload          tcbn28hpcplusbwp12t30p140lvtssg0p81v125c
  BufferedPackMetadataDequantizer
                     ZeroWireload          tcbn28hpcplusbwp12t30p140lvtssg0p81v125c
  DynamicBitUnpacker ZeroWireload          tcbn28hpcplusbwp12t30p140lvtssg0p81v125c
  KvStreamDequantizer_1
                     ZeroWireload          tcbn28hpcplusbwp12t30p140lvtssg0p81v125c
  KvStreamDequantizer
                     ZeroWireload          tcbn28hpcplusbwp12t30p140lvtssg0p81v125c
  DecompressionPipelineController_1
                     ZeroWireload          tcbn28hpcplusbwp12t30p140lvtssg0p81v125c
  DecompressionPipelineController
                     ZeroWireload          tcbn28hpcplusbwp12t30p140lvtssg0p81v125c
  QkDotProductAccumulator
                     ZeroWireload          tcbn28hpcplusbwp12t30p140lvtssg0p81v125c
  StreamingSoftmax   ZeroWireload          tcbn28hpcplusbwp12t30p140lvtssg0p81v125c
  AttentionScaleUnit ZeroWireload          tcbn28hpcplusbwp12t30p140lvtssg0p81v125c
  BriskKvAttentionTop
                     ZeroWireload          tcbn28hpcplusbwp12t30p140lvtssg0p81v125c

  Point                                       Fanout     Trans      Incr       Path
  ------------------------------------------------------------------------------------
  clock clk (rise edge)                                             0.00       0.00
  clock network delay (ideal)                                       0.00       0.00
  softmaxV/accumulator/weightPacketReg_weights_1_reg[2]/CP (DFQD1BWP12T30P140LVT)
                                                          0.00      0.00 #     0.00 r
  softmaxV/accumulator/weightPacketReg_weights_1_reg[2]/Q (DFQD1BWP12T30P140LVT)
                                                          0.04      0.06       0.06 f
  softmaxV/accumulator/weightPacketReg_weights_1[2] (net)
                                               22                   0.00       0.06 f
  U14507/ZN (INVD0BWP12T30P140LVT)                        0.09      0.06       0.13 r
  n20746 (net)                                 25                   0.00       0.13 r
  U15291/ZN (MAOI22D0BWP12T30P140LVT)                     0.03      0.02       0.15 f
  n19918 (net)                                  2                   0.00       0.15 f
  U1177/ZN (NR2D0BWP12T30P140LVT)                         0.11      0.07       0.22 r
  n29198 (net)                                 18                   0.00       0.22 r
  U25270/ZN (AOI222D1BWP12T30P140LVT)                     0.05      0.03       0.25 f
  n19919 (net)                                  1                   0.00       0.25 f
  U25271/ZN (MUX2ND0BWP12T30P140LVT)                      0.04      0.03       0.28 r
  n22733 (net)                                  1                   0.00       0.28 r
  U4414/CO (HA1D0BWP12T30P140LVT)                         0.02      0.03       0.30 r
  n23173 (net)                                  1                   0.00       0.30 r
  U11580/CO (HA1D0BWP12T30P140LVT)                        0.02      0.02       0.33 r
  n23106 (net)                                  1                   0.00       0.33 r
  U28624/CO (FA1D1BWP12T30P140LVT)                        0.01      0.02       0.35 r
  n22811 (net)                                  1                   0.00       0.35 r
  U28344/CO (FA1D1BWP12T30P140LVT)                        0.01      0.02       0.37 r
  n23383 (net)                                  1                   0.00       0.37 r
  U11567/CO (FA1D0BWP12T30P140LVT)                        0.02      0.03       0.41 r
  n22873 (net)                                  1                   0.00       0.41 r
  U28414/CO (FA1D1BWP12T30P140LVT)                        0.01      0.03       0.43 r
  n23347 (net)                                  1                   0.00       0.43 r
  U11555/CO (FA1D0BWP12T30P140LVT)                        0.02      0.03       0.47 r
  n23266 (net)                                  1                   0.00       0.47 r
  U28714/CO (FA1D1BWP12T30P140LVT)                        0.01      0.03       0.49 r
  n25992 (net)                                  1                   0.00       0.49 r
  U11546/CO (FA1D0BWP12T30P140LVT)                        0.02      0.03       0.53 r
  n26171 (net)                                  1                   0.00       0.53 r
  U31250/CO (FA1D1BWP12T30P140LVT)                        0.01      0.03       0.55 r
  n26125 (net)                                  1                   0.00       0.55 r
  U11272/CO (FA1D0BWP12T30P140LVT)                        0.02      0.03       0.59 r
  n26575 (net)                                  1                   0.00       0.59 r
  U31520/CO (FA1D1BWP12T30P140LVT)                        0.01      0.03       0.61 r
  n26937 (net)                                  1                   0.00       0.61 r
  U11260/CO (FA1D0BWP12T30P140LVT)                        0.02      0.03       0.64 r
  n27491 (net)                                  1                   0.00       0.64 r
  U32065/CO (FA1D1BWP12T30P140LVT)                        0.01      0.03       0.67 r
  n28116 (net)                                  1                   0.00       0.67 r
  U11247/CO (FA1D0BWP12T30P140LVT)                        0.02      0.03       0.70 r
  n28641 (net)                                  1                   0.00       0.70 r
  U32679/CO (FA1D1BWP12T30P140LVT)                        0.01      0.03       0.73 r
  n29227 (net)                                  1                   0.00       0.73 r
  U32957/CO (FA1D1BWP12T30P140LVT)                        0.01      0.02       0.75 r
  n30918 (net)                                  1                   0.00       0.75 r
  U11522/CO (FA1D0BWP12T30P140LVT)                        0.02      0.03       0.79 r
  n31087 (net)                                  1                   0.00       0.79 r
  U33828/CO (FA1D1BWP12T30P140LVT)                        0.01      0.03       0.81 r
  n31203 (net)                                  1                   0.00       0.81 r
  U11222/CO (FA1D0BWP12T30P140LVT)                        0.02      0.03       0.85 r
  n31141 (net)                                  1                   0.00       0.85 r
  U11203/CO (FA1D0BWP12T30P140LVT)                        0.02      0.04       0.88 r
  n31589 (net)                                  1                   0.00       0.88 r
  U11176/CO (FA1D0BWP12T30P140LVT)                        0.02      0.04       0.92 r
  n31933 (net)                                  1                   0.00       0.92 r
  U11166/CO (FA1D0BWP12T30P140LVT)                        0.02      0.04       0.95 r
  n32420 (net)                                  1                   0.00       0.95 r
  U11141/CO (FA1D0BWP12T30P140LVT)                        0.02      0.04       0.99 r
  n33701 (net)                                  1                   0.00       0.99 r
  U11128/CO (FA1D0BWP12T30P140LVT)                        0.02      0.04       1.02 r
  n34943 (net)                                  1                   0.00       1.02 r
  U11111/CO (FA1D0BWP12T30P140LVT)                        0.02      0.04       1.06 r
  n35302 (net)                                  1                   0.00       1.06 r
  U11100/CO (FA1D0BWP12T30P140LVT)                        0.02      0.04       1.09 r
  n35586 (net)                                  1                   0.00       1.09 r
  U11078/CO (FA1D0BWP12T30P140LVT)                        0.02      0.04       1.13 r
  n35846 (net)                                  1                   0.00       1.13 r
  U11066/CO (FA1D0BWP12T30P140LVT)                        0.02      0.04       1.16 r
  n36144 (net)                                  1                   0.00       1.16 r
  U11054/CO (FA1D0BWP12T30P140LVT)                        0.02      0.04       1.20 r
  n36273 (net)                                  1                   0.00       1.20 r
  U11041/CO (FA1D0BWP12T30P140LVT)                        0.02      0.04       1.23 r
  n36403 (net)                                  1                   0.00       1.23 r
  U11036/S (FA1D0BWP12T30P140LVT)                         0.01      0.05       1.28 f
  n36276 (net)                                  1                   0.00       1.28 f
  U37026/ZN (INR2D1BWP12T30P140LVT)                       0.02      0.02       1.30 f
  n36369 (net)                                  1                   0.00       1.30 f
  U37058/S (FA1D1BWP12T30P140LVT)                         0.02      0.06       1.36 r
  n36398 (net)                                  1                   0.00       1.36 r
  U37069/S (FA1D1BWP12T30P140LVT)                         0.02      0.05       1.41 f
  n36425 (net)                                  1                   0.00       1.41 f
  U37080/S (FA1D1BWP12T30P140LVT)                         0.02      0.06       1.46 r
  n36436 (net)                                  1                   0.00       1.46 r
  U37084/S (FA1D1BWP12T30P140LVT)                         0.02      0.05       1.51 f
  n37482 (net)                                  1                   0.00       1.51 f
  U37811/CO (FA1D1BWP12T30P140LVT)                        0.01      0.03       1.54 f
  n36605 (net)                                  1                   0.00       1.54 f
  U37137/CO (FA1D1BWP12T30P140LVT)                        0.01      0.03       1.57 f
  n37475 (net)                                  1                   0.00       1.57 f
  U37808/CO (FA1D1BWP12T30P140LVT)                        0.02      0.03       1.60 f
  n36634 (net)                                  1                   0.00       1.60 f
  U37146/CO (FA1OPTCD2BWP12T30P140LVT)                    0.01      0.02       1.61 f
  n36651 (net)                                  1                   0.00       1.61 f
  U37152/CO (FA1D1BWP12T30P140LVT)                        0.02      0.03       1.64 f
  n36662 (net)                                  1                   0.00       1.64 f
  U37158/CO (FA1OPTCD2BWP12T30P140LVT)                    0.01      0.02       1.66 f
  n36670 (net)                                  1                   0.00       1.66 f
  U14007/CO (FA1OPTCD2BWP12T30P140LVT)                    0.01      0.02       1.68 f
  n36678 (net)                                  1                   0.00       1.68 f
  U37167/CO (FA1OPTCD2BWP12T30P140LVT)                    0.01      0.02       1.70 f
  n36686 (net)                                  1                   0.00       1.70 f
  U13980/CO (FA1OPTCD2BWP12T30P140LVT)                    0.01      0.02       1.71 f
  n36694 (net)                                  1                   0.00       1.71 f
  U13979/CO (FA1OPTCD2BWP12T30P140LVT)                    0.01      0.02       1.73 f
  n36702 (net)                                  1                   0.00       1.73 f
  U37180/CO (FA1OPTCD2BWP12T30P140LVT)                    0.01      0.02       1.75 f
  n36710 (net)                                  1                   0.00       1.75 f
  U6684/CO (FA1OPTCD2BWP12T30P140LVT)                     0.01      0.02       1.77 f
  n36718 (net)                                  1                   0.00       1.77 f
  U37189/CO (FA1OPTCD2BWP12T30P140LVT)                    0.01      0.02       1.79 f
  n36726 (net)                                  1                   0.00       1.79 f
  U6658/CO (FA1OPTCD2BWP12T30P140LVT)                     0.01      0.02       1.80 f
  n36734 (net)                                  1                   0.00       1.80 f
  U37199/CO (FA1OPTCD2BWP12T30P140LVT)                    0.01      0.02       1.82 f
  n36742 (net)                                  1                   0.00       1.82 f
  U14010/S (FA1OPTCD2BWP12T30P140LVT)                     0.02      0.04       1.86 r
  n36739 (net)                                  2                   0.00       1.86 r
  U1262/ZN (ND2D0BWP12T30P140LVT)                         0.03      0.01       1.88 f
  n36741 (net)                                  1                   0.00       1.88 f
  U37204/ZN (ND2D1BWP12T30P140LVT)                        0.01      0.01       1.88 r
  softmaxV/accumulator/n438 (net)               1                   0.00       1.88 r
  softmaxV/accumulator/outputReg_value_reg[47]/D (DFQD2BWP12T30P140LVT)
                                                          0.01      0.00       1.88 r
  data arrival time                                                            1.88

  clock clk (rise edge)                                             2.00       2.00
  clock network delay (ideal)                                       0.00       2.00
  clock uncertainty                                                -0.10       1.90
  softmaxV/accumulator/outputReg_value_reg[47]/CP (DFQD2BWP12T30P140LVT)
                                                                    0.00       1.90 r
  library setup time                                               -0.01       1.89
  data required time                                                           1.89
  ------------------------------------------------------------------------------------
  data required time                                                           1.89
  data arrival time                                                           -1.88
  ------------------------------------------------------------------------------------
  slack (MET)                                                                  0.00


  Startpoint: softmaxV/accumulator/weightPacketReg_weights_1_reg[2]
              (rising edge-triggered flip-flop clocked by clk)
  Endpoint: softmaxV/accumulator/outputReg_value_reg[48]
            (rising edge-triggered flip-flop clocked by clk)
  Path Group: clk
  Path Type: max

  Des/Clust/Port     Wire Load Model       Library
  ------------------------------------------------
  PackDescriptorDecoder_1
                     ZeroWireload          tcbn28hpcplusbwp12t30p140lvtssg0p81v125c
  PackDescriptorDecoder
                     ZeroWireload          tcbn28hpcplusbwp12t30p140lvtssg0p81v125c
  BufferedPackMetadataDequantizer_1
                     ZeroWireload          tcbn28hpcplusbwp12t30p140lvtssg0p81v125c
  DynamicBitUnpacker_1
                     ZeroWireload          tcbn28hpcplusbwp12t30p140lvtssg0p81v125c
  BufferedPackMetadataDequantizer
                     ZeroWireload          tcbn28hpcplusbwp12t30p140lvtssg0p81v125c
  DynamicBitUnpacker ZeroWireload          tcbn28hpcplusbwp12t30p140lvtssg0p81v125c
  KvStreamDequantizer_1
                     ZeroWireload          tcbn28hpcplusbwp12t30p140lvtssg0p81v125c
  KvStreamDequantizer
                     ZeroWireload          tcbn28hpcplusbwp12t30p140lvtssg0p81v125c
  DecompressionPipelineController_1
                     ZeroWireload          tcbn28hpcplusbwp12t30p140lvtssg0p81v125c
  DecompressionPipelineController
                     ZeroWireload          tcbn28hpcplusbwp12t30p140lvtssg0p81v125c
  QkDotProductAccumulator
                     ZeroWireload          tcbn28hpcplusbwp12t30p140lvtssg0p81v125c
  StreamingSoftmax   ZeroWireload          tcbn28hpcplusbwp12t30p140lvtssg0p81v125c
  AttentionScaleUnit ZeroWireload          tcbn28hpcplusbwp12t30p140lvtssg0p81v125c
  BriskKvAttentionTop
                     ZeroWireload          tcbn28hpcplusbwp12t30p140lvtssg0p81v125c

  Point                                       Fanout     Trans      Incr       Path
  ------------------------------------------------------------------------------------
  clock clk (rise edge)                                             0.00       0.00
  clock network delay (ideal)                                       0.00       0.00
  softmaxV/accumulator/weightPacketReg_weights_1_reg[2]/CP (DFQD1BWP12T30P140LVT)
                                                          0.00      0.00 #     0.00 r
  softmaxV/accumulator/weightPacketReg_weights_1_reg[2]/Q (DFQD1BWP12T30P140LVT)
                                                          0.04      0.06       0.06 f
  softmaxV/accumulator/weightPacketReg_weights_1[2] (net)
                                               22                   0.00       0.06 f
  U14507/ZN (INVD0BWP12T30P140LVT)                        0.09      0.06       0.13 r
  n20746 (net)                                 25                   0.00       0.13 r
  U15291/ZN (MAOI22D0BWP12T30P140LVT)                     0.03      0.02       0.15 f
  n19918 (net)                                  2                   0.00       0.15 f
  U1177/ZN (NR2D0BWP12T30P140LVT)                         0.11      0.07       0.22 r
  n29198 (net)                                 18                   0.00       0.22 r
  U25270/ZN (AOI222D1BWP12T30P140LVT)                     0.05      0.03       0.25 f
  n19919 (net)                                  1                   0.00       0.25 f
  U25271/ZN (MUX2ND0BWP12T30P140LVT)                      0.04      0.03       0.28 r
  n22733 (net)                                  1                   0.00       0.28 r
  U4414/CO (HA1D0BWP12T30P140LVT)                         0.02      0.03       0.30 r
  n23173 (net)                                  1                   0.00       0.30 r
  U11580/CO (HA1D0BWP12T30P140LVT)                        0.02      0.02       0.33 r
  n23106 (net)                                  1                   0.00       0.33 r
  U28624/CO (FA1D1BWP12T30P140LVT)                        0.01      0.02       0.35 r
  n22811 (net)                                  1                   0.00       0.35 r
  U28344/CO (FA1D1BWP12T30P140LVT)                        0.01      0.02       0.37 r
  n23383 (net)                                  1                   0.00       0.37 r
  U11567/CO (FA1D0BWP12T30P140LVT)                        0.02      0.03       0.41 r
  n22873 (net)                                  1                   0.00       0.41 r
  U28414/CO (FA1D1BWP12T30P140LVT)                        0.01      0.03       0.43 r
  n23347 (net)                                  1                   0.00       0.43 r
  U11555/CO (FA1D0BWP12T30P140LVT)                        0.02      0.03       0.47 r
  n23266 (net)                                  1                   0.00       0.47 r
  U28714/CO (FA1D1BWP12T30P140LVT)                        0.01      0.03       0.49 r
  n25992 (net)                                  1                   0.00       0.49 r
  U11546/CO (FA1D0BWP12T30P140LVT)                        0.02      0.03       0.53 r
  n26171 (net)                                  1                   0.00       0.53 r
  U31250/CO (FA1D1BWP12T30P140LVT)                        0.01      0.03       0.55 r
  n26125 (net)                                  1                   0.00       0.55 r
  U11272/CO (FA1D0BWP12T30P140LVT)                        0.02      0.03       0.59 r
  n26575 (net)                                  1                   0.00       0.59 r
  U31520/CO (FA1D1BWP12T30P140LVT)                        0.01      0.03       0.61 r
  n26937 (net)                                  1                   0.00       0.61 r
  U11260/CO (FA1D0BWP12T30P140LVT)                        0.02      0.03       0.64 r
  n27491 (net)                                  1                   0.00       0.64 r
  U32065/CO (FA1D1BWP12T30P140LVT)                        0.01      0.03       0.67 r
  n28116 (net)                                  1                   0.00       0.67 r
  U11247/CO (FA1D0BWP12T30P140LVT)                        0.02      0.03       0.70 r
  n28641 (net)                                  1                   0.00       0.70 r
  U32679/CO (FA1D1BWP12T30P140LVT)                        0.01      0.03       0.73 r
  n29227 (net)                                  1                   0.00       0.73 r
  U32957/CO (FA1D1BWP12T30P140LVT)                        0.01      0.02       0.75 r
  n30918 (net)                                  1                   0.00       0.75 r
  U11522/CO (FA1D0BWP12T30P140LVT)                        0.02      0.03       0.79 r
  n31087 (net)                                  1                   0.00       0.79 r
  U33828/CO (FA1D1BWP12T30P140LVT)                        0.01      0.03       0.81 r
  n31203 (net)                                  1                   0.00       0.81 r
  U11222/CO (FA1D0BWP12T30P140LVT)                        0.02      0.03       0.85 r
  n31141 (net)                                  1                   0.00       0.85 r
  U11203/CO (FA1D0BWP12T30P140LVT)                        0.02      0.04       0.88 r
  n31589 (net)                                  1                   0.00       0.88 r
  U11176/CO (FA1D0BWP12T30P140LVT)                        0.02      0.04       0.92 r
  n31933 (net)                                  1                   0.00       0.92 r
  U11166/CO (FA1D0BWP12T30P140LVT)                        0.02      0.04       0.95 r
  n32420 (net)                                  1                   0.00       0.95 r
  U11141/CO (FA1D0BWP12T30P140LVT)                        0.02      0.04       0.99 r
  n33701 (net)                                  1                   0.00       0.99 r
  U11128/CO (FA1D0BWP12T30P140LVT)                        0.02      0.04       1.02 r
  n34943 (net)                                  1                   0.00       1.02 r
  U11111/CO (FA1D0BWP12T30P140LVT)                        0.02      0.04       1.06 r
  n35302 (net)                                  1                   0.00       1.06 r
  U11100/CO (FA1D0BWP12T30P140LVT)                        0.02      0.04       1.09 r
  n35586 (net)                                  1                   0.00       1.09 r
  U11078/CO (FA1D0BWP12T30P140LVT)                        0.02      0.04       1.13 r
  n35846 (net)                                  1                   0.00       1.13 r
  U11066/CO (FA1D0BWP12T30P140LVT)                        0.02      0.04       1.16 r
  n36144 (net)                                  1                   0.00       1.16 r
  U11054/CO (FA1D0BWP12T30P140LVT)                        0.02      0.04       1.20 r
  n36273 (net)                                  1                   0.00       1.20 r
  U11041/CO (FA1D0BWP12T30P140LVT)                        0.02      0.04       1.23 r
  n36403 (net)                                  1                   0.00       1.23 r
  U11036/S (FA1D0BWP12T30P140LVT)                         0.01      0.05       1.28 f
  n36276 (net)                                  1                   0.00       1.28 f
  U37026/ZN (INR2D1BWP12T30P140LVT)                       0.02      0.02       1.30 f
  n36369 (net)                                  1                   0.00       1.30 f
  U37058/S (FA1D1BWP12T30P140LVT)                         0.02      0.06       1.36 r
  n36398 (net)                                  1                   0.00       1.36 r
  U37069/S (FA1D1BWP12T30P140LVT)                         0.02      0.05       1.41 f
  n36425 (net)                                  1                   0.00       1.41 f
  U37080/S (FA1D1BWP12T30P140LVT)                         0.02      0.06       1.46 r
  n36436 (net)                                  1                   0.00       1.46 r
  U37084/S (FA1D1BWP12T30P140LVT)                         0.02      0.05       1.51 f
  n37482 (net)                                  1                   0.00       1.51 f
  U37811/CO (FA1D1BWP12T30P140LVT)                        0.01      0.03       1.54 f
  n36605 (net)                                  1                   0.00       1.54 f
  U37137/CO (FA1D1BWP12T30P140LVT)                        0.01      0.03       1.57 f
  n37475 (net)                                  1                   0.00       1.57 f
  U37808/CO (FA1D1BWP12T30P140LVT)                        0.02      0.03       1.60 f
  n36634 (net)                                  1                   0.00       1.60 f
  U37146/CO (FA1OPTCD2BWP12T30P140LVT)                    0.01      0.02       1.61 f
  n36651 (net)                                  1                   0.00       1.61 f
  U37152/CO (FA1D1BWP12T30P140LVT)                        0.02      0.03       1.64 f
  n36662 (net)                                  1                   0.00       1.64 f
  U37158/CO (FA1OPTCD2BWP12T30P140LVT)                    0.01      0.02       1.66 f
  n36670 (net)                                  1                   0.00       1.66 f
  U14007/CO (FA1OPTCD2BWP12T30P140LVT)                    0.01      0.02       1.68 f
  n36678 (net)                                  1                   0.00       1.68 f
  U37167/CO (FA1OPTCD2BWP12T30P140LVT)                    0.01      0.02       1.70 f
  n36686 (net)                                  1                   0.00       1.70 f
  U13980/CO (FA1OPTCD2BWP12T30P140LVT)                    0.01      0.02       1.71 f
  n36694 (net)                                  1                   0.00       1.71 f
  U13979/CO (FA1OPTCD2BWP12T30P140LVT)                    0.01      0.02       1.73 f
  n36702 (net)                                  1                   0.00       1.73 f
  U37180/CO (FA1OPTCD2BWP12T30P140LVT)                    0.01      0.02       1.75 f
  n36710 (net)                                  1                   0.00       1.75 f
  U6684/CO (FA1OPTCD2BWP12T30P140LVT)                     0.01      0.02       1.77 f
  n36718 (net)                                  1                   0.00       1.77 f
  U37189/CO (FA1OPTCD2BWP12T30P140LVT)                    0.01      0.02       1.79 f
  n36726 (net)                                  1                   0.00       1.79 f
  U6658/CO (FA1OPTCD2BWP12T30P140LVT)                     0.01      0.02       1.80 f
  n36734 (net)                                  1                   0.00       1.80 f
  U37199/CO (FA1OPTCD2BWP12T30P140LVT)                    0.01      0.02       1.82 f
  n36742 (net)                                  1                   0.00       1.82 f
  U14010/CO (FA1OPTCD2BWP12T30P140LVT)                    0.01      0.02       1.84 f
  n36750 (net)                                  2                   0.00       1.84 f
  U3214/Z (CKXOR2D1BWP12T30P140LVT)                       0.01      0.02       1.86 r
  n36747 (net)                                  2                   0.00       1.86 r
  U37208/ZN (ND2D0BWP12T30P140LVT)                        0.03      0.01       1.87 f
  n36749 (net)                                  1                   0.00       1.87 f
  U1263/ZN (ND2D0BWP12T30P140LVT)                         0.02      0.01       1.88 r
  softmaxV/accumulator/n439 (net)               1                   0.00       1.88 r
  softmaxV/accumulator/outputReg_value_reg[48]/D (DFQD2BWP12T30P140LVT)
                                                          0.02      0.00       1.88 r
  data arrival time                                                            1.88

  clock clk (rise edge)                                             2.00       2.00
  clock network delay (ideal)                                       0.00       2.00
  clock uncertainty                                                -0.10       1.90
  softmaxV/accumulator/outputReg_value_reg[48]/CP (DFQD2BWP12T30P140LVT)
                                                                    0.00       1.90 r
  library setup time                                               -0.01       1.89
  data required time                                                           1.89
  ------------------------------------------------------------------------------------
  data required time                                                           1.89
  data arrival time                                                           -1.88
  ------------------------------------------------------------------------------------
  slack (MET)                                                                  0.00


  Startpoint: scaleSoftmax/softmax/packCountReg_reg[0]
              (rising edge-triggered flip-flop clocked by clk)
  Endpoint: scaleSoftmax/softmax/globalMaximum_reg[5]
            (rising edge-triggered flip-flop clocked by clk)
  Path Group: clk
  Path Type: max

  Des/Clust/Port     Wire Load Model       Library
  ------------------------------------------------
  PackDescriptorDecoder_1
                     ZeroWireload          tcbn28hpcplusbwp12t30p140lvtssg0p81v125c
  PackDescriptorDecoder
                     ZeroWireload          tcbn28hpcplusbwp12t30p140lvtssg0p81v125c
  BufferedPackMetadataDequantizer_1
                     ZeroWireload          tcbn28hpcplusbwp12t30p140lvtssg0p81v125c
  DynamicBitUnpacker_1
                     ZeroWireload          tcbn28hpcplusbwp12t30p140lvtssg0p81v125c
  BufferedPackMetadataDequantizer
                     ZeroWireload          tcbn28hpcplusbwp12t30p140lvtssg0p81v125c
  DynamicBitUnpacker ZeroWireload          tcbn28hpcplusbwp12t30p140lvtssg0p81v125c
  KvStreamDequantizer_1
                     ZeroWireload          tcbn28hpcplusbwp12t30p140lvtssg0p81v125c
  KvStreamDequantizer
                     ZeroWireload          tcbn28hpcplusbwp12t30p140lvtssg0p81v125c
  DecompressionPipelineController_1
                     ZeroWireload          tcbn28hpcplusbwp12t30p140lvtssg0p81v125c
  DecompressionPipelineController
                     ZeroWireload          tcbn28hpcplusbwp12t30p140lvtssg0p81v125c
  QkDotProductAccumulator
                     ZeroWireload          tcbn28hpcplusbwp12t30p140lvtssg0p81v125c
  StreamingSoftmax   ZeroWireload          tcbn28hpcplusbwp12t30p140lvtssg0p81v125c
  AttentionScaleUnit ZeroWireload          tcbn28hpcplusbwp12t30p140lvtssg0p81v125c
  BriskKvAttentionTop
                     ZeroWireload          tcbn28hpcplusbwp12t30p140lvtssg0p81v125c

  Point                                       Fanout     Trans      Incr       Path
  ------------------------------------------------------------------------------------
  clock clk (rise edge)                                             0.00       0.00
  clock network delay (ideal)                                       0.00       0.00
  scaleSoftmax/softmax/packCountReg_reg[0]/CP (DFQD2BWP12T30P140LVT)
                                                          0.00      0.00 #     0.00 r
  scaleSoftmax/softmax/packCountReg_reg[0]/Q (DFQD2BWP12T30P140LVT)
                                                          0.01      0.05       0.05 f
  scaleSoftmax/softmax/packCountReg[0] (net)
                                                9                   0.00       0.05 f
  scaleSoftmax/softmax/U435/ZN (NR3OPTPAD2BWP12T30P140LVT)
                                                          0.01      0.01       0.06 r
  scaleSoftmax/softmax/n9649 (net)              2                   0.00       0.06 r
  scaleSoftmax/softmax/U431/ZN (CKND2D1BWP12T30P140LVT)
                                                          0.01      0.01       0.07 f
  scaleSoftmax/softmax/n9642 (net)              2                   0.00       0.07 f
  scaleSoftmax/softmax/U12736/ZN (NR2D1BWP12T30P140LVT)
                                                          0.02      0.01       0.09 r
  scaleSoftmax/softmax/n9651 (net)              2                   0.00       0.09 r
  scaleSoftmax/softmax/U12737/ZN (ND2D1BWP12T30P140LVT)
                                                          0.02      0.01       0.10 f
  scaleSoftmax/softmax/n9636 (net)              2                   0.00       0.10 f
  scaleSoftmax/softmax/U12738/ZN (NR2D1BWP12T30P140LVT)
                                                          0.02      0.01       0.12 r
  scaleSoftmax/softmax/n9644 (net)              2                   0.00       0.12 r
  scaleSoftmax/softmax/U12739/ZN (ND2D1BWP12T30P140LVT)
                                                          0.02      0.01       0.13 f
  scaleSoftmax/softmax/n9646 (net)              2                   0.00       0.13 f
  scaleSoftmax/softmax/U12740/ZN (NR2D1BWP12T30P140LVT)
                                                          0.02      0.01       0.14 r
  scaleSoftmax/softmax/n9638 (net)              2                   0.00       0.14 r
  scaleSoftmax/softmax/U12741/ZN (ND2D1BWP12T30P140LVT)
                                                          0.02      0.01       0.16 f
  scaleSoftmax/softmax/n9629 (net)              2                   0.00       0.16 f
  scaleSoftmax/softmax/U12742/ZN (NR2D1BWP12T30P140LVT)
                                                          0.02      0.01       0.17 r
  scaleSoftmax/softmax/n9640 (net)              2                   0.00       0.17 r
  scaleSoftmax/softmax/U12743/ZN (ND2D1BWP12T30P140LVT)
                                                          0.02      0.01       0.19 f
  scaleSoftmax/softmax/n9633 (net)              2                   0.00       0.19 f
  scaleSoftmax/softmax/U12744/ZN (NR2D1BWP12T30P140LVT)
                                                          0.02      0.01       0.20 r
  scaleSoftmax/softmax/n9631 (net)              2                   0.00       0.20 r
  scaleSoftmax/softmax/U410/ZN (CKND2D1BWP12T30P140LVT)
                                                          0.01      0.01       0.21 f
  scaleSoftmax/softmax/n9622 (net)              2                   0.00       0.21 f
  scaleSoftmax/softmax/U12745/ZN (NR2D1BWP12T30P140LVT)
                                                          0.02      0.01       0.23 r
  scaleSoftmax/softmax/n9615 (net)              2                   0.00       0.23 r
  scaleSoftmax/softmax/U409/ZN (CKND2D1BWP12T30P140LVT)
                                                          0.01      0.01       0.24 f
  scaleSoftmax/softmax/n9624 (net)              2                   0.00       0.24 f
  scaleSoftmax/softmax/U12746/ZN (NR2D1BWP12T30P140LVT)
                                                          0.02      0.01       0.25 r
  scaleSoftmax/softmax/n9626 (net)              2                   0.00       0.25 r
  scaleSoftmax/softmax/U734/ZN (CKND2D1BWP12T30P140LVT)
                                                          0.01      0.01       0.26 f
  scaleSoftmax/softmax/n9608 (net)              2                   0.00       0.26 f
  scaleSoftmax/softmax/U12747/ZN (NR2D1BWP12T30P140LVT)
                                                          0.02      0.01       0.28 r
  scaleSoftmax/softmax/n9617 (net)              2                   0.00       0.28 r
  scaleSoftmax/softmax/U729/ZN (CKND2D1BWP12T30P140LVT)
                                                          0.01      0.01       0.29 f
  scaleSoftmax/softmax/n9619 (net)              2                   0.00       0.29 f
  scaleSoftmax/softmax/U12748/ZN (NR2D1BWP12T30P140LVT)
                                                          0.02      0.01       0.30 r
  scaleSoftmax/softmax/n9610 (net)              2                   0.00       0.30 r
  scaleSoftmax/softmax/U723/ZN (CKND2D1BWP12T30P140LVT)
                                                          0.01      0.01       0.31 f
  scaleSoftmax/softmax/n9601 (net)              2                   0.00       0.31 f
  scaleSoftmax/softmax/U721/ZN (NR2D1BWP12T30P140LVT)     0.02      0.01       0.33 r
  scaleSoftmax/softmax/n9612 (net)              2                   0.00       0.33 r
  scaleSoftmax/softmax/U12759/ZN (MUX2ND0BWP12T30P140LVT)
                                                          0.03      0.03       0.36 r
  scaleSoftmax/softmax/n9745 (net)              4                   0.00       0.36 r
  scaleSoftmax/softmax/U3161/ZN (OAI22D0BWP12T30P140LVT)
                                                          0.02      0.02       0.37 f
  scaleSoftmax/softmax/n9614 (net)              1                   0.00       0.37 f
  scaleSoftmax/softmax/U12760/ZN (AOI221D1BWP12T30P140LVT)
                                                          0.03      0.02       0.40 r
  scaleSoftmax/softmax/n9677 (net)              1                   0.00       0.40 r
  scaleSoftmax/softmax/U12800/ZN (OAI211D1BWP12T30P140LVT)
                                                          0.03      0.02       0.42 f
  scaleSoftmax/softmax/n9678 (net)              1                   0.00       0.42 f
  scaleSoftmax/softmax/U12801/ZN (AOI21D1BWP12T30P140LVT)
                                                          0.02      0.02       0.44 r
  scaleSoftmax/softmax/n9679 (net)              1                   0.00       0.44 r
  scaleSoftmax/softmax/U12802/ZN (OAI211D1BWP12T30P140LVT)
                                                          0.03      0.02       0.46 f
  scaleSoftmax/softmax/n9681 (net)              1                   0.00       0.46 f
  scaleSoftmax/softmax/U12803/ZN (AOI21D1BWP12T30P140LVT)
                                                          0.02      0.02       0.47 r
  scaleSoftmax/softmax/n9685 (net)              1                   0.00       0.47 r
  scaleSoftmax/softmax/U12805/ZN (OAI211D1BWP12T30P140LVT)
                                                          0.03      0.02       0.49 f
  scaleSoftmax/softmax/n9686 (net)              1                   0.00       0.49 f
  scaleSoftmax/softmax/U12806/ZN (AOI21D1BWP12T30P140LVT)
                                                          0.02      0.02       0.51 r
  scaleSoftmax/softmax/n9689 (net)              1                   0.00       0.51 r
  scaleSoftmax/softmax/U12808/ZN (OAI211D1BWP12T30P140LVT)
                                                          0.03      0.02       0.53 f
  scaleSoftmax/softmax/n9690 (net)              1                   0.00       0.53 f
  scaleSoftmax/softmax/U4195/ZN (AOI21OPTREPBD1BWP12T30P140LVT)
                                                          0.03      0.02       0.55 r
  scaleSoftmax/softmax/n25646 (net)             7                   0.00       0.55 r
  scaleSoftmax/softmax/U704/ZN (CKND2D1BWP12T30P140LVT)
                                                          0.02      0.01       0.57 f
  scaleSoftmax/softmax/n25680 (net)             3                   0.00       0.57 f
  scaleSoftmax/softmax/U12809/ZN (INVD1BWP12T30P140LVT)
                                                          0.01      0.01       0.57 r
  scaleSoftmax/softmax/expectedValidTokens[3] (net)
                                                2                   0.00       0.57 r
  scaleSoftmax/softmax/U26109/ZN (INR2D1BWP12T30P140LVT)
                                                          0.01      0.01       0.58 f
  scaleSoftmax/softmax/n21278 (net)             1                   0.00       0.58 f
  scaleSoftmax/softmax/U26110/ZN (INVD1BWP12T30P140LVT)
                                                          0.01      0.01       0.59 r
  scaleSoftmax/softmax/n23477 (net)             3                   0.00       0.59 r
  scaleSoftmax/softmax/U691/ZN (INVD3BWP12T30P140LVT)     0.04      0.03       0.62 f
  scaleSoftmax/softmax/n21415 (net)            46                   0.00       0.62 f
  scaleSoftmax/softmax/U26268/ZN (ND2OPTFAD4BWP12T30P140LVT)
                                                          0.03      0.03       0.64 r
  scaleSoftmax/softmax/n21999 (net)            47                   0.00       0.64 r
  scaleSoftmax/softmax/U26269/ZN (OAI21D1BWP12T30P140LVT)
                                                          0.20      0.11       0.76 f
  scaleSoftmax/softmax/n21422 (net)            44                   0.00       0.76 f
  scaleSoftmax/softmax/U26343/ZN (INR2D1BWP12T30P140LVT)
                                                          0.05      0.03       0.79 r
  scaleSoftmax/softmax/n21719 (net)             2                   0.00       0.79 r
  scaleSoftmax/softmax/U26344/ZN (INVD0BWP12T30P140LVT)
                                                          0.02      0.01       0.81 f
  scaleSoftmax/softmax/n21462 (net)             3                   0.00       0.81 f
  scaleSoftmax/softmax/U26353/ZN (OAI21D0BWP12T30P140LVT)
                                                          0.02      0.02       0.82 r
  scaleSoftmax/softmax/n21463 (net)             1                   0.00       0.82 r
  scaleSoftmax/softmax/U26354/ZN (MOAI22D0BWP12T30P140LVT)
                                                          0.02      0.01       0.84 f
  scaleSoftmax/softmax/n21464 (net)             1                   0.00       0.84 f
  scaleSoftmax/softmax/U26355/ZN (AOI31D1BWP12T30P140LVT)
                                                          0.02      0.02       0.86 r
  scaleSoftmax/softmax/n21468 (net)             1                   0.00       0.86 r
  scaleSoftmax/softmax/U26356/ZN (AOI211D1BWP12T30P140LVT)
                                                          0.02      0.01       0.87 f
  scaleSoftmax/softmax/n21479 (net)             1                   0.00       0.87 f
  scaleSoftmax/softmax/U1321/ZN (AOI221D0BWP12T30P140LVT)
                                                          0.03      0.02       0.89 r
  scaleSoftmax/softmax/n21506 (net)             1                   0.00       0.89 r
  scaleSoftmax/softmax/U2562/ZN (OAI31D0BWP12T30P140LVT)
                                                          0.03      0.02       0.91 f
  scaleSoftmax/softmax/n21509 (net)             1                   0.00       0.91 f
  scaleSoftmax/softmax/U26403/ZN (ND3D1BWP12T30P140LVT)
                                                          0.01      0.01       0.92 r
  scaleSoftmax/softmax/n21517 (net)             1                   0.00       0.92 r
  scaleSoftmax/softmax/U326/ZN (AOI32D0BWP12T30P140LVT)
                                                          0.03      0.02       0.94 f
  scaleSoftmax/softmax/n21550 (net)             1                   0.00       0.94 f
  scaleSoftmax/softmax/U26413/ZN (AOI21D1BWP12T30P140LVT)
                                                          0.02      0.02       0.95 r
  scaleSoftmax/softmax/n21562 (net)             1                   0.00       0.95 r
  scaleSoftmax/softmax/U582/Z (BUFFD3BWP12T30P140LVT)     0.05      0.04       1.00 r
  scaleSoftmax/softmax/n21 (net)               44                   0.00       1.00 r
  scaleSoftmax/softmax/U6283/Z (CKMUX2D0BWP12T30P140LVT)
                                                          0.01      0.03       1.03 f
  scaleSoftmax/softmax/n22618 (net)             2                   0.00       1.03 f
  scaleSoftmax/softmax/U26465/ZN (INR2D1BWP12T30P140LVT)
                                                          0.01      0.02       1.04 f
  scaleSoftmax/softmax/n21729 (net)             1                   0.00       1.04 f
  scaleSoftmax/softmax/U2302/ZN (MAOI222D0BWP12T30P140LVT)
                                                          0.03      0.02       1.06 r
  scaleSoftmax/softmax/n21734 (net)             1                   0.00       1.06 r
  scaleSoftmax/softmax/U26468/ZN (AOI31D1BWP12T30P140LVT)
                                                          0.02      0.02       1.08 f
  scaleSoftmax/softmax/n21737 (net)             1                   0.00       1.08 f
  scaleSoftmax/softmax/U26469/ZN (AOI211D1BWP12T30P140LVT)
                                                          0.02      0.02       1.10 r
  scaleSoftmax/softmax/n21756 (net)             1                   0.00       1.10 r
  scaleSoftmax/softmax/U300/ZN (AOI221D1BWP12T30P140LVT)
                                                          0.03      0.01       1.11 f
  scaleSoftmax/softmax/n21815 (net)             1                   0.00       1.11 f
  scaleSoftmax/softmax/U26502/ZN (OAI31D1BWP12T30P140LVT)
                                                          0.02      0.02       1.13 r
  scaleSoftmax/softmax/n21818 (net)             1                   0.00       1.13 r
  scaleSoftmax/softmax/U26504/ZN (ND3D1BWP12T30P140LVT)
                                                          0.02      0.02       1.15 f
  scaleSoftmax/softmax/n21826 (net)             1                   0.00       1.15 f
  scaleSoftmax/softmax/U514/ZN (AOI32D1BWP12T30P140LVT)
                                                          0.03      0.02       1.17 r
  scaleSoftmax/softmax/n21859 (net)             1                   0.00       1.17 r
  scaleSoftmax/softmax/U290/ZN (AOI21OPTPBD2BWP12T30P140LVT)
                                                          0.03      0.02       1.19 f
  scaleSoftmax/softmax/n22659 (net)             9                   0.00       1.19 f
  scaleSoftmax/softmax/U285/Z (BUFFXD6BWP12T30P140LVT)
                                                          0.02      0.03       1.22 f
  scaleSoftmax/softmax/n18 (net)               36                   0.00       1.22 f
  scaleSoftmax/softmax/U26900/Z (CKMUX2D0BWP12T30P140LVT)
                                                          0.02      0.03       1.25 r
  scaleSoftmax/softmax/n24576 (net)             4                   0.00       1.25 r
  scaleSoftmax/softmax/U26901/ZN (MAOI22D1BWP12T30P140LVT)
                                                          0.02      0.02       1.27 r
  scaleSoftmax/softmax/n22702 (net)             2                   0.00       1.27 r
  scaleSoftmax/softmax/U26903/ZN (OAI211D1BWP12T30P140LVT)
                                                          0.03      0.02       1.29 f
  scaleSoftmax/softmax/n22704 (net)             2                   0.00       1.29 f
  scaleSoftmax/softmax/U26908/ZN (AOI221D1BWP12T30P140LVT)
                                                          0.03      0.03       1.32 r
  scaleSoftmax/softmax/n22700 (net)             1                   0.00       1.32 r
  scaleSoftmax/softmax/U26911/ZN (AOI211D1BWP12T30P140LVT)
                                                          0.02      0.01       1.33 f
  scaleSoftmax/softmax/n22703 (net)             1                   0.00       1.33 f
  scaleSoftmax/softmax/U26912/ZN (OAI31D1BWP12T30P140LVT)
                                                          0.02      0.01       1.34 r
  scaleSoftmax/softmax/n22709 (net)             1                   0.00       1.34 r
  scaleSoftmax/softmax/U481/ZN (ND3D1BWP12T30P140LVT)     0.02      0.02       1.36 f
  scaleSoftmax/softmax/n22717 (net)             1                   0.00       1.36 f
  scaleSoftmax/softmax/U480/ZN (AOI32D1BWP12T30P140LVT)
                                                          0.02      0.02       1.38 r
  scaleSoftmax/softmax/n22747 (net)             1                   0.00       1.38 r
  scaleSoftmax/softmax/U26921/ZN (AOI21D1BWP12T30P140LVT)
                                                          0.02      0.01       1.39 f
  scaleSoftmax/softmax/n24299 (net)             1                   0.00       1.39 f
  scaleSoftmax/softmax/U479/Z (BUFFD6BWP12T30P140LVT)     0.03      0.03       1.42 f
  scaleSoftmax/softmax/n14 (net)               88                   0.00       1.42 f
  scaleSoftmax/softmax/U27714/ZN (ND2D0BWP12T30P140LVT)
                                                          0.01      0.01       1.43 r
  scaleSoftmax/softmax/n24491 (net)             1                   0.00       1.43 r
  scaleSoftmax/softmax/U27715/ZN (OAI21D0BWP12T30P140LVT)
                                                          0.02      0.02       1.44 f
  scaleSoftmax/softmax/n24782 (net)             2                   0.00       1.44 f
  scaleSoftmax/softmax/U27718/ZN (INR2D1BWP12T30P140LVT)
                                                          0.01      0.02       1.46 f
  scaleSoftmax/softmax/n24497 (net)             1                   0.00       1.46 f
  scaleSoftmax/softmax/U27719/ZN (MAOI222D0BWP12T30P140LVT)
                                                          0.03      0.02       1.48 r
  scaleSoftmax/softmax/n24501 (net)             1                   0.00       1.48 r
  scaleSoftmax/softmax/U27722/ZN (AOI31D1BWP12T30P140LVT)
                                                          0.02      0.02       1.50 f
  scaleSoftmax/softmax/n24504 (net)             1                   0.00       1.50 f
  scaleSoftmax/softmax/U915/ZN (AOI211D1BWP12T30P140LVT)
                                                          0.02      0.02       1.52 r
  scaleSoftmax/softmax/n24527 (net)             1                   0.00       1.52 r
  scaleSoftmax/softmax/U236/ZN (AOI221D1BWP12T30P140LVT)
                                                          0.03      0.01       1.53 f
  scaleSoftmax/softmax/n24609 (net)             1                   0.00       1.53 f
  scaleSoftmax/softmax/U27760/ZN (OAI31D1BWP12T30P140LVT)
                                                          0.02      0.02       1.55 r
  scaleSoftmax/softmax/n24611 (net)             1                   0.00       1.55 r
  scaleSoftmax/softmax/U27762/ZN (ND3D1BWP12T30P140LVT)
                                                          0.02      0.02       1.57 f
  scaleSoftmax/softmax/n24618 (net)             1                   0.00       1.57 f
  scaleSoftmax/softmax/U27766/ZN (AOI32D1BWP12T30P140LVT)
                                                          0.02      0.02       1.59 r
  scaleSoftmax/softmax/n24645 (net)             1                   0.00       1.59 r
  scaleSoftmax/softmax/U235/ZN (AOI21OPTPBD1BWP12T30P140LVT)
                                                          0.02      0.01       1.60 f
  scaleSoftmax/softmax/n24649 (net)             1                   0.00       1.60 f
  scaleSoftmax/softmax/U234/Z (BUFFD8BWP12T30P140LVT)     0.02      0.03       1.63 f
  scaleSoftmax/softmax/n13 (net)               87                   0.00       1.63 f
  scaleSoftmax/softmax/U181/ZN (NR2D0BWP12T30P140LVT)     0.02      0.02       1.64 r
  scaleSoftmax/softmax/n24784 (net)             1                   0.00       1.64 r
  scaleSoftmax/softmax/U27847/ZN (AOI21D1BWP12T30P140LVT)
                                                          0.02      0.01       1.65 f
  scaleSoftmax/softmax/n24945 (net)             2                   0.00       1.65 f
  scaleSoftmax/softmax/U27848/ZN (INR2D1BWP12T30P140LVT)
                                                          0.01      0.02       1.67 f
  scaleSoftmax/softmax/n24786 (net)             1                   0.00       1.67 f
  scaleSoftmax/softmax/U27849/ZN (MAOI222D0BWP12T30P140LVT)
                                                          0.03      0.02       1.69 r
  scaleSoftmax/softmax/n24791 (net)             1                   0.00       1.69 r
  scaleSoftmax/softmax/U27851/ZN (AOI31D1BWP12T30P140LVT)
                                                          0.02      0.02       1.71 f
  scaleSoftmax/softmax/n24794 (net)             1                   0.00       1.71 f
  scaleSoftmax/softmax/U27852/ZN (AOI211D1BWP12T30P140LVT)
                                                          0.02      0.02       1.73 r
  scaleSoftmax/softmax/n24810 (net)             1                   0.00       1.73 r
  scaleSoftmax/softmax/U27857/ZN (AOI221D1BWP12T30P140LVT)
                                                          0.03      0.01       1.74 f
  scaleSoftmax/softmax/n24855 (net)             1                   0.00       1.74 f
  scaleSoftmax/softmax/U27882/ZN (OAI31D1BWP12T30P140LVT)
                                                          0.02      0.02       1.76 r
  scaleSoftmax/softmax/n24858 (net)             1                   0.00       1.76 r
  scaleSoftmax/softmax/U27884/ZN (ND3D1BWP12T30P140LVT)
                                                          0.02      0.02       1.78 f
  scaleSoftmax/softmax/n24866 (net)             1                   0.00       1.78 f
  scaleSoftmax/softmax/U27887/ZN (AOI32D1BWP12T30P140LVT)
                                                          0.02      0.02       1.79 r
  scaleSoftmax/softmax/n24898 (net)             1                   0.00       1.79 r
  scaleSoftmax/softmax/U444/ZN (AOI21OPTPBD1BWP12T30P140LVT)
                                                          0.02      0.01       1.80 f
  scaleSoftmax/softmax/n24900 (net)             1                   0.00       1.80 f
  scaleSoftmax/softmax/U443/ZN (INR2D4BWP12T30P140LVT)
                                                          0.03      0.03       1.83 f
  scaleSoftmax/softmax/n25437 (net)            45                   0.00       1.83 f
  scaleSoftmax/softmax/U6/Z (OR2XD8BWP12T30P140LVT)       0.01      0.02       1.85 f
  scaleSoftmax/softmax/n24930 (net)             4                   0.00       1.85 f
  scaleSoftmax/softmax/U4/ZN (INVD1P25BWP12T30P140LVT)
                                                          0.01      0.01       1.86 r
  scaleSoftmax/softmax/n24940 (net)            10                   0.00       1.86 r
  scaleSoftmax/softmax/U4197/Z (AO22D0BWP12T30P140LVT)
                                                          0.01      0.02       1.88 r
  scaleSoftmax/softmax/n5524 (net)              1                   0.00       1.88 r
  scaleSoftmax/softmax/globalMaximum_reg[5]/D (DFQD1BWP12T30P140LVT)
                                                          0.01      0.00       1.88 r
  data arrival time                                                            1.88

  clock clk (rise edge)                                             2.00       2.00
  clock network delay (ideal)                                       0.00       2.00
  clock uncertainty                                                -0.10       1.90
  scaleSoftmax/softmax/globalMaximum_reg[5]/CP (DFQD1BWP12T30P140LVT)
                                                                    0.00       1.90 r
  library setup time                                               -0.01       1.89
  data required time                                                           1.89
  ------------------------------------------------------------------------------------
  data required time                                                           1.89
  data arrival time                                                           -1.88
  ------------------------------------------------------------------------------------
  slack (MET)                                                                  0.00


  Startpoint: scaleSoftmax/softmax/packCountReg_reg[0]
              (rising edge-triggered flip-flop clocked by clk)
  Endpoint: scaleSoftmax/softmax/globalMaximum_reg[23]
            (rising edge-triggered flip-flop clocked by clk)
  Path Group: clk
  Path Type: max

  Des/Clust/Port     Wire Load Model       Library
  ------------------------------------------------
  PackDescriptorDecoder_1
                     ZeroWireload          tcbn28hpcplusbwp12t30p140lvtssg0p81v125c
  PackDescriptorDecoder
                     ZeroWireload          tcbn28hpcplusbwp12t30p140lvtssg0p81v125c
  BufferedPackMetadataDequantizer_1
                     ZeroWireload          tcbn28hpcplusbwp12t30p140lvtssg0p81v125c
  DynamicBitUnpacker_1
                     ZeroWireload          tcbn28hpcplusbwp12t30p140lvtssg0p81v125c
  BufferedPackMetadataDequantizer
                     ZeroWireload          tcbn28hpcplusbwp12t30p140lvtssg0p81v125c
  DynamicBitUnpacker ZeroWireload          tcbn28hpcplusbwp12t30p140lvtssg0p81v125c
  KvStreamDequantizer_1
                     ZeroWireload          tcbn28hpcplusbwp12t30p140lvtssg0p81v125c
  KvStreamDequantizer
                     ZeroWireload          tcbn28hpcplusbwp12t30p140lvtssg0p81v125c
  DecompressionPipelineController_1
                     ZeroWireload          tcbn28hpcplusbwp12t30p140lvtssg0p81v125c
  DecompressionPipelineController
                     ZeroWireload          tcbn28hpcplusbwp12t30p140lvtssg0p81v125c
  QkDotProductAccumulator
                     ZeroWireload          tcbn28hpcplusbwp12t30p140lvtssg0p81v125c
  StreamingSoftmax   ZeroWireload          tcbn28hpcplusbwp12t30p140lvtssg0p81v125c
  AttentionScaleUnit ZeroWireload          tcbn28hpcplusbwp12t30p140lvtssg0p81v125c
  BriskKvAttentionTop
                     ZeroWireload          tcbn28hpcplusbwp12t30p140lvtssg0p81v125c

  Point                                       Fanout     Trans      Incr       Path
  ------------------------------------------------------------------------------------
  clock clk (rise edge)                                             0.00       0.00
  clock network delay (ideal)                                       0.00       0.00
  scaleSoftmax/softmax/packCountReg_reg[0]/CP (DFQD2BWP12T30P140LVT)
                                                          0.00      0.00 #     0.00 r
  scaleSoftmax/softmax/packCountReg_reg[0]/Q (DFQD2BWP12T30P140LVT)
                                                          0.01      0.05       0.05 f
  scaleSoftmax/softmax/packCountReg[0] (net)
                                                9                   0.00       0.05 f
  scaleSoftmax/softmax/U435/ZN (NR3OPTPAD2BWP12T30P140LVT)
                                                          0.01      0.01       0.06 r
  scaleSoftmax/softmax/n9649 (net)              2                   0.00       0.06 r
  scaleSoftmax/softmax/U431/ZN (CKND2D1BWP12T30P140LVT)
                                                          0.01      0.01       0.07 f
  scaleSoftmax/softmax/n9642 (net)              2                   0.00       0.07 f
  scaleSoftmax/softmax/U12736/ZN (NR2D1BWP12T30P140LVT)
                                                          0.02      0.01       0.09 r
  scaleSoftmax/softmax/n9651 (net)              2                   0.00       0.09 r
  scaleSoftmax/softmax/U12737/ZN (ND2D1BWP12T30P140LVT)
                                                          0.02      0.01       0.10 f
  scaleSoftmax/softmax/n9636 (net)              2                   0.00       0.10 f
  scaleSoftmax/softmax/U12738/ZN (NR2D1BWP12T30P140LVT)
                                                          0.02      0.01       0.12 r
  scaleSoftmax/softmax/n9644 (net)              2                   0.00       0.12 r
  scaleSoftmax/softmax/U12739/ZN (ND2D1BWP12T30P140LVT)
                                                          0.02      0.01       0.13 f
  scaleSoftmax/softmax/n9646 (net)              2                   0.00       0.13 f
  scaleSoftmax/softmax/U12740/ZN (NR2D1BWP12T30P140LVT)
                                                          0.02      0.01       0.14 r
  scaleSoftmax/softmax/n9638 (net)              2                   0.00       0.14 r
  scaleSoftmax/softmax/U12741/ZN (ND2D1BWP12T30P140LVT)
                                                          0.02      0.01       0.16 f
  scaleSoftmax/softmax/n9629 (net)              2                   0.00       0.16 f
  scaleSoftmax/softmax/U12742/ZN (NR2D1BWP12T30P140LVT)
                                                          0.02      0.01       0.17 r
  scaleSoftmax/softmax/n9640 (net)              2                   0.00       0.17 r
  scaleSoftmax/softmax/U12743/ZN (ND2D1BWP12T30P140LVT)
                                                          0.02      0.01       0.19 f
  scaleSoftmax/softmax/n9633 (net)              2                   0.00       0.19 f
  scaleSoftmax/softmax/U12744/ZN (NR2D1BWP12T30P140LVT)
                                                          0.02      0.01       0.20 r
  scaleSoftmax/softmax/n9631 (net)              2                   0.00       0.20 r
  scaleSoftmax/softmax/U410/ZN (CKND2D1BWP12T30P140LVT)
                                                          0.01      0.01       0.21 f
  scaleSoftmax/softmax/n9622 (net)              2                   0.00       0.21 f
  scaleSoftmax/softmax/U12745/ZN (NR2D1BWP12T30P140LVT)
                                                          0.02      0.01       0.23 r
  scaleSoftmax/softmax/n9615 (net)              2                   0.00       0.23 r
  scaleSoftmax/softmax/U409/ZN (CKND2D1BWP12T30P140LVT)
                                                          0.01      0.01       0.24 f
  scaleSoftmax/softmax/n9624 (net)              2                   0.00       0.24 f
  scaleSoftmax/softmax/U12746/ZN (NR2D1BWP12T30P140LVT)
                                                          0.02      0.01       0.25 r
  scaleSoftmax/softmax/n9626 (net)              2                   0.00       0.25 r
  scaleSoftmax/softmax/U734/ZN (CKND2D1BWP12T30P140LVT)
                                                          0.01      0.01       0.26 f
  scaleSoftmax/softmax/n9608 (net)              2                   0.00       0.26 f
  scaleSoftmax/softmax/U12747/ZN (NR2D1BWP12T30P140LVT)
                                                          0.02      0.01       0.28 r
  scaleSoftmax/softmax/n9617 (net)              2                   0.00       0.28 r
  scaleSoftmax/softmax/U729/ZN (CKND2D1BWP12T30P140LVT)
                                                          0.01      0.01       0.29 f
  scaleSoftmax/softmax/n9619 (net)              2                   0.00       0.29 f
  scaleSoftmax/softmax/U12748/ZN (NR2D1BWP12T30P140LVT)
                                                          0.02      0.01       0.30 r
  scaleSoftmax/softmax/n9610 (net)              2                   0.00       0.30 r
  scaleSoftmax/softmax/U723/ZN (CKND2D1BWP12T30P140LVT)
                                                          0.01      0.01       0.31 f
  scaleSoftmax/softmax/n9601 (net)              2                   0.00       0.31 f
  scaleSoftmax/softmax/U721/ZN (NR2D1BWP12T30P140LVT)     0.02      0.01       0.33 r
  scaleSoftmax/softmax/n9612 (net)              2                   0.00       0.33 r
  scaleSoftmax/softmax/U12759/ZN (MUX2ND0BWP12T30P140LVT)
                                                          0.03      0.03       0.36 r
  scaleSoftmax/softmax/n9745 (net)              4                   0.00       0.36 r
  scaleSoftmax/softmax/U3161/ZN (OAI22D0BWP12T30P140LVT)
                                                          0.02      0.02       0.37 f
  scaleSoftmax/softmax/n9614 (net)              1                   0.00       0.37 f
  scaleSoftmax/softmax/U12760/ZN (AOI221D1BWP12T30P140LVT)
                                                          0.03      0.02       0.40 r
  scaleSoftmax/softmax/n9677 (net)              1                   0.00       0.40 r
  scaleSoftmax/softmax/U12800/ZN (OAI211D1BWP12T30P140LVT)
                                                          0.03      0.02       0.42 f
  scaleSoftmax/softmax/n9678 (net)              1                   0.00       0.42 f
  scaleSoftmax/softmax/U12801/ZN (AOI21D1BWP12T30P140LVT)
                                                          0.02      0.02       0.44 r
  scaleSoftmax/softmax/n9679 (net)              1                   0.00       0.44 r
  scaleSoftmax/softmax/U12802/ZN (OAI211D1BWP12T30P140LVT)
                                                          0.03      0.02       0.46 f
  scaleSoftmax/softmax/n9681 (net)              1                   0.00       0.46 f
  scaleSoftmax/softmax/U12803/ZN (AOI21D1BWP12T30P140LVT)
                                                          0.02      0.02       0.47 r
  scaleSoftmax/softmax/n9685 (net)              1                   0.00       0.47 r
  scaleSoftmax/softmax/U12805/ZN (OAI211D1BWP12T30P140LVT)
                                                          0.03      0.02       0.49 f
  scaleSoftmax/softmax/n9686 (net)              1                   0.00       0.49 f
  scaleSoftmax/softmax/U12806/ZN (AOI21D1BWP12T30P140LVT)
                                                          0.02      0.02       0.51 r
  scaleSoftmax/softmax/n9689 (net)              1                   0.00       0.51 r
  scaleSoftmax/softmax/U12808/ZN (OAI211D1BWP12T30P140LVT)
                                                          0.03      0.02       0.53 f
  scaleSoftmax/softmax/n9690 (net)              1                   0.00       0.53 f
  scaleSoftmax/softmax/U4195/ZN (AOI21OPTREPBD1BWP12T30P140LVT)
                                                          0.03      0.02       0.55 r
  scaleSoftmax/softmax/n25646 (net)             7                   0.00       0.55 r
  scaleSoftmax/softmax/U704/ZN (CKND2D1BWP12T30P140LVT)
                                                          0.02      0.01       0.57 f
  scaleSoftmax/softmax/n25680 (net)             3                   0.00       0.57 f
  scaleSoftmax/softmax/U12809/ZN (INVD1BWP12T30P140LVT)
                                                          0.01      0.01       0.57 r
  scaleSoftmax/softmax/expectedValidTokens[3] (net)
                                                2                   0.00       0.57 r
  scaleSoftmax/softmax/U26109/ZN (INR2D1BWP12T30P140LVT)
                                                          0.01      0.01       0.58 f
  scaleSoftmax/softmax/n21278 (net)             1                   0.00       0.58 f
  scaleSoftmax/softmax/U26110/ZN (INVD1BWP12T30P140LVT)
                                                          0.01      0.01       0.59 r
  scaleSoftmax/softmax/n23477 (net)             3                   0.00       0.59 r
  scaleSoftmax/softmax/U691/ZN (INVD3BWP12T30P140LVT)     0.04      0.03       0.62 f
  scaleSoftmax/softmax/n21415 (net)            46                   0.00       0.62 f
  scaleSoftmax/softmax/U26268/ZN (ND2OPTFAD4BWP12T30P140LVT)
                                                          0.03      0.03       0.64 r
  scaleSoftmax/softmax/n21999 (net)            47                   0.00       0.64 r
  scaleSoftmax/softmax/U26269/ZN (OAI21D1BWP12T30P140LVT)
                                                          0.20      0.11       0.76 f
  scaleSoftmax/softmax/n21422 (net)            44                   0.00       0.76 f
  scaleSoftmax/softmax/U26343/ZN (INR2D1BWP12T30P140LVT)
                                                          0.05      0.03       0.79 r
  scaleSoftmax/softmax/n21719 (net)             2                   0.00       0.79 r
  scaleSoftmax/softmax/U26344/ZN (INVD0BWP12T30P140LVT)
                                                          0.02      0.01       0.81 f
  scaleSoftmax/softmax/n21462 (net)             3                   0.00       0.81 f
  scaleSoftmax/softmax/U26353/ZN (OAI21D0BWP12T30P140LVT)
                                                          0.02      0.02       0.82 r
  scaleSoftmax/softmax/n21463 (net)             1                   0.00       0.82 r
  scaleSoftmax/softmax/U26354/ZN (MOAI22D0BWP12T30P140LVT)
                                                          0.02      0.01       0.84 f
  scaleSoftmax/softmax/n21464 (net)             1                   0.00       0.84 f
  scaleSoftmax/softmax/U26355/ZN (AOI31D1BWP12T30P140LVT)
                                                          0.02      0.02       0.86 r
  scaleSoftmax/softmax/n21468 (net)             1                   0.00       0.86 r
  scaleSoftmax/softmax/U26356/ZN (AOI211D1BWP12T30P140LVT)
                                                          0.02      0.01       0.87 f
  scaleSoftmax/softmax/n21479 (net)             1                   0.00       0.87 f
  scaleSoftmax/softmax/U1321/ZN (AOI221D0BWP12T30P140LVT)
                                                          0.03      0.02       0.89 r
  scaleSoftmax/softmax/n21506 (net)             1                   0.00       0.89 r
  scaleSoftmax/softmax/U2562/ZN (OAI31D0BWP12T30P140LVT)
                                                          0.03      0.02       0.91 f
  scaleSoftmax/softmax/n21509 (net)             1                   0.00       0.91 f
  scaleSoftmax/softmax/U26403/ZN (ND3D1BWP12T30P140LVT)
                                                          0.01      0.01       0.92 r
  scaleSoftmax/softmax/n21517 (net)             1                   0.00       0.92 r
  scaleSoftmax/softmax/U326/ZN (AOI32D0BWP12T30P140LVT)
                                                          0.03      0.02       0.94 f
  scaleSoftmax/softmax/n21550 (net)             1                   0.00       0.94 f
  scaleSoftmax/softmax/U26413/ZN (AOI21D1BWP12T30P140LVT)
                                                          0.02      0.02       0.95 r
  scaleSoftmax/softmax/n21562 (net)             1                   0.00       0.95 r
  scaleSoftmax/softmax/U582/Z (BUFFD3BWP12T30P140LVT)     0.05      0.04       1.00 r
  scaleSoftmax/softmax/n21 (net)               44                   0.00       1.00 r
  scaleSoftmax/softmax/U6283/Z (CKMUX2D0BWP12T30P140LVT)
                                                          0.01      0.03       1.03 f
  scaleSoftmax/softmax/n22618 (net)             2                   0.00       1.03 f
  scaleSoftmax/softmax/U26465/ZN (INR2D1BWP12T30P140LVT)
                                                          0.01      0.02       1.04 f
  scaleSoftmax/softmax/n21729 (net)             1                   0.00       1.04 f
  scaleSoftmax/softmax/U2302/ZN (MAOI222D0BWP12T30P140LVT)
                                                          0.03      0.02       1.06 r
  scaleSoftmax/softmax/n21734 (net)             1                   0.00       1.06 r
  scaleSoftmax/softmax/U26468/ZN (AOI31D1BWP12T30P140LVT)
                                                          0.02      0.02       1.08 f
  scaleSoftmax/softmax/n21737 (net)             1                   0.00       1.08 f
  scaleSoftmax/softmax/U26469/ZN (AOI211D1BWP12T30P140LVT)
                                                          0.02      0.02       1.10 r
  scaleSoftmax/softmax/n21756 (net)             1                   0.00       1.10 r
  scaleSoftmax/softmax/U300/ZN (AOI221D1BWP12T30P140LVT)
                                                          0.03      0.01       1.11 f
  scaleSoftmax/softmax/n21815 (net)             1                   0.00       1.11 f
  scaleSoftmax/softmax/U26502/ZN (OAI31D1BWP12T30P140LVT)
                                                          0.02      0.02       1.13 r
  scaleSoftmax/softmax/n21818 (net)             1                   0.00       1.13 r
  scaleSoftmax/softmax/U26504/ZN (ND3D1BWP12T30P140LVT)
                                                          0.02      0.02       1.15 f
  scaleSoftmax/softmax/n21826 (net)             1                   0.00       1.15 f
  scaleSoftmax/softmax/U514/ZN (AOI32D1BWP12T30P140LVT)
                                                          0.03      0.02       1.17 r
  scaleSoftmax/softmax/n21859 (net)             1                   0.00       1.17 r
  scaleSoftmax/softmax/U290/ZN (AOI21OPTPBD2BWP12T30P140LVT)
                                                          0.03      0.02       1.19 f
  scaleSoftmax/softmax/n22659 (net)             9                   0.00       1.19 f
  scaleSoftmax/softmax/U285/Z (BUFFXD6BWP12T30P140LVT)
                                                          0.02      0.03       1.22 f
  scaleSoftmax/softmax/n18 (net)               36                   0.00       1.22 f
  scaleSoftmax/softmax/U26900/Z (CKMUX2D0BWP12T30P140LVT)
                                                          0.02      0.03       1.25 r
  scaleSoftmax/softmax/n24576 (net)             4                   0.00       1.25 r
  scaleSoftmax/softmax/U26901/ZN (MAOI22D1BWP12T30P140LVT)
                                                          0.02      0.02       1.27 r
  scaleSoftmax/softmax/n22702 (net)             2                   0.00       1.27 r
  scaleSoftmax/softmax/U26903/ZN (OAI211D1BWP12T30P140LVT)
                                                          0.03      0.02       1.29 f
  scaleSoftmax/softmax/n22704 (net)             2                   0.00       1.29 f
  scaleSoftmax/softmax/U26908/ZN (AOI221D1BWP12T30P140LVT)
                                                          0.03      0.03       1.32 r
  scaleSoftmax/softmax/n22700 (net)             1                   0.00       1.32 r
  scaleSoftmax/softmax/U26911/ZN (AOI211D1BWP12T30P140LVT)
                                                          0.02      0.01       1.33 f
  scaleSoftmax/softmax/n22703 (net)             1                   0.00       1.33 f
  scaleSoftmax/softmax/U26912/ZN (OAI31D1BWP12T30P140LVT)
                                                          0.02      0.01       1.34 r
  scaleSoftmax/softmax/n22709 (net)             1                   0.00       1.34 r
  scaleSoftmax/softmax/U481/ZN (ND3D1BWP12T30P140LVT)     0.02      0.02       1.36 f
  scaleSoftmax/softmax/n22717 (net)             1                   0.00       1.36 f
  scaleSoftmax/softmax/U480/ZN (AOI32D1BWP12T30P140LVT)
                                                          0.02      0.02       1.38 r
  scaleSoftmax/softmax/n22747 (net)             1                   0.00       1.38 r
  scaleSoftmax/softmax/U26921/ZN (AOI21D1BWP12T30P140LVT)
                                                          0.02      0.01       1.39 f
  scaleSoftmax/softmax/n24299 (net)             1                   0.00       1.39 f
  scaleSoftmax/softmax/U479/Z (BUFFD6BWP12T30P140LVT)     0.03      0.03       1.42 f
  scaleSoftmax/softmax/n14 (net)               88                   0.00       1.42 f
  scaleSoftmax/softmax/U27714/ZN (ND2D0BWP12T30P140LVT)
                                                          0.01      0.01       1.43 r
  scaleSoftmax/softmax/n24491 (net)             1                   0.00       1.43 r
  scaleSoftmax/softmax/U27715/ZN (OAI21D0BWP12T30P140LVT)
                                                          0.02      0.02       1.44 f
  scaleSoftmax/softmax/n24782 (net)             2                   0.00       1.44 f
  scaleSoftmax/softmax/U27718/ZN (INR2D1BWP12T30P140LVT)
                                                          0.01      0.02       1.46 f
  scaleSoftmax/softmax/n24497 (net)             1                   0.00       1.46 f
  scaleSoftmax/softmax/U27719/ZN (MAOI222D0BWP12T30P140LVT)
                                                          0.03      0.02       1.48 r
  scaleSoftmax/softmax/n24501 (net)             1                   0.00       1.48 r
  scaleSoftmax/softmax/U27722/ZN (AOI31D1BWP12T30P140LVT)
                                                          0.02      0.02       1.50 f
  scaleSoftmax/softmax/n24504 (net)             1                   0.00       1.50 f
  scaleSoftmax/softmax/U915/ZN (AOI211D1BWP12T30P140LVT)
                                                          0.02      0.02       1.52 r
  scaleSoftmax/softmax/n24527 (net)             1                   0.00       1.52 r
  scaleSoftmax/softmax/U236/ZN (AOI221D1BWP12T30P140LVT)
                                                          0.03      0.01       1.53 f
  scaleSoftmax/softmax/n24609 (net)             1                   0.00       1.53 f
  scaleSoftmax/softmax/U27760/ZN (OAI31D1BWP12T30P140LVT)
                                                          0.02      0.02       1.55 r
  scaleSoftmax/softmax/n24611 (net)             1                   0.00       1.55 r
  scaleSoftmax/softmax/U27762/ZN (ND3D1BWP12T30P140LVT)
                                                          0.02      0.02       1.57 f
  scaleSoftmax/softmax/n24618 (net)             1                   0.00       1.57 f
  scaleSoftmax/softmax/U27766/ZN (AOI32D1BWP12T30P140LVT)
                                                          0.02      0.02       1.59 r
  scaleSoftmax/softmax/n24645 (net)             1                   0.00       1.59 r
  scaleSoftmax/softmax/U235/ZN (AOI21OPTPBD1BWP12T30P140LVT)
                                                          0.02      0.01       1.60 f
  scaleSoftmax/softmax/n24649 (net)             1                   0.00       1.60 f
  scaleSoftmax/softmax/U234/Z (BUFFD8BWP12T30P140LVT)     0.02      0.03       1.63 f
  scaleSoftmax/softmax/n13 (net)               87                   0.00       1.63 f
  scaleSoftmax/softmax/U181/ZN (NR2D0BWP12T30P140LVT)     0.02      0.02       1.64 r
  scaleSoftmax/softmax/n24784 (net)             1                   0.00       1.64 r
  scaleSoftmax/softmax/U27847/ZN (AOI21D1BWP12T30P140LVT)
                                                          0.02      0.01       1.65 f
  scaleSoftmax/softmax/n24945 (net)             2                   0.00       1.65 f
  scaleSoftmax/softmax/U27848/ZN (INR2D1BWP12T30P140LVT)
                                                          0.01      0.02       1.67 f
  scaleSoftmax/softmax/n24786 (net)             1                   0.00       1.67 f
  scaleSoftmax/softmax/U27849/ZN (MAOI222D0BWP12T30P140LVT)
                                                          0.03      0.02       1.69 r
  scaleSoftmax/softmax/n24791 (net)             1                   0.00       1.69 r
  scaleSoftmax/softmax/U27851/ZN (AOI31D1BWP12T30P140LVT)
                                                          0.02      0.02       1.71 f
  scaleSoftmax/softmax/n24794 (net)             1                   0.00       1.71 f
  scaleSoftmax/softmax/U27852/ZN (AOI211D1BWP12T30P140LVT)
                                                          0.02      0.02       1.73 r
  scaleSoftmax/softmax/n24810 (net)             1                   0.00       1.73 r
  scaleSoftmax/softmax/U27857/ZN (AOI221D1BWP12T30P140LVT)
                                                          0.03      0.01       1.74 f
  scaleSoftmax/softmax/n24855 (net)             1                   0.00       1.74 f
  scaleSoftmax/softmax/U27882/ZN (OAI31D1BWP12T30P140LVT)
                                                          0.02      0.02       1.76 r
  scaleSoftmax/softmax/n24858 (net)             1                   0.00       1.76 r
  scaleSoftmax/softmax/U27884/ZN (ND3D1BWP12T30P140LVT)
                                                          0.02      0.02       1.78 f
  scaleSoftmax/softmax/n24866 (net)             1                   0.00       1.78 f
  scaleSoftmax/softmax/U27887/ZN (AOI32D1BWP12T30P140LVT)
                                                          0.02      0.02       1.79 r
  scaleSoftmax/softmax/n24898 (net)             1                   0.00       1.79 r
  scaleSoftmax/softmax/U444/ZN (AOI21OPTPBD1BWP12T30P140LVT)
                                                          0.02      0.01       1.80 f
  scaleSoftmax/softmax/n24900 (net)             1                   0.00       1.80 f
  scaleSoftmax/softmax/U443/ZN (INR2D4BWP12T30P140LVT)
                                                          0.03      0.03       1.83 f
  scaleSoftmax/softmax/n25437 (net)            45                   0.00       1.83 f
  scaleSoftmax/softmax/U6/Z (OR2XD8BWP12T30P140LVT)       0.01      0.02       1.85 f
  scaleSoftmax/softmax/n24930 (net)             4                   0.00       1.85 f
  scaleSoftmax/softmax/U4/ZN (INVD1P25BWP12T30P140LVT)
                                                          0.01      0.01       1.86 r
  scaleSoftmax/softmax/n24940 (net)            10                   0.00       1.86 r
  scaleSoftmax/softmax/U4418/Z (AO22D0BWP12T30P140LVT)
                                                          0.01      0.02       1.88 r
  scaleSoftmax/softmax/n5542 (net)              1                   0.00       1.88 r
  scaleSoftmax/softmax/globalMaximum_reg[23]/D (DFQD2BWP12T30P140LVT)
                                                          0.01      0.00       1.88 r
  data arrival time                                                            1.88

  clock clk (rise edge)                                             2.00       2.00
  clock network delay (ideal)                                       0.00       2.00
  clock uncertainty                                                -0.10       1.90
  scaleSoftmax/softmax/globalMaximum_reg[23]/CP (DFQD2BWP12T30P140LVT)
                                                                    0.00       1.90 r
  library setup time                                               -0.01       1.89
  data required time                                                           1.89
  ------------------------------------------------------------------------------------
  data required time                                                           1.89
  data arrival time                                                           -1.88
  ------------------------------------------------------------------------------------
  slack (MET)                                                                  0.00


  Startpoint: scaleSoftmax/softmax/packCountReg_reg[0]
              (rising edge-triggered flip-flop clocked by clk)
  Endpoint: scaleSoftmax/softmax/globalMaximum_reg[22]
            (rising edge-triggered flip-flop clocked by clk)
  Path Group: clk
  Path Type: max

  Des/Clust/Port     Wire Load Model       Library
  ------------------------------------------------
  PackDescriptorDecoder_1
                     ZeroWireload          tcbn28hpcplusbwp12t30p140lvtssg0p81v125c
  PackDescriptorDecoder
                     ZeroWireload          tcbn28hpcplusbwp12t30p140lvtssg0p81v125c
  BufferedPackMetadataDequantizer_1
                     ZeroWireload          tcbn28hpcplusbwp12t30p140lvtssg0p81v125c
  DynamicBitUnpacker_1
                     ZeroWireload          tcbn28hpcplusbwp12t30p140lvtssg0p81v125c
  BufferedPackMetadataDequantizer
                     ZeroWireload          tcbn28hpcplusbwp12t30p140lvtssg0p81v125c
  DynamicBitUnpacker ZeroWireload          tcbn28hpcplusbwp12t30p140lvtssg0p81v125c
  KvStreamDequantizer_1
                     ZeroWireload          tcbn28hpcplusbwp12t30p140lvtssg0p81v125c
  KvStreamDequantizer
                     ZeroWireload          tcbn28hpcplusbwp12t30p140lvtssg0p81v125c
  DecompressionPipelineController_1
                     ZeroWireload          tcbn28hpcplusbwp12t30p140lvtssg0p81v125c
  DecompressionPipelineController
                     ZeroWireload          tcbn28hpcplusbwp12t30p140lvtssg0p81v125c
  QkDotProductAccumulator
                     ZeroWireload          tcbn28hpcplusbwp12t30p140lvtssg0p81v125c
  StreamingSoftmax   ZeroWireload          tcbn28hpcplusbwp12t30p140lvtssg0p81v125c
  AttentionScaleUnit ZeroWireload          tcbn28hpcplusbwp12t30p140lvtssg0p81v125c
  BriskKvAttentionTop
                     ZeroWireload          tcbn28hpcplusbwp12t30p140lvtssg0p81v125c

  Point                                       Fanout     Trans      Incr       Path
  ------------------------------------------------------------------------------------
  clock clk (rise edge)                                             0.00       0.00
  clock network delay (ideal)                                       0.00       0.00
  scaleSoftmax/softmax/packCountReg_reg[0]/CP (DFQD2BWP12T30P140LVT)
                                                          0.00      0.00 #     0.00 r
  scaleSoftmax/softmax/packCountReg_reg[0]/Q (DFQD2BWP12T30P140LVT)
                                                          0.01      0.05       0.05 f
  scaleSoftmax/softmax/packCountReg[0] (net)
                                                9                   0.00       0.05 f
  scaleSoftmax/softmax/U435/ZN (NR3OPTPAD2BWP12T30P140LVT)
                                                          0.01      0.01       0.06 r
  scaleSoftmax/softmax/n9649 (net)              2                   0.00       0.06 r
  scaleSoftmax/softmax/U431/ZN (CKND2D1BWP12T30P140LVT)
                                                          0.01      0.01       0.07 f
  scaleSoftmax/softmax/n9642 (net)              2                   0.00       0.07 f
  scaleSoftmax/softmax/U12736/ZN (NR2D1BWP12T30P140LVT)
                                                          0.02      0.01       0.09 r
  scaleSoftmax/softmax/n9651 (net)              2                   0.00       0.09 r
  scaleSoftmax/softmax/U12737/ZN (ND2D1BWP12T30P140LVT)
                                                          0.02      0.01       0.10 f
  scaleSoftmax/softmax/n9636 (net)              2                   0.00       0.10 f
  scaleSoftmax/softmax/U12738/ZN (NR2D1BWP12T30P140LVT)
                                                          0.02      0.01       0.12 r
  scaleSoftmax/softmax/n9644 (net)              2                   0.00       0.12 r
  scaleSoftmax/softmax/U12739/ZN (ND2D1BWP12T30P140LVT)
                                                          0.02      0.01       0.13 f
  scaleSoftmax/softmax/n9646 (net)              2                   0.00       0.13 f
  scaleSoftmax/softmax/U12740/ZN (NR2D1BWP12T30P140LVT)
                                                          0.02      0.01       0.14 r
  scaleSoftmax/softmax/n9638 (net)              2                   0.00       0.14 r
  scaleSoftmax/softmax/U12741/ZN (ND2D1BWP12T30P140LVT)
                                                          0.02      0.01       0.16 f
  scaleSoftmax/softmax/n9629 (net)              2                   0.00       0.16 f
  scaleSoftmax/softmax/U12742/ZN (NR2D1BWP12T30P140LVT)
                                                          0.02      0.01       0.17 r
  scaleSoftmax/softmax/n9640 (net)              2                   0.00       0.17 r
  scaleSoftmax/softmax/U12743/ZN (ND2D1BWP12T30P140LVT)
                                                          0.02      0.01       0.19 f
  scaleSoftmax/softmax/n9633 (net)              2                   0.00       0.19 f
  scaleSoftmax/softmax/U12744/ZN (NR2D1BWP12T30P140LVT)
                                                          0.02      0.01       0.20 r
  scaleSoftmax/softmax/n9631 (net)              2                   0.00       0.20 r
  scaleSoftmax/softmax/U410/ZN (CKND2D1BWP12T30P140LVT)
                                                          0.01      0.01       0.21 f
  scaleSoftmax/softmax/n9622 (net)              2                   0.00       0.21 f
  scaleSoftmax/softmax/U12745/ZN (NR2D1BWP12T30P140LVT)
                                                          0.02      0.01       0.23 r
  scaleSoftmax/softmax/n9615 (net)              2                   0.00       0.23 r
  scaleSoftmax/softmax/U409/ZN (CKND2D1BWP12T30P140LVT)
                                                          0.01      0.01       0.24 f
  scaleSoftmax/softmax/n9624 (net)              2                   0.00       0.24 f
  scaleSoftmax/softmax/U12746/ZN (NR2D1BWP12T30P140LVT)
                                                          0.02      0.01       0.25 r
  scaleSoftmax/softmax/n9626 (net)              2                   0.00       0.25 r
  scaleSoftmax/softmax/U734/ZN (CKND2D1BWP12T30P140LVT)
                                                          0.01      0.01       0.26 f
  scaleSoftmax/softmax/n9608 (net)              2                   0.00       0.26 f
  scaleSoftmax/softmax/U12747/ZN (NR2D1BWP12T30P140LVT)
                                                          0.02      0.01       0.28 r
  scaleSoftmax/softmax/n9617 (net)              2                   0.00       0.28 r
  scaleSoftmax/softmax/U729/ZN (CKND2D1BWP12T30P140LVT)
                                                          0.01      0.01       0.29 f
  scaleSoftmax/softmax/n9619 (net)              2                   0.00       0.29 f
  scaleSoftmax/softmax/U12748/ZN (NR2D1BWP12T30P140LVT)
                                                          0.02      0.01       0.30 r
  scaleSoftmax/softmax/n9610 (net)              2                   0.00       0.30 r
  scaleSoftmax/softmax/U723/ZN (CKND2D1BWP12T30P140LVT)
                                                          0.01      0.01       0.31 f
  scaleSoftmax/softmax/n9601 (net)              2                   0.00       0.31 f
  scaleSoftmax/softmax/U721/ZN (NR2D1BWP12T30P140LVT)     0.02      0.01       0.33 r
  scaleSoftmax/softmax/n9612 (net)              2                   0.00       0.33 r
  scaleSoftmax/softmax/U12759/ZN (MUX2ND0BWP12T30P140LVT)
                                                          0.03      0.03       0.36 r
  scaleSoftmax/softmax/n9745 (net)              4                   0.00       0.36 r
  scaleSoftmax/softmax/U3161/ZN (OAI22D0BWP12T30P140LVT)
                                                          0.02      0.02       0.37 f
  scaleSoftmax/softmax/n9614 (net)              1                   0.00       0.37 f
  scaleSoftmax/softmax/U12760/ZN (AOI221D1BWP12T30P140LVT)
                                                          0.03      0.02       0.40 r
  scaleSoftmax/softmax/n9677 (net)              1                   0.00       0.40 r
  scaleSoftmax/softmax/U12800/ZN (OAI211D1BWP12T30P140LVT)
                                                          0.03      0.02       0.42 f
  scaleSoftmax/softmax/n9678 (net)              1                   0.00       0.42 f
  scaleSoftmax/softmax/U12801/ZN (AOI21D1BWP12T30P140LVT)
                                                          0.02      0.02       0.44 r
  scaleSoftmax/softmax/n9679 (net)              1                   0.00       0.44 r
  scaleSoftmax/softmax/U12802/ZN (OAI211D1BWP12T30P140LVT)
                                                          0.03      0.02       0.46 f
  scaleSoftmax/softmax/n9681 (net)              1                   0.00       0.46 f
  scaleSoftmax/softmax/U12803/ZN (AOI21D1BWP12T30P140LVT)
                                                          0.02      0.02       0.47 r
  scaleSoftmax/softmax/n9685 (net)              1                   0.00       0.47 r
  scaleSoftmax/softmax/U12805/ZN (OAI211D1BWP12T30P140LVT)
                                                          0.03      0.02       0.49 f
  scaleSoftmax/softmax/n9686 (net)              1                   0.00       0.49 f
  scaleSoftmax/softmax/U12806/ZN (AOI21D1BWP12T30P140LVT)
                                                          0.02      0.02       0.51 r
  scaleSoftmax/softmax/n9689 (net)              1                   0.00       0.51 r
  scaleSoftmax/softmax/U12808/ZN (OAI211D1BWP12T30P140LVT)
                                                          0.03      0.02       0.53 f
  scaleSoftmax/softmax/n9690 (net)              1                   0.00       0.53 f
  scaleSoftmax/softmax/U4195/ZN (AOI21OPTREPBD1BWP12T30P140LVT)
                                                          0.03      0.02       0.55 r
  scaleSoftmax/softmax/n25646 (net)             7                   0.00       0.55 r
  scaleSoftmax/softmax/U704/ZN (CKND2D1BWP12T30P140LVT)
                                                          0.02      0.01       0.57 f
  scaleSoftmax/softmax/n25680 (net)             3                   0.00       0.57 f
  scaleSoftmax/softmax/U12809/ZN (INVD1BWP12T30P140LVT)
                                                          0.01      0.01       0.57 r
  scaleSoftmax/softmax/expectedValidTokens[3] (net)
                                                2                   0.00       0.57 r
  scaleSoftmax/softmax/U26109/ZN (INR2D1BWP12T30P140LVT)
                                                          0.01      0.01       0.58 f
  scaleSoftmax/softmax/n21278 (net)             1                   0.00       0.58 f
  scaleSoftmax/softmax/U26110/ZN (INVD1BWP12T30P140LVT)
                                                          0.01      0.01       0.59 r
  scaleSoftmax/softmax/n23477 (net)             3                   0.00       0.59 r
  scaleSoftmax/softmax/U691/ZN (INVD3BWP12T30P140LVT)     0.04      0.03       0.62 f
  scaleSoftmax/softmax/n21415 (net)            46                   0.00       0.62 f
  scaleSoftmax/softmax/U26268/ZN (ND2OPTFAD4BWP12T30P140LVT)
                                                          0.03      0.03       0.64 r
  scaleSoftmax/softmax/n21999 (net)            47                   0.00       0.64 r
  scaleSoftmax/softmax/U26269/ZN (OAI21D1BWP12T30P140LVT)
                                                          0.20      0.11       0.76 f
  scaleSoftmax/softmax/n21422 (net)            44                   0.00       0.76 f
  scaleSoftmax/softmax/U26343/ZN (INR2D1BWP12T30P140LVT)
                                                          0.05      0.03       0.79 r
  scaleSoftmax/softmax/n21719 (net)             2                   0.00       0.79 r
  scaleSoftmax/softmax/U26344/ZN (INVD0BWP12T30P140LVT)
                                                          0.02      0.01       0.81 f
  scaleSoftmax/softmax/n21462 (net)             3                   0.00       0.81 f
  scaleSoftmax/softmax/U26353/ZN (OAI21D0BWP12T30P140LVT)
                                                          0.02      0.02       0.82 r
  scaleSoftmax/softmax/n21463 (net)             1                   0.00       0.82 r
  scaleSoftmax/softmax/U26354/ZN (MOAI22D0BWP12T30P140LVT)
                                                          0.02      0.01       0.84 f
  scaleSoftmax/softmax/n21464 (net)             1                   0.00       0.84 f
  scaleSoftmax/softmax/U26355/ZN (AOI31D1BWP12T30P140LVT)
                                                          0.02      0.02       0.86 r
  scaleSoftmax/softmax/n21468 (net)             1                   0.00       0.86 r
  scaleSoftmax/softmax/U26356/ZN (AOI211D1BWP12T30P140LVT)
                                                          0.02      0.01       0.87 f
  scaleSoftmax/softmax/n21479 (net)             1                   0.00       0.87 f
  scaleSoftmax/softmax/U1321/ZN (AOI221D0BWP12T30P140LVT)
                                                          0.03      0.02       0.89 r
  scaleSoftmax/softmax/n21506 (net)             1                   0.00       0.89 r
  scaleSoftmax/softmax/U2562/ZN (OAI31D0BWP12T30P140LVT)
                                                          0.03      0.02       0.91 f
  scaleSoftmax/softmax/n21509 (net)             1                   0.00       0.91 f
  scaleSoftmax/softmax/U26403/ZN (ND3D1BWP12T30P140LVT)
                                                          0.01      0.01       0.92 r
  scaleSoftmax/softmax/n21517 (net)             1                   0.00       0.92 r
  scaleSoftmax/softmax/U326/ZN (AOI32D0BWP12T30P140LVT)
                                                          0.03      0.02       0.94 f
  scaleSoftmax/softmax/n21550 (net)             1                   0.00       0.94 f
  scaleSoftmax/softmax/U26413/ZN (AOI21D1BWP12T30P140LVT)
                                                          0.02      0.02       0.95 r
  scaleSoftmax/softmax/n21562 (net)             1                   0.00       0.95 r
  scaleSoftmax/softmax/U582/Z (BUFFD3BWP12T30P140LVT)     0.05      0.04       1.00 r
  scaleSoftmax/softmax/n21 (net)               44                   0.00       1.00 r
  scaleSoftmax/softmax/U6283/Z (CKMUX2D0BWP12T30P140LVT)
                                                          0.01      0.03       1.03 f
  scaleSoftmax/softmax/n22618 (net)             2                   0.00       1.03 f
  scaleSoftmax/softmax/U26465/ZN (INR2D1BWP12T30P140LVT)
                                                          0.01      0.02       1.04 f
  scaleSoftmax/softmax/n21729 (net)             1                   0.00       1.04 f
  scaleSoftmax/softmax/U2302/ZN (MAOI222D0BWP12T30P140LVT)
                                                          0.03      0.02       1.06 r
  scaleSoftmax/softmax/n21734 (net)             1                   0.00       1.06 r
  scaleSoftmax/softmax/U26468/ZN (AOI31D1BWP12T30P140LVT)
                                                          0.02      0.02       1.08 f
  scaleSoftmax/softmax/n21737 (net)             1                   0.00       1.08 f
  scaleSoftmax/softmax/U26469/ZN (AOI211D1BWP12T30P140LVT)
                                                          0.02      0.02       1.10 r
  scaleSoftmax/softmax/n21756 (net)             1                   0.00       1.10 r
  scaleSoftmax/softmax/U300/ZN (AOI221D1BWP12T30P140LVT)
                                                          0.03      0.01       1.11 f
  scaleSoftmax/softmax/n21815 (net)             1                   0.00       1.11 f
  scaleSoftmax/softmax/U26502/ZN (OAI31D1BWP12T30P140LVT)
                                                          0.02      0.02       1.13 r
  scaleSoftmax/softmax/n21818 (net)             1                   0.00       1.13 r
  scaleSoftmax/softmax/U26504/ZN (ND3D1BWP12T30P140LVT)
                                                          0.02      0.02       1.15 f
  scaleSoftmax/softmax/n21826 (net)             1                   0.00       1.15 f
  scaleSoftmax/softmax/U514/ZN (AOI32D1BWP12T30P140LVT)
                                                          0.03      0.02       1.17 r
  scaleSoftmax/softmax/n21859 (net)             1                   0.00       1.17 r
  scaleSoftmax/softmax/U290/ZN (AOI21OPTPBD2BWP12T30P140LVT)
                                                          0.03      0.02       1.19 f
  scaleSoftmax/softmax/n22659 (net)             9                   0.00       1.19 f
  scaleSoftmax/softmax/U285/Z (BUFFXD6BWP12T30P140LVT)
                                                          0.02      0.03       1.22 f
  scaleSoftmax/softmax/n18 (net)               36                   0.00       1.22 f
  scaleSoftmax/softmax/U26900/Z (CKMUX2D0BWP12T30P140LVT)
                                                          0.02      0.03       1.25 r
  scaleSoftmax/softmax/n24576 (net)             4                   0.00       1.25 r
  scaleSoftmax/softmax/U26901/ZN (MAOI22D1BWP12T30P140LVT)
                                                          0.02      0.02       1.27 r
  scaleSoftmax/softmax/n22702 (net)             2                   0.00       1.27 r
  scaleSoftmax/softmax/U26903/ZN (OAI211D1BWP12T30P140LVT)
                                                          0.03      0.02       1.29 f
  scaleSoftmax/softmax/n22704 (net)             2                   0.00       1.29 f
  scaleSoftmax/softmax/U26908/ZN (AOI221D1BWP12T30P140LVT)
                                                          0.03      0.03       1.32 r
  scaleSoftmax/softmax/n22700 (net)             1                   0.00       1.32 r
  scaleSoftmax/softmax/U26911/ZN (AOI211D1BWP12T30P140LVT)
                                                          0.02      0.01       1.33 f
  scaleSoftmax/softmax/n22703 (net)             1                   0.00       1.33 f
  scaleSoftmax/softmax/U26912/ZN (OAI31D1BWP12T30P140LVT)
                                                          0.02      0.01       1.34 r
  scaleSoftmax/softmax/n22709 (net)             1                   0.00       1.34 r
  scaleSoftmax/softmax/U481/ZN (ND3D1BWP12T30P140LVT)     0.02      0.02       1.36 f
  scaleSoftmax/softmax/n22717 (net)             1                   0.00       1.36 f
  scaleSoftmax/softmax/U480/ZN (AOI32D1BWP12T30P140LVT)
                                                          0.02      0.02       1.38 r
  scaleSoftmax/softmax/n22747 (net)             1                   0.00       1.38 r
  scaleSoftmax/softmax/U26921/ZN (AOI21D1BWP12T30P140LVT)
                                                          0.02      0.01       1.39 f
  scaleSoftmax/softmax/n24299 (net)             1                   0.00       1.39 f
  scaleSoftmax/softmax/U479/Z (BUFFD6BWP12T30P140LVT)     0.03      0.03       1.42 f
  scaleSoftmax/softmax/n14 (net)               88                   0.00       1.42 f
  scaleSoftmax/softmax/U27714/ZN (ND2D0BWP12T30P140LVT)
                                                          0.01      0.01       1.43 r
  scaleSoftmax/softmax/n24491 (net)             1                   0.00       1.43 r
  scaleSoftmax/softmax/U27715/ZN (OAI21D0BWP12T30P140LVT)
                                                          0.02      0.02       1.44 f
  scaleSoftmax/softmax/n24782 (net)             2                   0.00       1.44 f
  scaleSoftmax/softmax/U27718/ZN (INR2D1BWP12T30P140LVT)
                                                          0.01      0.02       1.46 f
  scaleSoftmax/softmax/n24497 (net)             1                   0.00       1.46 f
  scaleSoftmax/softmax/U27719/ZN (MAOI222D0BWP12T30P140LVT)
                                                          0.03      0.02       1.48 r
  scaleSoftmax/softmax/n24501 (net)             1                   0.00       1.48 r
  scaleSoftmax/softmax/U27722/ZN (AOI31D1BWP12T30P140LVT)
                                                          0.02      0.02       1.50 f
  scaleSoftmax/softmax/n24504 (net)             1                   0.00       1.50 f
  scaleSoftmax/softmax/U915/ZN (AOI211D1BWP12T30P140LVT)
                                                          0.02      0.02       1.52 r
  scaleSoftmax/softmax/n24527 (net)             1                   0.00       1.52 r
  scaleSoftmax/softmax/U236/ZN (AOI221D1BWP12T30P140LVT)
                                                          0.03      0.01       1.53 f
  scaleSoftmax/softmax/n24609 (net)             1                   0.00       1.53 f
  scaleSoftmax/softmax/U27760/ZN (OAI31D1BWP12T30P140LVT)
                                                          0.02      0.02       1.55 r
  scaleSoftmax/softmax/n24611 (net)             1                   0.00       1.55 r
  scaleSoftmax/softmax/U27762/ZN (ND3D1BWP12T30P140LVT)
                                                          0.02      0.02       1.57 f
  scaleSoftmax/softmax/n24618 (net)             1                   0.00       1.57 f
  scaleSoftmax/softmax/U27766/ZN (AOI32D1BWP12T30P140LVT)
                                                          0.02      0.02       1.59 r
  scaleSoftmax/softmax/n24645 (net)             1                   0.00       1.59 r
  scaleSoftmax/softmax/U235/ZN (AOI21OPTPBD1BWP12T30P140LVT)
                                                          0.02      0.01       1.60 f
  scaleSoftmax/softmax/n24649 (net)             1                   0.00       1.60 f
  scaleSoftmax/softmax/U234/Z (BUFFD8BWP12T30P140LVT)     0.02      0.03       1.63 f
  scaleSoftmax/softmax/n13 (net)               87                   0.00       1.63 f
  scaleSoftmax/softmax/U181/ZN (NR2D0BWP12T30P140LVT)     0.02      0.02       1.64 r
  scaleSoftmax/softmax/n24784 (net)             1                   0.00       1.64 r
  scaleSoftmax/softmax/U27847/ZN (AOI21D1BWP12T30P140LVT)
                                                          0.02      0.01       1.65 f
  scaleSoftmax/softmax/n24945 (net)             2                   0.00       1.65 f
  scaleSoftmax/softmax/U27848/ZN (INR2D1BWP12T30P140LVT)
                                                          0.01      0.02       1.67 f
  scaleSoftmax/softmax/n24786 (net)             1                   0.00       1.67 f
  scaleSoftmax/softmax/U27849/ZN (MAOI222D0BWP12T30P140LVT)
                                                          0.03      0.02       1.69 r
  scaleSoftmax/softmax/n24791 (net)             1                   0.00       1.69 r
  scaleSoftmax/softmax/U27851/ZN (AOI31D1BWP12T30P140LVT)
                                                          0.02      0.02       1.71 f
  scaleSoftmax/softmax/n24794 (net)             1                   0.00       1.71 f
  scaleSoftmax/softmax/U27852/ZN (AOI211D1BWP12T30P140LVT)
                                                          0.02      0.02       1.73 r
  scaleSoftmax/softmax/n24810 (net)             1                   0.00       1.73 r
  scaleSoftmax/softmax/U27857/ZN (AOI221D1BWP12T30P140LVT)
                                                          0.03      0.01       1.74 f
  scaleSoftmax/softmax/n24855 (net)             1                   0.00       1.74 f
  scaleSoftmax/softmax/U27882/ZN (OAI31D1BWP12T30P140LVT)
                                                          0.02      0.02       1.76 r
  scaleSoftmax/softmax/n24858 (net)             1                   0.00       1.76 r
  scaleSoftmax/softmax/U27884/ZN (ND3D1BWP12T30P140LVT)
                                                          0.02      0.02       1.78 f
  scaleSoftmax/softmax/n24866 (net)             1                   0.00       1.78 f
  scaleSoftmax/softmax/U27887/ZN (AOI32D1BWP12T30P140LVT)
                                                          0.02      0.02       1.79 r
  scaleSoftmax/softmax/n24898 (net)             1                   0.00       1.79 r
  scaleSoftmax/softmax/U444/ZN (AOI21OPTPBD1BWP12T30P140LVT)
                                                          0.02      0.01       1.80 f
  scaleSoftmax/softmax/n24900 (net)             1                   0.00       1.80 f
  scaleSoftmax/softmax/U443/ZN (INR2D4BWP12T30P140LVT)
                                                          0.03      0.03       1.83 f
  scaleSoftmax/softmax/n25437 (net)            45                   0.00       1.83 f
  scaleSoftmax/softmax/U6/Z (OR2XD8BWP12T30P140LVT)       0.01      0.02       1.85 f
  scaleSoftmax/softmax/n24930 (net)             4                   0.00       1.85 f
  scaleSoftmax/softmax/U4/ZN (INVD1P25BWP12T30P140LVT)
                                                          0.01      0.01       1.86 r
  scaleSoftmax/softmax/n24940 (net)            10                   0.00       1.86 r
  scaleSoftmax/softmax/U4417/Z (AO22D0BWP12T30P140LVT)
                                                          0.01      0.02       1.88 r
  scaleSoftmax/softmax/n5541 (net)              1                   0.00       1.88 r
  scaleSoftmax/softmax/globalMaximum_reg[22]/D (DFQD2BWP12T30P140LVT)
                                                          0.01      0.00       1.88 r
  data arrival time                                                            1.88

  clock clk (rise edge)                                             2.00       2.00
  clock network delay (ideal)                                       0.00       2.00
  clock uncertainty                                                -0.10       1.90
  scaleSoftmax/softmax/globalMaximum_reg[22]/CP (DFQD2BWP12T30P140LVT)
                                                                    0.00       1.90 r
  library setup time                                               -0.01       1.89
  data required time                                                           1.89
  ------------------------------------------------------------------------------------
  data required time                                                           1.89
  data arrival time                                                           -1.88
  ------------------------------------------------------------------------------------
  slack (MET)                                                                  0.00


  Startpoint: scaleSoftmax/softmax/packCountReg_reg[0]
              (rising edge-triggered flip-flop clocked by clk)
  Endpoint: scaleSoftmax/softmax/globalMaximum_reg[10]
            (rising edge-triggered flip-flop clocked by clk)
  Path Group: clk
  Path Type: max

  Des/Clust/Port     Wire Load Model       Library
  ------------------------------------------------
  PackDescriptorDecoder_1
                     ZeroWireload          tcbn28hpcplusbwp12t30p140lvtssg0p81v125c
  PackDescriptorDecoder
                     ZeroWireload          tcbn28hpcplusbwp12t30p140lvtssg0p81v125c
  BufferedPackMetadataDequantizer_1
                     ZeroWireload          tcbn28hpcplusbwp12t30p140lvtssg0p81v125c
  DynamicBitUnpacker_1
                     ZeroWireload          tcbn28hpcplusbwp12t30p140lvtssg0p81v125c
  BufferedPackMetadataDequantizer
                     ZeroWireload          tcbn28hpcplusbwp12t30p140lvtssg0p81v125c
  DynamicBitUnpacker ZeroWireload          tcbn28hpcplusbwp12t30p140lvtssg0p81v125c
  KvStreamDequantizer_1
                     ZeroWireload          tcbn28hpcplusbwp12t30p140lvtssg0p81v125c
  KvStreamDequantizer
                     ZeroWireload          tcbn28hpcplusbwp12t30p140lvtssg0p81v125c
  DecompressionPipelineController_1
                     ZeroWireload          tcbn28hpcplusbwp12t30p140lvtssg0p81v125c
  DecompressionPipelineController
                     ZeroWireload          tcbn28hpcplusbwp12t30p140lvtssg0p81v125c
  QkDotProductAccumulator
                     ZeroWireload          tcbn28hpcplusbwp12t30p140lvtssg0p81v125c
  StreamingSoftmax   ZeroWireload          tcbn28hpcplusbwp12t30p140lvtssg0p81v125c
  AttentionScaleUnit ZeroWireload          tcbn28hpcplusbwp12t30p140lvtssg0p81v125c
  BriskKvAttentionTop
                     ZeroWireload          tcbn28hpcplusbwp12t30p140lvtssg0p81v125c

  Point                                       Fanout     Trans      Incr       Path
  ------------------------------------------------------------------------------------
  clock clk (rise edge)                                             0.00       0.00
  clock network delay (ideal)                                       0.00       0.00
  scaleSoftmax/softmax/packCountReg_reg[0]/CP (DFQD2BWP12T30P140LVT)
                                                          0.00      0.00 #     0.00 r
  scaleSoftmax/softmax/packCountReg_reg[0]/Q (DFQD2BWP12T30P140LVT)
                                                          0.01      0.05       0.05 f
  scaleSoftmax/softmax/packCountReg[0] (net)
                                                9                   0.00       0.05 f
  scaleSoftmax/softmax/U435/ZN (NR3OPTPAD2BWP12T30P140LVT)
                                                          0.01      0.01       0.06 r
  scaleSoftmax/softmax/n9649 (net)              2                   0.00       0.06 r
  scaleSoftmax/softmax/U431/ZN (CKND2D1BWP12T30P140LVT)
                                                          0.01      0.01       0.07 f
  scaleSoftmax/softmax/n9642 (net)              2                   0.00       0.07 f
  scaleSoftmax/softmax/U12736/ZN (NR2D1BWP12T30P140LVT)
                                                          0.02      0.01       0.09 r
  scaleSoftmax/softmax/n9651 (net)              2                   0.00       0.09 r
  scaleSoftmax/softmax/U12737/ZN (ND2D1BWP12T30P140LVT)
                                                          0.02      0.01       0.10 f
  scaleSoftmax/softmax/n9636 (net)              2                   0.00       0.10 f
  scaleSoftmax/softmax/U12738/ZN (NR2D1BWP12T30P140LVT)
                                                          0.02      0.01       0.12 r
  scaleSoftmax/softmax/n9644 (net)              2                   0.00       0.12 r
  scaleSoftmax/softmax/U12739/ZN (ND2D1BWP12T30P140LVT)
                                                          0.02      0.01       0.13 f
  scaleSoftmax/softmax/n9646 (net)              2                   0.00       0.13 f
  scaleSoftmax/softmax/U12740/ZN (NR2D1BWP12T30P140LVT)
                                                          0.02      0.01       0.14 r
  scaleSoftmax/softmax/n9638 (net)              2                   0.00       0.14 r
  scaleSoftmax/softmax/U12741/ZN (ND2D1BWP12T30P140LVT)
                                                          0.02      0.01       0.16 f
  scaleSoftmax/softmax/n9629 (net)              2                   0.00       0.16 f
  scaleSoftmax/softmax/U12742/ZN (NR2D1BWP12T30P140LVT)
                                                          0.02      0.01       0.17 r
  scaleSoftmax/softmax/n9640 (net)              2                   0.00       0.17 r
  scaleSoftmax/softmax/U12743/ZN (ND2D1BWP12T30P140LVT)
                                                          0.02      0.01       0.19 f
  scaleSoftmax/softmax/n9633 (net)              2                   0.00       0.19 f
  scaleSoftmax/softmax/U12744/ZN (NR2D1BWP12T30P140LVT)
                                                          0.02      0.01       0.20 r
  scaleSoftmax/softmax/n9631 (net)              2                   0.00       0.20 r
  scaleSoftmax/softmax/U410/ZN (CKND2D1BWP12T30P140LVT)
                                                          0.01      0.01       0.21 f
  scaleSoftmax/softmax/n9622 (net)              2                   0.00       0.21 f
  scaleSoftmax/softmax/U12745/ZN (NR2D1BWP12T30P140LVT)
                                                          0.02      0.01       0.23 r
  scaleSoftmax/softmax/n9615 (net)              2                   0.00       0.23 r
  scaleSoftmax/softmax/U409/ZN (CKND2D1BWP12T30P140LVT)
                                                          0.01      0.01       0.24 f
  scaleSoftmax/softmax/n9624 (net)              2                   0.00       0.24 f
  scaleSoftmax/softmax/U12746/ZN (NR2D1BWP12T30P140LVT)
                                                          0.02      0.01       0.25 r
  scaleSoftmax/softmax/n9626 (net)              2                   0.00       0.25 r
  scaleSoftmax/softmax/U734/ZN (CKND2D1BWP12T30P140LVT)
                                                          0.01      0.01       0.26 f
  scaleSoftmax/softmax/n9608 (net)              2                   0.00       0.26 f
  scaleSoftmax/softmax/U12747/ZN (NR2D1BWP12T30P140LVT)
                                                          0.02      0.01       0.28 r
  scaleSoftmax/softmax/n9617 (net)              2                   0.00       0.28 r
  scaleSoftmax/softmax/U729/ZN (CKND2D1BWP12T30P140LVT)
                                                          0.01      0.01       0.29 f
  scaleSoftmax/softmax/n9619 (net)              2                   0.00       0.29 f
  scaleSoftmax/softmax/U12748/ZN (NR2D1BWP12T30P140LVT)
                                                          0.02      0.01       0.30 r
  scaleSoftmax/softmax/n9610 (net)              2                   0.00       0.30 r
  scaleSoftmax/softmax/U723/ZN (CKND2D1BWP12T30P140LVT)
                                                          0.01      0.01       0.31 f
  scaleSoftmax/softmax/n9601 (net)              2                   0.00       0.31 f
  scaleSoftmax/softmax/U721/ZN (NR2D1BWP12T30P140LVT)     0.02      0.01       0.33 r
  scaleSoftmax/softmax/n9612 (net)              2                   0.00       0.33 r
  scaleSoftmax/softmax/U12759/ZN (MUX2ND0BWP12T30P140LVT)
                                                          0.03      0.03       0.36 r
  scaleSoftmax/softmax/n9745 (net)              4                   0.00       0.36 r
  scaleSoftmax/softmax/U3161/ZN (OAI22D0BWP12T30P140LVT)
                                                          0.02      0.02       0.37 f
  scaleSoftmax/softmax/n9614 (net)              1                   0.00       0.37 f
  scaleSoftmax/softmax/U12760/ZN (AOI221D1BWP12T30P140LVT)
                                                          0.03      0.02       0.40 r
  scaleSoftmax/softmax/n9677 (net)              1                   0.00       0.40 r
  scaleSoftmax/softmax/U12800/ZN (OAI211D1BWP12T30P140LVT)
                                                          0.03      0.02       0.42 f
  scaleSoftmax/softmax/n9678 (net)              1                   0.00       0.42 f
  scaleSoftmax/softmax/U12801/ZN (AOI21D1BWP12T30P140LVT)
                                                          0.02      0.02       0.44 r
  scaleSoftmax/softmax/n9679 (net)              1                   0.00       0.44 r
  scaleSoftmax/softmax/U12802/ZN (OAI211D1BWP12T30P140LVT)
                                                          0.03      0.02       0.46 f
  scaleSoftmax/softmax/n9681 (net)              1                   0.00       0.46 f
  scaleSoftmax/softmax/U12803/ZN (AOI21D1BWP12T30P140LVT)
                                                          0.02      0.02       0.47 r
  scaleSoftmax/softmax/n9685 (net)              1                   0.00       0.47 r
  scaleSoftmax/softmax/U12805/ZN (OAI211D1BWP12T30P140LVT)
                                                          0.03      0.02       0.49 f
  scaleSoftmax/softmax/n9686 (net)              1                   0.00       0.49 f
  scaleSoftmax/softmax/U12806/ZN (AOI21D1BWP12T30P140LVT)
                                                          0.02      0.02       0.51 r
  scaleSoftmax/softmax/n9689 (net)              1                   0.00       0.51 r
  scaleSoftmax/softmax/U12808/ZN (OAI211D1BWP12T30P140LVT)
                                                          0.03      0.02       0.53 f
  scaleSoftmax/softmax/n9690 (net)              1                   0.00       0.53 f
  scaleSoftmax/softmax/U4195/ZN (AOI21OPTREPBD1BWP12T30P140LVT)
                                                          0.03      0.02       0.55 r
  scaleSoftmax/softmax/n25646 (net)             7                   0.00       0.55 r
  scaleSoftmax/softmax/U704/ZN (CKND2D1BWP12T30P140LVT)
                                                          0.02      0.01       0.57 f
  scaleSoftmax/softmax/n25680 (net)             3                   0.00       0.57 f
  scaleSoftmax/softmax/U12809/ZN (INVD1BWP12T30P140LVT)
                                                          0.01      0.01       0.57 r
  scaleSoftmax/softmax/expectedValidTokens[3] (net)
                                                2                   0.00       0.57 r
  scaleSoftmax/softmax/U26109/ZN (INR2D1BWP12T30P140LVT)
                                                          0.01      0.01       0.58 f
  scaleSoftmax/softmax/n21278 (net)             1                   0.00       0.58 f
  scaleSoftmax/softmax/U26110/ZN (INVD1BWP12T30P140LVT)
                                                          0.01      0.01       0.59 r
  scaleSoftmax/softmax/n23477 (net)             3                   0.00       0.59 r
  scaleSoftmax/softmax/U691/ZN (INVD3BWP12T30P140LVT)     0.04      0.03       0.62 f
  scaleSoftmax/softmax/n21415 (net)            46                   0.00       0.62 f
  scaleSoftmax/softmax/U26268/ZN (ND2OPTFAD4BWP12T30P140LVT)
                                                          0.03      0.03       0.64 r
  scaleSoftmax/softmax/n21999 (net)            47                   0.00       0.64 r
  scaleSoftmax/softmax/U26269/ZN (OAI21D1BWP12T30P140LVT)
                                                          0.20      0.11       0.76 f
  scaleSoftmax/softmax/n21422 (net)            44                   0.00       0.76 f
  scaleSoftmax/softmax/U26343/ZN (INR2D1BWP12T30P140LVT)
                                                          0.05      0.03       0.79 r
  scaleSoftmax/softmax/n21719 (net)             2                   0.00       0.79 r
  scaleSoftmax/softmax/U26344/ZN (INVD0BWP12T30P140LVT)
                                                          0.02      0.01       0.81 f
  scaleSoftmax/softmax/n21462 (net)             3                   0.00       0.81 f
  scaleSoftmax/softmax/U26353/ZN (OAI21D0BWP12T30P140LVT)
                                                          0.02      0.02       0.82 r
  scaleSoftmax/softmax/n21463 (net)             1                   0.00       0.82 r
  scaleSoftmax/softmax/U26354/ZN (MOAI22D0BWP12T30P140LVT)
                                                          0.02      0.01       0.84 f
  scaleSoftmax/softmax/n21464 (net)             1                   0.00       0.84 f
  scaleSoftmax/softmax/U26355/ZN (AOI31D1BWP12T30P140LVT)
                                                          0.02      0.02       0.86 r
  scaleSoftmax/softmax/n21468 (net)             1                   0.00       0.86 r
  scaleSoftmax/softmax/U26356/ZN (AOI211D1BWP12T30P140LVT)
                                                          0.02      0.01       0.87 f
  scaleSoftmax/softmax/n21479 (net)             1                   0.00       0.87 f
  scaleSoftmax/softmax/U1321/ZN (AOI221D0BWP12T30P140LVT)
                                                          0.03      0.02       0.89 r
  scaleSoftmax/softmax/n21506 (net)             1                   0.00       0.89 r
  scaleSoftmax/softmax/U2562/ZN (OAI31D0BWP12T30P140LVT)
                                                          0.03      0.02       0.91 f
  scaleSoftmax/softmax/n21509 (net)             1                   0.00       0.91 f
  scaleSoftmax/softmax/U26403/ZN (ND3D1BWP12T30P140LVT)
                                                          0.01      0.01       0.92 r
  scaleSoftmax/softmax/n21517 (net)             1                   0.00       0.92 r
  scaleSoftmax/softmax/U326/ZN (AOI32D0BWP12T30P140LVT)
                                                          0.03      0.02       0.94 f
  scaleSoftmax/softmax/n21550 (net)             1                   0.00       0.94 f
  scaleSoftmax/softmax/U26413/ZN (AOI21D1BWP12T30P140LVT)
                                                          0.02      0.02       0.95 r
  scaleSoftmax/softmax/n21562 (net)             1                   0.00       0.95 r
  scaleSoftmax/softmax/U582/Z (BUFFD3BWP12T30P140LVT)     0.05      0.04       1.00 r
  scaleSoftmax/softmax/n21 (net)               44                   0.00       1.00 r
  scaleSoftmax/softmax/U6283/Z (CKMUX2D0BWP12T30P140LVT)
                                                          0.01      0.03       1.03 f
  scaleSoftmax/softmax/n22618 (net)             2                   0.00       1.03 f
  scaleSoftmax/softmax/U26465/ZN (INR2D1BWP12T30P140LVT)
                                                          0.01      0.02       1.04 f
  scaleSoftmax/softmax/n21729 (net)             1                   0.00       1.04 f
  scaleSoftmax/softmax/U2302/ZN (MAOI222D0BWP12T30P140LVT)
                                                          0.03      0.02       1.06 r
  scaleSoftmax/softmax/n21734 (net)             1                   0.00       1.06 r
  scaleSoftmax/softmax/U26468/ZN (AOI31D1BWP12T30P140LVT)
                                                          0.02      0.02       1.08 f
  scaleSoftmax/softmax/n21737 (net)             1                   0.00       1.08 f
  scaleSoftmax/softmax/U26469/ZN (AOI211D1BWP12T30P140LVT)
                                                          0.02      0.02       1.10 r
  scaleSoftmax/softmax/n21756 (net)             1                   0.00       1.10 r
  scaleSoftmax/softmax/U300/ZN (AOI221D1BWP12T30P140LVT)
                                                          0.03      0.01       1.11 f
  scaleSoftmax/softmax/n21815 (net)             1                   0.00       1.11 f
  scaleSoftmax/softmax/U26502/ZN (OAI31D1BWP12T30P140LVT)
                                                          0.02      0.02       1.13 r
  scaleSoftmax/softmax/n21818 (net)             1                   0.00       1.13 r
  scaleSoftmax/softmax/U26504/ZN (ND3D1BWP12T30P140LVT)
                                                          0.02      0.02       1.15 f
  scaleSoftmax/softmax/n21826 (net)             1                   0.00       1.15 f
  scaleSoftmax/softmax/U514/ZN (AOI32D1BWP12T30P140LVT)
                                                          0.03      0.02       1.17 r
  scaleSoftmax/softmax/n21859 (net)             1                   0.00       1.17 r
  scaleSoftmax/softmax/U290/ZN (AOI21OPTPBD2BWP12T30P140LVT)
                                                          0.03      0.02       1.19 f
  scaleSoftmax/softmax/n22659 (net)             9                   0.00       1.19 f
  scaleSoftmax/softmax/U285/Z (BUFFXD6BWP12T30P140LVT)
                                                          0.02      0.03       1.22 f
  scaleSoftmax/softmax/n18 (net)               36                   0.00       1.22 f
  scaleSoftmax/softmax/U26900/Z (CKMUX2D0BWP12T30P140LVT)
                                                          0.02      0.03       1.25 r
  scaleSoftmax/softmax/n24576 (net)             4                   0.00       1.25 r
  scaleSoftmax/softmax/U26901/ZN (MAOI22D1BWP12T30P140LVT)
                                                          0.02      0.02       1.27 r
  scaleSoftmax/softmax/n22702 (net)             2                   0.00       1.27 r
  scaleSoftmax/softmax/U26903/ZN (OAI211D1BWP12T30P140LVT)
                                                          0.03      0.02       1.29 f
  scaleSoftmax/softmax/n22704 (net)             2                   0.00       1.29 f
  scaleSoftmax/softmax/U26908/ZN (AOI221D1BWP12T30P140LVT)
                                                          0.03      0.03       1.32 r
  scaleSoftmax/softmax/n22700 (net)             1                   0.00       1.32 r
  scaleSoftmax/softmax/U26911/ZN (AOI211D1BWP12T30P140LVT)
                                                          0.02      0.01       1.33 f
  scaleSoftmax/softmax/n22703 (net)             1                   0.00       1.33 f
  scaleSoftmax/softmax/U26912/ZN (OAI31D1BWP12T30P140LVT)
                                                          0.02      0.01       1.34 r
  scaleSoftmax/softmax/n22709 (net)             1                   0.00       1.34 r
  scaleSoftmax/softmax/U481/ZN (ND3D1BWP12T30P140LVT)     0.02      0.02       1.36 f
  scaleSoftmax/softmax/n22717 (net)             1                   0.00       1.36 f
  scaleSoftmax/softmax/U480/ZN (AOI32D1BWP12T30P140LVT)
                                                          0.02      0.02       1.38 r
  scaleSoftmax/softmax/n22747 (net)             1                   0.00       1.38 r
  scaleSoftmax/softmax/U26921/ZN (AOI21D1BWP12T30P140LVT)
                                                          0.02      0.01       1.39 f
  scaleSoftmax/softmax/n24299 (net)             1                   0.00       1.39 f
  scaleSoftmax/softmax/U479/Z (BUFFD6BWP12T30P140LVT)     0.03      0.03       1.42 f
  scaleSoftmax/softmax/n14 (net)               88                   0.00       1.42 f
  scaleSoftmax/softmax/U27714/ZN (ND2D0BWP12T30P140LVT)
                                                          0.01      0.01       1.43 r
  scaleSoftmax/softmax/n24491 (net)             1                   0.00       1.43 r
  scaleSoftmax/softmax/U27715/ZN (OAI21D0BWP12T30P140LVT)
                                                          0.02      0.02       1.44 f
  scaleSoftmax/softmax/n24782 (net)             2                   0.00       1.44 f
  scaleSoftmax/softmax/U27718/ZN (INR2D1BWP12T30P140LVT)
                                                          0.01      0.02       1.46 f
  scaleSoftmax/softmax/n24497 (net)             1                   0.00       1.46 f
  scaleSoftmax/softmax/U27719/ZN (MAOI222D0BWP12T30P140LVT)
                                                          0.03      0.02       1.48 r
  scaleSoftmax/softmax/n24501 (net)             1                   0.00       1.48 r
  scaleSoftmax/softmax/U27722/ZN (AOI31D1BWP12T30P140LVT)
                                                          0.02      0.02       1.50 f
  scaleSoftmax/softmax/n24504 (net)             1                   0.00       1.50 f
  scaleSoftmax/softmax/U915/ZN (AOI211D1BWP12T30P140LVT)
                                                          0.02      0.02       1.52 r
  scaleSoftmax/softmax/n24527 (net)             1                   0.00       1.52 r
  scaleSoftmax/softmax/U236/ZN (AOI221D1BWP12T30P140LVT)
                                                          0.03      0.01       1.53 f
  scaleSoftmax/softmax/n24609 (net)             1                   0.00       1.53 f
  scaleSoftmax/softmax/U27760/ZN (OAI31D1BWP12T30P140LVT)
                                                          0.02      0.02       1.55 r
  scaleSoftmax/softmax/n24611 (net)             1                   0.00       1.55 r
  scaleSoftmax/softmax/U27762/ZN (ND3D1BWP12T30P140LVT)
                                                          0.02      0.02       1.57 f
  scaleSoftmax/softmax/n24618 (net)             1                   0.00       1.57 f
  scaleSoftmax/softmax/U27766/ZN (AOI32D1BWP12T30P140LVT)
                                                          0.02      0.02       1.59 r
  scaleSoftmax/softmax/n24645 (net)             1                   0.00       1.59 r
  scaleSoftmax/softmax/U235/ZN (AOI21OPTPBD1BWP12T30P140LVT)
                                                          0.02      0.01       1.60 f
  scaleSoftmax/softmax/n24649 (net)             1                   0.00       1.60 f
  scaleSoftmax/softmax/U234/Z (BUFFD8BWP12T30P140LVT)     0.02      0.03       1.63 f
  scaleSoftmax/softmax/n13 (net)               87                   0.00       1.63 f
  scaleSoftmax/softmax/U181/ZN (NR2D0BWP12T30P140LVT)     0.02      0.02       1.64 r
  scaleSoftmax/softmax/n24784 (net)             1                   0.00       1.64 r
  scaleSoftmax/softmax/U27847/ZN (AOI21D1BWP12T30P140LVT)
                                                          0.02      0.01       1.65 f
  scaleSoftmax/softmax/n24945 (net)             2                   0.00       1.65 f
  scaleSoftmax/softmax/U27848/ZN (INR2D1BWP12T30P140LVT)
                                                          0.01      0.02       1.67 f
  scaleSoftmax/softmax/n24786 (net)             1                   0.00       1.67 f
  scaleSoftmax/softmax/U27849/ZN (MAOI222D0BWP12T30P140LVT)
                                                          0.03      0.02       1.69 r
  scaleSoftmax/softmax/n24791 (net)             1                   0.00       1.69 r
  scaleSoftmax/softmax/U27851/ZN (AOI31D1BWP12T30P140LVT)
                                                          0.02      0.02       1.71 f
  scaleSoftmax/softmax/n24794 (net)             1                   0.00       1.71 f
  scaleSoftmax/softmax/U27852/ZN (AOI211D1BWP12T30P140LVT)
                                                          0.02      0.02       1.73 r
  scaleSoftmax/softmax/n24810 (net)             1                   0.00       1.73 r
  scaleSoftmax/softmax/U27857/ZN (AOI221D1BWP12T30P140LVT)
                                                          0.03      0.01       1.74 f
  scaleSoftmax/softmax/n24855 (net)             1                   0.00       1.74 f
  scaleSoftmax/softmax/U27882/ZN (OAI31D1BWP12T30P140LVT)
                                                          0.02      0.02       1.76 r
  scaleSoftmax/softmax/n24858 (net)             1                   0.00       1.76 r
  scaleSoftmax/softmax/U27884/ZN (ND3D1BWP12T30P140LVT)
                                                          0.02      0.02       1.78 f
  scaleSoftmax/softmax/n24866 (net)             1                   0.00       1.78 f
  scaleSoftmax/softmax/U27887/ZN (AOI32D1BWP12T30P140LVT)
                                                          0.02      0.02       1.79 r
  scaleSoftmax/softmax/n24898 (net)             1                   0.00       1.79 r
  scaleSoftmax/softmax/U444/ZN (AOI21OPTPBD1BWP12T30P140LVT)
                                                          0.02      0.01       1.80 f
  scaleSoftmax/softmax/n24900 (net)             1                   0.00       1.80 f
  scaleSoftmax/softmax/U443/ZN (INR2D4BWP12T30P140LVT)
                                                          0.03      0.03       1.83 f
  scaleSoftmax/softmax/n25437 (net)            45                   0.00       1.83 f
  scaleSoftmax/softmax/U6/Z (OR2XD8BWP12T30P140LVT)       0.01      0.02       1.85 f
  scaleSoftmax/softmax/n24930 (net)             4                   0.00       1.85 f
  scaleSoftmax/softmax/U4/ZN (INVD1P25BWP12T30P140LVT)
                                                          0.01      0.01       1.86 r
  scaleSoftmax/softmax/n24940 (net)            10                   0.00       1.86 r
  scaleSoftmax/softmax/U4406/Z (AO22D0BWP12T30P140LVT)
                                                          0.01      0.02       1.88 r
  scaleSoftmax/softmax/n5529 (net)              1                   0.00       1.88 r
  scaleSoftmax/softmax/globalMaximum_reg[10]/D (DFQD2BWP12T30P140LVT)
                                                          0.01      0.00       1.88 r
  data arrival time                                                            1.88

  clock clk (rise edge)                                             2.00       2.00
  clock network delay (ideal)                                       0.00       2.00
  clock uncertainty                                                -0.10       1.90
  scaleSoftmax/softmax/globalMaximum_reg[10]/CP (DFQD2BWP12T30P140LVT)
                                                                    0.00       1.90 r
  library setup time                                               -0.01       1.89
  data required time                                                           1.89
  ------------------------------------------------------------------------------------
  data required time                                                           1.89
  data arrival time                                                           -1.88
  ------------------------------------------------------------------------------------
  slack (MET)                                                                  0.00


1
