Information: Changed wire load model for 'AvOutputQuantizer' from '(none)' to 'ZeroWireload'. (OPT-170)
Information: Changed wire load model for 'SoftmaxVAccumulator' from '(none)' to 'ZeroWireload'. (OPT-170)
Information: Changed wire load model for 'VPacketBuffer' from '(none)' to 'ZeroWireload'. (OPT-170)
Information: Changed wire load model for 'SoftmaxVComputePipeline' from '(none)' to 'ZeroWireload'. (OPT-170)
Information: Changed wire load model for 'IterativeUnsignedDivider' from '(none)' to 'ZeroWireload'. (OPT-170)
Information: Changed wire load model for 'StreamingSoftmax' from '(none)' to 'ZeroWireload'. (OPT-170)
Information: Changed wire load model for 'AttentionScaleUnit' from '(none)' to 'ZeroWireload'. (OPT-170)
Information: Changed wire load model for 'QkScaleSoftmaxPipeline' from '(none)' to 'ZeroWireload'. (OPT-170)
Information: Changed wire load model for 'QkDotProductAccumulator' from '(none)' to 'ZeroWireload'. (OPT-170)
Information: Changed wire load model for 'ram_2x83' from '(none)' to 'ZeroWireload'. (OPT-170)
Information: Changed wire load model for 'Queue2_QueryFeature' from '(none)' to 'ZeroWireload'. (OPT-170)
Information: Changed wire load model for 'QueryReplayBuffer' from '(none)' to 'ZeroWireload'. (OPT-170)
Information: Changed wire load model for 'QkComputePipeline' from '(none)' to 'ZeroWireload'. (OPT-170)
Information: Changed wire load model for 'AttentionFeaturePacketizer' from '(none)' to 'ZeroWireload'. (OPT-170)
Information: Changed wire load model for 'AttentionFeaturePacketizer' from '(none)' to 'ZeroWireload'. (OPT-170)
Information: Changed wire load model for 'BucketCountDecoder' from '(none)' to 'ZeroWireload'. (OPT-170)
Information: Changed wire load model for 'Po2FixedPointDequantizer_1' from '(none)' to 'ZeroWireload'. (OPT-170)
Information: Changed wire load model for 'BufferedPackMetadataDequantizer_1' from '(none)' to 'ZeroWireload'. (OPT-170)
Information: Changed wire load model for 'FixedWidthFieldUnpacker_3' from '(none)' to 'ZeroWireload'. (OPT-170)
Information: Changed wire load model for 'CompactMetadataDecoder_1' from '(none)' to 'ZeroWireload'. (OPT-170)
Information: Changed wire load model for 'FixedWidthFieldUnpacker_6' from '(none)' to 'ZeroWireload'. (OPT-170)
Information: Changed wire load model for 'CompactMetadataDecoder_2' from '(none)' to 'ZeroWireload'. (OPT-170)
Information: Changed wire load model for 'DynamicPayloadUnpacker_1' from '(none)' to 'ZeroWireload'. (OPT-170)
Information: Changed wire load model for 'FixedWidthFieldUnpacker_1' from '(none)' to 'ZeroWireload'. (OPT-170)
Information: Changed wire load model for 'FixedWidthFieldUnpacker_3' from '(none)' to 'ZeroWireload'. (OPT-170)
Information: Changed wire load model for 'PackDescriptorDecoder_1' from '(none)' to 'ZeroWireload'. (OPT-170)
Information: Changed wire load model for 'DynamicBitUnpacker_1' from '(none)' to 'ZeroWireload'. (OPT-170)
Information: Changed wire load model for 'KvStreamDequantizer_1' from '(none)' to 'ZeroWireload'. (OPT-170)
Information: Changed wire load model for 'DecompressionPipelineController_1' from '(none)' to 'ZeroWireload'. (OPT-170)
Information: Changed wire load model for 'Po2FixedPointDequantizer' from '(none)' to 'ZeroWireload'. (OPT-170)
Information: Changed wire load model for 'BufferedPackMetadataDequantizer' from '(none)' to 'ZeroWireload'. (OPT-170)
Information: Changed wire load model for 'FixedWidthFieldUnpacker_3' from '(none)' to 'ZeroWireload'. (OPT-170)
Information: Changed wire load model for 'CompactMetadataDecoder_1' from '(none)' to 'ZeroWireload'. (OPT-170)
Information: Changed wire load model for 'FixedWidthFieldUnpacker_2' from '(none)' to 'ZeroWireload'. (OPT-170)
Information: Changed wire load model for 'CompactMetadataDecoder' from '(none)' to 'ZeroWireload'. (OPT-170)
Information: Changed wire load model for 'DynamicPayloadUnpacker' from '(none)' to 'ZeroWireload'. (OPT-170)
Information: Changed wire load model for 'FixedWidthFieldUnpacker_1' from '(none)' to 'ZeroWireload'. (OPT-170)
Information: Changed wire load model for 'FixedWidthFieldUnpacker' from '(none)' to 'ZeroWireload'. (OPT-170)
Information: Changed wire load model for 'PackDescriptorDecoder' from '(none)' to 'ZeroWireload'. (OPT-170)
Information: Changed wire load model for 'DynamicBitUnpacker' from '(none)' to 'ZeroWireload'. (OPT-170)
Information: Changed wire load model for 'KvStreamDequantizer' from '(none)' to 'ZeroWireload'. (OPT-170)
Information: Changed wire load model for 'DecompressionPipelineController' from '(none)' to 'ZeroWireload'. (OPT-170)
Information: Changed wire load model for 'DualKvDecompressionController' from '(none)' to 'ZeroWireload'. (OPT-170)
Information: Changed wire load model for 'BriskKvComputeInterface' from '(none)' to 'ZeroWireload'. (OPT-170)
Information: Changed wire load model for 'BriskKvDecompressQkTop' from '(none)' to 'ZeroWireload'. (OPT-170)
  Allocating blocks in 'DW02_mult_A_width64_B_width19'
Information: Changed wire load model for 'DW01_inc_width64' from '(none)' to 'ZeroWireload'. (OPT-170)
Information: Changed wire load model for '*ADD_UNS_OP_64_1_64' from '(none)' to 'ZeroWireload'. (OPT-170)
Information: Changed wire load model for 'DW01_inc_width64' from '(none)' to 'ZeroWireload'. (OPT-170)
Information: Changed wire load model for '*ADD_UNS_OP_64_1_64' from '(none)' to 'ZeroWireload'. (OPT-170)
Information: Changed wire load model for 'DW01_sub_width35' from '(none)' to 'ZeroWireload'. (OPT-170)
Information: Changed wire load model for '*SUB_UNS_OP_1_35_35' from '(none)' to 'ZeroWireload'. (OPT-170)
Information: Changed wire load model for 'DW01_add_width50' from '(none)' to 'ZeroWireload'. (OPT-170)
Information: Changed wire load model for '*ADD_UNS_OP_50_15_50' from '(none)' to 'ZeroWireload'. (OPT-170)
Information: Changed wire load model for 'DW01_inc_width64' from '(none)' to 'ZeroWireload'. (OPT-170)
Information: Changed wire load model for '*ADD_UNS_OP_64_1_64' from '(none)' to 'ZeroWireload'. (OPT-170)
Information: Changed wire load model for 'DW01_inc_width32' from '(none)' to 'ZeroWireload'. (OPT-170)
Information: Changed wire load model for '*ADD_UNS_OP_32_1_32' from '(none)' to 'ZeroWireload'. (OPT-170)
Information: Changed wire load model for 'DW01_inc_width64' from '(none)' to 'ZeroWireload'. (OPT-170)
Information: Changed wire load model for '*ADD_UNS_OP_64_1_64' from '(none)' to 'ZeroWireload'. (OPT-170)
Information: Changed wire load model for 'DW01_inc_width64' from '(none)' to 'ZeroWireload'. (OPT-170)
Information: Changed wire load model for '*ADD_UNS_OP_64_1_64' from '(none)' to 'ZeroWireload'. (OPT-170)
Information: Changed wire load model for 'DW01_inc_width64' from '(none)' to 'ZeroWireload'. (OPT-170)
Information: Changed wire load model for '*ADD_UNS_OP_64_1_64' from '(none)' to 'ZeroWireload'. (OPT-170)
Information: Changed wire load model for 'DW01_sub_width50' from '(none)' to 'ZeroWireload'. (OPT-170)
Information: Changed wire load model for '*SUB_UNS_OP_1_50_50' from '(none)' to 'ZeroWireload'. (OPT-170)
Information: Changed wire load model for 'DW01_dec_width32' from '(none)' to 'ZeroWireload'. (OPT-170)
Information: Changed wire load model for '*SUB_UNS_OP_32_1_32' from '(none)' to 'ZeroWireload'. (OPT-170)
Information: Changed wire load model for 'DW01_cmp6_width32' from '(none)' to 'ZeroWireload'. (OPT-170)
Information: Changed wire load model for '*NE_UNS_OP_32_32_1' from '(none)' to 'ZeroWireload'. (OPT-170)
Information: Changed wire load model for 'DW01_cmp2_width32' from '(none)' to 'ZeroWireload'. (OPT-170)
Information: Changed wire load model for '*LT_UNS_OP_32_8_1' from '(none)' to 'ZeroWireload'. (OPT-170)
Information: Changed wire load model for 'DW01_cmp2_width35' from '(none)' to 'ZeroWireload'. (OPT-170)
Information: Changed wire load model for '*LT_TC_OP_35_18_1' from '(none)' to 'ZeroWireload'. (OPT-170)
Information: Changed wire load model for 'DW01_cmp2_width35' from '(none)' to 'ZeroWireload'. (OPT-170)
Information: Changed wire load model for '*GT_TC_OP_35_18_1' from '(none)' to 'ZeroWireload'. (OPT-170)
Information: Changed wire load model for 'DW01_cmp6_width32' from '(none)' to 'ZeroWireload'. (OPT-170)
Information: Changed wire load model for '*EQ_UNS_OP_32_32_1' from '(none)' to 'ZeroWireload'. (OPT-170)
Information: Changed wire load model for 'DW01_cmp2_width50' from '(none)' to 'ZeroWireload'. (OPT-170)
Information: Changed wire load model for '*LT_TC_OP_50_1_1' from '(none)' to 'ZeroWireload'. (OPT-170)
Information: Changed wire load model for 'DW02_mult_A_width50_B_width1' from '(none)' to 'ZeroWireload'. (OPT-170)
Information: Changed wire load model for '*MULT_UNS_OP_50_1_50' from '(none)' to 'ZeroWireload'. (OPT-170)
Information: Changed wire load model for 'DW01_add_width50' from '(none)' to 'ZeroWireload'. (OPT-170)
Information: Changed wire load model for '*ADD_UNS_OP_50_50_50' from '(none)' to 'ZeroWireload'. (OPT-170)
Information: Changed wire load model for 'DW01_add_width50' from '(none)' to 'ZeroWireload'. (OPT-170)
Information: Changed wire load model for '*ADD_UNS_OP_50_50_50' from '(none)' to 'ZeroWireload'. (OPT-170)
Information: Changed wire load model for 'DW01_add_width49' from '(none)' to 'ZeroWireload'. (OPT-170)
Information: Changed wire load model for '*ADD_UNS_OP_49_49_49' from '(none)' to 'ZeroWireload'. (OPT-170)
Information: Changed wire load model for 'DW01_add_width48' from '(none)' to 'ZeroWireload'. (OPT-170)
Information: Changed wire load model for '*ADD_UNS_OP_48_48_48' from '(none)' to 'ZeroWireload'. (OPT-170)
Information: Changed wire load model for 'DW01_add_width47' from '(none)' to 'ZeroWireload'. (OPT-170)
Information: Changed wire load model for '*ADD_UNS_OP_47_47_47' from '(none)' to 'ZeroWireload'. (OPT-170)
Information: Changed wire load model for 'DW01_add_width46' from '(none)' to 'ZeroWireload'. (OPT-170)
Information: Changed wire load model for '*ADD_UNS_OP_46_46_46' from '(none)' to 'ZeroWireload'. (OPT-170)
Information: Changed wire load model for 'DW01_add_width45' from '(none)' to 'ZeroWireload'. (OPT-170)
Information: Changed wire load model for '*ADD_UNS_OP_45_45_45' from '(none)' to 'ZeroWireload'. (OPT-170)
Information: Changed wire load model for 'DW01_add_width44' from '(none)' to 'ZeroWireload'. (OPT-170)
Information: Changed wire load model for '*ADD_UNS_OP_44_44_44' from '(none)' to 'ZeroWireload'. (OPT-170)
Information: Changed wire load model for 'DW01_add_width43' from '(none)' to 'ZeroWireload'. (OPT-170)
Information: Changed wire load model for '*ADD_UNS_OP_43_43_43' from '(none)' to 'ZeroWireload'. (OPT-170)
Information: Changed wire load model for 'DW01_add_width42' from '(none)' to 'ZeroWireload'. (OPT-170)
Information: Changed wire load model for '*ADD_UNS_OP_42_42_42' from '(none)' to 'ZeroWireload'. (OPT-170)
Information: Changed wire load model for 'DW01_add_width41' from '(none)' to 'ZeroWireload'. (OPT-170)
Information: Changed wire load model for '*ADD_UNS_OP_41_41_41' from '(none)' to 'ZeroWireload'. (OPT-170)
Information: Changed wire load model for 'DW01_add_width40' from '(none)' to 'ZeroWireload'. (OPT-170)
Information: Changed wire load model for '*ADD_UNS_OP_40_40_40' from '(none)' to 'ZeroWireload'. (OPT-170)
Information: Changed wire load model for 'DW01_add_width39' from '(none)' to 'ZeroWireload'. (OPT-170)
Information: Changed wire load model for '*ADD_UNS_OP_39_39_39' from '(none)' to 'ZeroWireload'. (OPT-170)
Information: Changed wire load model for 'DW01_add_width38' from '(none)' to 'ZeroWireload'. (OPT-170)
Information: Changed wire load model for '*ADD_UNS_OP_38_38_38' from '(none)' to 'ZeroWireload'. (OPT-170)
Information: Changed wire load model for 'DW01_add_width37' from '(none)' to 'ZeroWireload'. (OPT-170)
Information: Changed wire load model for '*ADD_UNS_OP_37_37_37' from '(none)' to 'ZeroWireload'. (OPT-170)
Information: Changed wire load model for 'DW01_inc_width32' from '(none)' to 'ZeroWireload'. (OPT-170)
Information: Changed wire load model for '*ADD_UNS_OP_32_1_32' from '(none)' to 'ZeroWireload'. (OPT-170)
Information: Changed wire load model for 'DW01_add_width36' from '(none)' to 'ZeroWireload'. (OPT-170)
Information: Changed wire load model for '*ADD_UNS_OP_36_36_36' from '(none)' to 'ZeroWireload'. (OPT-170)
Information: Changed wire load model for 'DW01_dec_width32' from '(none)' to 'ZeroWireload'. (OPT-170)
Information: Changed wire load model for '*SUB_UNS_OP_32_1_32' from '(none)' to 'ZeroWireload'. (OPT-170)
Information: Changed wire load model for 'DW01_add_width64' from '(none)' to 'ZeroWireload'. (OPT-170)
Information: Changed wire load model for '*ADD_UNS_OP_64_5_64' from '(none)' to 'ZeroWireload'. (OPT-170)
Information: Changed wire load model for 'DW01_inc_width64' from '(none)' to 'ZeroWireload'. (OPT-170)
Information: Changed wire load model for '*ADD_UNS_OP_64_1_64' from '(none)' to 'ZeroWireload'. (OPT-170)
Information: Changed wire load model for 'DW01_inc_width64' from '(none)' to 'ZeroWireload'. (OPT-170)
Information: Changed wire load model for '*ADD_UNS_OP_64_1_64' from '(none)' to 'ZeroWireload'. (OPT-170)
Information: Changed wire load model for 'DW01_inc_width32' from '(none)' to 'ZeroWireload'. (OPT-170)
Information: Changed wire load model for '*ADD_UNS_OP_32_1_32' from '(none)' to 'ZeroWireload'. (OPT-170)
Information: Changed wire load model for 'DW01_inc_width64' from '(none)' to 'ZeroWireload'. (OPT-170)
Information: Changed wire load model for '*ADD_UNS_OP_64_1_64' from '(none)' to 'ZeroWireload'. (OPT-170)
Information: Changed wire load model for 'DW02_mult_A_width16_B_width35' from '(none)' to 'ZeroWireload'. (OPT-170)
Information: Changed wire load model for '*MULT_UNS_OP_16_35_35' from '(none)' to 'ZeroWireload'. (OPT-170)
Information: Changed wire load model for 'DW02_mult_A_width16_B_width35' from '(none)' to 'ZeroWireload'. (OPT-170)
Information: Changed wire load model for '*MULT_UNS_OP_16_35_35' from '(none)' to 'ZeroWireload'. (OPT-170)
Information: Changed wire load model for 'DW02_mult_A_width16_B_width35' from '(none)' to 'ZeroWireload'. (OPT-170)
Information: Changed wire load model for '*MULT_UNS_OP_16_35_35' from '(none)' to 'ZeroWireload'. (OPT-170)
Information: Changed wire load model for 'DW02_mult_A_width16_B_width35' from '(none)' to 'ZeroWireload'. (OPT-170)
Information: Changed wire load model for '*MULT_UNS_OP_16_35_35' from '(none)' to 'ZeroWireload'. (OPT-170)
Information: Changed wire load model for 'DW02_mult_A_width16_B_width35' from '(none)' to 'ZeroWireload'. (OPT-170)
Information: Changed wire load model for '*MULT_UNS_OP_16_35_35' from '(none)' to 'ZeroWireload'. (OPT-170)
Information: Changed wire load model for 'DW02_mult_A_width16_B_width35' from '(none)' to 'ZeroWireload'. (OPT-170)
Information: Changed wire load model for '*MULT_UNS_OP_16_35_35' from '(none)' to 'ZeroWireload'. (OPT-170)
Information: Changed wire load model for 'DW02_mult_A_width16_B_width35' from '(none)' to 'ZeroWireload'. (OPT-170)
Information: Changed wire load model for '*MULT_UNS_OP_16_35_35' from '(none)' to 'ZeroWireload'. (OPT-170)
Information: Changed wire load model for 'DW02_mult_A_width16_B_width35' from '(none)' to 'ZeroWireload'. (OPT-170)
Information: Changed wire load model for '*MULT_UNS_OP_16_35_35' from '(none)' to 'ZeroWireload'. (OPT-170)
Information: Changed wire load model for 'DW02_mult_A_width16_B_width35' from '(none)' to 'ZeroWireload'. (OPT-170)
Information: Changed wire load model for '*MULT_UNS_OP_16_35_35' from '(none)' to 'ZeroWireload'. (OPT-170)
Information: Changed wire load model for 'DW02_mult_A_width16_B_width35' from '(none)' to 'ZeroWireload'. (OPT-170)
Information: Changed wire load model for '*MULT_UNS_OP_16_35_35' from '(none)' to 'ZeroWireload'. (OPT-170)
Information: Changed wire load model for 'DW02_mult_A_width16_B_width35' from '(none)' to 'ZeroWireload'. (OPT-170)
Information: Changed wire load model for '*MULT_UNS_OP_16_35_35' from '(none)' to 'ZeroWireload'. (OPT-170)
Information: Changed wire load model for 'DW02_mult_A_width16_B_width35' from '(none)' to 'ZeroWireload'. (OPT-170)
Information: Changed wire load model for '*MULT_UNS_OP_16_35_35' from '(none)' to 'ZeroWireload'. (OPT-170)
Information: Changed wire load model for 'DW02_mult_A_width16_B_width35' from '(none)' to 'ZeroWireload'. (OPT-170)
Information: Changed wire load model for '*MULT_UNS_OP_16_35_35' from '(none)' to 'ZeroWireload'. (OPT-170)
Information: Changed wire load model for 'DW02_mult_A_width16_B_width35' from '(none)' to 'ZeroWireload'. (OPT-170)
Information: Changed wire load model for '*MULT_UNS_OP_16_35_35' from '(none)' to 'ZeroWireload'. (OPT-170)
Information: Changed wire load model for 'DW02_mult_A_width16_B_width35' from '(none)' to 'ZeroWireload'. (OPT-170)
Information: Changed wire load model for '*MULT_UNS_OP_16_35_35' from '(none)' to 'ZeroWireload'. (OPT-170)
Information: Changed wire load model for 'DW01_inc_width64' from '(none)' to 'ZeroWireload'. (OPT-170)
Information: Changed wire load model for '*ADD_UNS_OP_64_1_64' from '(none)' to 'ZeroWireload'. (OPT-170)
Information: Changed wire load model for 'DW01_inc_width32' from '(none)' to 'ZeroWireload'. (OPT-170)
Information: Changed wire load model for '*ADD_UNS_OP_32_1_32' from '(none)' to 'ZeroWireload'. (OPT-170)
Information: Changed wire load model for 'DW01_inc_width64' from '(none)' to 'ZeroWireload'. (OPT-170)
Information: Changed wire load model for '*ADD_UNS_OP_64_1_64' from '(none)' to 'ZeroWireload'. (OPT-170)
Information: Changed wire load model for 'DW01_inc_width64' from '(none)' to 'ZeroWireload'. (OPT-170)
Information: Changed wire load model for '*ADD_UNS_OP_64_1_64' from '(none)' to 'ZeroWireload'. (OPT-170)
Information: Changed wire load model for 'DW01_inc_width64' from '(none)' to 'ZeroWireload'. (OPT-170)
Information: Changed wire load model for '*ADD_UNS_OP_64_1_64' from '(none)' to 'ZeroWireload'. (OPT-170)
Information: Changed wire load model for 'DW01_inc_width64' from '(none)' to 'ZeroWireload'. (OPT-170)
Information: Changed wire load model for '*ADD_UNS_OP_64_1_64' from '(none)' to 'ZeroWireload'. (OPT-170)
Information: Changed wire load model for 'DW02_mult_A_width16_B_width35' from '(none)' to 'ZeroWireload'. (OPT-170)
Information: Changed wire load model for '*MULT_UNS_OP_16_35_35' from '(none)' to 'ZeroWireload'. (OPT-170)
Information: Changed wire load model for 'DW01_add_width32' from '(none)' to 'ZeroWireload'. (OPT-170)
Information: Changed wire load model for '*ADD_UNS_OP_32_4_32' from '(none)' to 'ZeroWireload'. (OPT-170)
Information: Changed wire load model for 'DW01_dec_width32' from '(none)' to 'ZeroWireload'. (OPT-170)
Information: Changed wire load model for '*SUB_UNS_OP_32_1_32' from '(none)' to 'ZeroWireload'. (OPT-170)
Information: Changed wire load model for 'DW01_dec_width32' from '(none)' to 'ZeroWireload'. (OPT-170)
Information: Changed wire load model for '*SUB_UNS_OP_32_1_32' from '(none)' to 'ZeroWireload'. (OPT-170)
Information: Changed wire load model for 'DW01_cmp6_width32' from '(none)' to 'ZeroWireload'. (OPT-170)
Information: Changed wire load model for '*EQ_UNS_OP_32_32_1' from '(none)' to 'ZeroWireload'. (OPT-170)
Information: Changed wire load model for 'DW01_cmp6_width5' from '(none)' to 'ZeroWireload'. (OPT-170)
Information: Changed wire load model for '*EQ_UNS_OP_5_5_1' from '(none)' to 'ZeroWireload'. (OPT-170)
Information: Changed wire load model for 'DW01_cmp6_width32' from '(none)' to 'ZeroWireload'. (OPT-170)
Information: Changed wire load model for '*EQ_UNS_OP_32_32_1' from '(none)' to 'ZeroWireload'. (OPT-170)
Information: Changed wire load model for 'DW01_cmp6_width32' from '(none)' to 'ZeroWireload'. (OPT-170)
Information: Changed wire load model for '*EQ_UNS_OP_32_32_1' from '(none)' to 'ZeroWireload'. (OPT-170)
Information: Changed wire load model for 'DW01_cmp6_width5' from '(none)' to 'ZeroWireload'. (OPT-170)
Information: Changed wire load model for '*EQ_UNS_OP_5_5_1' from '(none)' to 'ZeroWireload'. (OPT-170)
Information: Changed wire load model for 'DW01_cmp6_width2' from '(none)' to 'ZeroWireload'. (OPT-170)
Information: Changed wire load model for '*EQ_UNS_OP_2_2_1' from '(none)' to 'ZeroWireload'. (OPT-170)
Information: Changed wire load model for 'DW01_cmp6_width32' from '(none)' to 'ZeroWireload'. (OPT-170)
Information: Changed wire load model for '*EQ_UNS_OP_32_30_1' from '(none)' to 'ZeroWireload'. (OPT-170)
Information: Changed wire load model for 'DW01_cmp6_width32' from '(none)' to 'ZeroWireload'. (OPT-170)
Information: Changed wire load model for '*EQ_UNS_OP_32_32_1' from '(none)' to 'ZeroWireload'. (OPT-170)
Information: Changed wire load model for 'DW01_cmp6_width32' from '(none)' to 'ZeroWireload'. (OPT-170)
Information: Changed wire load model for '*EQ_UNS_OP_32_32_1' from '(none)' to 'ZeroWireload'. (OPT-170)
Information: Changed wire load model for 'DW01_cmp2_width32' from '(none)' to 'ZeroWireload'. (OPT-170)
Information: Changed wire load model for '*LT_UNS_OP_32_11_1' from '(none)' to 'ZeroWireload'. (OPT-170)
Information: Changed wire load model for 'DW01_cmp2_width32' from '(none)' to 'ZeroWireload'. (OPT-170)
Information: Changed wire load model for '*LT_UNS_OP_32_8_1' from '(none)' to 'ZeroWireload'. (OPT-170)
Information: Changed wire load model for 'DW01_cmp6_width32' from '(none)' to 'ZeroWireload'. (OPT-170)
Information: Changed wire load model for '*EQ_UNS_OP_32_32_1' from '(none)' to 'ZeroWireload'. (OPT-170)
Information: Changed wire load model for 'DW01_cmp2_width5' from '(none)' to 'ZeroWireload'. (OPT-170)
Information: Changed wire load model for '*GT_UNS_OP_5_4_1' from '(none)' to 'ZeroWireload'. (OPT-170)
Information: Changed wire load model for 'DW01_cmp2_width5' from '(none)' to 'ZeroWireload'. (OPT-170)
Information: Changed wire load model for '*GT_UNS_OP_5_4_1' from '(none)' to 'ZeroWireload'. (OPT-170)
Information: Changed wire load model for 'DW01_cmp2_width5' from '(none)' to 'ZeroWireload'. (OPT-170)
Information: Changed wire load model for '*GT_UNS_OP_5_4_1' from '(none)' to 'ZeroWireload'. (OPT-170)
Information: Changed wire load model for 'DW01_cmp2_width5' from '(none)' to 'ZeroWireload'. (OPT-170)
Information: Changed wire load model for '*GT_UNS_OP_5_4_1' from '(none)' to 'ZeroWireload'. (OPT-170)
Information: Changed wire load model for 'DW01_cmp2_width5' from '(none)' to 'ZeroWireload'. (OPT-170)
Information: Changed wire load model for '*GT_UNS_OP_5_4_1' from '(none)' to 'ZeroWireload'. (OPT-170)
Information: Changed wire load model for 'DW01_cmp2_width5' from '(none)' to 'ZeroWireload'. (OPT-170)
Information: Changed wire load model for '*GT_UNS_OP_5_4_1' from '(none)' to 'ZeroWireload'. (OPT-170)
Information: Changed wire load model for 'DW01_cmp2_width5' from '(none)' to 'ZeroWireload'. (OPT-170)
Information: Changed wire load model for '*GT_UNS_OP_5_4_1' from '(none)' to 'ZeroWireload'. (OPT-170)
Information: Changed wire load model for 'DW01_cmp2_width5' from '(none)' to 'ZeroWireload'. (OPT-170)
Information: Changed wire load model for '*GT_UNS_OP_5_3_1' from '(none)' to 'ZeroWireload'. (OPT-170)
Information: Changed wire load model for 'DW01_cmp2_width5' from '(none)' to 'ZeroWireload'. (OPT-170)
Information: Changed wire load model for '*GT_UNS_OP_5_3_1' from '(none)' to 'ZeroWireload'. (OPT-170)
Information: Changed wire load model for 'DW01_cmp2_width5' from '(none)' to 'ZeroWireload'. (OPT-170)
Information: Changed wire load model for '*GT_UNS_OP_5_3_1' from '(none)' to 'ZeroWireload'. (OPT-170)
Information: Changed wire load model for 'DW01_cmp2_width5' from '(none)' to 'ZeroWireload'. (OPT-170)
Information: Changed wire load model for '*GT_UNS_OP_5_2_1' from '(none)' to 'ZeroWireload'. (OPT-170)
Information: Changed wire load model for 'DW01_cmp6_width32' from '(none)' to 'ZeroWireload'. (OPT-170)
Information: Changed wire load model for '*EQ_UNS_OP_32_32_1' from '(none)' to 'ZeroWireload'. (OPT-170)
Information: Changed wire load model for 'DW01_dec_width32' from '(none)' to 'ZeroWireload'. (OPT-170)
Information: Changed wire load model for '*SUB_UNS_OP_32_1_32' from '(none)' to 'ZeroWireload'. (OPT-170)
Information: Changed wire load model for 'DW01_inc_width64' from '(none)' to 'ZeroWireload'. (OPT-170)
Information: Changed wire load model for '*ADD_UNS_OP_64_1_64' from '(none)' to 'ZeroWireload'. (OPT-170)
Information: Changed wire load model for 'DW01_inc_width64' from '(none)' to 'ZeroWireload'. (OPT-170)
Information: Changed wire load model for '*ADD_UNS_OP_64_1_64' from '(none)' to 'ZeroWireload'. (OPT-170)
Information: Changed wire load model for 'DW01_inc_width64' from '(none)' to 'ZeroWireload'. (OPT-170)
Information: Changed wire load model for '*ADD_UNS_OP_64_1_64' from '(none)' to 'ZeroWireload'. (OPT-170)
Information: Changed wire load model for 'DW01_inc_width64' from '(none)' to 'ZeroWireload'. (OPT-170)
Information: Changed wire load model for '*ADD_UNS_OP_64_1_64' from '(none)' to 'ZeroWireload'. (OPT-170)
Information: Changed wire load model for 'DW01_inc_width64' from '(none)' to 'ZeroWireload'. (OPT-170)
Information: Changed wire load model for '*ADD_UNS_OP_64_1_64' from '(none)' to 'ZeroWireload'. (OPT-170)
Information: Changed wire load model for 'DW01_inc_width64' from '(none)' to 'ZeroWireload'. (OPT-170)
Information: Changed wire load model for '*ADD_UNS_OP_64_1_64' from '(none)' to 'ZeroWireload'. (OPT-170)
Information: Changed wire load model for 'DW01_inc_width32' from '(none)' to 'ZeroWireload'. (OPT-170)
Information: Changed wire load model for '*ADD_UNS_OP_32_1_32' from '(none)' to 'ZeroWireload'. (OPT-170)
Information: Changed wire load model for 'DW01_add_width13' from '(none)' to 'ZeroWireload'. (OPT-170)
Information: Changed wire load model for '*ADD_UNS_OP_13_13_13' from '(none)' to 'ZeroWireload'. (OPT-170)
Information: Changed wire load model for 'DW01_add_width32' from '(none)' to 'ZeroWireload'. (OPT-170)
Information: Changed wire load model for '*ADD_UNS_OP_32_4_32' from '(none)' to 'ZeroWireload'. (OPT-170)
Information: Changed wire load model for 'DW01_dec_width64' from '(none)' to 'ZeroWireload'. (OPT-170)
Information: Changed wire load model for '*SUB_UNS_OP_64_1_64' from '(none)' to 'ZeroWireload'. (OPT-170)
Information: Changed wire load model for 'DW02_mult_A_width13_B_width13' from '(none)' to 'ZeroWireload'. (OPT-170)
Information: Changed wire load model for '*MULT_UNS_OP_13_13_13' from '(none)' to 'ZeroWireload'. (OPT-170)
Information: Changed wire load model for 'DW01_dec_width32' from '(none)' to 'ZeroWireload'. (OPT-170)
Information: Changed wire load model for '*SUB_UNS_OP_32_1_32' from '(none)' to 'ZeroWireload'. (OPT-170)
Information: Changed wire load model for 'DW02_mult_A_width32_B_width32' from '(none)' to 'ZeroWireload'. (OPT-170)
Information: Changed wire load model for '*MULT_UNS_OP_32_32_64' from '(none)' to 'ZeroWireload'. (OPT-170)
Information: Changed wire load model for 'DW_div_uns_a_width32_b_width32' from '(none)' to 'ZeroWireload'. (OPT-170)
Information: Changed wire load model for '*DIV_UNS_OP_32_32_32' from '(none)' to 'ZeroWireload'. (OPT-170)
Information: Changed wire load model for 'DW01_cmp2_width32' from '(none)' to 'ZeroWireload'. (OPT-170)
Information: Changed wire load model for '*LT_UNS_OP_32_32_1' from '(none)' to 'ZeroWireload'. (OPT-170)
Information: Changed wire load model for 'DW01_cmp2_width32' from '(none)' to 'ZeroWireload'. (OPT-170)
Information: Changed wire load model for '*LT_UNS_OP_32_32_1' from '(none)' to 'ZeroWireload'. (OPT-170)
Information: Changed wire load model for 'DW01_cmp6_width32' from '(none)' to 'ZeroWireload'. (OPT-170)
Information: Changed wire load model for '*EQ_UNS_OP_32_32_1' from '(none)' to 'ZeroWireload'. (OPT-170)
Information: Changed wire load model for 'DW01_cmp2_width32' from '(none)' to 'ZeroWireload'. (OPT-170)
Information: Changed wire load model for '*GEQ_UNS_OP_32_32_1' from '(none)' to 'ZeroWireload'. (OPT-170)
Information: Changed wire load model for 'DW01_cmp2_width32' from '(none)' to 'ZeroWireload'. (OPT-170)
Information: Changed wire load model for '*GEQ_UNS_OP_32_32_1' from '(none)' to 'ZeroWireload'. (OPT-170)
Information: Changed wire load model for 'DW01_cmp6_width5' from '(none)' to 'ZeroWireload'. (OPT-170)
Information: Changed wire load model for '*EQ_UNS_OP_5_5_1' from '(none)' to 'ZeroWireload'. (OPT-170)
Information: Changed wire load model for 'DW01_cmp6_width2' from '(none)' to 'ZeroWireload'. (OPT-170)
Information: Changed wire load model for '*EQ_UNS_OP_2_2_1' from '(none)' to 'ZeroWireload'. (OPT-170)
Information: Changed wire load model for 'DW01_cmp6_width32' from '(none)' to 'ZeroWireload'. (OPT-170)
Information: Changed wire load model for '*EQ_UNS_OP_32_30_1' from '(none)' to 'ZeroWireload'. (OPT-170)
Information: Changed wire load model for 'DW01_cmp6_width32' from '(none)' to 'ZeroWireload'. (OPT-170)
Information: Changed wire load model for '*EQ_UNS_OP_32_32_1' from '(none)' to 'ZeroWireload'. (OPT-170)
Information: Changed wire load model for 'DW_div_uns_a_width32_b_width32' from '(none)' to 'ZeroWireload'. (OPT-170)
Information: Changed wire load model for '*REM_UNS_OP_32_32_32' from '(none)' to 'ZeroWireload'. (OPT-170)
Information: Changed wire load model for 'DW01_cmp6_width32' from '(none)' to 'ZeroWireload'. (OPT-170)
Information: Changed wire load model for '*EQ_UNS_OP_32_32_1' from '(none)' to 'ZeroWireload'. (OPT-170)
Information: Changed wire load model for 'DW01_cmp6_width32' from '(none)' to 'ZeroWireload'. (OPT-170)
Information: Changed wire load model for '*EQ_UNS_OP_32_32_1' from '(none)' to 'ZeroWireload'. (OPT-170)
Information: Changed wire load model for 'DW01_cmp6_width32' from '(none)' to 'ZeroWireload'. (OPT-170)
Information: Changed wire load model for '*EQ_UNS_OP_32_32_1' from '(none)' to 'ZeroWireload'. (OPT-170)
Information: Changed wire load model for 'DW01_cmp6_width64' from '(none)' to 'ZeroWireload'. (OPT-170)
Information: Changed wire load model for '*EQ_UNS_OP_32_64_1' from '(none)' to 'ZeroWireload'. (OPT-170)
Information: Changed wire load model for 'DW01_cmp2_width32' from '(none)' to 'ZeroWireload'. (OPT-170)
Information: Changed wire load model for '*LT_UNS_OP_32_11_1' from '(none)' to 'ZeroWireload'. (OPT-170)
Information: Changed wire load model for 'DW01_cmp2_width32' from '(none)' to 'ZeroWireload'. (OPT-170)
Information: Changed wire load model for '*LT_UNS_OP_32_8_1' from '(none)' to 'ZeroWireload'. (OPT-170)
Information: Changed wire load model for 'DW01_inc_width64' from '(none)' to 'ZeroWireload'. (OPT-170)
Information: Changed wire load model for '*ADD_UNS_OP_64_1_64' from '(none)' to 'ZeroWireload'. (OPT-170)
Information: Changed wire load model for 'DW01_inc_width32' from '(none)' to 'ZeroWireload'. (OPT-170)
Information: Changed wire load model for '*ADD_UNS_OP_32_1_32' from '(none)' to 'ZeroWireload'. (OPT-170)
Information: Changed wire load model for 'DW01_add_width28' from '(none)' to 'ZeroWireload'. (OPT-170)
Information: Changed wire load model for '*ADD_UNS_OP_28_21_28' from '(none)' to 'ZeroWireload'. (OPT-170)
Information: Changed wire load model for 'DW01_inc_width32' from '(none)' to 'ZeroWireload'. (OPT-170)
Information: Changed wire load model for '*ADD_UNS_OP_32_1_32' from '(none)' to 'ZeroWireload'. (OPT-170)
Information: Changed wire load model for 'DW01_add_width21' from '(none)' to 'ZeroWireload'. (OPT-170)
Information: Changed wire load model for '*ADD_UNS_OP_20_20_21' from '(none)' to 'ZeroWireload'. (OPT-170)
Information: Changed wire load model for 'DW01_add_width20' from '(none)' to 'ZeroWireload'. (OPT-170)
Information: Changed wire load model for '*ADD_UNS_OP_19_19_20' from '(none)' to 'ZeroWireload'. (OPT-170)
Information: Changed wire load model for 'DW01_add_width20' from '(none)' to 'ZeroWireload'. (OPT-170)
Information: Changed wire load model for '*ADD_UNS_OP_19_19_20' from '(none)' to 'ZeroWireload'. (OPT-170)
Information: Changed wire load model for 'DW01_dec_width32' from '(none)' to 'ZeroWireload'. (OPT-170)
Information: Changed wire load model for '*SUB_UNS_OP_32_1_32' from '(none)' to 'ZeroWireload'. (OPT-170)
Information: Changed wire load model for 'DW01_add_width19' from '(none)' to 'ZeroWireload'. (OPT-170)
Information: Changed wire load model for '*ADD_UNS_OP_18_18_19' from '(none)' to 'ZeroWireload'. (OPT-170)
Information: Changed wire load model for 'DW01_add_width19' from '(none)' to 'ZeroWireload'. (OPT-170)
Information: Changed wire load model for '*ADD_UNS_OP_18_18_19' from '(none)' to 'ZeroWireload'. (OPT-170)
Information: Changed wire load model for 'DW01_add_width19' from '(none)' to 'ZeroWireload'. (OPT-170)
Information: Changed wire load model for '*ADD_UNS_OP_18_18_19' from '(none)' to 'ZeroWireload'. (OPT-170)
Information: Changed wire load model for 'DW01_add_width19' from '(none)' to 'ZeroWireload'. (OPT-170)
Information: Changed wire load model for '*ADD_UNS_OP_18_18_19' from '(none)' to 'ZeroWireload'. (OPT-170)
Information: Changed wire load model for 'DW01_add_width50' from '(none)' to 'ZeroWireload'. (OPT-170)
Information: Changed wire load model for '*ADD_UNS_OP_50_17_50' from '(none)' to 'ZeroWireload'. (OPT-170)
Information: Changed wire load model for 'DW01_add_width50' from '(none)' to 'ZeroWireload'. (OPT-170)
Information: Changed wire load model for '*ADD_UNS_OP_50_17_50' from '(none)' to 'ZeroWireload'. (OPT-170)
Information: Changed wire load model for 'DW01_add_width50' from '(none)' to 'ZeroWireload'. (OPT-170)
Information: Changed wire load model for '*ADD_UNS_OP_50_17_50' from '(none)' to 'ZeroWireload'. (OPT-170)
Information: Changed wire load model for 'DW01_add_width50' from '(none)' to 'ZeroWireload'. (OPT-170)
Information: Changed wire load model for '*ADD_UNS_OP_50_17_50' from '(none)' to 'ZeroWireload'. (OPT-170)
Information: Changed wire load model for 'DW01_add_width50' from '(none)' to 'ZeroWireload'. (OPT-170)
Information: Changed wire load model for '*ADD_UNS_OP_50_17_50' from '(none)' to 'ZeroWireload'. (OPT-170)
Information: Changed wire load model for 'DW01_add_width50' from '(none)' to 'ZeroWireload'. (OPT-170)
Information: Changed wire load model for '*ADD_UNS_OP_50_17_50' from '(none)' to 'ZeroWireload'. (OPT-170)
Information: Changed wire load model for 'DW01_add_width50' from '(none)' to 'ZeroWireload'. (OPT-170)
Information: Changed wire load model for '*ADD_UNS_OP_50_17_50' from '(none)' to 'ZeroWireload'. (OPT-170)
Information: Changed wire load model for 'DW01_add_width50' from '(none)' to 'ZeroWireload'. (OPT-170)
Information: Changed wire load model for '*ADD_UNS_OP_50_17_50' from '(none)' to 'ZeroWireload'. (OPT-170)
Information: Changed wire load model for 'DW01_add_width50' from '(none)' to 'ZeroWireload'. (OPT-170)
Information: Changed wire load model for '*ADD_UNS_OP_50_17_50' from '(none)' to 'ZeroWireload'. (OPT-170)
Information: Changed wire load model for 'DW01_add_width50' from '(none)' to 'ZeroWireload'. (OPT-170)
Information: Changed wire load model for '*ADD_UNS_OP_50_17_50' from '(none)' to 'ZeroWireload'. (OPT-170)
Information: Changed wire load model for 'DW01_add_width50' from '(none)' to 'ZeroWireload'. (OPT-170)
Information: Changed wire load model for '*ADD_UNS_OP_50_17_50' from '(none)' to 'ZeroWireload'. (OPT-170)
Information: Changed wire load model for 'DW01_add_width50' from '(none)' to 'ZeroWireload'. (OPT-170)
Information: Changed wire load model for '*ADD_UNS_OP_50_17_50' from '(none)' to 'ZeroWireload'. (OPT-170)
Information: Changed wire load model for 'DW01_add_width50' from '(none)' to 'ZeroWireload'. (OPT-170)
Information: Changed wire load model for '*ADD_UNS_OP_50_17_50' from '(none)' to 'ZeroWireload'. (OPT-170)
Information: Changed wire load model for 'DW01_add_width50' from '(none)' to 'ZeroWireload'. (OPT-170)
Information: Changed wire load model for '*ADD_UNS_OP_50_17_50' from '(none)' to 'ZeroWireload'. (OPT-170)
Information: Changed wire load model for 'DW01_add_width50' from '(none)' to 'ZeroWireload'. (OPT-170)
Information: Changed wire load model for '*ADD_UNS_OP_50_17_50' from '(none)' to 'ZeroWireload'. (OPT-170)
Information: Changed wire load model for 'DW01_add_width50' from '(none)' to 'ZeroWireload'. (OPT-170)
Information: Changed wire load model for '*ADD_UNS_OP_50_17_50' from '(none)' to 'ZeroWireload'. (OPT-170)
Information: Changed wire load model for 'DW01_inc_width64' from '(none)' to 'ZeroWireload'. (OPT-170)
Information: Changed wire load model for '*ADD_UNS_OP_64_1_64' from '(none)' to 'ZeroWireload'. (OPT-170)
Information: Changed wire load model for 'DW01_inc_width64' from '(none)' to 'ZeroWireload'. (OPT-170)
Information: Changed wire load model for '*ADD_UNS_OP_64_1_64' from '(none)' to 'ZeroWireload'. (OPT-170)
Information: Changed wire load model for 'DW01_add_width18' from '(none)' to 'ZeroWireload'. (OPT-170)
Information: Changed wire load model for '*ADD_UNS_OP_17_17_18' from '(none)' to 'ZeroWireload'. (OPT-170)
Information: Changed wire load model for 'DW01_add_width18' from '(none)' to 'ZeroWireload'. (OPT-170)
Information: Changed wire load model for '*ADD_UNS_OP_17_17_18' from '(none)' to 'ZeroWireload'. (OPT-170)
Information: Changed wire load model for 'DW01_add_width18' from '(none)' to 'ZeroWireload'. (OPT-170)
Information: Changed wire load model for '*ADD_UNS_OP_17_17_18' from '(none)' to 'ZeroWireload'. (OPT-170)
Information: Changed wire load model for 'DW01_add_width18' from '(none)' to 'ZeroWireload'. (OPT-170)
Information: Changed wire load model for '*ADD_UNS_OP_17_17_18' from '(none)' to 'ZeroWireload'. (OPT-170)
Information: Changed wire load model for 'DW01_add_width18' from '(none)' to 'ZeroWireload'. (OPT-170)
Information: Changed wire load model for '*ADD_UNS_OP_17_17_18' from '(none)' to 'ZeroWireload'. (OPT-170)
Information: Changed wire load model for 'DW01_add_width18' from '(none)' to 'ZeroWireload'. (OPT-170)
Information: Changed wire load model for '*ADD_UNS_OP_17_17_18' from '(none)' to 'ZeroWireload'. (OPT-170)
Information: Changed wire load model for 'DW01_add_width18' from '(none)' to 'ZeroWireload'. (OPT-170)
Information: Changed wire load model for '*ADD_UNS_OP_17_17_18' from '(none)' to 'ZeroWireload'. (OPT-170)
Information: Changed wire load model for 'DW01_add_width18' from '(none)' to 'ZeroWireload'. (OPT-170)
Information: Changed wire load model for '*ADD_UNS_OP_17_17_18' from '(none)' to 'ZeroWireload'. (OPT-170)
Information: Changed wire load model for 'DW01_inc_width64' from '(none)' to 'ZeroWireload'. (OPT-170)
Information: Changed wire load model for '*ADD_UNS_OP_64_1_64' from '(none)' to 'ZeroWireload'. (OPT-170)
Information: Changed wire load model for 'DW01_inc_width32' from '(none)' to 'ZeroWireload'. (OPT-170)
Information: Changed wire load model for '*ADD_UNS_OP_32_1_32' from '(none)' to 'ZeroWireload'. (OPT-170)
Information: Changed wire load model for 'DW01_dec_width32' from '(none)' to 'ZeroWireload'. (OPT-170)
Information: Changed wire load model for '*SUB_UNS_OP_32_1_32' from '(none)' to 'ZeroWireload'. (OPT-170)
Information: Changed wire load model for 'DW02_mult_A_width17_B_width33' from '(none)' to 'ZeroWireload'. (OPT-170)
Information: Changed wire load model for '*MULT_UNS_OP_17_33_50' from '(none)' to 'ZeroWireload'. (OPT-170)
Information: Changed wire load model for 'DW02_mult_A_width17_B_width33' from '(none)' to 'ZeroWireload'. (OPT-170)
Information: Changed wire load model for '*MULT_UNS_OP_17_33_50' from '(none)' to 'ZeroWireload'. (OPT-170)
Information: Changed wire load model for 'DW02_mult_A_width17_B_width33' from '(none)' to 'ZeroWireload'. (OPT-170)
Information: Changed wire load model for '*MULT_UNS_OP_17_33_50' from '(none)' to 'ZeroWireload'. (OPT-170)
Information: Changed wire load model for 'DW02_mult_A_width17_B_width33' from '(none)' to 'ZeroWireload'. (OPT-170)
Information: Changed wire load model for '*MULT_UNS_OP_17_33_50' from '(none)' to 'ZeroWireload'. (OPT-170)
Information: Changed wire load model for 'DW02_mult_A_width17_B_width33' from '(none)' to 'ZeroWireload'. (OPT-170)
Information: Changed wire load model for '*MULT_UNS_OP_17_33_50' from '(none)' to 'ZeroWireload'. (OPT-170)
Information: Changed wire load model for 'DW02_mult_A_width17_B_width33' from '(none)' to 'ZeroWireload'. (OPT-170)
Information: Changed wire load model for '*MULT_UNS_OP_17_33_50' from '(none)' to 'ZeroWireload'. (OPT-170)
Information: Changed wire load model for 'DW02_mult_A_width17_B_width33' from '(none)' to 'ZeroWireload'. (OPT-170)
Information: Changed wire load model for '*MULT_UNS_OP_17_33_50' from '(none)' to 'ZeroWireload'. (OPT-170)
Information: Changed wire load model for 'DW02_mult_A_width17_B_width33' from '(none)' to 'ZeroWireload'. (OPT-170)
Information: Changed wire load model for '*MULT_UNS_OP_17_33_50' from '(none)' to 'ZeroWireload'. (OPT-170)
Information: Changed wire load model for 'DW02_mult_A_width17_B_width33' from '(none)' to 'ZeroWireload'. (OPT-170)
Information: Changed wire load model for '*MULT_UNS_OP_17_33_50' from '(none)' to 'ZeroWireload'. (OPT-170)
Information: Changed wire load model for 'DW02_mult_A_width17_B_width33' from '(none)' to 'ZeroWireload'. (OPT-170)
Information: Changed wire load model for '*MULT_UNS_OP_17_33_50' from '(none)' to 'ZeroWireload'. (OPT-170)
Information: Changed wire load model for 'DW02_mult_A_width17_B_width33' from '(none)' to 'ZeroWireload'. (OPT-170)
Information: Changed wire load model for '*MULT_UNS_OP_17_33_50' from '(none)' to 'ZeroWireload'. (OPT-170)
Information: Changed wire load model for 'DW02_mult_A_width17_B_width33' from '(none)' to 'ZeroWireload'. (OPT-170)
Information: Changed wire load model for '*MULT_UNS_OP_17_33_50' from '(none)' to 'ZeroWireload'. (OPT-170)
Information: Changed wire load model for 'DW02_mult_A_width17_B_width33' from '(none)' to 'ZeroWireload'. (OPT-170)
Information: Changed wire load model for '*MULT_UNS_OP_17_33_50' from '(none)' to 'ZeroWireload'. (OPT-170)
Information: Changed wire load model for 'DW02_mult_A_width17_B_width33' from '(none)' to 'ZeroWireload'. (OPT-170)
Information: Changed wire load model for '*MULT_UNS_OP_17_33_50' from '(none)' to 'ZeroWireload'. (OPT-170)
Information: Changed wire load model for 'DW02_mult_A_width17_B_width33' from '(none)' to 'ZeroWireload'. (OPT-170)
Information: Changed wire load model for '*MULT_UNS_OP_17_33_50' from '(none)' to 'ZeroWireload'. (OPT-170)
Information: Changed wire load model for 'DW02_mult_A_width17_B_width33' from '(none)' to 'ZeroWireload'. (OPT-170)
Information: Changed wire load model for '*MULT_UNS_OP_17_33_50' from '(none)' to 'ZeroWireload'. (OPT-170)
Information: Changed wire load model for 'DW01_inc_width64' from '(none)' to 'ZeroWireload'. (OPT-170)
Information: Changed wire load model for '*ADD_UNS_OP_64_1_64' from '(none)' to 'ZeroWireload'. (OPT-170)
Information: Changed wire load model for 'DW01_inc_width64' from '(none)' to 'ZeroWireload'. (OPT-170)
Information: Changed wire load model for '*ADD_UNS_OP_64_1_64' from '(none)' to 'ZeroWireload'. (OPT-170)
Information: Changed wire load model for 'DW01_add_width32' from '(none)' to 'ZeroWireload'. (OPT-170)
Information: Changed wire load model for '*ADD_UNS_OP_32_4_32' from '(none)' to 'ZeroWireload'. (OPT-170)
Information: Changed wire load model for 'DW01_sub_width33' from '(none)' to 'ZeroWireload'. (OPT-170)
Information: Changed wire load model for '*SUB_UNS_OP_27_33_33' from '(none)' to 'ZeroWireload'. (OPT-170)
Information: Changed wire load model for 'DW01_dec_width32' from '(none)' to 'ZeroWireload'. (OPT-170)
Information: Changed wire load model for '*SUB_UNS_OP_32_1_32' from '(none)' to 'ZeroWireload'. (OPT-170)
Information: Changed wire load model for 'DW01_add_width44' from '(none)' to 'ZeroWireload'. (OPT-170)
Information: Changed wire load model for '*ADD_UNS_OP_44_8_44' from '(none)' to 'ZeroWireload'. (OPT-170)
Information: Changed wire load model for 'DW01_add_width44' from '(none)' to 'ZeroWireload'. (OPT-170)
Information: Changed wire load model for '*ADD_UNS_OP_44_8_44' from '(none)' to 'ZeroWireload'. (OPT-170)
Information: Changed wire load model for 'DW01_add_width44' from '(none)' to 'ZeroWireload'. (OPT-170)
Information: Changed wire load model for '*ADD_UNS_OP_44_8_44' from '(none)' to 'ZeroWireload'. (OPT-170)
Information: Changed wire load model for 'DW01_add_width44' from '(none)' to 'ZeroWireload'. (OPT-170)
Information: Changed wire load model for '*ADD_UNS_OP_44_8_44' from '(none)' to 'ZeroWireload'. (OPT-170)
Information: Changed wire load model for 'DW01_add_width44' from '(none)' to 'ZeroWireload'. (OPT-170)
Information: Changed wire load model for '*ADD_UNS_OP_44_8_44' from '(none)' to 'ZeroWireload'. (OPT-170)
Information: Changed wire load model for 'DW01_add_width44' from '(none)' to 'ZeroWireload'. (OPT-170)
Information: Changed wire load model for '*ADD_UNS_OP_44_8_44' from '(none)' to 'ZeroWireload'. (OPT-170)
Information: Changed wire load model for 'DW01_add_width44' from '(none)' to 'ZeroWireload'. (OPT-170)
Information: Changed wire load model for '*ADD_UNS_OP_44_8_44' from '(none)' to 'ZeroWireload'. (OPT-170)
Information: Changed wire load model for 'DW01_add_width44' from '(none)' to 'ZeroWireload'. (OPT-170)
Information: Changed wire load model for '*ADD_UNS_OP_44_8_44' from '(none)' to 'ZeroWireload'. (OPT-170)
Information: Changed wire load model for 'DW01_add_width44' from '(none)' to 'ZeroWireload'. (OPT-170)
Information: Changed wire load model for '*ADD_UNS_OP_44_8_44' from '(none)' to 'ZeroWireload'. (OPT-170)
Information: Changed wire load model for 'DW01_add_width44' from '(none)' to 'ZeroWireload'. (OPT-170)
Information: Changed wire load model for '*ADD_UNS_OP_44_8_44' from '(none)' to 'ZeroWireload'. (OPT-170)
Information: Changed wire load model for 'DW01_add_width44' from '(none)' to 'ZeroWireload'. (OPT-170)
Information: Changed wire load model for '*ADD_UNS_OP_44_8_44' from '(none)' to 'ZeroWireload'. (OPT-170)
Information: Changed wire load model for 'DW01_add_width44' from '(none)' to 'ZeroWireload'. (OPT-170)
Information: Changed wire load model for '*ADD_UNS_OP_44_8_44' from '(none)' to 'ZeroWireload'. (OPT-170)
Information: Changed wire load model for 'DW01_add_width44' from '(none)' to 'ZeroWireload'. (OPT-170)
Information: Changed wire load model for '*ADD_UNS_OP_44_8_44' from '(none)' to 'ZeroWireload'. (OPT-170)
Information: Changed wire load model for 'DW01_add_width44' from '(none)' to 'ZeroWireload'. (OPT-170)
Information: Changed wire load model for '*ADD_UNS_OP_44_8_44' from '(none)' to 'ZeroWireload'. (OPT-170)
Information: Changed wire load model for 'DW01_add_width44' from '(none)' to 'ZeroWireload'. (OPT-170)
Information: Changed wire load model for '*ADD_UNS_OP_44_8_44' from '(none)' to 'ZeroWireload'. (OPT-170)
Information: Changed wire load model for 'DW01_add_width44' from '(none)' to 'ZeroWireload'. (OPT-170)
Information: Changed wire load model for '*ADD_UNS_OP_44_8_44' from '(none)' to 'ZeroWireload'. (OPT-170)
Information: Changed wire load model for 'DW01_sub_width44' from '(none)' to 'ZeroWireload'. (OPT-170)
Information: Changed wire load model for '*SUB_UNS_OP_44_44_44' from '(none)' to 'ZeroWireload'. (OPT-170)
Information: Changed wire load model for 'DW01_sub_width44' from '(none)' to 'ZeroWireload'. (OPT-170)
Information: Changed wire load model for '*SUB_UNS_OP_44_44_44' from '(none)' to 'ZeroWireload'. (OPT-170)
Information: Changed wire load model for 'DW01_sub_width44' from '(none)' to 'ZeroWireload'. (OPT-170)
Information: Changed wire load model for '*SUB_UNS_OP_44_44_44' from '(none)' to 'ZeroWireload'. (OPT-170)
Information: Changed wire load model for 'DW01_sub_width44' from '(none)' to 'ZeroWireload'. (OPT-170)
Information: Changed wire load model for '*SUB_UNS_OP_44_44_44' from '(none)' to 'ZeroWireload'. (OPT-170)
Information: Changed wire load model for 'DW01_sub_width44' from '(none)' to 'ZeroWireload'. (OPT-170)
Information: Changed wire load model for '*SUB_UNS_OP_44_44_44' from '(none)' to 'ZeroWireload'. (OPT-170)
Information: Changed wire load model for 'DW01_sub_width44' from '(none)' to 'ZeroWireload'. (OPT-170)
Information: Changed wire load model for '*SUB_UNS_OP_44_44_44' from '(none)' to 'ZeroWireload'. (OPT-170)
Information: Changed wire load model for 'DW01_sub_width44' from '(none)' to 'ZeroWireload'. (OPT-170)
Information: Changed wire load model for '*SUB_UNS_OP_44_44_44' from '(none)' to 'ZeroWireload'. (OPT-170)
Information: Changed wire load model for 'DW01_sub_width44' from '(none)' to 'ZeroWireload'. (OPT-170)
Information: Changed wire load model for '*SUB_UNS_OP_44_44_44' from '(none)' to 'ZeroWireload'. (OPT-170)
Information: Changed wire load model for 'DW01_sub_width44' from '(none)' to 'ZeroWireload'. (OPT-170)
Information: Changed wire load model for '*SUB_UNS_OP_44_44_44' from '(none)' to 'ZeroWireload'. (OPT-170)
Information: Changed wire load model for 'DW01_sub_width44' from '(none)' to 'ZeroWireload'. (OPT-170)
Information: Changed wire load model for '*SUB_UNS_OP_44_44_44' from '(none)' to 'ZeroWireload'. (OPT-170)
Information: Changed wire load model for 'DW01_sub_width44' from '(none)' to 'ZeroWireload'. (OPT-170)
Information: Changed wire load model for '*SUB_UNS_OP_44_44_44' from '(none)' to 'ZeroWireload'. (OPT-170)
Information: Changed wire load model for 'DW01_sub_width44' from '(none)' to 'ZeroWireload'. (OPT-170)
Information: Changed wire load model for '*SUB_UNS_OP_44_44_44' from '(none)' to 'ZeroWireload'. (OPT-170)
Information: Changed wire load model for 'DW01_sub_width44' from '(none)' to 'ZeroWireload'. (OPT-170)
Information: Changed wire load model for '*SUB_UNS_OP_44_44_44' from '(none)' to 'ZeroWireload'. (OPT-170)
Information: Changed wire load model for 'DW01_sub_width44' from '(none)' to 'ZeroWireload'. (OPT-170)
Information: Changed wire load model for '*SUB_UNS_OP_44_44_44' from '(none)' to 'ZeroWireload'. (OPT-170)
Information: Changed wire load model for 'DW01_sub_width44' from '(none)' to 'ZeroWireload'. (OPT-170)
Information: Changed wire load model for '*SUB_UNS_OP_44_44_44' from '(none)' to 'ZeroWireload'. (OPT-170)
Information: Changed wire load model for 'DW01_sub_width44' from '(none)' to 'ZeroWireload'. (OPT-170)
Information: Changed wire load model for '*SUB_UNS_OP_44_44_44' from '(none)' to 'ZeroWireload'. (OPT-170)
Information: Changed wire load model for 'DW01_inc_width6' from '(none)' to 'ZeroWireload'. (OPT-170)
Information: Changed wire load model for '*ADD_UNS_OP_6_1_6' from '(none)' to 'ZeroWireload'. (OPT-170)
Information: Changed wire load model for 'DW01_sub_width28' from '(none)' to 'ZeroWireload'. (OPT-170)
Information: Changed wire load model for '*SUB_UNS_OP_28_28_28' from '(none)' to 'ZeroWireload'. (OPT-170)
Information: Changed wire load model for 'DW01_cmp2_width29' from '(none)' to 'ZeroWireload'. (OPT-170)
Information: Changed wire load model for '*GEQ_UNS_OP_29_28_1' from '(none)' to 'ZeroWireload'. (OPT-170)
Information: Changed wire load model for 'DW01_cmp6_width32' from '(none)' to 'ZeroWireload'. (OPT-170)
Information: Changed wire load model for '*EQ_UNS_OP_32_32_1' from '(none)' to 'ZeroWireload'. (OPT-170)
Information: Changed wire load model for 'DW01_cmp2_width33' from '(none)' to 'ZeroWireload'. (OPT-170)
Information: Changed wire load model for '*GT_UNS_OP_33_16_1' from '(none)' to 'ZeroWireload'. (OPT-170)
Information: Changed wire load model for 'DW01_cmp2_width33' from '(none)' to 'ZeroWireload'. (OPT-170)
Information: Changed wire load model for '*GT_UNS_OP_33_16_1' from '(none)' to 'ZeroWireload'. (OPT-170)
Information: Changed wire load model for 'DW01_cmp2_width33' from '(none)' to 'ZeroWireload'. (OPT-170)
Information: Changed wire load model for '*GT_UNS_OP_33_16_1' from '(none)' to 'ZeroWireload'. (OPT-170)
Information: Changed wire load model for 'DW01_cmp2_width33' from '(none)' to 'ZeroWireload'. (OPT-170)
Information: Changed wire load model for '*GT_UNS_OP_33_16_1' from '(none)' to 'ZeroWireload'. (OPT-170)
Information: Changed wire load model for 'DW01_cmp2_width33' from '(none)' to 'ZeroWireload'. (OPT-170)
Information: Changed wire load model for '*GT_UNS_OP_33_16_1' from '(none)' to 'ZeroWireload'. (OPT-170)
Information: Changed wire load model for 'DW01_cmp2_width33' from '(none)' to 'ZeroWireload'. (OPT-170)
Information: Changed wire load model for '*GT_UNS_OP_33_16_1' from '(none)' to 'ZeroWireload'. (OPT-170)
Information: Changed wire load model for 'DW01_cmp2_width33' from '(none)' to 'ZeroWireload'. (OPT-170)
Information: Changed wire load model for '*GT_UNS_OP_33_16_1' from '(none)' to 'ZeroWireload'. (OPT-170)
Information: Changed wire load model for 'DW01_cmp2_width33' from '(none)' to 'ZeroWireload'. (OPT-170)
Information: Changed wire load model for '*GT_UNS_OP_33_16_1' from '(none)' to 'ZeroWireload'. (OPT-170)
Information: Changed wire load model for 'DW01_cmp2_width33' from '(none)' to 'ZeroWireload'. (OPT-170)
Information: Changed wire load model for '*GT_UNS_OP_33_16_1' from '(none)' to 'ZeroWireload'. (OPT-170)
Information: Changed wire load model for 'DW01_cmp2_width33' from '(none)' to 'ZeroWireload'. (OPT-170)
Information: Changed wire load model for '*GT_UNS_OP_33_16_1' from '(none)' to 'ZeroWireload'. (OPT-170)
Information: Changed wire load model for 'DW01_cmp2_width33' from '(none)' to 'ZeroWireload'. (OPT-170)
Information: Changed wire load model for '*GT_UNS_OP_33_16_1' from '(none)' to 'ZeroWireload'. (OPT-170)
Information: Changed wire load model for 'DW01_cmp2_width33' from '(none)' to 'ZeroWireload'. (OPT-170)
Information: Changed wire load model for '*GT_UNS_OP_33_16_1' from '(none)' to 'ZeroWireload'. (OPT-170)
Information: Changed wire load model for 'DW01_cmp2_width33' from '(none)' to 'ZeroWireload'. (OPT-170)
Information: Changed wire load model for '*GT_UNS_OP_33_16_1' from '(none)' to 'ZeroWireload'. (OPT-170)
Information: Changed wire load model for 'DW01_cmp2_width33' from '(none)' to 'ZeroWireload'. (OPT-170)
Information: Changed wire load model for '*GT_UNS_OP_33_16_1' from '(none)' to 'ZeroWireload'. (OPT-170)
Information: Changed wire load model for 'DW01_cmp2_width33' from '(none)' to 'ZeroWireload'. (OPT-170)
Information: Changed wire load model for '*GT_UNS_OP_33_16_1' from '(none)' to 'ZeroWireload'. (OPT-170)
Information: Changed wire load model for 'DW01_cmp2_width33' from '(none)' to 'ZeroWireload'. (OPT-170)
Information: Changed wire load model for '*GT_UNS_OP_33_16_1' from '(none)' to 'ZeroWireload'. (OPT-170)
Information: Changed wire load model for 'DW01_cmp6_width5' from '(none)' to 'ZeroWireload'. (OPT-170)
Information: Changed wire load model for '*EQ_UNS_OP_5_5_1' from '(none)' to 'ZeroWireload'. (OPT-170)
Information: Changed wire load model for 'DW01_cmp6_width2' from '(none)' to 'ZeroWireload'. (OPT-170)
Information: Changed wire load model for '*EQ_UNS_OP_2_2_1' from '(none)' to 'ZeroWireload'. (OPT-170)
Information: Changed wire load model for 'DW01_cmp6_width32' from '(none)' to 'ZeroWireload'. (OPT-170)
Information: Changed wire load model for '*EQ_UNS_OP_32_30_1' from '(none)' to 'ZeroWireload'. (OPT-170)
Information: Changed wire load model for 'DW01_cmp6_width32' from '(none)' to 'ZeroWireload'. (OPT-170)
Information: Changed wire load model for '*EQ_UNS_OP_32_32_1' from '(none)' to 'ZeroWireload'. (OPT-170)
Information: Changed wire load model for 'DW01_cmp6_width32' from '(none)' to 'ZeroWireload'. (OPT-170)
Information: Changed wire load model for '*EQ_UNS_OP_32_32_1' from '(none)' to 'ZeroWireload'. (OPT-170)
Information: Changed wire load model for 'DW01_cmp2_width44' from '(none)' to 'ZeroWireload'. (OPT-170)
Information: Changed wire load model for '*GT_TC_OP_44_44_1' from '(none)' to 'ZeroWireload'. (OPT-170)
Information: Changed wire load model for 'DW01_cmp2_width44' from '(none)' to 'ZeroWireload'. (OPT-170)
Information: Changed wire load model for '*GT_TC_OP_44_44_1' from '(none)' to 'ZeroWireload'. (OPT-170)
Information: Changed wire load model for 'DW01_cmp2_width44' from '(none)' to 'ZeroWireload'. (OPT-170)
Information: Changed wire load model for '*GT_TC_OP_44_44_1' from '(none)' to 'ZeroWireload'. (OPT-170)
Information: Changed wire load model for 'DW01_cmp2_width44' from '(none)' to 'ZeroWireload'. (OPT-170)
Information: Changed wire load model for '*GT_TC_OP_44_44_1' from '(none)' to 'ZeroWireload'. (OPT-170)
Information: Changed wire load model for 'DW01_cmp2_width44' from '(none)' to 'ZeroWireload'. (OPT-170)
Information: Changed wire load model for '*GT_TC_OP_44_44_1' from '(none)' to 'ZeroWireload'. (OPT-170)
Information: Changed wire load model for 'DW01_cmp2_width44' from '(none)' to 'ZeroWireload'. (OPT-170)
Information: Changed wire load model for '*GT_TC_OP_44_44_1' from '(none)' to 'ZeroWireload'. (OPT-170)
Information: Changed wire load model for 'DW01_cmp2_width44' from '(none)' to 'ZeroWireload'. (OPT-170)
Information: Changed wire load model for '*GT_TC_OP_44_44_1' from '(none)' to 'ZeroWireload'. (OPT-170)
Information: Changed wire load model for 'DW01_cmp2_width44' from '(none)' to 'ZeroWireload'. (OPT-170)
Information: Changed wire load model for '*GT_TC_OP_44_44_1' from '(none)' to 'ZeroWireload'. (OPT-170)
Information: Changed wire load model for 'DW01_cmp2_width44' from '(none)' to 'ZeroWireload'. (OPT-170)
Information: Changed wire load model for '*GT_TC_OP_44_44_1' from '(none)' to 'ZeroWireload'. (OPT-170)
Information: Changed wire load model for 'DW01_cmp2_width44' from '(none)' to 'ZeroWireload'. (OPT-170)
Information: Changed wire load model for '*GT_TC_OP_44_44_1' from '(none)' to 'ZeroWireload'. (OPT-170)
Information: Changed wire load model for 'DW01_cmp2_width44' from '(none)' to 'ZeroWireload'. (OPT-170)
Information: Changed wire load model for '*GT_TC_OP_44_44_1' from '(none)' to 'ZeroWireload'. (OPT-170)
Information: Changed wire load model for 'DW01_cmp2_width44' from '(none)' to 'ZeroWireload'. (OPT-170)
Information: Changed wire load model for '*GT_TC_OP_44_44_1' from '(none)' to 'ZeroWireload'. (OPT-170)
Information: Changed wire load model for 'DW01_cmp2_width44' from '(none)' to 'ZeroWireload'. (OPT-170)
Information: Changed wire load model for '*GT_TC_OP_44_44_1' from '(none)' to 'ZeroWireload'. (OPT-170)
Information: Changed wire load model for 'DW01_cmp2_width44' from '(none)' to 'ZeroWireload'. (OPT-170)
Information: Changed wire load model for '*GT_TC_OP_44_44_1' from '(none)' to 'ZeroWireload'. (OPT-170)
Information: Changed wire load model for 'DW01_cmp2_width44' from '(none)' to 'ZeroWireload'. (OPT-170)
Information: Changed wire load model for '*GT_TC_OP_44_44_1' from '(none)' to 'ZeroWireload'. (OPT-170)
Information: Changed wire load model for 'DW01_cmp2_width44' from '(none)' to 'ZeroWireload'. (OPT-170)
Information: Changed wire load model for '*GT_TC_OP_44_44_1' from '(none)' to 'ZeroWireload'. (OPT-170)
Information: Changed wire load model for 'DW01_cmp2_width5' from '(none)' to 'ZeroWireload'. (OPT-170)
Information: Changed wire load model for '*GT_UNS_OP_5_4_1' from '(none)' to 'ZeroWireload'. (OPT-170)
Information: Changed wire load model for 'DW01_cmp2_width5' from '(none)' to 'ZeroWireload'. (OPT-170)
Information: Changed wire load model for '*GT_UNS_OP_5_4_1' from '(none)' to 'ZeroWireload'. (OPT-170)
Information: Changed wire load model for 'DW01_cmp2_width5' from '(none)' to 'ZeroWireload'. (OPT-170)
Information: Changed wire load model for '*GT_UNS_OP_5_4_1' from '(none)' to 'ZeroWireload'. (OPT-170)
Information: Changed wire load model for 'DW01_cmp2_width5' from '(none)' to 'ZeroWireload'. (OPT-170)
Information: Changed wire load model for '*GT_UNS_OP_5_4_1' from '(none)' to 'ZeroWireload'. (OPT-170)
Information: Changed wire load model for 'DW01_cmp2_width5' from '(none)' to 'ZeroWireload'. (OPT-170)
Information: Changed wire load model for '*GT_UNS_OP_5_4_1' from '(none)' to 'ZeroWireload'. (OPT-170)
Information: Changed wire load model for 'DW01_cmp2_width5' from '(none)' to 'ZeroWireload'. (OPT-170)
Information: Changed wire load model for '*GT_UNS_OP_5_4_1' from '(none)' to 'ZeroWireload'. (OPT-170)
Information: Changed wire load model for 'DW01_cmp2_width5' from '(none)' to 'ZeroWireload'. (OPT-170)
Information: Changed wire load model for '*GT_UNS_OP_5_4_1' from '(none)' to 'ZeroWireload'. (OPT-170)
Information: Changed wire load model for 'DW01_cmp2_width5' from '(none)' to 'ZeroWireload'. (OPT-170)
Information: Changed wire load model for '*GT_UNS_OP_5_3_1' from '(none)' to 'ZeroWireload'. (OPT-170)
Information: Changed wire load model for 'DW01_cmp2_width5' from '(none)' to 'ZeroWireload'. (OPT-170)
Information: Changed wire load model for '*GT_UNS_OP_5_3_1' from '(none)' to 'ZeroWireload'. (OPT-170)
Information: Changed wire load model for 'DW01_cmp2_width5' from '(none)' to 'ZeroWireload'. (OPT-170)
Information: Changed wire load model for '*GT_UNS_OP_5_3_1' from '(none)' to 'ZeroWireload'. (OPT-170)
Information: Changed wire load model for 'DW01_cmp2_width5' from '(none)' to 'ZeroWireload'. (OPT-170)
Information: Changed wire load model for '*GT_UNS_OP_5_2_1' from '(none)' to 'ZeroWireload'. (OPT-170)
Information: Changed wire load model for 'DW01_cmp2_width32' from '(none)' to 'ZeroWireload'. (OPT-170)
Information: Changed wire load model for '*LT_UNS_OP_32_11_1' from '(none)' to 'ZeroWireload'. (OPT-170)
Information: Changed wire load model for 'DW01_cmp2_width36' from '(none)' to 'ZeroWireload'. (OPT-170)
Information: Changed wire load model for '*GT_UNS_OP_36_8_1' from '(none)' to 'ZeroWireload'. (OPT-170)
Information: Changed wire load model for 'DW01_cmp2_width36' from '(none)' to 'ZeroWireload'. (OPT-170)
Information: Changed wire load model for '*GT_UNS_OP_36_8_1' from '(none)' to 'ZeroWireload'. (OPT-170)
Information: Changed wire load model for 'DW01_cmp2_width5' from '(none)' to 'ZeroWireload'. (OPT-170)
Information: Changed wire load model for '*GT_UNS_OP_5_4_1' from '(none)' to 'ZeroWireload'. (OPT-170)
Information: Changed wire load model for 'DW01_cmp2_width36' from '(none)' to 'ZeroWireload'. (OPT-170)
Information: Changed wire load model for '*GT_UNS_OP_36_8_1' from '(none)' to 'ZeroWireload'. (OPT-170)
Information: Changed wire load model for 'DW01_cmp2_width5' from '(none)' to 'ZeroWireload'. (OPT-170)
Information: Changed wire load model for '*GT_UNS_OP_5_4_1' from '(none)' to 'ZeroWireload'. (OPT-170)
Information: Changed wire load model for 'DW01_cmp2_width36' from '(none)' to 'ZeroWireload'. (OPT-170)
Information: Changed wire load model for '*GT_UNS_OP_36_8_1' from '(none)' to 'ZeroWireload'. (OPT-170)
Information: Changed wire load model for 'DW01_cmp2_width5' from '(none)' to 'ZeroWireload'. (OPT-170)
Information: Changed wire load model for '*GT_UNS_OP_5_4_1' from '(none)' to 'ZeroWireload'. (OPT-170)
Information: Changed wire load model for 'DW01_cmp2_width36' from '(none)' to 'ZeroWireload'. (OPT-170)
Information: Changed wire load model for '*GT_UNS_OP_36_8_1' from '(none)' to 'ZeroWireload'. (OPT-170)
Information: Changed wire load model for 'DW01_cmp2_width5' from '(none)' to 'ZeroWireload'. (OPT-170)
Information: Changed wire load model for '*GT_UNS_OP_5_4_1' from '(none)' to 'ZeroWireload'. (OPT-170)
Information: Changed wire load model for 'DW01_cmp2_width36' from '(none)' to 'ZeroWireload'. (OPT-170)
Information: Changed wire load model for '*GT_UNS_OP_36_8_1' from '(none)' to 'ZeroWireload'. (OPT-170)
Information: Changed wire load model for 'DW01_cmp2_width5' from '(none)' to 'ZeroWireload'. (OPT-170)
Information: Changed wire load model for '*GT_UNS_OP_5_4_1' from '(none)' to 'ZeroWireload'. (OPT-170)
Information: Changed wire load model for 'DW01_cmp2_width36' from '(none)' to 'ZeroWireload'. (OPT-170)
Information: Changed wire load model for '*GT_UNS_OP_36_8_1' from '(none)' to 'ZeroWireload'. (OPT-170)
Information: Changed wire load model for 'DW01_cmp2_width5' from '(none)' to 'ZeroWireload'. (OPT-170)
Information: Changed wire load model for '*GT_UNS_OP_5_4_1' from '(none)' to 'ZeroWireload'. (OPT-170)
Information: Changed wire load model for 'DW01_cmp2_width36' from '(none)' to 'ZeroWireload'. (OPT-170)
Information: Changed wire load model for '*GT_UNS_OP_36_8_1' from '(none)' to 'ZeroWireload'. (OPT-170)
Information: Changed wire load model for 'DW01_cmp2_width5' from '(none)' to 'ZeroWireload'. (OPT-170)
Information: Changed wire load model for '*GT_UNS_OP_5_4_1' from '(none)' to 'ZeroWireload'. (OPT-170)
Information: Changed wire load model for 'DW01_cmp2_width36' from '(none)' to 'ZeroWireload'. (OPT-170)
Information: Changed wire load model for '*GT_UNS_OP_36_8_1' from '(none)' to 'ZeroWireload'. (OPT-170)
Information: Changed wire load model for 'DW01_cmp2_width36' from '(none)' to 'ZeroWireload'. (OPT-170)
Information: Changed wire load model for '*GT_UNS_OP_36_8_1' from '(none)' to 'ZeroWireload'. (OPT-170)
Information: Changed wire load model for 'DW01_cmp2_width5' from '(none)' to 'ZeroWireload'. (OPT-170)
Information: Changed wire load model for '*GT_UNS_OP_5_3_1' from '(none)' to 'ZeroWireload'. (OPT-170)
Information: Changed wire load model for 'DW01_cmp2_width36' from '(none)' to 'ZeroWireload'. (OPT-170)
Information: Changed wire load model for '*GT_UNS_OP_36_8_1' from '(none)' to 'ZeroWireload'. (OPT-170)
Information: Changed wire load model for 'DW01_cmp2_width5' from '(none)' to 'ZeroWireload'. (OPT-170)
Information: Changed wire load model for '*GT_UNS_OP_5_3_1' from '(none)' to 'ZeroWireload'. (OPT-170)
Information: Changed wire load model for 'DW01_cmp2_width36' from '(none)' to 'ZeroWireload'. (OPT-170)
Information: Changed wire load model for '*GT_UNS_OP_36_8_1' from '(none)' to 'ZeroWireload'. (OPT-170)
Information: Changed wire load model for 'DW01_cmp2_width5' from '(none)' to 'ZeroWireload'. (OPT-170)
Information: Changed wire load model for '*GT_UNS_OP_5_3_1' from '(none)' to 'ZeroWireload'. (OPT-170)
Information: Changed wire load model for 'DW01_cmp2_width36' from '(none)' to 'ZeroWireload'. (OPT-170)
Information: Changed wire load model for '*GT_UNS_OP_36_8_1' from '(none)' to 'ZeroWireload'. (OPT-170)
Information: Changed wire load model for 'DW01_cmp2_width36' from '(none)' to 'ZeroWireload'. (OPT-170)
Information: Changed wire load model for '*GT_UNS_OP_36_8_1' from '(none)' to 'ZeroWireload'. (OPT-170)
Information: Changed wire load model for 'DW01_cmp2_width5' from '(none)' to 'ZeroWireload'. (OPT-170)
Information: Changed wire load model for '*GT_UNS_OP_5_2_1' from '(none)' to 'ZeroWireload'. (OPT-170)
Information: Changed wire load model for 'DW01_cmp2_width36' from '(none)' to 'ZeroWireload'. (OPT-170)
Information: Changed wire load model for '*GT_UNS_OP_36_8_1' from '(none)' to 'ZeroWireload'. (OPT-170)
Information: Changed wire load model for 'DW01_cmp2_width36' from '(none)' to 'ZeroWireload'. (OPT-170)
Information: Changed wire load model for '*GT_UNS_OP_36_8_1' from '(none)' to 'ZeroWireload'. (OPT-170)
Information: Changed wire load model for 'DW01_cmp6_width32' from '(none)' to 'ZeroWireload'. (OPT-170)
Information: Changed wire load model for '*EQ_UNS_OP_32_32_1' from '(none)' to 'ZeroWireload'. (OPT-170)
Information: Changed wire load model for 'DW01_sub_width44' from '(none)' to 'ZeroWireload'. (OPT-170)
Information: Changed wire load model for '*SUB_UNS_OP_1_44_44' from '(none)' to 'ZeroWireload'. (OPT-170)
Information: Changed wire load model for 'DW01_sub_width44' from '(none)' to 'ZeroWireload'. (OPT-170)
Information: Changed wire load model for '*SUB_UNS_OP_1_44_44' from '(none)' to 'ZeroWireload'. (OPT-170)
Information: Changed wire load model for 'DW01_sub_width44' from '(none)' to 'ZeroWireload'. (OPT-170)
Information: Changed wire load model for '*SUB_UNS_OP_1_44_44' from '(none)' to 'ZeroWireload'. (OPT-170)
Information: Changed wire load model for 'DW01_add_width62' from '(none)' to 'ZeroWireload'. (OPT-170)
Information: Changed wire load model for '*ADD_UNS_OP_62_18_62' from '(none)' to 'ZeroWireload'. (OPT-170)
Information: Changed wire load model for 'DW01_add_width62' from '(none)' to 'ZeroWireload'. (OPT-170)
Information: Changed wire load model for '*ADD_UNS_OP_62_18_62' from '(none)' to 'ZeroWireload'. (OPT-170)
Information: Changed wire load model for 'DW01_add_width62' from '(none)' to 'ZeroWireload'. (OPT-170)
Information: Changed wire load model for '*ADD_UNS_OP_62_18_62' from '(none)' to 'ZeroWireload'. (OPT-170)
Information: Changed wire load model for 'DW01_sub_width62' from '(none)' to 'ZeroWireload'. (OPT-170)
Information: Changed wire load model for '*SUB_UNS_OP_1_62_62' from '(none)' to 'ZeroWireload'. (OPT-170)
Information: Changed wire load model for 'DW01_sub_width62' from '(none)' to 'ZeroWireload'. (OPT-170)
Information: Changed wire load model for '*SUB_UNS_OP_1_62_62' from '(none)' to 'ZeroWireload'. (OPT-170)
Information: Changed wire load model for 'DW01_sub_width62' from '(none)' to 'ZeroWireload'. (OPT-170)
Information: Changed wire load model for '*SUB_UNS_OP_1_62_62' from '(none)' to 'ZeroWireload'. (OPT-170)
Information: Changed wire load model for 'DW01_sub_width44' from '(none)' to 'ZeroWireload'. (OPT-170)
Information: Changed wire load model for '*SUB_UNS_OP_1_44_44' from '(none)' to 'ZeroWireload'. (OPT-170)
Information: Changed wire load model for 'DW01_add_width62' from '(none)' to 'ZeroWireload'. (OPT-170)
Information: Changed wire load model for '*ADD_UNS_OP_62_18_62' from '(none)' to 'ZeroWireload'. (OPT-170)
Information: Changed wire load model for 'DW01_sub_width62' from '(none)' to 'ZeroWireload'. (OPT-170)
Information: Changed wire load model for '*SUB_UNS_OP_1_62_62' from '(none)' to 'ZeroWireload'. (OPT-170)
Information: Changed wire load model for 'DW02_mult_A_width64_B_width19' from '(none)' to 'ZeroWireload'. (OPT-170)
Information: Changed wire load model for '*MULT_UNS_OP_64_19_64' from '(none)' to 'ZeroWireload'. (OPT-170)
Information: Changed wire load model for 'DW02_mult_A_width64_B_width19' from '(none)' to 'ZeroWireload'. (OPT-170)
Information: Changed wire load model for '*MULT_UNS_OP_64_19_64' from '(none)' to 'ZeroWireload'. (OPT-170)
Information: Changed wire load model for 'DW02_mult_A_width64_B_width19' from '(none)' to 'ZeroWireload'. (OPT-170)
Information: Changed wire load model for '*MULT_UNS_OP_64_19_64' from '(none)' to 'ZeroWireload'. (OPT-170)
Information: Changed wire load model for 'DW01_add_width4' from '(none)' to 'ZeroWireload'. (OPT-170)
Information: Changed wire load model for '*ADD_UNS_OP_4_2_4' from '(none)' to 'ZeroWireload'. (OPT-170)
Information: Changed wire load model for 'DW01_inc_width4' from '(none)' to 'ZeroWireload'. (OPT-170)
Information: Changed wire load model for '*ADD_UNS_OP_4_1_4' from '(none)' to 'ZeroWireload'. (OPT-170)
Information: Changed wire load model for 'DW01_add_width4' from '(none)' to 'ZeroWireload'. (OPT-170)
Information: Changed wire load model for '*ADD_UNS_OP_4_2_4' from '(none)' to 'ZeroWireload'. (OPT-170)
Information: Changed wire load model for 'DW02_mult_A_width64_B_width19' from '(none)' to 'ZeroWireload'. (OPT-170)
Information: Changed wire load model for '*MULT_UNS_OP_64_19_64' from '(none)' to 'ZeroWireload'. (OPT-170)
Information: Changed wire load model for 'DW01_inc_width2' from '(none)' to 'ZeroWireload'. (OPT-170)
Information: Changed wire load model for '*ADD_UNS_OP_2_1_2' from '(none)' to 'ZeroWireload'. (OPT-170)
Information: Changed wire load model for 'DW01_inc_width64' from '(none)' to 'ZeroWireload'. (OPT-170)
Information: Changed wire load model for '*ADD_UNS_OP_64_1_64' from '(none)' to 'ZeroWireload'. (OPT-170)
Information: Changed wire load model for 'DW01_inc_width64' from '(none)' to 'ZeroWireload'. (OPT-170)
Information: Changed wire load model for '*ADD_UNS_OP_64_1_64' from '(none)' to 'ZeroWireload'. (OPT-170)
Information: Changed wire load model for 'DW01_inc_width64' from '(none)' to 'ZeroWireload'. (OPT-170)
Information: Changed wire load model for '*ADD_UNS_OP_64_1_64' from '(none)' to 'ZeroWireload'. (OPT-170)
Information: Changed wire load model for 'DW01_inc_width64' from '(none)' to 'ZeroWireload'. (OPT-170)
Information: Changed wire load model for '*ADD_UNS_OP_64_1_64' from '(none)' to 'ZeroWireload'. (OPT-170)
Information: Changed wire load model for 'DW01_inc_width32' from '(none)' to 'ZeroWireload'. (OPT-170)
Information: Changed wire load model for '*ADD_UNS_OP_32_1_32' from '(none)' to 'ZeroWireload'. (OPT-170)
Information: Changed wire load model for 'DW01_add_width32' from '(none)' to 'ZeroWireload'. (OPT-170)
Information: Changed wire load model for '*ADD_UNS_OP_32_4_32' from '(none)' to 'ZeroWireload'. (OPT-170)
Information: Changed wire load model for 'DW01_dec_width32' from '(none)' to 'ZeroWireload'. (OPT-170)
Information: Changed wire load model for '*SUB_UNS_OP_32_1_32' from '(none)' to 'ZeroWireload'. (OPT-170)
Information: Changed wire load model for 'DW01_cmp6_width4' from '(none)' to 'ZeroWireload'. (OPT-170)
Information: Changed wire load model for '*EQ_UNS_OP_4_4_1' from '(none)' to 'ZeroWireload'. (OPT-170)
Information: Changed wire load model for 'DW01_cmp6_width4' from '(none)' to 'ZeroWireload'. (OPT-170)
Information: Changed wire load model for '*EQ_UNS_OP_4_4_1' from '(none)' to 'ZeroWireload'. (OPT-170)
Information: Changed wire load model for 'DW01_cmp6_width4' from '(none)' to 'ZeroWireload'. (OPT-170)
Information: Changed wire load model for '*EQ_UNS_OP_4_4_1' from '(none)' to 'ZeroWireload'. (OPT-170)
Information: Changed wire load model for 'DW01_cmp6_width4' from '(none)' to 'ZeroWireload'. (OPT-170)
Information: Changed wire load model for '*EQ_UNS_OP_4_4_1' from '(none)' to 'ZeroWireload'. (OPT-170)
Information: Changed wire load model for 'DW01_cmp6_width4' from '(none)' to 'ZeroWireload'. (OPT-170)
Information: Changed wire load model for '*EQ_UNS_OP_4_4_1' from '(none)' to 'ZeroWireload'. (OPT-170)
Information: Changed wire load model for 'DW01_cmp6_width4' from '(none)' to 'ZeroWireload'. (OPT-170)
Information: Changed wire load model for '*EQ_UNS_OP_4_4_1' from '(none)' to 'ZeroWireload'. (OPT-170)
Information: Changed wire load model for 'DW01_cmp6_width4' from '(none)' to 'ZeroWireload'. (OPT-170)
Information: Changed wire load model for '*EQ_UNS_OP_4_4_1' from '(none)' to 'ZeroWireload'. (OPT-170)
Information: Changed wire load model for 'DW01_cmp6_width4' from '(none)' to 'ZeroWireload'. (OPT-170)
Information: Changed wire load model for '*EQ_UNS_OP_4_4_1' from '(none)' to 'ZeroWireload'. (OPT-170)
Information: Changed wire load model for 'DW01_cmp6_width4' from '(none)' to 'ZeroWireload'. (OPT-170)
Information: Changed wire load model for '*EQ_UNS_OP_4_4_1' from '(none)' to 'ZeroWireload'. (OPT-170)
Information: Changed wire load model for 'DW01_cmp6_width4' from '(none)' to 'ZeroWireload'. (OPT-170)
Information: Changed wire load model for '*EQ_UNS_OP_4_4_1' from '(none)' to 'ZeroWireload'. (OPT-170)
Information: Changed wire load model for 'DW01_cmp6_width4' from '(none)' to 'ZeroWireload'. (OPT-170)
Information: Changed wire load model for '*EQ_UNS_OP_4_4_1' from '(none)' to 'ZeroWireload'. (OPT-170)
Information: Changed wire load model for 'DW01_cmp6_width4' from '(none)' to 'ZeroWireload'. (OPT-170)
Information: Changed wire load model for '*EQ_UNS_OP_4_4_1' from '(none)' to 'ZeroWireload'. (OPT-170)
Information: Changed wire load model for 'DW01_cmp6_width4' from '(none)' to 'ZeroWireload'. (OPT-170)
Information: Changed wire load model for '*EQ_UNS_OP_4_4_1' from '(none)' to 'ZeroWireload'. (OPT-170)
Information: Changed wire load model for 'DW01_cmp6_width4' from '(none)' to 'ZeroWireload'. (OPT-170)
Information: Changed wire load model for '*EQ_UNS_OP_4_4_1' from '(none)' to 'ZeroWireload'. (OPT-170)
Information: Changed wire load model for 'DW01_cmp6_width4' from '(none)' to 'ZeroWireload'. (OPT-170)
Information: Changed wire load model for '*EQ_UNS_OP_4_4_1' from '(none)' to 'ZeroWireload'. (OPT-170)
Information: Changed wire load model for 'DW01_cmp6_width4' from '(none)' to 'ZeroWireload'. (OPT-170)
Information: Changed wire load model for '*EQ_UNS_OP_4_4_1' from '(none)' to 'ZeroWireload'. (OPT-170)
Information: Changed wire load model for 'DW01_cmp6_width4' from '(none)' to 'ZeroWireload'. (OPT-170)
Information: Changed wire load model for '*EQ_UNS_OP_4_4_1' from '(none)' to 'ZeroWireload'. (OPT-170)
Information: Changed wire load model for 'DW01_cmp6_width4' from '(none)' to 'ZeroWireload'. (OPT-170)
Information: Changed wire load model for '*EQ_UNS_OP_4_4_1' from '(none)' to 'ZeroWireload'. (OPT-170)
Information: Changed wire load model for 'DW01_cmp6_width4' from '(none)' to 'ZeroWireload'. (OPT-170)
Information: Changed wire load model for '*EQ_UNS_OP_4_4_1' from '(none)' to 'ZeroWireload'. (OPT-170)
Information: Changed wire load model for 'DW01_cmp6_width4' from '(none)' to 'ZeroWireload'. (OPT-170)
Information: Changed wire load model for '*EQ_UNS_OP_4_4_1' from '(none)' to 'ZeroWireload'. (OPT-170)
Information: Changed wire load model for 'DW01_cmp6_width4' from '(none)' to 'ZeroWireload'. (OPT-170)
Information: Changed wire load model for '*EQ_UNS_OP_4_4_1' from '(none)' to 'ZeroWireload'. (OPT-170)
Information: Changed wire load model for 'DW01_cmp6_width4' from '(none)' to 'ZeroWireload'. (OPT-170)
Information: Changed wire load model for '*EQ_UNS_OP_4_3_1' from '(none)' to 'ZeroWireload'. (OPT-170)
Information: Changed wire load model for 'DW01_cmp6_width4' from '(none)' to 'ZeroWireload'. (OPT-170)
Information: Changed wire load model for '*EQ_UNS_OP_3_4_1' from '(none)' to 'ZeroWireload'. (OPT-170)
Information: Changed wire load model for 'DW01_cmp6_width4' from '(none)' to 'ZeroWireload'. (OPT-170)
Information: Changed wire load model for '*EQ_UNS_OP_3_4_1' from '(none)' to 'ZeroWireload'. (OPT-170)
Information: Changed wire load model for 'DW01_cmp6_width4' from '(none)' to 'ZeroWireload'. (OPT-170)
Information: Changed wire load model for '*EQ_UNS_OP_4_3_1' from '(none)' to 'ZeroWireload'. (OPT-170)
Information: Changed wire load model for 'DW01_cmp6_width4' from '(none)' to 'ZeroWireload'. (OPT-170)
Information: Changed wire load model for '*EQ_UNS_OP_3_4_1' from '(none)' to 'ZeroWireload'. (OPT-170)
Information: Changed wire load model for 'DW01_cmp6_width4' from '(none)' to 'ZeroWireload'. (OPT-170)
Information: Changed wire load model for '*EQ_UNS_OP_3_4_1' from '(none)' to 'ZeroWireload'. (OPT-170)
Information: Changed wire load model for 'DW01_cmp6_width4' from '(none)' to 'ZeroWireload'. (OPT-170)
Information: Changed wire load model for '*EQ_UNS_OP_4_3_1' from '(none)' to 'ZeroWireload'. (OPT-170)
Information: Changed wire load model for 'DW01_cmp6_width4' from '(none)' to 'ZeroWireload'. (OPT-170)
Information: Changed wire load model for '*EQ_UNS_OP_3_4_1' from '(none)' to 'ZeroWireload'. (OPT-170)
Information: Changed wire load model for 'DW01_cmp6_width4' from '(none)' to 'ZeroWireload'. (OPT-170)
Information: Changed wire load model for '*EQ_UNS_OP_3_4_1' from '(none)' to 'ZeroWireload'. (OPT-170)
Information: Changed wire load model for 'DW01_cmp6_width4' from '(none)' to 'ZeroWireload'. (OPT-170)
Information: Changed wire load model for '*EQ_UNS_OP_4_3_1' from '(none)' to 'ZeroWireload'. (OPT-170)
Information: Changed wire load model for 'DW01_cmp6_width4' from '(none)' to 'ZeroWireload'. (OPT-170)
Information: Changed wire load model for '*EQ_UNS_OP_3_4_1' from '(none)' to 'ZeroWireload'. (OPT-170)
Information: Changed wire load model for 'DW01_cmp6_width4' from '(none)' to 'ZeroWireload'. (OPT-170)
Information: Changed wire load model for '*EQ_UNS_OP_3_4_1' from '(none)' to 'ZeroWireload'. (OPT-170)
Information: Changed wire load model for 'DW01_cmp6_width4' from '(none)' to 'ZeroWireload'. (OPT-170)
Information: Changed wire load model for '*EQ_UNS_OP_4_2_1' from '(none)' to 'ZeroWireload'. (OPT-170)
Information: Changed wire load model for 'DW01_cmp6_width4' from '(none)' to 'ZeroWireload'. (OPT-170)
Information: Changed wire load model for '*EQ_UNS_OP_2_4_1' from '(none)' to 'ZeroWireload'. (OPT-170)
Information: Changed wire load model for 'DW01_cmp6_width4' from '(none)' to 'ZeroWireload'. (OPT-170)
Information: Changed wire load model for '*EQ_UNS_OP_2_4_1' from '(none)' to 'ZeroWireload'. (OPT-170)
Information: Changed wire load model for 'DW01_cmp6_width4' from '(none)' to 'ZeroWireload'. (OPT-170)
Information: Changed wire load model for '*EQ_UNS_OP_4_2_1' from '(none)' to 'ZeroWireload'. (OPT-170)
Information: Changed wire load model for 'DW01_cmp6_width4' from '(none)' to 'ZeroWireload'. (OPT-170)
Information: Changed wire load model for '*EQ_UNS_OP_2_4_1' from '(none)' to 'ZeroWireload'. (OPT-170)
Information: Changed wire load model for 'DW01_cmp6_width4' from '(none)' to 'ZeroWireload'. (OPT-170)
Information: Changed wire load model for '*EQ_UNS_OP_2_4_1' from '(none)' to 'ZeroWireload'. (OPT-170)
Information: Changed wire load model for 'DW01_cmp6_width4' from '(none)' to 'ZeroWireload'. (OPT-170)
Information: Changed wire load model for '*EQ_UNS_OP_4_1_1' from '(none)' to 'ZeroWireload'. (OPT-170)
Information: Changed wire load model for 'DW01_cmp6_width4' from '(none)' to 'ZeroWireload'. (OPT-170)
Information: Changed wire load model for '*EQ_UNS_OP_1_4_1' from '(none)' to 'ZeroWireload'. (OPT-170)
Information: Changed wire load model for 'DW01_cmp6_width4' from '(none)' to 'ZeroWireload'. (OPT-170)
Information: Changed wire load model for '*EQ_UNS_OP_1_4_1' from '(none)' to 'ZeroWireload'. (OPT-170)
Information: Changed wire load model for 'DW01_cmp6_width4' from '(none)' to 'ZeroWireload'. (OPT-170)
Information: Changed wire load model for '*EQ_UNS_OP_4_1_1' from '(none)' to 'ZeroWireload'. (OPT-170)
Information: Changed wire load model for 'DW01_cmp6_width4' from '(none)' to 'ZeroWireload'. (OPT-170)
Information: Changed wire load model for '*EQ_UNS_OP_1_4_1' from '(none)' to 'ZeroWireload'. (OPT-170)
Information: Changed wire load model for 'DW01_cmp6_width4' from '(none)' to 'ZeroWireload'. (OPT-170)
Information: Changed wire load model for '*EQ_UNS_OP_1_4_1' from '(none)' to 'ZeroWireload'. (OPT-170)
Information: Changed wire load model for 'DW01_cmp2_width5' from '(none)' to 'ZeroWireload'. (OPT-170)
Information: Changed wire load model for '*LT_UNS_OP_4_5_1' from '(none)' to 'ZeroWireload'. (OPT-170)
Information: Changed wire load model for 'DW01_cmp2_width5' from '(none)' to 'ZeroWireload'. (OPT-170)
Information: Changed wire load model for '*LT_UNS_OP_4_5_1' from '(none)' to 'ZeroWireload'. (OPT-170)
Information: Changed wire load model for 'DW01_cmp2_width64' from '(none)' to 'ZeroWireload'. (OPT-170)
Information: Changed wire load model for '*LT_TC_OP_64_1_1' from '(none)' to 'ZeroWireload'. (OPT-170)
Information: Changed wire load model for 'DW01_cmp2_width5' from '(none)' to 'ZeroWireload'. (OPT-170)
Information: Changed wire load model for '*LT_UNS_OP_4_5_1' from '(none)' to 'ZeroWireload'. (OPT-170)
Information: Changed wire load model for 'DW01_cmp2_width64' from '(none)' to 'ZeroWireload'. (OPT-170)
Information: Changed wire load model for '*LT_TC_OP_64_1_1' from '(none)' to 'ZeroWireload'. (OPT-170)
Information: Changed wire load model for 'DW01_cmp2_width5' from '(none)' to 'ZeroWireload'. (OPT-170)
Information: Changed wire load model for '*LT_UNS_OP_4_5_1' from '(none)' to 'ZeroWireload'. (OPT-170)
Information: Changed wire load model for 'DW01_cmp2_width64' from '(none)' to 'ZeroWireload'. (OPT-170)
Information: Changed wire load model for '*LT_TC_OP_64_1_1' from '(none)' to 'ZeroWireload'. (OPT-170)
Information: Changed wire load model for 'DW01_cmp2_width64' from '(none)' to 'ZeroWireload'. (OPT-170)
Information: Changed wire load model for '*LT_TC_OP_64_1_1' from '(none)' to 'ZeroWireload'. (OPT-170)
Information: Changed wire load model for 'DW01_cmp2_width5' from '(none)' to 'ZeroWireload'. (OPT-170)
Information: Changed wire load model for '*LT_UNS_OP_5_5_1' from '(none)' to 'ZeroWireload'. (OPT-170)
Information: Changed wire load model for 'DW01_cmp6_width2' from '(none)' to 'ZeroWireload'. (OPT-170)
Information: Changed wire load model for '*EQ_UNS_OP_2_2_1' from '(none)' to 'ZeroWireload'. (OPT-170)
Information: Changed wire load model for 'DW01_cmp6_width32' from '(none)' to 'ZeroWireload'. (OPT-170)
Information: Changed wire load model for '*EQ_UNS_OP_32_30_1' from '(none)' to 'ZeroWireload'. (OPT-170)
Information: Changed wire load model for 'DW01_cmp6_width32' from '(none)' to 'ZeroWireload'. (OPT-170)
Information: Changed wire load model for '*EQ_UNS_OP_32_32_1' from '(none)' to 'ZeroWireload'. (OPT-170)
Information: Changed wire load model for 'DW01_cmp2_width32' from '(none)' to 'ZeroWireload'. (OPT-170)
Information: Changed wire load model for '*LT_UNS_OP_32_11_1' from '(none)' to 'ZeroWireload'. (OPT-170)
Information: Changed wire load model for 'DW01_cmp2_width32' from '(none)' to 'ZeroWireload'. (OPT-170)
Information: Changed wire load model for '*LT_UNS_OP_32_8_1' from '(none)' to 'ZeroWireload'. (OPT-170)
Information: Changed wire load model for 'DW01_cmp6_width32' from '(none)' to 'ZeroWireload'. (OPT-170)
Information: Changed wire load model for '*EQ_UNS_OP_32_32_1' from '(none)' to 'ZeroWireload'. (OPT-170)
Information: Changed wire load model for 'DW01_add_width32' from '(none)' to 'ZeroWireload'. (OPT-170)
Information: Changed wire load model for '*ADD_UNS_OP_32_6_32' from '(none)' to 'ZeroWireload'. (OPT-170)
Information: Changed wire load model for 'DW01_add_width32' from '(none)' to 'ZeroWireload'. (OPT-170)
Information: Changed wire load model for '*ADD_UNS_OP_32_4_32' from '(none)' to 'ZeroWireload'. (OPT-170)
Information: Changed wire load model for 'DW02_mult_A_width44_B_width1' from '(none)' to 'ZeroWireload'. (OPT-170)
Information: Changed wire load model for '*MULT_UNS_OP_44_1_44' from '(none)' to 'ZeroWireload'. (OPT-170)
Information: Changed wire load model for 'DW02_mult_A_width44_B_width1' from '(none)' to 'ZeroWireload'. (OPT-170)
Information: Changed wire load model for '*MULT_UNS_OP_44_1_44' from '(none)' to 'ZeroWireload'. (OPT-170)
Information: Changed wire load model for 'DW02_mult_A_width44_B_width1' from '(none)' to 'ZeroWireload'. (OPT-170)
Information: Changed wire load model for '*MULT_UNS_OP_44_1_44' from '(none)' to 'ZeroWireload'. (OPT-170)
Information: Changed wire load model for 'DW02_mult_A_width44_B_width1' from '(none)' to 'ZeroWireload'. (OPT-170)
Information: Changed wire load model for '*MULT_UNS_OP_44_1_44' from '(none)' to 'ZeroWireload'. (OPT-170)
Information: Changed wire load model for 'DW02_mult_A_width44_B_width1' from '(none)' to 'ZeroWireload'. (OPT-170)
Information: Changed wire load model for '*MULT_UNS_OP_44_1_44' from '(none)' to 'ZeroWireload'. (OPT-170)
Information: Changed wire load model for 'DW02_mult_A_width44_B_width1' from '(none)' to 'ZeroWireload'. (OPT-170)
Information: Changed wire load model for '*MULT_UNS_OP_44_1_44' from '(none)' to 'ZeroWireload'. (OPT-170)
Information: Changed wire load model for 'DW02_mult_A_width44_B_width1' from '(none)' to 'ZeroWireload'. (OPT-170)
Information: Changed wire load model for '*MULT_UNS_OP_44_1_44' from '(none)' to 'ZeroWireload'. (OPT-170)
Information: Changed wire load model for 'DW02_mult_A_width44_B_width1' from '(none)' to 'ZeroWireload'. (OPT-170)
Information: Changed wire load model for '*MULT_UNS_OP_44_1_44' from '(none)' to 'ZeroWireload'. (OPT-170)
Information: Changed wire load model for 'DW02_mult_A_width44_B_width1' from '(none)' to 'ZeroWireload'. (OPT-170)
Information: Changed wire load model for '*MULT_UNS_OP_44_1_44' from '(none)' to 'ZeroWireload'. (OPT-170)
Information: Changed wire load model for 'DW02_mult_A_width44_B_width1' from '(none)' to 'ZeroWireload'. (OPT-170)
Information: Changed wire load model for '*MULT_UNS_OP_44_1_44' from '(none)' to 'ZeroWireload'. (OPT-170)
Information: Changed wire load model for 'DW02_mult_A_width44_B_width1' from '(none)' to 'ZeroWireload'. (OPT-170)
Information: Changed wire load model for '*MULT_UNS_OP_44_1_44' from '(none)' to 'ZeroWireload'. (OPT-170)
Information: Changed wire load model for 'DW02_mult_A_width44_B_width1' from '(none)' to 'ZeroWireload'. (OPT-170)
Information: Changed wire load model for '*MULT_UNS_OP_44_1_44' from '(none)' to 'ZeroWireload'. (OPT-170)
Information: Changed wire load model for 'DW02_mult_A_width44_B_width1' from '(none)' to 'ZeroWireload'. (OPT-170)
Information: Changed wire load model for '*MULT_UNS_OP_44_1_44' from '(none)' to 'ZeroWireload'. (OPT-170)
Information: Changed wire load model for 'DW02_mult_A_width44_B_width1' from '(none)' to 'ZeroWireload'. (OPT-170)
Information: Changed wire load model for '*MULT_UNS_OP_44_1_44' from '(none)' to 'ZeroWireload'. (OPT-170)
Information: Changed wire load model for 'DW02_mult_A_width44_B_width1' from '(none)' to 'ZeroWireload'. (OPT-170)
Information: Changed wire load model for '*MULT_UNS_OP_44_1_44' from '(none)' to 'ZeroWireload'. (OPT-170)
Information: Changed wire load model for 'DW02_mult_A_width44_B_width1' from '(none)' to 'ZeroWireload'. (OPT-170)
Information: Changed wire load model for '*MULT_UNS_OP_44_1_44' from '(none)' to 'ZeroWireload'. (OPT-170)
Information: Changed wire load model for 'DW01_add_width44' from '(none)' to 'ZeroWireload'. (OPT-170)
Information: Changed wire load model for '*ADD_UNS_OP_44_44_44' from '(none)' to 'ZeroWireload'. (OPT-170)
Information: Changed wire load model for 'DW01_add_width44' from '(none)' to 'ZeroWireload'. (OPT-170)
Information: Changed wire load model for '*ADD_UNS_OP_44_44_44' from '(none)' to 'ZeroWireload'. (OPT-170)
Information: Changed wire load model for 'DW01_add_width44' from '(none)' to 'ZeroWireload'. (OPT-170)
Information: Changed wire load model for '*ADD_UNS_OP_44_44_44' from '(none)' to 'ZeroWireload'. (OPT-170)
Information: Changed wire load model for 'DW01_add_width44' from '(none)' to 'ZeroWireload'. (OPT-170)
Information: Changed wire load model for '*ADD_UNS_OP_44_44_44' from '(none)' to 'ZeroWireload'. (OPT-170)
Information: Changed wire load model for 'DW01_add_width44' from '(none)' to 'ZeroWireload'. (OPT-170)
Information: Changed wire load model for '*ADD_UNS_OP_44_44_44' from '(none)' to 'ZeroWireload'. (OPT-170)
Information: Changed wire load model for 'DW01_add_width44' from '(none)' to 'ZeroWireload'. (OPT-170)
Information: Changed wire load model for '*ADD_UNS_OP_44_44_44' from '(none)' to 'ZeroWireload'. (OPT-170)
Information: Changed wire load model for 'DW01_add_width44' from '(none)' to 'ZeroWireload'. (OPT-170)
Information: Changed wire load model for '*ADD_UNS_OP_44_44_44' from '(none)' to 'ZeroWireload'. (OPT-170)
Information: Changed wire load model for 'DW01_add_width44' from '(none)' to 'ZeroWireload'. (OPT-170)
Information: Changed wire load model for '*ADD_UNS_OP_44_44_44' from '(none)' to 'ZeroWireload'. (OPT-170)
Information: Changed wire load model for 'DW01_add_width44' from '(none)' to 'ZeroWireload'. (OPT-170)
Information: Changed wire load model for '*ADD_UNS_OP_44_44_44' from '(none)' to 'ZeroWireload'. (OPT-170)
Information: Changed wire load model for 'DW01_add_width44' from '(none)' to 'ZeroWireload'. (OPT-170)
Information: Changed wire load model for '*ADD_UNS_OP_44_44_44' from '(none)' to 'ZeroWireload'. (OPT-170)
Information: Changed wire load model for 'DW01_add_width44' from '(none)' to 'ZeroWireload'. (OPT-170)
Information: Changed wire load model for '*ADD_UNS_OP_44_44_44' from '(none)' to 'ZeroWireload'. (OPT-170)
Information: Changed wire load model for 'DW01_add_width44' from '(none)' to 'ZeroWireload'. (OPT-170)
Information: Changed wire load model for '*ADD_UNS_OP_44_44_44' from '(none)' to 'ZeroWireload'. (OPT-170)
Information: Changed wire load model for 'DW01_add_width44' from '(none)' to 'ZeroWireload'. (OPT-170)
Information: Changed wire load model for '*ADD_UNS_OP_44_44_44' from '(none)' to 'ZeroWireload'. (OPT-170)
Information: Changed wire load model for 'DW01_add_width44' from '(none)' to 'ZeroWireload'. (OPT-170)
Information: Changed wire load model for '*ADD_UNS_OP_44_44_44' from '(none)' to 'ZeroWireload'. (OPT-170)
Information: Changed wire load model for 'DW01_add_width44' from '(none)' to 'ZeroWireload'. (OPT-170)
Information: Changed wire load model for '*ADD_UNS_OP_44_44_44' from '(none)' to 'ZeroWireload'. (OPT-170)
Information: Changed wire load model for 'DW01_add_width44' from '(none)' to 'ZeroWireload'. (OPT-170)
Information: Changed wire load model for '*ADD_UNS_OP_44_44_44' from '(none)' to 'ZeroWireload'. (OPT-170)
Information: Changed wire load model for 'DW01_inc_width32' from '(none)' to 'ZeroWireload'. (OPT-170)
Information: Changed wire load model for '*ADD_UNS_OP_32_1_32' from '(none)' to 'ZeroWireload'. (OPT-170)
Information: Changed wire load model for 'DW01_inc_width32' from '(none)' to 'ZeroWireload'. (OPT-170)
Information: Changed wire load model for '*ADD_UNS_OP_32_1_32' from '(none)' to 'ZeroWireload'. (OPT-170)
Information: Changed wire load model for 'DW01_add_width64' from '(none)' to 'ZeroWireload'. (OPT-170)
Information: Changed wire load model for '*ADD_UNS_OP_64_5_64' from '(none)' to 'ZeroWireload'. (OPT-170)
Information: Changed wire load model for 'DW01_inc_width64' from '(none)' to 'ZeroWireload'. (OPT-170)
Information: Changed wire load model for '*ADD_UNS_OP_64_1_64' from '(none)' to 'ZeroWireload'. (OPT-170)
Information: Changed wire load model for 'DW01_inc_width32' from '(none)' to 'ZeroWireload'. (OPT-170)
Information: Changed wire load model for '*ADD_UNS_OP_32_1_32' from '(none)' to 'ZeroWireload'. (OPT-170)
Information: Changed wire load model for 'DW01_inc_width64' from '(none)' to 'ZeroWireload'. (OPT-170)
Information: Changed wire load model for '*ADD_UNS_OP_64_1_64' from '(none)' to 'ZeroWireload'. (OPT-170)
Information: Changed wire load model for 'DW01_inc_width64' from '(none)' to 'ZeroWireload'. (OPT-170)
Information: Changed wire load model for '*ADD_UNS_OP_64_1_64' from '(none)' to 'ZeroWireload'. (OPT-170)
Information: Changed wire load model for 'DW01_inc_width64' from '(none)' to 'ZeroWireload'. (OPT-170)
Information: Changed wire load model for '*ADD_UNS_OP_64_1_64' from '(none)' to 'ZeroWireload'. (OPT-170)
Information: Changed wire load model for 'DW01_inc_width64' from '(none)' to 'ZeroWireload'. (OPT-170)
Information: Changed wire load model for '*ADD_UNS_OP_64_1_64' from '(none)' to 'ZeroWireload'. (OPT-170)
Information: Changed wire load model for 'DW01_inc_width64' from '(none)' to 'ZeroWireload'. (OPT-170)
Information: Changed wire load model for '*ADD_UNS_OP_64_1_64' from '(none)' to 'ZeroWireload'. (OPT-170)
Information: Changed wire load model for 'DW01_dec_width32' from '(none)' to 'ZeroWireload'. (OPT-170)
Information: Changed wire load model for '*SUB_UNS_OP_32_1_32' from '(none)' to 'ZeroWireload'. (OPT-170)
Information: Changed wire load model for 'DW02_mult_A_width36_B_width36' from '(none)' to 'ZeroWireload'. (OPT-170)
Information: Changed wire load model for '*MULT_UNS_OP_36_36_36' from '(none)' to 'ZeroWireload'. (OPT-170)
Information: Changed wire load model for 'DW02_mult_A_width36_B_width36' from '(none)' to 'ZeroWireload'. (OPT-170)
Information: Changed wire load model for '*MULT_UNS_OP_36_36_36' from '(none)' to 'ZeroWireload'. (OPT-170)
Information: Changed wire load model for 'DW02_mult_A_width36_B_width36' from '(none)' to 'ZeroWireload'. (OPT-170)
Information: Changed wire load model for '*MULT_UNS_OP_36_36_36' from '(none)' to 'ZeroWireload'. (OPT-170)
Information: Changed wire load model for 'DW02_mult_A_width36_B_width36' from '(none)' to 'ZeroWireload'. (OPT-170)
Information: Changed wire load model for '*MULT_UNS_OP_36_36_36' from '(none)' to 'ZeroWireload'. (OPT-170)
Information: Changed wire load model for 'DW02_mult_A_width36_B_width36' from '(none)' to 'ZeroWireload'. (OPT-170)
Information: Changed wire load model for '*MULT_UNS_OP_36_36_36' from '(none)' to 'ZeroWireload'. (OPT-170)
Information: Changed wire load model for 'DW02_mult_A_width36_B_width36' from '(none)' to 'ZeroWireload'. (OPT-170)
Information: Changed wire load model for '*MULT_UNS_OP_36_36_36' from '(none)' to 'ZeroWireload'. (OPT-170)
Information: Changed wire load model for 'DW02_mult_A_width36_B_width36' from '(none)' to 'ZeroWireload'. (OPT-170)
Information: Changed wire load model for '*MULT_UNS_OP_36_36_36' from '(none)' to 'ZeroWireload'. (OPT-170)
Information: Changed wire load model for 'DW02_mult_A_width36_B_width36' from '(none)' to 'ZeroWireload'. (OPT-170)
Information: Changed wire load model for '*MULT_UNS_OP_36_36_36' from '(none)' to 'ZeroWireload'. (OPT-170)
Information: Changed wire load model for 'DW02_mult_A_width36_B_width36' from '(none)' to 'ZeroWireload'. (OPT-170)
Information: Changed wire load model for '*MULT_UNS_OP_36_36_36' from '(none)' to 'ZeroWireload'. (OPT-170)
Information: Changed wire load model for 'DW02_mult_A_width36_B_width36' from '(none)' to 'ZeroWireload'. (OPT-170)
Information: Changed wire load model for '*MULT_UNS_OP_36_36_36' from '(none)' to 'ZeroWireload'. (OPT-170)
Information: Changed wire load model for 'DW02_mult_A_width36_B_width36' from '(none)' to 'ZeroWireload'. (OPT-170)
Information: Changed wire load model for '*MULT_UNS_OP_36_36_36' from '(none)' to 'ZeroWireload'. (OPT-170)
Information: Changed wire load model for 'DW02_mult_A_width36_B_width36' from '(none)' to 'ZeroWireload'. (OPT-170)
Information: Changed wire load model for '*MULT_UNS_OP_36_36_36' from '(none)' to 'ZeroWireload'. (OPT-170)
Information: Changed wire load model for 'DW02_mult_A_width36_B_width36' from '(none)' to 'ZeroWireload'. (OPT-170)
Information: Changed wire load model for '*MULT_UNS_OP_36_36_36' from '(none)' to 'ZeroWireload'. (OPT-170)
Information: Changed wire load model for 'DW02_mult_A_width36_B_width36' from '(none)' to 'ZeroWireload'. (OPT-170)
Information: Changed wire load model for '*MULT_UNS_OP_36_36_36' from '(none)' to 'ZeroWireload'. (OPT-170)
Information: Changed wire load model for 'DW02_mult_A_width36_B_width36' from '(none)' to 'ZeroWireload'. (OPT-170)
Information: Changed wire load model for '*MULT_UNS_OP_36_36_36' from '(none)' to 'ZeroWireload'. (OPT-170)
Information: Changed wire load model for 'DW02_mult_A_width36_B_width36' from '(none)' to 'ZeroWireload'. (OPT-170)
Information: Changed wire load model for '*MULT_UNS_OP_36_36_36' from '(none)' to 'ZeroWireload'. (OPT-170)
Information: Changed wire load model for 'DW01_cmp6_width5' from '(none)' to 'ZeroWireload'. (OPT-170)
Information: Changed wire load model for '*EQ_UNS_OP_5_5_1' from '(none)' to 'ZeroWireload'. (OPT-170)
Information: Changed wire load model for 'DW01_cmp2_width5' from '(none)' to 'ZeroWireload'. (OPT-170)
Information: Changed wire load model for '*LT_UNS_OP_5_5_1' from '(none)' to 'ZeroWireload'. (OPT-170)
Information: Changed wire load model for 'DW01_cmp6_width2' from '(none)' to 'ZeroWireload'. (OPT-170)
Information: Changed wire load model for '*EQ_UNS_OP_2_2_1' from '(none)' to 'ZeroWireload'. (OPT-170)
Information: Changed wire load model for 'DW01_cmp6_width32' from '(none)' to 'ZeroWireload'. (OPT-170)
Information: Changed wire load model for '*EQ_UNS_OP_32_30_1' from '(none)' to 'ZeroWireload'. (OPT-170)
Information: Changed wire load model for 'DW01_cmp6_width32' from '(none)' to 'ZeroWireload'. (OPT-170)
Information: Changed wire load model for '*EQ_UNS_OP_32_32_1' from '(none)' to 'ZeroWireload'. (OPT-170)
Information: Changed wire load model for 'DW01_cmp6_width32' from '(none)' to 'ZeroWireload'. (OPT-170)
Information: Changed wire load model for '*EQ_UNS_OP_32_32_1' from '(none)' to 'ZeroWireload'. (OPT-170)
Information: Changed wire load model for 'DW01_cmp6_width32' from '(none)' to 'ZeroWireload'. (OPT-170)
Information: Changed wire load model for '*EQ_UNS_OP_32_32_1' from '(none)' to 'ZeroWireload'. (OPT-170)
Information: Changed wire load model for 'DW01_cmp6_width32' from '(none)' to 'ZeroWireload'. (OPT-170)
Information: Changed wire load model for '*EQ_UNS_OP_32_32_1' from '(none)' to 'ZeroWireload'. (OPT-170)
Information: Changed wire load model for 'DW01_cmp6_width32' from '(none)' to 'ZeroWireload'. (OPT-170)
Information: Changed wire load model for '*EQ_UNS_OP_32_32_1' from '(none)' to 'ZeroWireload'. (OPT-170)
Information: Changed wire load model for 'DW01_cmp2_width32' from '(none)' to 'ZeroWireload'. (OPT-170)
Information: Changed wire load model for '*LT_UNS_OP_32_8_1' from '(none)' to 'ZeroWireload'. (OPT-170)
Information: Changed wire load model for 'DW01_cmp2_width5' from '(none)' to 'ZeroWireload'. (OPT-170)
Information: Changed wire load model for '*GT_UNS_OP_5_4_1' from '(none)' to 'ZeroWireload'. (OPT-170)
Information: Changed wire load model for 'DW01_cmp2_width5' from '(none)' to 'ZeroWireload'. (OPT-170)
Information: Changed wire load model for '*GT_UNS_OP_5_4_1' from '(none)' to 'ZeroWireload'. (OPT-170)
Information: Changed wire load model for 'DW01_cmp2_width5' from '(none)' to 'ZeroWireload'. (OPT-170)
Information: Changed wire load model for '*GT_UNS_OP_5_4_1' from '(none)' to 'ZeroWireload'. (OPT-170)
Information: Changed wire load model for 'DW01_cmp2_width5' from '(none)' to 'ZeroWireload'. (OPT-170)
Information: Changed wire load model for '*GT_UNS_OP_5_4_1' from '(none)' to 'ZeroWireload'. (OPT-170)
Information: Changed wire load model for 'DW01_cmp2_width5' from '(none)' to 'ZeroWireload'. (OPT-170)
Information: Changed wire load model for '*GT_UNS_OP_5_4_1' from '(none)' to 'ZeroWireload'. (OPT-170)
Information: Changed wire load model for 'DW01_cmp2_width5' from '(none)' to 'ZeroWireload'. (OPT-170)
Information: Changed wire load model for '*GT_UNS_OP_5_4_1' from '(none)' to 'ZeroWireload'. (OPT-170)
Information: Changed wire load model for 'DW01_cmp2_width5' from '(none)' to 'ZeroWireload'. (OPT-170)
Information: Changed wire load model for '*GT_UNS_OP_5_4_1' from '(none)' to 'ZeroWireload'. (OPT-170)
Information: Changed wire load model for 'DW01_cmp2_width5' from '(none)' to 'ZeroWireload'. (OPT-170)
Information: Changed wire load model for '*GT_UNS_OP_5_3_1' from '(none)' to 'ZeroWireload'. (OPT-170)
Information: Changed wire load model for 'DW01_cmp2_width5' from '(none)' to 'ZeroWireload'. (OPT-170)
Information: Changed wire load model for '*GT_UNS_OP_5_3_1' from '(none)' to 'ZeroWireload'. (OPT-170)
Information: Changed wire load model for 'DW01_cmp2_width5' from '(none)' to 'ZeroWireload'. (OPT-170)
Information: Changed wire load model for '*GT_UNS_OP_5_3_1' from '(none)' to 'ZeroWireload'. (OPT-170)
Information: Changed wire load model for 'DW01_cmp2_width5' from '(none)' to 'ZeroWireload'. (OPT-170)
Information: Changed wire load model for '*GT_UNS_OP_5_2_1' from '(none)' to 'ZeroWireload'. (OPT-170)
Information: Changed wire load model for 'DW01_cmp6_width32' from '(none)' to 'ZeroWireload'. (OPT-170)
Information: Changed wire load model for '*EQ_UNS_OP_32_32_1' from '(none)' to 'ZeroWireload'. (OPT-170)
Information: Changed wire load model for 'DW01_inc_width32' from '(none)' to 'ZeroWireload'. (OPT-170)
Information: Changed wire load model for '*ADD_UNS_OP_32_1_32' from '(none)' to 'ZeroWireload'. (OPT-170)
Information: Changed wire load model for 'DW01_inc_width32' from '(none)' to 'ZeroWireload'. (OPT-170)
Information: Changed wire load model for '*ADD_UNS_OP_32_1_32' from '(none)' to 'ZeroWireload'. (OPT-170)
Information: Changed wire load model for 'DW01_inc_width32' from '(none)' to 'ZeroWireload'. (OPT-170)
Information: Changed wire load model for '*ADD_UNS_OP_32_1_32' from '(none)' to 'ZeroWireload'. (OPT-170)
Information: Changed wire load model for 'DW01_inc_width64' from '(none)' to 'ZeroWireload'. (OPT-170)
Information: Changed wire load model for '*ADD_UNS_OP_64_1_64' from '(none)' to 'ZeroWireload'. (OPT-170)
Information: Changed wire load model for 'DW01_inc_width64' from '(none)' to 'ZeroWireload'. (OPT-170)
Information: Changed wire load model for '*ADD_UNS_OP_64_1_64' from '(none)' to 'ZeroWireload'. (OPT-170)
Information: Changed wire load model for 'DW01_inc_width64' from '(none)' to 'ZeroWireload'. (OPT-170)
Information: Changed wire load model for '*ADD_UNS_OP_64_1_64' from '(none)' to 'ZeroWireload'. (OPT-170)
Information: Changed wire load model for 'DW01_inc_width64' from '(none)' to 'ZeroWireload'. (OPT-170)
Information: Changed wire load model for '*ADD_UNS_OP_64_1_64' from '(none)' to 'ZeroWireload'. (OPT-170)
Information: Changed wire load model for 'DW01_inc_width64' from '(none)' to 'ZeroWireload'. (OPT-170)
Information: Changed wire load model for '*ADD_UNS_OP_64_1_64' from '(none)' to 'ZeroWireload'. (OPT-170)
Information: Changed wire load model for 'DW01_inc_width64' from '(none)' to 'ZeroWireload'. (OPT-170)
Information: Changed wire load model for '*ADD_UNS_OP_64_1_64' from '(none)' to 'ZeroWireload'. (OPT-170)
Information: Changed wire load model for 'DW01_dec_width32' from '(none)' to 'ZeroWireload'. (OPT-170)
Information: Changed wire load model for '*SUB_UNS_OP_32_1_32' from '(none)' to 'ZeroWireload'. (OPT-170)
Information: Changed wire load model for 'DW01_dec_width32' from '(none)' to 'ZeroWireload'. (OPT-170)
Information: Changed wire load model for '*SUB_UNS_OP_32_1_32' from '(none)' to 'ZeroWireload'. (OPT-170)
Information: Changed wire load model for 'DW01_dec_width32' from '(none)' to 'ZeroWireload'. (OPT-170)
Information: Changed wire load model for '*SUB_UNS_OP_32_1_32' from '(none)' to 'ZeroWireload'. (OPT-170)
Information: Changed wire load model for 'DW01_dec_width32' from '(none)' to 'ZeroWireload'. (OPT-170)
Information: Changed wire load model for '*SUB_UNS_OP_32_1_32' from '(none)' to 'ZeroWireload'. (OPT-170)
Information: Changed wire load model for 'DW01_sub_width3' from '(none)' to 'ZeroWireload'. (OPT-170)
Information: Changed wire load model for '*SUB_UNS_OP_3_1_3' from '(none)' to 'ZeroWireload'. (OPT-170)
Information: Changed wire load model for 'DW01_add_width3' from '(none)' to 'ZeroWireload'. (OPT-170)
Information: Changed wire load model for '*ADD_UNS_OP_2_1_3' from '(none)' to 'ZeroWireload'. (OPT-170)
Information: Changed wire load model for 'DW01_cmp6_width32' from '(none)' to 'ZeroWireload'. (OPT-170)
Information: Changed wire load model for '*EQ_UNS_OP_32_32_1' from '(none)' to 'ZeroWireload'. (OPT-170)
Information: Changed wire load model for 'DW01_cmp6_width32' from '(none)' to 'ZeroWireload'. (OPT-170)
Information: Changed wire load model for '*EQ_UNS_OP_32_32_1' from '(none)' to 'ZeroWireload'. (OPT-170)
Information: Changed wire load model for 'DW01_cmp6_width32' from '(none)' to 'ZeroWireload'. (OPT-170)
Information: Changed wire load model for '*EQ_UNS_OP_32_32_1' from '(none)' to 'ZeroWireload'. (OPT-170)
Information: Changed wire load model for 'DW01_cmp6_width32' from '(none)' to 'ZeroWireload'. (OPT-170)
Information: Changed wire load model for '*EQ_UNS_OP_32_32_1' from '(none)' to 'ZeroWireload'. (OPT-170)
Information: Changed wire load model for 'DW01_cmp6_width32' from '(none)' to 'ZeroWireload'. (OPT-170)
Information: Changed wire load model for '*EQ_UNS_OP_32_32_1' from '(none)' to 'ZeroWireload'. (OPT-170)
Information: Changed wire load model for 'DW01_cmp2_width32' from '(none)' to 'ZeroWireload'. (OPT-170)
Information: Changed wire load model for '*LT_UNS_OP_32_8_1' from '(none)' to 'ZeroWireload'. (OPT-170)
Information: Changed wire load model for 'DW01_cmp2_width32' from '(none)' to 'ZeroWireload'. (OPT-170)
Information: Changed wire load model for '*LT_UNS_OP_32_8_1' from '(none)' to 'ZeroWireload'. (OPT-170)
Information: Changed wire load model for 'DW02_mult_A_width28_B_width32' from '(none)' to 'ZeroWireload'. (OPT-170)
Information: Changed wire load model for '*MULT_UNS_OP_28_32_60' from '(none)' to 'ZeroWireload'. (OPT-170)
Information: Changed wire load model for 'DW01_add_width32' from '(none)' to 'ZeroWireload'. (OPT-170)
Information: Changed wire load model for '*ADD_UNS_OP_32_4_32' from '(none)' to 'ZeroWireload'. (OPT-170)
Information: Changed wire load model for 'DW01_inc_width2' from '(none)' to 'ZeroWireload'. (OPT-170)
Information: Changed wire load model for '*ADD_UNS_OP_2_1_2' from '(none)' to 'ZeroWireload'. (OPT-170)
Information: Changed wire load model for 'DW01_inc_width32' from '(none)' to 'ZeroWireload'. (OPT-170)
Information: Changed wire load model for '*ADD_UNS_OP_32_1_32' from '(none)' to 'ZeroWireload'. (OPT-170)
Information: Changed wire load model for 'DW01_inc_width32' from '(none)' to 'ZeroWireload'. (OPT-170)
Information: Changed wire load model for '*ADD_UNS_OP_32_1_32' from '(none)' to 'ZeroWireload'. (OPT-170)
Information: Changed wire load model for 'DW01_sub_width32' from '(none)' to 'ZeroWireload'. (OPT-170)
Information: Changed wire load model for '*SUB_UNS_OP_32_5_32' from '(none)' to 'ZeroWireload'. (OPT-170)
Information: Changed wire load model for 'DW01_inc_width32' from '(none)' to 'ZeroWireload'. (OPT-170)
Information: Changed wire load model for '*ADD_UNS_OP_32_1_32' from '(none)' to 'ZeroWireload'. (OPT-170)
Information: Changed wire load model for 'DW01_inc_width32' from '(none)' to 'ZeroWireload'. (OPT-170)
Information: Changed wire load model for '*ADD_UNS_OP_32_1_32' from '(none)' to 'ZeroWireload'. (OPT-170)
Information: Changed wire load model for 'DW01_inc_width4' from '(none)' to 'ZeroWireload'. (OPT-170)
Information: Changed wire load model for '*ADD_UNS_OP_4_1_4' from '(none)' to 'ZeroWireload'. (OPT-170)
Information: Changed wire load model for 'DW01_inc_width64' from '(none)' to 'ZeroWireload'. (OPT-170)
Information: Changed wire load model for '*ADD_UNS_OP_64_1_64' from '(none)' to 'ZeroWireload'. (OPT-170)
Information: Changed wire load model for 'DW01_inc_width64' from '(none)' to 'ZeroWireload'. (OPT-170)
Information: Changed wire load model for '*ADD_UNS_OP_64_1_64' from '(none)' to 'ZeroWireload'. (OPT-170)
Information: Changed wire load model for 'DW01_inc_width64' from '(none)' to 'ZeroWireload'. (OPT-170)
Information: Changed wire load model for '*ADD_UNS_OP_64_1_64' from '(none)' to 'ZeroWireload'. (OPT-170)
Information: Changed wire load model for 'DW01_dec_width32' from '(none)' to 'ZeroWireload'. (OPT-170)
Information: Changed wire load model for '*SUB_UNS_OP_32_1_32' from '(none)' to 'ZeroWireload'. (OPT-170)
Information: Changed wire load model for 'DW01_dec_width32' from '(none)' to 'ZeroWireload'. (OPT-170)
Information: Changed wire load model for '*SUB_UNS_OP_32_1_32' from '(none)' to 'ZeroWireload'. (OPT-170)
Information: Changed wire load model for 'DW01_dec_width5' from '(none)' to 'ZeroWireload'. (OPT-170)
Information: Changed wire load model for '*SUB_UNS_OP_5_1_5' from '(none)' to 'ZeroWireload'. (OPT-170)
Information: Changed wire load model for 'DW01_cmp6_width32' from '(none)' to 'ZeroWireload'. (OPT-170)
Information: Changed wire load model for '*EQ_UNS_OP_32_32_1' from '(none)' to 'ZeroWireload'. (OPT-170)
Information: Changed wire load model for 'DW01_cmp6_width5' from '(none)' to 'ZeroWireload'. (OPT-170)
Information: Changed wire load model for '*EQ_UNS_OP_4_5_1' from '(none)' to 'ZeroWireload'. (OPT-170)
Information: Changed wire load model for 'DW01_cmp6_width32' from '(none)' to 'ZeroWireload'. (OPT-170)
Information: Changed wire load model for '*EQ_UNS_OP_32_32_1' from '(none)' to 'ZeroWireload'. (OPT-170)
Information: Changed wire load model for 'DW01_cmp6_width4' from '(none)' to 'ZeroWireload'. (OPT-170)
Information: Changed wire load model for '*NE_UNS_OP_4_4_1' from '(none)' to 'ZeroWireload'. (OPT-170)
Information: Changed wire load model for 'DW01_cmp6_width32' from '(none)' to 'ZeroWireload'. (OPT-170)
Information: Changed wire load model for '*NE_UNS_OP_32_32_1' from '(none)' to 'ZeroWireload'. (OPT-170)
Information: Changed wire load model for 'DW01_cmp6_width5' from '(none)' to 'ZeroWireload'. (OPT-170)
Information: Changed wire load model for '*EQ_UNS_OP_4_5_1' from '(none)' to 'ZeroWireload'. (OPT-170)
Information: Changed wire load model for 'DW01_inc_width2' from '(none)' to 'ZeroWireload'. (OPT-170)
Information: Changed wire load model for '*ADD_UNS_OP_2_1_2' from '(none)' to 'ZeroWireload'. (OPT-170)
Information: Changed wire load model for 'DW01_inc_width32' from '(none)' to 'ZeroWireload'. (OPT-170)
Information: Changed wire load model for '*ADD_UNS_OP_32_1_32' from '(none)' to 'ZeroWireload'. (OPT-170)
Information: Changed wire load model for 'DW01_inc_width32' from '(none)' to 'ZeroWireload'. (OPT-170)
Information: Changed wire load model for '*ADD_UNS_OP_32_1_32' from '(none)' to 'ZeroWireload'. (OPT-170)
Information: Changed wire load model for 'DW01_sub_width32' from '(none)' to 'ZeroWireload'. (OPT-170)
Information: Changed wire load model for '*SUB_UNS_OP_32_5_32' from '(none)' to 'ZeroWireload'. (OPT-170)
Information: Changed wire load model for 'DW01_inc_width32' from '(none)' to 'ZeroWireload'. (OPT-170)
Information: Changed wire load model for '*ADD_UNS_OP_32_1_32' from '(none)' to 'ZeroWireload'. (OPT-170)
Information: Changed wire load model for 'DW01_inc_width32' from '(none)' to 'ZeroWireload'. (OPT-170)
Information: Changed wire load model for '*ADD_UNS_OP_32_1_32' from '(none)' to 'ZeroWireload'. (OPT-170)
Information: Changed wire load model for 'DW01_inc_width4' from '(none)' to 'ZeroWireload'. (OPT-170)
Information: Changed wire load model for '*ADD_UNS_OP_4_1_4' from '(none)' to 'ZeroWireload'. (OPT-170)
Information: Changed wire load model for 'DW01_inc_width64' from '(none)' to 'ZeroWireload'. (OPT-170)
Information: Changed wire load model for '*ADD_UNS_OP_64_1_64' from '(none)' to 'ZeroWireload'. (OPT-170)
Information: Changed wire load model for 'DW01_inc_width64' from '(none)' to 'ZeroWireload'. (OPT-170)
Information: Changed wire load model for '*ADD_UNS_OP_64_1_64' from '(none)' to 'ZeroWireload'. (OPT-170)
Information: Changed wire load model for 'DW01_inc_width64' from '(none)' to 'ZeroWireload'. (OPT-170)
Information: Changed wire load model for '*ADD_UNS_OP_64_1_64' from '(none)' to 'ZeroWireload'. (OPT-170)
Information: Changed wire load model for 'DW01_dec_width32' from '(none)' to 'ZeroWireload'. (OPT-170)
Information: Changed wire load model for '*SUB_UNS_OP_32_1_32' from '(none)' to 'ZeroWireload'. (OPT-170)
Information: Changed wire load model for 'DW01_dec_width32' from '(none)' to 'ZeroWireload'. (OPT-170)
Information: Changed wire load model for '*SUB_UNS_OP_32_1_32' from '(none)' to 'ZeroWireload'. (OPT-170)
Information: Changed wire load model for 'DW01_dec_width5' from '(none)' to 'ZeroWireload'. (OPT-170)
Information: Changed wire load model for '*SUB_UNS_OP_5_1_5' from '(none)' to 'ZeroWireload'. (OPT-170)
Information: Changed wire load model for 'DW01_cmp6_width32' from '(none)' to 'ZeroWireload'. (OPT-170)
Information: Changed wire load model for '*EQ_UNS_OP_32_32_1' from '(none)' to 'ZeroWireload'. (OPT-170)
Information: Changed wire load model for 'DW01_cmp6_width5' from '(none)' to 'ZeroWireload'. (OPT-170)
Information: Changed wire load model for '*EQ_UNS_OP_4_5_1' from '(none)' to 'ZeroWireload'. (OPT-170)
Information: Changed wire load model for 'DW01_cmp6_width32' from '(none)' to 'ZeroWireload'. (OPT-170)
Information: Changed wire load model for '*EQ_UNS_OP_32_32_1' from '(none)' to 'ZeroWireload'. (OPT-170)
Information: Changed wire load model for 'DW01_cmp6_width4' from '(none)' to 'ZeroWireload'. (OPT-170)
Information: Changed wire load model for '*NE_UNS_OP_4_4_1' from '(none)' to 'ZeroWireload'. (OPT-170)
Information: Changed wire load model for 'DW01_cmp6_width32' from '(none)' to 'ZeroWireload'. (OPT-170)
Information: Changed wire load model for '*NE_UNS_OP_32_32_1' from '(none)' to 'ZeroWireload'. (OPT-170)
Information: Changed wire load model for 'DW01_cmp6_width5' from '(none)' to 'ZeroWireload'. (OPT-170)
Information: Changed wire load model for '*EQ_UNS_OP_4_5_1' from '(none)' to 'ZeroWireload'. (OPT-170)
Information: Changed wire load model for 'DW01_add_width32' from '(none)' to 'ZeroWireload'. (OPT-170)
Information: Changed wire load model for '*ADD_UNS_OP_32_1_32' from '(none)' to 'ZeroWireload'. (OPT-170)
Information: Changed wire load model for 'DW01_inc_width32' from '(none)' to 'ZeroWireload'. (OPT-170)
Information: Changed wire load model for '*ADD_UNS_OP_32_1_32' from '(none)' to 'ZeroWireload'. (OPT-170)
Information: Changed wire load model for 'DW02_mult_A_width28_B_width32' from '(none)' to 'ZeroWireload'. (OPT-170)
Information: Changed wire load model for '*MULT_UNS_OP_28_32_60' from '(none)' to 'ZeroWireload'. (OPT-170)
Information: Changed wire load model for 'DW01_add_width32' from '(none)' to 'ZeroWireload'. (OPT-170)
Information: Changed wire load model for '*ADD_UNS_OP_32_6_32' from '(none)' to 'ZeroWireload'. (OPT-170)
Information: Changed wire load model for 'DW01_add_width32' from '(none)' to 'ZeroWireload'. (OPT-170)
Information: Changed wire load model for '*ADD_UNS_OP_32_4_32' from '(none)' to 'ZeroWireload'. (OPT-170)
Information: Changed wire load model for 'DW01_inc_width32' from '(none)' to 'ZeroWireload'. (OPT-170)
Information: Changed wire load model for '*ADD_UNS_OP_32_1_32' from '(none)' to 'ZeroWireload'. (OPT-170)
Information: Changed wire load model for 'DW01_dec_width32' from '(none)' to 'ZeroWireload'. (OPT-170)
Information: Changed wire load model for '*SUB_UNS_OP_32_1_32' from '(none)' to 'ZeroWireload'. (OPT-170)
Information: Changed wire load model for 'DW01_sub_width7' from '(none)' to 'ZeroWireload'. (OPT-170)
Information: Changed wire load model for '*SUB_UNS_OP_7_7_7' from '(none)' to 'ZeroWireload'. (OPT-170)
Information: Changed wire load model for 'DW01_inc_width2' from '(none)' to 'ZeroWireload'. (OPT-170)
Information: Changed wire load model for '*ADD_UNS_OP_2_1_2' from '(none)' to 'ZeroWireload'. (OPT-170)
Information: Changed wire load model for 'DW01_add_width9' from '(none)' to 'ZeroWireload'. (OPT-170)
Information: Changed wire load model for '*ADD_UNS_OP_8_7_9' from '(none)' to 'ZeroWireload'. (OPT-170)
Information: Changed wire load model for 'DW01_add_width8' from '(none)' to 'ZeroWireload'. (OPT-170)
Information: Changed wire load model for '*ADD_UNS_OP_7_7_8' from '(none)' to 'ZeroWireload'. (OPT-170)
Information: Changed wire load model for 'DW01_cmp2_width9' from '(none)' to 'ZeroWireload'. (OPT-170)
Information: Changed wire load model for '*LT_UNS_OP_9_7_1' from '(none)' to 'ZeroWireload'. (OPT-170)
Information: Changed wire load model for 'DW01_cmp2_width9' from '(none)' to 'ZeroWireload'. (OPT-170)
Information: Changed wire load model for '*GT_UNS_OP_9_7_1' from '(none)' to 'ZeroWireload'. (OPT-170)
Information: Changed wire load model for 'DW01_inc_width2' from '(none)' to 'ZeroWireload'. (OPT-170)
Information: Changed wire load model for '*ADD_UNS_OP_2_1_2' from '(none)' to 'ZeroWireload'. (OPT-170)
Information: Changed wire load model for 'DW01_inc_width32' from '(none)' to 'ZeroWireload'. (OPT-170)
Information: Changed wire load model for '*ADD_UNS_OP_32_1_32' from '(none)' to 'ZeroWireload'. (OPT-170)
Information: Changed wire load model for 'DW01_inc_width32' from '(none)' to 'ZeroWireload'. (OPT-170)
Information: Changed wire load model for '*ADD_UNS_OP_32_1_32' from '(none)' to 'ZeroWireload'. (OPT-170)
Information: Changed wire load model for 'DW01_sub_width32' from '(none)' to 'ZeroWireload'. (OPT-170)
Information: Changed wire load model for '*SUB_UNS_OP_32_5_32' from '(none)' to 'ZeroWireload'. (OPT-170)
Information: Changed wire load model for 'DW01_inc_width32' from '(none)' to 'ZeroWireload'. (OPT-170)
Information: Changed wire load model for '*ADD_UNS_OP_32_1_32' from '(none)' to 'ZeroWireload'. (OPT-170)
Information: Changed wire load model for 'DW01_inc_width32' from '(none)' to 'ZeroWireload'. (OPT-170)
Information: Changed wire load model for '*ADD_UNS_OP_32_1_32' from '(none)' to 'ZeroWireload'. (OPT-170)
Information: Changed wire load model for 'DW02_mult_A_width32_B_width32' from '(none)' to 'ZeroWireload'. (OPT-170)
Information: Changed wire load model for '*MULT_UNS_OP_32_32_64' from '(none)' to 'ZeroWireload'. (OPT-170)
Information: Changed wire load model for 'DW01_inc_width64' from '(none)' to 'ZeroWireload'. (OPT-170)
Information: Changed wire load model for '*ADD_UNS_OP_64_1_64' from '(none)' to 'ZeroWireload'. (OPT-170)
Information: Changed wire load model for 'DW01_add_width32' from '(none)' to 'ZeroWireload'. (OPT-170)
Information: Changed wire load model for '*ADD_UNS_OP_32_6_32' from '(none)' to 'ZeroWireload'. (OPT-170)
Information: Changed wire load model for 'DW02_mult_A_width28_B_width32' from '(none)' to 'ZeroWireload'. (OPT-170)
Information: Changed wire load model for '*MULT_UNS_OP_28_32_60' from '(none)' to 'ZeroWireload'. (OPT-170)
Information: Changed wire load model for 'DW01_dec_width32' from '(none)' to 'ZeroWireload'. (OPT-170)
Information: Changed wire load model for '*SUB_UNS_OP_32_1_32' from '(none)' to 'ZeroWireload'. (OPT-170)
Information: Changed wire load model for 'DW01_dec_width5' from '(none)' to 'ZeroWireload'. (OPT-170)
Information: Changed wire load model for '*SUB_UNS_OP_5_1_5' from '(none)' to 'ZeroWireload'. (OPT-170)
Information: Changed wire load model for 'DW01_add_width32' from '(none)' to 'ZeroWireload'. (OPT-170)
Information: Changed wire load model for '*ADD_UNS_OP_32_4_32' from '(none)' to 'ZeroWireload'. (OPT-170)
Information: Changed wire load model for 'DW01_inc_width4' from '(none)' to 'ZeroWireload'. (OPT-170)
Information: Changed wire load model for '*ADD_UNS_OP_4_1_4' from '(none)' to 'ZeroWireload'. (OPT-170)
Information: Changed wire load model for 'DW01_inc_width32' from '(none)' to 'ZeroWireload'. (OPT-170)
Information: Changed wire load model for '*ADD_UNS_OP_32_1_32' from '(none)' to 'ZeroWireload'. (OPT-170)
Information: Changed wire load model for 'DW01_inc_width5' from '(none)' to 'ZeroWireload'. (OPT-170)
Information: Changed wire load model for '*ADD_UNS_OP_5_1_5' from '(none)' to 'ZeroWireload'. (OPT-170)
Information: Changed wire load model for 'DW01_sub_width32' from '(none)' to 'ZeroWireload'. (OPT-170)
Information: Changed wire load model for '*SUB_UNS_OP_32_5_32' from '(none)' to 'ZeroWireload'. (OPT-170)
Information: Changed wire load model for 'DW01_sub_width32' from '(none)' to 'ZeroWireload'. (OPT-170)
Information: Changed wire load model for '*SUB_UNS_OP_32_5_32' from '(none)' to 'ZeroWireload'. (OPT-170)
Information: Changed wire load model for 'DW01_inc_width32' from '(none)' to 'ZeroWireload'. (OPT-170)
Information: Changed wire load model for '*ADD_UNS_OP_32_1_32' from '(none)' to 'ZeroWireload'. (OPT-170)
Information: Changed wire load model for 'DW01_inc_width64' from '(none)' to 'ZeroWireload'. (OPT-170)
Information: Changed wire load model for '*ADD_UNS_OP_64_1_64' from '(none)' to 'ZeroWireload'. (OPT-170)
Information: Changed wire load model for 'DW01_inc_width64' from '(none)' to 'ZeroWireload'. (OPT-170)
Information: Changed wire load model for '*ADD_UNS_OP_64_1_64' from '(none)' to 'ZeroWireload'. (OPT-170)
Information: Changed wire load model for 'DW01_inc_width64' from '(none)' to 'ZeroWireload'. (OPT-170)
Information: Changed wire load model for '*ADD_UNS_OP_64_1_64' from '(none)' to 'ZeroWireload'. (OPT-170)
Information: Changed wire load model for 'DW01_inc_width64' from '(none)' to 'ZeroWireload'. (OPT-170)
Information: Changed wire load model for '*ADD_UNS_OP_64_1_64' from '(none)' to 'ZeroWireload'. (OPT-170)
Information: Changed wire load model for 'DW01_dec_width5' from '(none)' to 'ZeroWireload'. (OPT-170)
Information: Changed wire load model for '*SUB_UNS_OP_5_1_5' from '(none)' to 'ZeroWireload'. (OPT-170)
Information: Changed wire load model for 'DW01_dec_width32' from '(none)' to 'ZeroWireload'. (OPT-170)
Information: Changed wire load model for '*SUB_UNS_OP_32_1_32' from '(none)' to 'ZeroWireload'. (OPT-170)
Information: Changed wire load model for 'DW01_dec_width32' from '(none)' to 'ZeroWireload'. (OPT-170)
Information: Changed wire load model for '*SUB_UNS_OP_32_1_32' from '(none)' to 'ZeroWireload'. (OPT-170)
Information: Changed wire load model for 'DW01_dec_width5' from '(none)' to 'ZeroWireload'. (OPT-170)
Information: Changed wire load model for '*SUB_UNS_OP_5_1_5' from '(none)' to 'ZeroWireload'. (OPT-170)
Information: Changed wire load model for 'DW01_cmp6_width5' from '(none)' to 'ZeroWireload'. (OPT-170)
Information: Changed wire load model for '*EQ_UNS_OP_5_5_1' from '(none)' to 'ZeroWireload'. (OPT-170)
Information: Changed wire load model for 'DW01_cmp6_width32' from '(none)' to 'ZeroWireload'. (OPT-170)
Information: Changed wire load model for '*EQ_UNS_OP_32_32_1' from '(none)' to 'ZeroWireload'. (OPT-170)
Information: Changed wire load model for 'DW01_cmp2_width5' from '(none)' to 'ZeroWireload'. (OPT-170)
Information: Changed wire load model for '*LT_UNS_OP_5_5_1' from '(none)' to 'ZeroWireload'. (OPT-170)
Information: Changed wire load model for 'DW01_add_width8' from '(none)' to 'ZeroWireload'. (OPT-170)
Information: Changed wire load model for '*ADD_UNS_OP_8_3_8' from '(none)' to 'ZeroWireload'. (OPT-170)
Information: Changed wire load model for 'DW01_add_width9' from '(none)' to 'ZeroWireload'. (OPT-170)
Information: Changed wire load model for '*ADD_UNS_OP_4_9_9' from '(none)' to 'ZeroWireload'. (OPT-170)
Information: Changed wire load model for 'DW01_cmp2_width8' from '(none)' to 'ZeroWireload'. (OPT-170)
Information: Changed wire load model for '*LT_TC_OP_8_6_1' from '(none)' to 'ZeroWireload'. (OPT-170)
Information: Changed wire load model for 'DW01_cmp2_width8' from '(none)' to 'ZeroWireload'. (OPT-170)
Information: Changed wire load model for '*GT_TC_OP_8_6_1' from '(none)' to 'ZeroWireload'. (OPT-170)
Information: Changed wire load model for 'DW01_cmp2_width8' from '(none)' to 'ZeroWireload'. (OPT-170)
Information: Changed wire load model for '*LT_TC_OP_8_4_1' from '(none)' to 'ZeroWireload'. (OPT-170)
Information: Changed wire load model for 'DW01_cmp2_width8' from '(none)' to 'ZeroWireload'. (OPT-170)
Information: Changed wire load model for '*GT_TC_OP_8_4_1' from '(none)' to 'ZeroWireload'. (OPT-170)
Information: Changed wire load model for 'DW01_cmp6_width8' from '(none)' to 'ZeroWireload'. (OPT-170)
Information: Changed wire load model for '*EQ_UNS_OP_1_8_1' from '(none)' to 'ZeroWireload'. (OPT-170)
Information: Changed wire load model for 'DW01_cmp6_width8' from '(none)' to 'ZeroWireload'. (OPT-170)
Information: Changed wire load model for '*EQ_UNS_OP_1_8_1' from '(none)' to 'ZeroWireload'. (OPT-170)
Information: Changed wire load model for 'DW01_cmp6_width8' from '(none)' to 'ZeroWireload'. (OPT-170)
Information: Changed wire load model for '*EQ_UNS_OP_2_8_1' from '(none)' to 'ZeroWireload'. (OPT-170)
Information: Changed wire load model for 'DW01_cmp6_width8' from '(none)' to 'ZeroWireload'. (OPT-170)
Information: Changed wire load model for '*EQ_UNS_OP_2_8_1' from '(none)' to 'ZeroWireload'. (OPT-170)
Information: Changed wire load model for 'DW01_cmp6_width8' from '(none)' to 'ZeroWireload'. (OPT-170)
Information: Changed wire load model for '*EQ_UNS_OP_3_8_1' from '(none)' to 'ZeroWireload'. (OPT-170)
Information: Changed wire load model for 'DW01_cmp6_width8' from '(none)' to 'ZeroWireload'. (OPT-170)
Information: Changed wire load model for '*EQ_UNS_OP_3_8_1' from '(none)' to 'ZeroWireload'. (OPT-170)
Information: Changed wire load model for 'DW01_cmp6_width8' from '(none)' to 'ZeroWireload'. (OPT-170)
Information: Changed wire load model for '*EQ_UNS_OP_3_8_1' from '(none)' to 'ZeroWireload'. (OPT-170)
Information: Changed wire load model for 'DW01_cmp6_width8' from '(none)' to 'ZeroWireload'. (OPT-170)
Information: Changed wire load model for '*EQ_UNS_OP_3_8_1' from '(none)' to 'ZeroWireload'. (OPT-170)
Information: Changed wire load model for 'DW01_cmp6_width8' from '(none)' to 'ZeroWireload'. (OPT-170)
Information: Changed wire load model for '*EQ_UNS_OP_4_8_1' from '(none)' to 'ZeroWireload'. (OPT-170)
Information: Changed wire load model for 'DW01_cmp6_width8' from '(none)' to 'ZeroWireload'. (OPT-170)
Information: Changed wire load model for '*EQ_UNS_OP_4_8_1' from '(none)' to 'ZeroWireload'. (OPT-170)
Information: Changed wire load model for 'DW01_cmp6_width8' from '(none)' to 'ZeroWireload'. (OPT-170)
Information: Changed wire load model for '*EQ_UNS_OP_4_8_1' from '(none)' to 'ZeroWireload'. (OPT-170)
Information: Changed wire load model for 'DW01_cmp6_width32' from '(none)' to 'ZeroWireload'. (OPT-170)
Information: Changed wire load model for '*NE_UNS_OP_32_5_1' from '(none)' to 'ZeroWireload'. (OPT-170)
Information: Changed wire load model for 'DW01_cmp6_width32' from '(none)' to 'ZeroWireload'. (OPT-170)
Information: Changed wire load model for '*EQ_UNS_OP_32_32_1' from '(none)' to 'ZeroWireload'. (OPT-170)
Information: Changed wire load model for 'DW01_cmp6_width4' from '(none)' to 'ZeroWireload'. (OPT-170)
Information: Changed wire load model for '*NE_UNS_OP_4_4_1' from '(none)' to 'ZeroWireload'. (OPT-170)
Information: Changed wire load model for 'DW01_cmp6_width32' from '(none)' to 'ZeroWireload'. (OPT-170)
Information: Changed wire load model for '*NE_UNS_OP_32_32_1' from '(none)' to 'ZeroWireload'. (OPT-170)
Information: Changed wire load model for 'DW01_cmp6_width32' from '(none)' to 'ZeroWireload'. (OPT-170)
Information: Changed wire load model for '*EQ_UNS_OP_32_32_1' from '(none)' to 'ZeroWireload'. (OPT-170)
Information: Changed wire load model for 'DW01_cmp6_width5' from '(none)' to 'ZeroWireload'. (OPT-170)
Information: Changed wire load model for '*EQ_UNS_OP_5_5_1' from '(none)' to 'ZeroWireload'. (OPT-170)
Information: Changed wire load model for 'DW01_cmp2_width5' from '(none)' to 'ZeroWireload'. (OPT-170)
Information: Changed wire load model for '*GEQ_UNS_OP_5_5_1' from '(none)' to 'ZeroWireload'. (OPT-170)
Information: Changed wire load model for 'DW01_add_width5' from '(none)' to 'ZeroWireload'. (OPT-170)
Information: Changed wire load model for '*ADD_UNS_OP_5_4_5' from '(none)' to 'ZeroWireload'. (OPT-170)
Information: Changed wire load model for 'DW01_add_width5' from '(none)' to 'ZeroWireload'. (OPT-170)
Information: Changed wire load model for '*ADD_UNS_OP_5_3_5' from '(none)' to 'ZeroWireload'. (OPT-170)
Information: Changed wire load model for 'DW01_dec_width32' from '(none)' to 'ZeroWireload'. (OPT-170)
Information: Changed wire load model for '*SUB_UNS_OP_32_1_32' from '(none)' to 'ZeroWireload'. (OPT-170)
Information: Changed wire load model for 'DW01_dec_width32' from '(none)' to 'ZeroWireload'. (OPT-170)
Information: Changed wire load model for '*SUB_UNS_OP_32_1_32' from '(none)' to 'ZeroWireload'. (OPT-170)
Information: Changed wire load model for 'DW01_sub_width32' from '(none)' to 'ZeroWireload'. (OPT-170)
Information: Changed wire load model for '*SUB_UNS_OP_32_1_32' from '(none)' to 'ZeroWireload'. (OPT-170)
Information: Changed wire load model for 'DW01_add_width35' from '(none)' to 'ZeroWireload'. (OPT-170)
Information: Changed wire load model for '*ADD_UNS_OP_34_3_35' from '(none)' to 'ZeroWireload'. (OPT-170)
Information: Changed wire load model for 'DW01_sub_width5' from '(none)' to 'ZeroWireload'. (OPT-170)
Information: Changed wire load model for '*SUB_UNS_OP_5_3_5' from '(none)' to 'ZeroWireload'. (OPT-170)
Information: Changed wire load model for 'DW01_ash_A_width16_SH_width5' from '(none)' to 'ZeroWireload'. (OPT-170)
Information: Changed wire load model for '*ASH_UNS_UNS_OP_16_5_16' from '(none)' to 'ZeroWireload'. (OPT-170)
Information: Changed wire load model for 'DW01_ash_A_width16_SH_width5' from '(none)' to 'ZeroWireload'. (OPT-170)
Information: Changed wire load model for '*ASH_UNS_UNS_OP_16_5_16' from '(none)' to 'ZeroWireload'. (OPT-170)
Information: Changed wire load model for 'DW01_cmp2_width5' from '(none)' to 'ZeroWireload'. (OPT-170)
Information: Changed wire load model for '*LT_UNS_OP_5_4_1' from '(none)' to 'ZeroWireload'. (OPT-170)
Information: Changed wire load model for 'DW01_add_width5' from '(none)' to 'ZeroWireload'. (OPT-170)
Information: Changed wire load model for '*ADD_UNS_OP_5_4_5' from '(none)' to 'ZeroWireload'. (OPT-170)
Information: Changed wire load model for 'DW01_add_width5' from '(none)' to 'ZeroWireload'. (OPT-170)
Information: Changed wire load model for '*ADD_UNS_OP_5_2_5' from '(none)' to 'ZeroWireload'. (OPT-170)
Information: Changed wire load model for 'DW01_dec_width32' from '(none)' to 'ZeroWireload'. (OPT-170)
Information: Changed wire load model for '*SUB_UNS_OP_32_1_32' from '(none)' to 'ZeroWireload'. (OPT-170)
Information: Changed wire load model for 'DW01_dec_width32' from '(none)' to 'ZeroWireload'. (OPT-170)
Information: Changed wire load model for '*SUB_UNS_OP_32_1_32' from '(none)' to 'ZeroWireload'. (OPT-170)
Information: Changed wire load model for 'DW01_add_width35' from '(none)' to 'ZeroWireload'. (OPT-170)
Information: Changed wire load model for '*ADD_UNS_OP_35_3_35' from '(none)' to 'ZeroWireload'. (OPT-170)
Information: Changed wire load model for 'DW01_sub_width32' from '(none)' to 'ZeroWireload'. (OPT-170)
Information: Changed wire load model for '*SUB_UNS_OP_32_1_32' from '(none)' to 'ZeroWireload'. (OPT-170)
Information: Changed wire load model for 'DW02_mult_A_width32_B_width3' from '(none)' to 'ZeroWireload'. (OPT-170)
Information: Changed wire load model for '*MULT_UNS_OP_32_3_35' from '(none)' to 'ZeroWireload'. (OPT-170)
Information: Changed wire load model for 'DW01_sub_width5' from '(none)' to 'ZeroWireload'. (OPT-170)
Information: Changed wire load model for '*SUB_UNS_OP_5_3_5' from '(none)' to 'ZeroWireload'. (OPT-170)
Information: Changed wire load model for 'DW01_ash_A_width16_SH_width5' from '(none)' to 'ZeroWireload'. (OPT-170)
Information: Changed wire load model for '*ASH_UNS_UNS_OP_16_5_16' from '(none)' to 'ZeroWireload'. (OPT-170)
Information: Changed wire load model for 'DW01_ash_A_width16_SH_width5' from '(none)' to 'ZeroWireload'. (OPT-170)
Information: Changed wire load model for '*ASH_UNS_UNS_OP_16_5_16' from '(none)' to 'ZeroWireload'. (OPT-170)
Information: Changed wire load model for 'DW01_cmp2_width5' from '(none)' to 'ZeroWireload'. (OPT-170)
Information: Changed wire load model for '*LT_UNS_OP_5_4_1' from '(none)' to 'ZeroWireload'. (OPT-170)
Information: Changed wire load model for 'DW01_cmp2_width5' from '(none)' to 'ZeroWireload'. (OPT-170)
Information: Changed wire load model for '*GT_UNS_OP_5_3_1' from '(none)' to 'ZeroWireload'. (OPT-170)
Information: Changed wire load model for 'DW01_inc_width32' from '(none)' to 'ZeroWireload'. (OPT-170)
Information: Changed wire load model for '*ADD_UNS_OP_32_1_32' from '(none)' to 'ZeroWireload'. (OPT-170)
Information: Changed wire load model for 'DW01_dec_width32' from '(none)' to 'ZeroWireload'. (OPT-170)
Information: Changed wire load model for '*SUB_UNS_OP_32_1_32' from '(none)' to 'ZeroWireload'. (OPT-170)
Information: Changed wire load model for 'DW01_sub_width32' from '(none)' to 'ZeroWireload'. (OPT-170)
Information: Changed wire load model for '*SUB_UNS_OP_32_1_32' from '(none)' to 'ZeroWireload'. (OPT-170)
Information: Changed wire load model for 'DW01_add_width5' from '(none)' to 'ZeroWireload'. (OPT-170)
Information: Changed wire load model for '*ADD_UNS_OP_5_4_5' from '(none)' to 'ZeroWireload'. (OPT-170)
Information: Changed wire load model for 'DW01_sub_width5' from '(none)' to 'ZeroWireload'. (OPT-170)
Information: Changed wire load model for '*SUB_UNS_OP_5_3_5' from '(none)' to 'ZeroWireload'. (OPT-170)
Information: Changed wire load model for 'DW01_dec_width32' from '(none)' to 'ZeroWireload'. (OPT-170)
Information: Changed wire load model for '*SUB_UNS_OP_32_1_32' from '(none)' to 'ZeroWireload'. (OPT-170)
Information: Changed wire load model for 'DW01_add_width5' from '(none)' to 'ZeroWireload'. (OPT-170)
Information: Changed wire load model for '*ADD_UNS_OP_5_4_5' from '(none)' to 'ZeroWireload'. (OPT-170)
Information: Changed wire load model for 'DW01_inc_width4' from '(none)' to 'ZeroWireload'. (OPT-170)
Information: Changed wire load model for '*ADD_UNS_OP_4_1_4' from '(none)' to 'ZeroWireload'. (OPT-170)
Information: Changed wire load model for 'DW01_add_width32' from '(none)' to 'ZeroWireload'. (OPT-170)
Information: Changed wire load model for '*ADD_UNS_OP_32_4_32' from '(none)' to 'ZeroWireload'. (OPT-170)
Information: Changed wire load model for 'DW01_add_width10' from '(none)' to 'ZeroWireload'. (OPT-170)
Information: Changed wire load model for '*ADD_UNS_OP_10_8_10' from '(none)' to 'ZeroWireload'. (OPT-170)
Information: Changed wire load model for 'DW01_sub_width5' from '(none)' to 'ZeroWireload'. (OPT-170)
Information: Changed wire load model for '*SUB_UNS_OP_5_3_5' from '(none)' to 'ZeroWireload'. (OPT-170)
Information: Changed wire load model for 'DW01_dec_width8' from '(none)' to 'ZeroWireload'. (OPT-170)
Information: Changed wire load model for '*SUB_UNS_OP_8_1_8' from '(none)' to 'ZeroWireload'. (OPT-170)
Information: Changed wire load model for 'DW01_ash_A_width8_SH_width3' from '(none)' to 'ZeroWireload'. (OPT-170)
Information: Changed wire load model for '*ASH_UNS_UNS_OP_8_3_8' from '(none)' to 'ZeroWireload'. (OPT-170)
Information: Changed wire load model for 'DW01_ash_A_width24_SH_width5' from '(none)' to 'ZeroWireload'. (OPT-170)
Information: Changed wire load model for '*ASH_UNS_UNS_OP_24_5_24' from '(none)' to 'ZeroWireload'. (OPT-170)
Information: Changed wire load model for 'DW01_ash_A_width24_SH_width5' from '(none)' to 'ZeroWireload'. (OPT-170)
Information: Changed wire load model for '*ASH_UNS_UNS_OP_24_5_24' from '(none)' to 'ZeroWireload'. (OPT-170)
Information: Changed wire load model for 'DW01_cmp6_width32' from '(none)' to 'ZeroWireload'. (OPT-170)
Information: Changed wire load model for '*NE_UNS_OP_32_32_1' from '(none)' to 'ZeroWireload'. (OPT-170)
Information: Changed wire load model for 'DW01_cmp2_width10' from '(none)' to 'ZeroWireload'. (OPT-170)
Information: Changed wire load model for '*LT_TC_OP_10_6_1' from '(none)' to 'ZeroWireload'. (OPT-170)
Information: Changed wire load model for 'DW01_cmp2_width10' from '(none)' to 'ZeroWireload'. (OPT-170)
Information: Changed wire load model for '*GT_TC_OP_10_1_1' from '(none)' to 'ZeroWireload'. (OPT-170)
Information: Changed wire load model for 'DW01_cmp6_width32' from '(none)' to 'ZeroWireload'. (OPT-170)
Information: Changed wire load model for '*NE_UNS_OP_32_32_1' from '(none)' to 'ZeroWireload'. (OPT-170)
Information: Changed wire load model for 'DW01_cmp2_width3' from '(none)' to 'ZeroWireload'. (OPT-170)
Information: Changed wire load model for '*GT_UNS_OP_3_3_1' from '(none)' to 'ZeroWireload'. (OPT-170)
Information: Changed wire load model for 'DW_rash_A_width24_SH_width3' from '(none)' to 'ZeroWireload'. (OPT-170)
Information: Changed wire load model for '*ASHR_UNS_UNS_OP_24_3_24' from '(none)' to 'ZeroWireload'. (OPT-170)
Information: Changed wire load model for 'DW01_cmp2_width5' from '(none)' to 'ZeroWireload'. (OPT-170)
Information: Changed wire load model for '*LT_UNS_OP_5_5_1' from '(none)' to 'ZeroWireload'. (OPT-170)
Information: Changed wire load model for 'DW01_cmp2_width5' from '(none)' to 'ZeroWireload'. (OPT-170)
Information: Changed wire load model for '*GEQ_UNS_OP_5_5_1' from '(none)' to 'ZeroWireload'. (OPT-170)
Information: Changed wire load model for 'DW01_cmp2_width5' from '(none)' to 'ZeroWireload'. (OPT-170)
Information: Changed wire load model for '*LT_UNS_OP_5_5_1' from '(none)' to 'ZeroWireload'. (OPT-170)
Information: Changed wire load model for 'DW01_inc_width32' from '(none)' to 'ZeroWireload'. (OPT-170)
Information: Changed wire load model for '*ADD_UNS_OP_32_1_32' from '(none)' to 'ZeroWireload'. (OPT-170)
Information: Changed wire load model for 'DW01_dec_width32' from '(none)' to 'ZeroWireload'. (OPT-170)
Information: Changed wire load model for '*SUB_UNS_OP_32_1_32' from '(none)' to 'ZeroWireload'. (OPT-170)
Information: Changed wire load model for 'DW01_add_width5' from '(none)' to 'ZeroWireload'. (OPT-170)
Information: Changed wire load model for '*ADD_UNS_OP_5_4_5' from '(none)' to 'ZeroWireload'. (OPT-170)
Information: Changed wire load model for 'DW01_add_width5' from '(none)' to 'ZeroWireload'. (OPT-170)
Information: Changed wire load model for '*ADD_UNS_OP_5_3_5' from '(none)' to 'ZeroWireload'. (OPT-170)
Information: Changed wire load model for 'DW01_dec_width32' from '(none)' to 'ZeroWireload'. (OPT-170)
Information: Changed wire load model for '*SUB_UNS_OP_32_1_32' from '(none)' to 'ZeroWireload'. (OPT-170)
Information: Changed wire load model for 'DW01_dec_width32' from '(none)' to 'ZeroWireload'. (OPT-170)
Information: Changed wire load model for '*SUB_UNS_OP_32_1_32' from '(none)' to 'ZeroWireload'. (OPT-170)
Information: Changed wire load model for 'DW01_add_width34' from '(none)' to 'ZeroWireload'. (OPT-170)
Information: Changed wire load model for '*ADD_UNS_OP_34_3_34' from '(none)' to 'ZeroWireload'. (OPT-170)
Information: Changed wire load model for 'DW01_sub_width32' from '(none)' to 'ZeroWireload'. (OPT-170)
Information: Changed wire load model for '*SUB_UNS_OP_32_1_32' from '(none)' to 'ZeroWireload'. (OPT-170)
Information: Changed wire load model for 'DW02_mult_A_width32_B_width2' from '(none)' to 'ZeroWireload'. (OPT-170)
Information: Changed wire load model for '*MULT_UNS_OP_32_2_34' from '(none)' to 'ZeroWireload'. (OPT-170)
Information: Changed wire load model for 'DW01_sub_width5' from '(none)' to 'ZeroWireload'. (OPT-170)
Information: Changed wire load model for '*SUB_UNS_OP_5_2_5' from '(none)' to 'ZeroWireload'. (OPT-170)
Information: Changed wire load model for 'DW01_ash_A_width16_SH_width5' from '(none)' to 'ZeroWireload'. (OPT-170)
Information: Changed wire load model for '*ASH_UNS_UNS_OP_16_5_16' from '(none)' to 'ZeroWireload'. (OPT-170)
Information: Changed wire load model for 'DW01_ash_A_width16_SH_width5' from '(none)' to 'ZeroWireload'. (OPT-170)
Information: Changed wire load model for '*ASH_UNS_UNS_OP_16_5_16' from '(none)' to 'ZeroWireload'. (OPT-170)
Information: Changed wire load model for 'DW01_cmp2_width5' from '(none)' to 'ZeroWireload'. (OPT-170)
Information: Changed wire load model for '*LT_UNS_OP_5_4_1' from '(none)' to 'ZeroWireload'. (OPT-170)
Information: Changed wire load model for 'DW01_cmp2_width5' from '(none)' to 'ZeroWireload'. (OPT-170)
Information: Changed wire load model for '*GT_UNS_OP_5_2_1' from '(none)' to 'ZeroWireload'. (OPT-170)
Information: Changed wire load model for 'DW01_add_width5' from '(none)' to 'ZeroWireload'. (OPT-170)
Information: Changed wire load model for '*ADD_UNS_OP_5_4_5' from '(none)' to 'ZeroWireload'. (OPT-170)
Information: Changed wire load model for 'DW01_add_width5' from '(none)' to 'ZeroWireload'. (OPT-170)
Information: Changed wire load model for '*ADD_UNS_OP_5_3_5' from '(none)' to 'ZeroWireload'. (OPT-170)
Information: Changed wire load model for 'DW01_dec_width32' from '(none)' to 'ZeroWireload'. (OPT-170)
Information: Changed wire load model for '*SUB_UNS_OP_32_1_32' from '(none)' to 'ZeroWireload'. (OPT-170)
Information: Changed wire load model for 'DW01_dec_width32' from '(none)' to 'ZeroWireload'. (OPT-170)
Information: Changed wire load model for '*SUB_UNS_OP_32_1_32' from '(none)' to 'ZeroWireload'. (OPT-170)
Information: Changed wire load model for 'DW01_sub_width32' from '(none)' to 'ZeroWireload'. (OPT-170)
Information: Changed wire load model for '*SUB_UNS_OP_32_1_32' from '(none)' to 'ZeroWireload'. (OPT-170)
Information: Changed wire load model for 'DW01_add_width35' from '(none)' to 'ZeroWireload'. (OPT-170)
Information: Changed wire load model for '*ADD_UNS_OP_34_3_35' from '(none)' to 'ZeroWireload'. (OPT-170)
Information: Changed wire load model for 'DW01_sub_width5' from '(none)' to 'ZeroWireload'. (OPT-170)
Information: Changed wire load model for '*SUB_UNS_OP_5_3_5' from '(none)' to 'ZeroWireload'. (OPT-170)
Information: Changed wire load model for 'DW01_ash_A_width16_SH_width5' from '(none)' to 'ZeroWireload'. (OPT-170)
Information: Changed wire load model for '*ASH_UNS_UNS_OP_16_5_16' from '(none)' to 'ZeroWireload'. (OPT-170)
Information: Changed wire load model for 'DW01_ash_A_width16_SH_width5' from '(none)' to 'ZeroWireload'. (OPT-170)
Information: Changed wire load model for '*ASH_UNS_UNS_OP_16_5_16' from '(none)' to 'ZeroWireload'. (OPT-170)
Information: Changed wire load model for 'DW01_cmp2_width5' from '(none)' to 'ZeroWireload'. (OPT-170)
Information: Changed wire load model for '*LT_UNS_OP_5_4_1' from '(none)' to 'ZeroWireload'. (OPT-170)
Information: Changed wire load model for 'DW01_cmp2_width3' from '(none)' to 'ZeroWireload'. (OPT-170)
Information: Changed wire load model for '*GT_UNS_OP_3_3_1' from '(none)' to 'ZeroWireload'. (OPT-170)
Information: Changed wire load model for 'DW01_cmp6_width60' from '(none)' to 'ZeroWireload'. (OPT-170)
Information: Changed wire load model for '*EQ_UNS_OP_32_60_1' from '(none)' to 'ZeroWireload'. (OPT-170)
Information: Changed wire load model for 'DW01_cmp6_width32' from '(none)' to 'ZeroWireload'. (OPT-170)
Information: Changed wire load model for '*NE_UNS_OP_32_32_1' from '(none)' to 'ZeroWireload'. (OPT-170)
Information: Changed wire load model for 'DW01_cmp6_width32' from '(none)' to 'ZeroWireload'. (OPT-170)
Information: Changed wire load model for '*NE_UNS_OP_32_32_1' from '(none)' to 'ZeroWireload'. (OPT-170)
Information: Changed wire load model for 'DW01_cmp6_width64' from '(none)' to 'ZeroWireload'. (OPT-170)
Information: Changed wire load model for '*NE_UNS_OP_64_64_1' from '(none)' to 'ZeroWireload'. (OPT-170)
Information: Changed wire load model for 'DW01_cmp6_width32' from '(none)' to 'ZeroWireload'. (OPT-170)
Information: Changed wire load model for '*EQ_UNS_OP_32_32_1' from '(none)' to 'ZeroWireload'. (OPT-170)
Information: Changed wire load model for 'DW01_cmp6_width5' from '(none)' to 'ZeroWireload'. (OPT-170)
Information: Changed wire load model for '*EQ_UNS_OP_4_5_1' from '(none)' to 'ZeroWireload'. (OPT-170)
Information: Changed wire load model for 'DW01_inc_width2' from '(none)' to 'ZeroWireload'. (OPT-170)
Information: Changed wire load model for '*ADD_UNS_OP_2_1_2' from '(none)' to 'ZeroWireload'. (OPT-170)
Information: Changed wire load model for 'DW01_inc_width32' from '(none)' to 'ZeroWireload'. (OPT-170)
Information: Changed wire load model for '*ADD_UNS_OP_32_1_32' from '(none)' to 'ZeroWireload'. (OPT-170)
Information: Changed wire load model for 'DW01_inc_width32' from '(none)' to 'ZeroWireload'. (OPT-170)
Information: Changed wire load model for '*ADD_UNS_OP_32_1_32' from '(none)' to 'ZeroWireload'. (OPT-170)
Information: Changed wire load model for 'DW01_sub_width32' from '(none)' to 'ZeroWireload'. (OPT-170)
Information: Changed wire load model for '*SUB_UNS_OP_32_5_32' from '(none)' to 'ZeroWireload'. (OPT-170)
Information: Changed wire load model for 'DW01_inc_width32' from '(none)' to 'ZeroWireload'. (OPT-170)
Information: Changed wire load model for '*ADD_UNS_OP_32_1_32' from '(none)' to 'ZeroWireload'. (OPT-170)
Information: Changed wire load model for 'DW01_inc_width32' from '(none)' to 'ZeroWireload'. (OPT-170)
Information: Changed wire load model for '*ADD_UNS_OP_32_1_32' from '(none)' to 'ZeroWireload'. (OPT-170)
Information: Changed wire load model for 'DW02_mult_A_width32_B_width32' from '(none)' to 'ZeroWireload'. (OPT-170)
Information: Changed wire load model for '*MULT_UNS_OP_32_32_64' from '(none)' to 'ZeroWireload'. (OPT-170)
Information: Changed wire load model for 'DW01_inc_width64' from '(none)' to 'ZeroWireload'. (OPT-170)
Information: Changed wire load model for '*ADD_UNS_OP_64_1_64' from '(none)' to 'ZeroWireload'. (OPT-170)
Information: Changed wire load model for 'DW01_add_width32' from '(none)' to 'ZeroWireload'. (OPT-170)
Information: Changed wire load model for '*ADD_UNS_OP_32_6_32' from '(none)' to 'ZeroWireload'. (OPT-170)
Information: Changed wire load model for 'DW02_mult_A_width28_B_width32' from '(none)' to 'ZeroWireload'. (OPT-170)
Information: Changed wire load model for '*MULT_UNS_OP_28_32_60' from '(none)' to 'ZeroWireload'. (OPT-170)
Information: Changed wire load model for 'DW01_dec_width32' from '(none)' to 'ZeroWireload'. (OPT-170)
Information: Changed wire load model for '*SUB_UNS_OP_32_1_32' from '(none)' to 'ZeroWireload'. (OPT-170)
Information: Changed wire load model for 'DW01_dec_width5' from '(none)' to 'ZeroWireload'. (OPT-170)
Information: Changed wire load model for '*SUB_UNS_OP_5_1_5' from '(none)' to 'ZeroWireload'. (OPT-170)
Information: Changed wire load model for 'DW01_add_width32' from '(none)' to 'ZeroWireload'. (OPT-170)
Information: Changed wire load model for '*ADD_UNS_OP_32_4_32' from '(none)' to 'ZeroWireload'. (OPT-170)
Information: Changed wire load model for 'DW01_inc_width4' from '(none)' to 'ZeroWireload'. (OPT-170)
Information: Changed wire load model for '*ADD_UNS_OP_4_1_4' from '(none)' to 'ZeroWireload'. (OPT-170)
Information: Changed wire load model for 'DW01_inc_width32' from '(none)' to 'ZeroWireload'. (OPT-170)
Information: Changed wire load model for '*ADD_UNS_OP_32_1_32' from '(none)' to 'ZeroWireload'. (OPT-170)
Information: Changed wire load model for 'DW01_inc_width5' from '(none)' to 'ZeroWireload'. (OPT-170)
Information: Changed wire load model for '*ADD_UNS_OP_5_1_5' from '(none)' to 'ZeroWireload'. (OPT-170)
Information: Changed wire load model for 'DW01_sub_width32' from '(none)' to 'ZeroWireload'. (OPT-170)
Information: Changed wire load model for '*SUB_UNS_OP_32_5_32' from '(none)' to 'ZeroWireload'. (OPT-170)
Information: Changed wire load model for 'DW01_sub_width32' from '(none)' to 'ZeroWireload'. (OPT-170)
Information: Changed wire load model for '*SUB_UNS_OP_32_5_32' from '(none)' to 'ZeroWireload'. (OPT-170)
Information: Changed wire load model for 'DW01_inc_width32' from '(none)' to 'ZeroWireload'. (OPT-170)
Information: Changed wire load model for '*ADD_UNS_OP_32_1_32' from '(none)' to 'ZeroWireload'. (OPT-170)
Information: Changed wire load model for 'DW01_inc_width64' from '(none)' to 'ZeroWireload'. (OPT-170)
Information: Changed wire load model for '*ADD_UNS_OP_64_1_64' from '(none)' to 'ZeroWireload'. (OPT-170)
Information: Changed wire load model for 'DW01_inc_width64' from '(none)' to 'ZeroWireload'. (OPT-170)
Information: Changed wire load model for '*ADD_UNS_OP_64_1_64' from '(none)' to 'ZeroWireload'. (OPT-170)
Information: Changed wire load model for 'DW01_inc_width64' from '(none)' to 'ZeroWireload'. (OPT-170)
Information: Changed wire load model for '*ADD_UNS_OP_64_1_64' from '(none)' to 'ZeroWireload'. (OPT-170)
Information: Changed wire load model for 'DW01_inc_width64' from '(none)' to 'ZeroWireload'. (OPT-170)
Information: Changed wire load model for '*ADD_UNS_OP_64_1_64' from '(none)' to 'ZeroWireload'. (OPT-170)
Information: Changed wire load model for 'DW01_dec_width5' from '(none)' to 'ZeroWireload'. (OPT-170)
Information: Changed wire load model for '*SUB_UNS_OP_5_1_5' from '(none)' to 'ZeroWireload'. (OPT-170)
Information: Changed wire load model for 'DW01_dec_width32' from '(none)' to 'ZeroWireload'. (OPT-170)
Information: Changed wire load model for '*SUB_UNS_OP_32_1_32' from '(none)' to 'ZeroWireload'. (OPT-170)
Information: Changed wire load model for 'DW01_dec_width32' from '(none)' to 'ZeroWireload'. (OPT-170)
Information: Changed wire load model for '*SUB_UNS_OP_32_1_32' from '(none)' to 'ZeroWireload'. (OPT-170)
Information: Changed wire load model for 'DW01_dec_width5' from '(none)' to 'ZeroWireload'. (OPT-170)
Information: Changed wire load model for '*SUB_UNS_OP_5_1_5' from '(none)' to 'ZeroWireload'. (OPT-170)
Information: Changed wire load model for 'DW01_cmp6_width5' from '(none)' to 'ZeroWireload'. (OPT-170)
Information: Changed wire load model for '*EQ_UNS_OP_5_5_1' from '(none)' to 'ZeroWireload'. (OPT-170)
Information: Changed wire load model for 'DW01_cmp6_width32' from '(none)' to 'ZeroWireload'. (OPT-170)
Information: Changed wire load model for '*EQ_UNS_OP_32_32_1' from '(none)' to 'ZeroWireload'. (OPT-170)
Information: Changed wire load model for 'DW01_cmp2_width5' from '(none)' to 'ZeroWireload'. (OPT-170)
Information: Changed wire load model for '*LT_UNS_OP_5_5_1' from '(none)' to 'ZeroWireload'. (OPT-170)
Information: Changed wire load model for 'DW01_add_width8' from '(none)' to 'ZeroWireload'. (OPT-170)
Information: Changed wire load model for '*ADD_UNS_OP_8_3_8' from '(none)' to 'ZeroWireload'. (OPT-170)
Information: Changed wire load model for 'DW01_add_width9' from '(none)' to 'ZeroWireload'. (OPT-170)
Information: Changed wire load model for '*ADD_UNS_OP_6_9_9' from '(none)' to 'ZeroWireload'. (OPT-170)
Information: Changed wire load model for 'DW01_cmp2_width8' from '(none)' to 'ZeroWireload'. (OPT-170)
Information: Changed wire load model for '*LT_TC_OP_8_8_1' from '(none)' to 'ZeroWireload'. (OPT-170)
Information: Changed wire load model for 'DW01_cmp2_width8' from '(none)' to 'ZeroWireload'. (OPT-170)
Information: Changed wire load model for '*GT_TC_OP_8_8_1' from '(none)' to 'ZeroWireload'. (OPT-170)
Information: Changed wire load model for 'DW01_cmp2_width8' from '(none)' to 'ZeroWireload'. (OPT-170)
Information: Changed wire load model for '*LT_TC_OP_8_4_1' from '(none)' to 'ZeroWireload'. (OPT-170)
Information: Changed wire load model for 'DW01_cmp2_width8' from '(none)' to 'ZeroWireload'. (OPT-170)
Information: Changed wire load model for '*GT_TC_OP_8_4_1' from '(none)' to 'ZeroWireload'. (OPT-170)
Information: Changed wire load model for 'DW01_cmp6_width8' from '(none)' to 'ZeroWireload'. (OPT-170)
Information: Changed wire load model for '*EQ_UNS_OP_1_8_1' from '(none)' to 'ZeroWireload'. (OPT-170)
Information: Changed wire load model for 'DW01_cmp6_width8' from '(none)' to 'ZeroWireload'. (OPT-170)
Information: Changed wire load model for '*EQ_UNS_OP_1_8_1' from '(none)' to 'ZeroWireload'. (OPT-170)
Information: Changed wire load model for 'DW01_cmp6_width8' from '(none)' to 'ZeroWireload'. (OPT-170)
Information: Changed wire load model for '*EQ_UNS_OP_2_8_1' from '(none)' to 'ZeroWireload'. (OPT-170)
Information: Changed wire load model for 'DW01_cmp6_width8' from '(none)' to 'ZeroWireload'. (OPT-170)
Information: Changed wire load model for '*EQ_UNS_OP_2_8_1' from '(none)' to 'ZeroWireload'. (OPT-170)
Information: Changed wire load model for 'DW01_cmp6_width8' from '(none)' to 'ZeroWireload'. (OPT-170)
Information: Changed wire load model for '*EQ_UNS_OP_3_8_1' from '(none)' to 'ZeroWireload'. (OPT-170)
Information: Changed wire load model for 'DW01_cmp6_width8' from '(none)' to 'ZeroWireload'. (OPT-170)
Information: Changed wire load model for '*EQ_UNS_OP_3_8_1' from '(none)' to 'ZeroWireload'. (OPT-170)
Information: Changed wire load model for 'DW01_cmp6_width8' from '(none)' to 'ZeroWireload'. (OPT-170)
Information: Changed wire load model for '*EQ_UNS_OP_3_8_1' from '(none)' to 'ZeroWireload'. (OPT-170)
Information: Changed wire load model for 'DW01_cmp6_width8' from '(none)' to 'ZeroWireload'. (OPT-170)
Information: Changed wire load model for '*EQ_UNS_OP_3_8_1' from '(none)' to 'ZeroWireload'. (OPT-170)
Information: Changed wire load model for 'DW01_cmp6_width8' from '(none)' to 'ZeroWireload'. (OPT-170)
Information: Changed wire load model for '*EQ_UNS_OP_4_8_1' from '(none)' to 'ZeroWireload'. (OPT-170)
Information: Changed wire load model for 'DW01_cmp6_width8' from '(none)' to 'ZeroWireload'. (OPT-170)
Information: Changed wire load model for '*EQ_UNS_OP_4_8_1' from '(none)' to 'ZeroWireload'. (OPT-170)
Information: Changed wire load model for 'DW01_cmp6_width8' from '(none)' to 'ZeroWireload'. (OPT-170)
Information: Changed wire load model for '*EQ_UNS_OP_4_8_1' from '(none)' to 'ZeroWireload'. (OPT-170)
Information: Changed wire load model for 'DW01_cmp6_width32' from '(none)' to 'ZeroWireload'. (OPT-170)
Information: Changed wire load model for '*NE_UNS_OP_32_5_1' from '(none)' to 'ZeroWireload'. (OPT-170)
Information: Changed wire load model for 'DW01_cmp6_width32' from '(none)' to 'ZeroWireload'. (OPT-170)
Information: Changed wire load model for '*EQ_UNS_OP_32_32_1' from '(none)' to 'ZeroWireload'. (OPT-170)
Information: Changed wire load model for 'DW01_cmp6_width4' from '(none)' to 'ZeroWireload'. (OPT-170)
Information: Changed wire load model for '*NE_UNS_OP_4_4_1' from '(none)' to 'ZeroWireload'. (OPT-170)
Information: Changed wire load model for 'DW01_cmp6_width32' from '(none)' to 'ZeroWireload'. (OPT-170)
Information: Changed wire load model for '*NE_UNS_OP_32_32_1' from '(none)' to 'ZeroWireload'. (OPT-170)
Information: Changed wire load model for 'DW01_cmp6_width32' from '(none)' to 'ZeroWireload'. (OPT-170)
Information: Changed wire load model for '*EQ_UNS_OP_32_32_1' from '(none)' to 'ZeroWireload'. (OPT-170)
Information: Changed wire load model for 'DW01_cmp6_width5' from '(none)' to 'ZeroWireload'. (OPT-170)
Information: Changed wire load model for '*EQ_UNS_OP_5_5_1' from '(none)' to 'ZeroWireload'. (OPT-170)
Information: Changed wire load model for 'DW01_cmp2_width5' from '(none)' to 'ZeroWireload'. (OPT-170)
Information: Changed wire load model for '*GEQ_UNS_OP_5_5_1' from '(none)' to 'ZeroWireload'. (OPT-170)
Information: Changed wire load model for 'DW01_add_width5' from '(none)' to 'ZeroWireload'. (OPT-170)
Information: Changed wire load model for '*ADD_UNS_OP_5_4_5' from '(none)' to 'ZeroWireload'. (OPT-170)
Information: Changed wire load model for 'DW01_add_width5' from '(none)' to 'ZeroWireload'. (OPT-170)
Information: Changed wire load model for '*ADD_UNS_OP_5_3_5' from '(none)' to 'ZeroWireload'. (OPT-170)
Information: Changed wire load model for 'DW01_dec_width32' from '(none)' to 'ZeroWireload'. (OPT-170)
Information: Changed wire load model for '*SUB_UNS_OP_32_1_32' from '(none)' to 'ZeroWireload'. (OPT-170)
Information: Changed wire load model for 'DW01_dec_width32' from '(none)' to 'ZeroWireload'. (OPT-170)
Information: Changed wire load model for '*SUB_UNS_OP_32_1_32' from '(none)' to 'ZeroWireload'. (OPT-170)
Information: Changed wire load model for 'DW01_sub_width32' from '(none)' to 'ZeroWireload'. (OPT-170)
Information: Changed wire load model for '*SUB_UNS_OP_32_1_32' from '(none)' to 'ZeroWireload'. (OPT-170)
Information: Changed wire load model for 'DW01_add_width35' from '(none)' to 'ZeroWireload'. (OPT-170)
Information: Changed wire load model for '*ADD_UNS_OP_34_3_35' from '(none)' to 'ZeroWireload'. (OPT-170)
Information: Changed wire load model for 'DW01_sub_width5' from '(none)' to 'ZeroWireload'. (OPT-170)
Information: Changed wire load model for '*SUB_UNS_OP_5_3_5' from '(none)' to 'ZeroWireload'. (OPT-170)
Information: Changed wire load model for 'DW01_ash_A_width16_SH_width5' from '(none)' to 'ZeroWireload'. (OPT-170)
Information: Changed wire load model for '*ASH_UNS_UNS_OP_16_5_16' from '(none)' to 'ZeroWireload'. (OPT-170)
Information: Changed wire load model for 'DW01_ash_A_width16_SH_width5' from '(none)' to 'ZeroWireload'. (OPT-170)
Information: Changed wire load model for '*ASH_UNS_UNS_OP_16_5_16' from '(none)' to 'ZeroWireload'. (OPT-170)
Information: Changed wire load model for 'DW01_cmp2_width5' from '(none)' to 'ZeroWireload'. (OPT-170)
Information: Changed wire load model for '*LT_UNS_OP_5_4_1' from '(none)' to 'ZeroWireload'. (OPT-170)
Information: Changed wire load model for 'DW01_add_width5' from '(none)' to 'ZeroWireload'. (OPT-170)
Information: Changed wire load model for '*ADD_UNS_OP_5_4_5' from '(none)' to 'ZeroWireload'. (OPT-170)
Information: Changed wire load model for 'DW01_inc_width5' from '(none)' to 'ZeroWireload'. (OPT-170)
Information: Changed wire load model for '*ADD_UNS_OP_5_1_5' from '(none)' to 'ZeroWireload'. (OPT-170)
Information: Changed wire load model for 'DW01_dec_width32' from '(none)' to 'ZeroWireload'. (OPT-170)
Information: Changed wire load model for '*SUB_UNS_OP_32_1_32' from '(none)' to 'ZeroWireload'. (OPT-170)
Information: Changed wire load model for 'DW01_dec_width32' from '(none)' to 'ZeroWireload'. (OPT-170)
Information: Changed wire load model for '*SUB_UNS_OP_32_1_32' from '(none)' to 'ZeroWireload'. (OPT-170)
Information: Changed wire load model for 'DW01_add_width35' from '(none)' to 'ZeroWireload'. (OPT-170)
Information: Changed wire load model for '*ADD_UNS_OP_35_3_35' from '(none)' to 'ZeroWireload'. (OPT-170)
Information: Changed wire load model for 'DW01_sub_width32' from '(none)' to 'ZeroWireload'. (OPT-170)
Information: Changed wire load model for '*SUB_UNS_OP_32_1_32' from '(none)' to 'ZeroWireload'. (OPT-170)
Information: Changed wire load model for 'DW02_mult_A_width32_B_width3' from '(none)' to 'ZeroWireload'. (OPT-170)
Information: Changed wire load model for '*MULT_UNS_OP_32_3_35' from '(none)' to 'ZeroWireload'. (OPT-170)
Information: Changed wire load model for 'DW01_sub_width5' from '(none)' to 'ZeroWireload'. (OPT-170)
Information: Changed wire load model for '*SUB_UNS_OP_5_3_5' from '(none)' to 'ZeroWireload'. (OPT-170)
Information: Changed wire load model for 'DW01_ash_A_width16_SH_width5' from '(none)' to 'ZeroWireload'. (OPT-170)
Information: Changed wire load model for '*ASH_UNS_UNS_OP_16_5_16' from '(none)' to 'ZeroWireload'. (OPT-170)
Information: Changed wire load model for 'DW01_ash_A_width16_SH_width5' from '(none)' to 'ZeroWireload'. (OPT-170)
Information: Changed wire load model for '*ASH_UNS_UNS_OP_16_5_16' from '(none)' to 'ZeroWireload'. (OPT-170)
Information: Changed wire load model for 'DW01_cmp2_width5' from '(none)' to 'ZeroWireload'. (OPT-170)
Information: Changed wire load model for '*LT_UNS_OP_5_4_1' from '(none)' to 'ZeroWireload'. (OPT-170)
Information: Changed wire load model for 'DW01_cmp2_width5' from '(none)' to 'ZeroWireload'. (OPT-170)
Information: Changed wire load model for '*GT_UNS_OP_5_3_1' from '(none)' to 'ZeroWireload'. (OPT-170)
Information: Changed wire load model for 'DW01_inc_width32' from '(none)' to 'ZeroWireload'. (OPT-170)
Information: Changed wire load model for '*ADD_UNS_OP_32_1_32' from '(none)' to 'ZeroWireload'. (OPT-170)
Information: Changed wire load model for 'DW01_dec_width32' from '(none)' to 'ZeroWireload'. (OPT-170)
Information: Changed wire load model for '*SUB_UNS_OP_32_1_32' from '(none)' to 'ZeroWireload'. (OPT-170)
Information: Changed wire load model for 'DW01_sub_width32' from '(none)' to 'ZeroWireload'. (OPT-170)
Information: Changed wire load model for '*SUB_UNS_OP_32_1_32' from '(none)' to 'ZeroWireload'. (OPT-170)
Information: Changed wire load model for 'DW01_add_width5' from '(none)' to 'ZeroWireload'. (OPT-170)
Information: Changed wire load model for '*ADD_UNS_OP_5_4_5' from '(none)' to 'ZeroWireload'. (OPT-170)
Information: Changed wire load model for 'DW01_sub_width5' from '(none)' to 'ZeroWireload'. (OPT-170)
Information: Changed wire load model for '*SUB_UNS_OP_5_3_5' from '(none)' to 'ZeroWireload'. (OPT-170)
Information: Changed wire load model for 'DW01_dec_width32' from '(none)' to 'ZeroWireload'. (OPT-170)
Information: Changed wire load model for '*SUB_UNS_OP_32_1_32' from '(none)' to 'ZeroWireload'. (OPT-170)
Information: Changed wire load model for 'DW01_add_width5' from '(none)' to 'ZeroWireload'. (OPT-170)
Information: Changed wire load model for '*ADD_UNS_OP_5_4_5' from '(none)' to 'ZeroWireload'. (OPT-170)
Information: Changed wire load model for 'DW01_inc_width4' from '(none)' to 'ZeroWireload'. (OPT-170)
Information: Changed wire load model for '*ADD_UNS_OP_4_1_4' from '(none)' to 'ZeroWireload'. (OPT-170)
Information: Changed wire load model for 'DW01_add_width32' from '(none)' to 'ZeroWireload'. (OPT-170)
Information: Changed wire load model for '*ADD_UNS_OP_32_4_32' from '(none)' to 'ZeroWireload'. (OPT-170)
Information: Changed wire load model for 'DW01_add_width10' from '(none)' to 'ZeroWireload'. (OPT-170)
Information: Changed wire load model for '*ADD_UNS_OP_10_8_10' from '(none)' to 'ZeroWireload'. (OPT-170)
Information: Changed wire load model for 'DW01_sub_width5' from '(none)' to 'ZeroWireload'. (OPT-170)
Information: Changed wire load model for '*SUB_UNS_OP_5_3_5' from '(none)' to 'ZeroWireload'. (OPT-170)
Information: Changed wire load model for 'DW01_dec_width8' from '(none)' to 'ZeroWireload'. (OPT-170)
Information: Changed wire load model for '*SUB_UNS_OP_8_1_8' from '(none)' to 'ZeroWireload'. (OPT-170)
Information: Changed wire load model for 'DW01_ash_A_width8_SH_width3' from '(none)' to 'ZeroWireload'. (OPT-170)
Information: Changed wire load model for '*ASH_UNS_UNS_OP_8_3_8' from '(none)' to 'ZeroWireload'. (OPT-170)
Information: Changed wire load model for 'DW01_ash_A_width24_SH_width5' from '(none)' to 'ZeroWireload'. (OPT-170)
Information: Changed wire load model for '*ASH_UNS_UNS_OP_24_5_24' from '(none)' to 'ZeroWireload'. (OPT-170)
Information: Changed wire load model for 'DW01_ash_A_width24_SH_width5' from '(none)' to 'ZeroWireload'. (OPT-170)
Information: Changed wire load model for '*ASH_UNS_UNS_OP_24_5_24' from '(none)' to 'ZeroWireload'. (OPT-170)
Information: Changed wire load model for 'DW01_cmp6_width32' from '(none)' to 'ZeroWireload'. (OPT-170)
Information: Changed wire load model for '*NE_UNS_OP_32_32_1' from '(none)' to 'ZeroWireload'. (OPT-170)
Information: Changed wire load model for 'DW01_cmp2_width10' from '(none)' to 'ZeroWireload'. (OPT-170)
Information: Changed wire load model for '*LT_TC_OP_10_8_1' from '(none)' to 'ZeroWireload'. (OPT-170)
Information: Changed wire load model for 'DW01_cmp2_width10' from '(none)' to 'ZeroWireload'. (OPT-170)
Information: Changed wire load model for '*GT_TC_OP_10_1_1' from '(none)' to 'ZeroWireload'. (OPT-170)
Information: Changed wire load model for 'DW01_cmp6_width32' from '(none)' to 'ZeroWireload'. (OPT-170)
Information: Changed wire load model for '*NE_UNS_OP_32_32_1' from '(none)' to 'ZeroWireload'. (OPT-170)
Information: Changed wire load model for 'DW_rash_A_width24_SH_width3' from '(none)' to 'ZeroWireload'. (OPT-170)
Information: Changed wire load model for '*ASHR_UNS_UNS_OP_24_3_24' from '(none)' to 'ZeroWireload'. (OPT-170)
Information: Changed wire load model for 'DW01_cmp2_width5' from '(none)' to 'ZeroWireload'. (OPT-170)
Information: Changed wire load model for '*LT_UNS_OP_5_5_1' from '(none)' to 'ZeroWireload'. (OPT-170)
Information: Changed wire load model for 'DW01_cmp2_width5' from '(none)' to 'ZeroWireload'. (OPT-170)
Information: Changed wire load model for '*GEQ_UNS_OP_5_5_1' from '(none)' to 'ZeroWireload'. (OPT-170)
Information: Changed wire load model for 'DW01_cmp2_width5' from '(none)' to 'ZeroWireload'. (OPT-170)
Information: Changed wire load model for '*LT_UNS_OP_5_5_1' from '(none)' to 'ZeroWireload'. (OPT-170)
Information: Changed wire load model for 'DW01_inc_width32' from '(none)' to 'ZeroWireload'. (OPT-170)
Information: Changed wire load model for '*ADD_UNS_OP_32_1_32' from '(none)' to 'ZeroWireload'. (OPT-170)
Information: Changed wire load model for 'DW01_dec_width32' from '(none)' to 'ZeroWireload'. (OPT-170)
Information: Changed wire load model for '*SUB_UNS_OP_32_1_32' from '(none)' to 'ZeroWireload'. (OPT-170)
Information: Changed wire load model for 'DW01_add_width5' from '(none)' to 'ZeroWireload'. (OPT-170)
Information: Changed wire load model for '*ADD_UNS_OP_5_4_5' from '(none)' to 'ZeroWireload'. (OPT-170)
Information: Changed wire load model for 'DW01_add_width5' from '(none)' to 'ZeroWireload'. (OPT-170)
Information: Changed wire load model for '*ADD_UNS_OP_5_3_5' from '(none)' to 'ZeroWireload'. (OPT-170)
Information: Changed wire load model for 'DW01_dec_width32' from '(none)' to 'ZeroWireload'. (OPT-170)
Information: Changed wire load model for '*SUB_UNS_OP_32_1_32' from '(none)' to 'ZeroWireload'. (OPT-170)
Information: Changed wire load model for 'DW01_dec_width32' from '(none)' to 'ZeroWireload'. (OPT-170)
Information: Changed wire load model for '*SUB_UNS_OP_32_1_32' from '(none)' to 'ZeroWireload'. (OPT-170)
Information: Changed wire load model for 'DW01_add_width34' from '(none)' to 'ZeroWireload'. (OPT-170)
Information: Changed wire load model for '*ADD_UNS_OP_34_3_34' from '(none)' to 'ZeroWireload'. (OPT-170)
Information: Changed wire load model for 'DW01_sub_width32' from '(none)' to 'ZeroWireload'. (OPT-170)
Information: Changed wire load model for '*SUB_UNS_OP_32_1_32' from '(none)' to 'ZeroWireload'. (OPT-170)
Information: Changed wire load model for 'DW02_mult_A_width32_B_width2' from '(none)' to 'ZeroWireload'. (OPT-170)
Information: Changed wire load model for '*MULT_UNS_OP_32_2_34' from '(none)' to 'ZeroWireload'. (OPT-170)
Information: Changed wire load model for 'DW01_sub_width5' from '(none)' to 'ZeroWireload'. (OPT-170)
Information: Changed wire load model for '*SUB_UNS_OP_5_2_5' from '(none)' to 'ZeroWireload'. (OPT-170)
Information: Changed wire load model for 'DW01_ash_A_width16_SH_width5' from '(none)' to 'ZeroWireload'. (OPT-170)
Information: Changed wire load model for '*ASH_UNS_UNS_OP_16_5_16' from '(none)' to 'ZeroWireload'. (OPT-170)
Information: Changed wire load model for 'DW01_ash_A_width16_SH_width5' from '(none)' to 'ZeroWireload'. (OPT-170)
Information: Changed wire load model for '*ASH_UNS_UNS_OP_16_5_16' from '(none)' to 'ZeroWireload'. (OPT-170)
Information: Changed wire load model for 'DW01_cmp2_width5' from '(none)' to 'ZeroWireload'. (OPT-170)
Information: Changed wire load model for '*LT_UNS_OP_5_4_1' from '(none)' to 'ZeroWireload'. (OPT-170)
Information: Changed wire load model for 'DW01_cmp2_width5' from '(none)' to 'ZeroWireload'. (OPT-170)
Information: Changed wire load model for '*GT_UNS_OP_5_2_1' from '(none)' to 'ZeroWireload'. (OPT-170)
Information: Changed wire load model for 'DW01_add_width5' from '(none)' to 'ZeroWireload'. (OPT-170)
Information: Changed wire load model for '*ADD_UNS_OP_5_4_5' from '(none)' to 'ZeroWireload'. (OPT-170)
Information: Changed wire load model for 'DW01_add_width5' from '(none)' to 'ZeroWireload'. (OPT-170)
Information: Changed wire load model for '*ADD_UNS_OP_5_2_5' from '(none)' to 'ZeroWireload'. (OPT-170)
Information: Changed wire load model for 'DW01_dec_width32' from '(none)' to 'ZeroWireload'. (OPT-170)
Information: Changed wire load model for '*SUB_UNS_OP_32_1_32' from '(none)' to 'ZeroWireload'. (OPT-170)
Information: Changed wire load model for 'DW01_dec_width32' from '(none)' to 'ZeroWireload'. (OPT-170)
Information: Changed wire load model for '*SUB_UNS_OP_32_1_32' from '(none)' to 'ZeroWireload'. (OPT-170)
Information: Changed wire load model for 'DW01_add_width35' from '(none)' to 'ZeroWireload'. (OPT-170)
Information: Changed wire load model for '*ADD_UNS_OP_35_3_35' from '(none)' to 'ZeroWireload'. (OPT-170)
Information: Changed wire load model for 'DW01_sub_width32' from '(none)' to 'ZeroWireload'. (OPT-170)
Information: Changed wire load model for '*SUB_UNS_OP_32_1_32' from '(none)' to 'ZeroWireload'. (OPT-170)
Information: Changed wire load model for 'DW02_mult_A_width32_B_width3' from '(none)' to 'ZeroWireload'. (OPT-170)
Information: Changed wire load model for '*MULT_UNS_OP_32_3_35' from '(none)' to 'ZeroWireload'. (OPT-170)
Information: Changed wire load model for 'DW01_sub_width5' from '(none)' to 'ZeroWireload'. (OPT-170)
Information: Changed wire load model for '*SUB_UNS_OP_5_3_5' from '(none)' to 'ZeroWireload'. (OPT-170)
Information: Changed wire load model for 'DW01_ash_A_width16_SH_width5' from '(none)' to 'ZeroWireload'. (OPT-170)
Information: Changed wire load model for '*ASH_UNS_UNS_OP_16_5_16' from '(none)' to 'ZeroWireload'. (OPT-170)
Information: Changed wire load model for 'DW01_ash_A_width16_SH_width5' from '(none)' to 'ZeroWireload'. (OPT-170)
Information: Changed wire load model for '*ASH_UNS_UNS_OP_16_5_16' from '(none)' to 'ZeroWireload'. (OPT-170)
Information: Changed wire load model for 'DW01_cmp2_width5' from '(none)' to 'ZeroWireload'. (OPT-170)
Information: Changed wire load model for '*LT_UNS_OP_5_4_1' from '(none)' to 'ZeroWireload'. (OPT-170)
Information: Changed wire load model for 'DW01_cmp2_width5' from '(none)' to 'ZeroWireload'. (OPT-170)
Information: Changed wire load model for '*GT_UNS_OP_5_3_1' from '(none)' to 'ZeroWireload'. (OPT-170)
Information: Changed wire load model for 'DW01_cmp6_width60' from '(none)' to 'ZeroWireload'. (OPT-170)
Information: Changed wire load model for '*EQ_UNS_OP_32_60_1' from '(none)' to 'ZeroWireload'. (OPT-170)
Information: Changed wire load model for 'DW01_cmp6_width32' from '(none)' to 'ZeroWireload'. (OPT-170)
Information: Changed wire load model for '*NE_UNS_OP_32_32_1' from '(none)' to 'ZeroWireload'. (OPT-170)
Information: Changed wire load model for 'DW01_cmp6_width32' from '(none)' to 'ZeroWireload'. (OPT-170)
Information: Changed wire load model for '*NE_UNS_OP_32_32_1' from '(none)' to 'ZeroWireload'. (OPT-170)
Information: Changed wire load model for 'DW01_cmp6_width64' from '(none)' to 'ZeroWireload'. (OPT-170)
Information: Changed wire load model for '*NE_UNS_OP_64_64_1' from '(none)' to 'ZeroWireload'. (OPT-170)
Information: Changed wire load model for 'DW01_cmp6_width32' from '(none)' to 'ZeroWireload'. (OPT-170)
Information: Changed wire load model for '*EQ_UNS_OP_32_32_1' from '(none)' to 'ZeroWireload'. (OPT-170)
Information: Changed wire load model for 'DW01_cmp6_width5' from '(none)' to 'ZeroWireload'. (OPT-170)
Information: Changed wire load model for '*EQ_UNS_OP_4_5_1' from '(none)' to 'ZeroWireload'. (OPT-170)
Information: Changed wire load model for 'DW01_cmp6_width60' from '(none)' to 'ZeroWireload'. (OPT-170)
Information: Changed wire load model for '*EQ_UNS_OP_32_60_1' from '(none)' to 'ZeroWireload'. (OPT-170)
Information: Changed wire load model for 'DW01_cmp6_width32' from '(none)' to 'ZeroWireload'. (OPT-170)
Information: Changed wire load model for '*NE_UNS_OP_32_32_1' from '(none)' to 'ZeroWireload'. (OPT-170)
Information: Changed wire load model for 'DW01_cmp6_width32' from '(none)' to 'ZeroWireload'. (OPT-170)
Information: Changed wire load model for '*NE_UNS_OP_32_32_1' from '(none)' to 'ZeroWireload'. (OPT-170)
Information: Changed wire load model for 'DW01_cmp6_width32' from '(none)' to 'ZeroWireload'. (OPT-170)
Information: Changed wire load model for '*NE_UNS_OP_32_32_1' from '(none)' to 'ZeroWireload'. (OPT-170)
Information: Changed wire load model for 'DW01_cmp6_width16' from '(none)' to 'ZeroWireload'. (OPT-170)
Information: Changed wire load model for '*NE_UNS_OP_16_16_1' from '(none)' to 'ZeroWireload'. (OPT-170)
Information: Changed wire load model for 'DW01_cmp6_width16' from '(none)' to 'ZeroWireload'. (OPT-170)
Information: Changed wire load model for '*NE_UNS_OP_16_16_1' from '(none)' to 'ZeroWireload'. (OPT-170)
Information: Changed wire load model for 'DW01_cmp6_width60' from '(none)' to 'ZeroWireload'. (OPT-170)
Information: Changed wire load model for '*EQ_UNS_OP_32_60_1' from '(none)' to 'ZeroWireload'. (OPT-170)
Information: Changed wire load model for 'DW01_cmp2_width32' from '(none)' to 'ZeroWireload'. (OPT-170)
Information: Changed wire load model for '*LT_UNS_OP_32_11_1' from '(none)' to 'ZeroWireload'. (OPT-170)
Information: Changed wire load model for 'DW01_cmp2_width32' from '(none)' to 'ZeroWireload'. (OPT-170)
Information: Changed wire load model for '*LT_UNS_OP_32_8_1' from '(none)' to 'ZeroWireload'. (OPT-170)
Information: Updating design information... (UID-85)
Warning: Design 'BriskKvAttentionTop' contains 22 high-fanout nets. A fanout number of 1000 will be used for delay calculations involving these nets. (TIM-134)

Information: Checking generated_clocks...

Information: Checking loops...

Information: Checking no_input_delay...

Information: Checking unconstrained_endpoints...

Information: Checking pulse_clock_cell_type...

Information: Checking no_driving_cell...

Information: Checking partial_input_delay...
1
