 
****************************************
Report : reference
Design : BriskKvAttentionTop
Version: O-2018.06-SP1
Date   : Tue Aug 11 22:30:24 2026
****************************************

Attributes:
    b - black box (unknown)
   bo - allows boundary optimization
    d - dont_touch
   mo - map_only
    h - hierarchical
    n - noncombinational
    r - removable
    s - synthetic operator
    u - contains unmapped logic

Reference          Library       Unit Area   Count    Total Area   Attributes
-----------------------------------------------------------------------------
AN2D0BWP12T30P140LVT
                   tcbn28hpcplusbwp12t30p140lvtssg0p81v125c
                                  0.672000     222    149.183998  
AN2D1BWP12T30P140LVT
                   tcbn28hpcplusbwp12t30p140lvtssg0p81v125c
                                  0.672000      39     26.208000  
AN2D2BWP12T30P140LVT
                   tcbn28hpcplusbwp12t30p140lvtssg0p81v125c
                                  0.840000       8      6.720000  
AN2D4BWP12T30P140LVT
                   tcbn28hpcplusbwp12t30p140lvtssg0p81v125c
                                  1.512000       6      9.072000  
AN2D8BWP12T30P140LVT
                   tcbn28hpcplusbwp12t30p140lvtssg0p81v125c
                                  2.520000       1      2.520000  
AN3D0BWP12T30P140LVT
                   tcbn28hpcplusbwp12t30p140lvtssg0p81v125c
                                  0.840000       7      5.880000  
AN3D1BWP12T30P140LVT
                   tcbn28hpcplusbwp12t30p140lvtssg0p81v125c
                                  0.840000       1      0.840000  
AN3D4BWP12T30P140LVT
                   tcbn28hpcplusbwp12t30p140lvtssg0p81v125c
                                  1.848000       2      3.696000  
AO21D0BWP12T30P140LVT
                   tcbn28hpcplusbwp12t30p140lvtssg0p81v125c
                                  0.840000      21     17.639999  
AO21D1BWP12T30P140LVT
                   tcbn28hpcplusbwp12t30p140lvtssg0p81v125c
                                  0.840000       8      6.720000  
AO21D4BWP12T30P140LVT
                   tcbn28hpcplusbwp12t30p140lvtssg0p81v125c
                                  1.848000       1      1.848000  
AO22D0BWP12T30P140LVT
                   tcbn28hpcplusbwp12t30p140lvtssg0p81v125c
                                  1.008000      96     96.768002  
AO22D1BWP12T30P140LVT
                   tcbn28hpcplusbwp12t30p140lvtssg0p81v125c
                                  1.176000       1      1.176000  
AO32D0BWP12T30P140LVT
                   tcbn28hpcplusbwp12t30p140lvtssg0p81v125c
                                  1.344000       1      1.344000  
AO211D1BWP12T30P140LVT
                   tcbn28hpcplusbwp12t30p140lvtssg0p81v125c
                                  1.008000       1      1.008000  
AOI21D1BWP12T30P140LVT
                   tcbn28hpcplusbwp12t30p140lvtssg0p81v125c
                                  0.672000     524    352.127995  
AOI21D2BWP12T30P140LVT
                   tcbn28hpcplusbwp12t30p140lvtssg0p81v125c
                                  1.176000       5      5.880000  
AOI21OPTPBD1BWP12T30P140LVT
                   tcbn28hpcplusbwp12t30p140lvtssg0p81v125c
                                  1.008000      28     28.224000  
AOI21OPTPBD2BWP12T30P140LVT
                   tcbn28hpcplusbwp12t30p140lvtssg0p81v125c
                                  1.848000      17     31.416001  
AOI21OPTPBD6BWP12T30P140LVT
                   tcbn28hpcplusbwp12t30p140lvtssg0p81v125c
                                  5.208000       2     10.416000  
AOI21OPTREPBD1BWP12T30P140LVT
                   tcbn28hpcplusbwp12t30p140lvtssg0p81v125c
                                  1.008000      12     12.096000  
AOI21OPTREPBD2BWP12T30P140LVT
                   tcbn28hpcplusbwp12t30p140lvtssg0p81v125c
                                  1.848000       6     11.088000  
AOI22D1BWP12T30P140LVT
                   tcbn28hpcplusbwp12t30p140lvtssg0p81v125c
                                  0.840000     157    131.879996  
AOI22D2BWP12T30P140LVT
                   tcbn28hpcplusbwp12t30p140lvtssg0p81v125c
                                  1.512000       5      7.560000  
AOI22OPTPBD1BWP12T30P140LVT
                   tcbn28hpcplusbwp12t30p140lvtssg0p81v125c
                                  1.344000       5      6.720000  
AOI22OPTPBD2BWP12T30P140LVT
                   tcbn28hpcplusbwp12t30p140lvtssg0p81v125c
                                  2.520000       6     15.120000  
AOI31D1BWP12T30P140LVT
                   tcbn28hpcplusbwp12t30p140lvtssg0p81v125c
                                  0.840000      22     18.479999  
AOI31D2BWP12T30P140LVT
                   tcbn28hpcplusbwp12t30p140lvtssg0p81v125c
                                  1.512000       1      1.512000  
AOI32D0BWP12T30P140LVT
                   tcbn28hpcplusbwp12t30p140lvtssg0p81v125c
                                  1.008000      38     38.304001  
AOI211D1BWP12T30P140LVT
                   tcbn28hpcplusbwp12t30p140lvtssg0p81v125c
                                  0.840000     126    105.839997  
AOI211D2BWP12T30P140LVT
                   tcbn28hpcplusbwp12t30p140lvtssg0p81v125c
                                  1.512000       2      3.024000  
AOI211OPTREPBD1BWP12T30P140LVT
                   tcbn28hpcplusbwp12t30p140lvtssg0p81v125c
                                  1.512000      25     37.799999  
AOI211OPTREPBD2BWP12T30P140LVT
                   tcbn28hpcplusbwp12t30p140lvtssg0p81v125c
                                  2.352000      10     23.520000  
AOI221D0BWP12T30P140LVT
                   tcbn28hpcplusbwp12t30p140lvtssg0p81v125c
                                  1.008000      27     27.216000  
AOI222D1BWP12T30P140LVT
                   tcbn28hpcplusbwp12t30p140lvtssg0p81v125c
                                  1.344000       2      2.688000  
AttentionFeaturePacketizer_0   4095.167972       1   4095.167972  h, n
AttentionFeaturePacketizer_1   4095.167972       1   4095.167972  h, n
AttentionScaleUnit            18363.575786       1  18363.575786  h, n
AvOutputQuantizer              2970.239968       1   2970.239968  h, n
BUFFD0BWP12T30P140LVT
                   tcbn28hpcplusbwp12t30p140lvtssg0p81v125c
                                  0.504000      19      9.576000  
BUFFD1BWP12T30P140LVT
                   tcbn28hpcplusbwp12t30p140lvtssg0p81v125c
                                  0.504000      12      6.048000  
BUFFD2BWP12T30P140LVT
                   tcbn28hpcplusbwp12t30p140lvtssg0p81v125c
                                  0.672000       6      4.032000  
BUFFD3BWP12T30P140LVT
                   tcbn28hpcplusbwp12t30p140lvtssg0p81v125c
                                  0.840000       4      3.360000  
BUFFD4BWP12T30P140LVT
                   tcbn28hpcplusbwp12t30p140lvtssg0p81v125c
                                  1.176000       2      2.352000  
BUFFXD3BWP12T30P140LVT
                   tcbn28hpcplusbwp12t30p140lvtssg0p81v125c
                                  1.008000       5      5.040000  
BUFFXD6BWP12T30P140LVT
                   tcbn28hpcplusbwp12t30p140lvtssg0p81v125c
                                  1.680000       1      1.680000  
CKMUX2D0BWP12T30P140LVT
                   tcbn28hpcplusbwp12t30p140lvtssg0p81v125c
                                  1.176000      86    101.136000  
CKND2BWP12T30P140LVT
                   tcbn28hpcplusbwp12t30p140lvtssg0p81v125c
                                  0.504000       3      1.512000  
CKND2D1BWP12T30P140LVT
                   tcbn28hpcplusbwp12t30p140lvtssg0p81v125c
                                  0.504000     259    130.536002  
CKND2D2BWP12T30P140LVT
                   tcbn28hpcplusbwp12t30p140lvtssg0p81v125c
                                  0.840000      63     52.919998  
CKND2D3BWP12T30P140LVT
                   tcbn28hpcplusbwp12t30p140lvtssg0p81v125c
                                  1.176000      35     41.160000  
CKND2D4BWP12T30P140LVT
                   tcbn28hpcplusbwp12t30p140lvtssg0p81v125c
                                  1.512000       9     13.608000  
CKND3BWP12T30P140LVT
                   tcbn28hpcplusbwp12t30p140lvtssg0p81v125c
                                  0.672000       1      0.672000  
CKND4BWP12T30P140LVT
                   tcbn28hpcplusbwp12t30p140lvtssg0p81v125c
                                  0.840000       2      1.680000  
CKND6BWP12T30P140LVT
                   tcbn28hpcplusbwp12t30p140lvtssg0p81v125c
                                  1.176000       4      4.704000  
CKND12BWP12T30P140LVT
                   tcbn28hpcplusbwp12t30p140lvtssg0p81v125c
                                  2.184000       1      2.184000  
CKXOR2D0BWP12T30P140LVT
                   tcbn28hpcplusbwp12t30p140lvtssg0p81v125c
                                  1.344000     506    680.063991  
CKXOR2D1BWP12T30P140LVT
                   tcbn28hpcplusbwp12t30p140lvtssg0p81v125c
                                  1.344000      63     84.671999  
DFCNQOPTMAD8BWP12T30P140LVT
                   tcbn28hpcplusbwp12t30p140lvtssg0p81v125c
                                  9.408000       1      9.408000  n
DFD1BWP12T30P140LVT
                   tcbn28hpcplusbwp12t30p140lvtssg0p81v125c
                                  2.688000       7     18.816000  n
DFQD1BWP12T30P140LVT
                   tcbn28hpcplusbwp12t30p140lvtssg0p81v125c
                                  2.520000     931   2346.119982  n
DFQD2BWP12T30P140LVT
                   tcbn28hpcplusbwp12t30p140lvtssg0p81v125c
                                  2.520000       2      5.040000  n
DFQD4BWP12T30P140LVT
                   tcbn28hpcplusbwp12t30p140lvtssg0p81v125c
                                  3.024000       4     12.096000  n
DFQOPTMAD8BWP12T30P140LVT
                   tcbn28hpcplusbwp12t30p140lvtssg0p81v125c
                                  8.064000       9     72.576001  n
DualKvDecompressionController 39987.527742       1  39987.527742  h, n
FA1D0BWP12T30P140LVT
                   tcbn28hpcplusbwp12t30p140lvtssg0p81v125c
                                  2.856000     157    448.391992  r
FA1D1BWP12T30P140LVT
                   tcbn28hpcplusbwp12t30p140lvtssg0p81v125c
                                  2.856000      15     42.839999  r
HA1D0BWP12T30P140LVT
                   tcbn28hpcplusbwp12t30p140lvtssg0p81v125c
                                  2.184000      16     34.944000  r
IAO21D1BWP12T30P140LVT
                   tcbn28hpcplusbwp12t30p140lvtssg0p81v125c
                                  0.840000      11      9.240000  
IAO21D2BWP12T30P140LVT
                   tcbn28hpcplusbwp12t30p140lvtssg0p81v125c
                                  1.176000       3      3.528000  
IINR4D0BWP12T30P140LVT
                   tcbn28hpcplusbwp12t30p140lvtssg0p81v125c
                                  1.344000       1      1.344000  
IND2D0BWP12T30P140LVT
                   tcbn28hpcplusbwp12t30p140lvtssg0p81v125c
                                  0.672000       4      2.688000  
IND2D1BWP12T30P140LVT
                   tcbn28hpcplusbwp12t30p140lvtssg0p81v125c
                                  0.672000      63     42.335999  
IND2D2BWP12T30P140LVT
                   tcbn28hpcplusbwp12t30p140lvtssg0p81v125c
                                  1.008000       9      9.072000  
IND2D4BWP12T30P140LVT
                   tcbn28hpcplusbwp12t30p140lvtssg0p81v125c
                                  1.848000       2      3.696000  
IND2D8BWP12T30P140LVT
                   tcbn28hpcplusbwp12t30p140lvtssg0p81v125c
                                  3.360000       1      3.360000  
IND3D1BWP12T30P140LVT
                   tcbn28hpcplusbwp12t30p140lvtssg0p81v125c
                                  0.840000      26     21.839999  
IND3D4BWP12T30P140LVT
                   tcbn28hpcplusbwp12t30p140lvtssg0p81v125c
                                  2.688000       1      2.688000  
INR2D1BWP12T30P140LVT
                   tcbn28hpcplusbwp12t30p140lvtssg0p81v125c
                                  0.672000    1198    805.055989  
INR2D2BWP12T30P140LVT
                   tcbn28hpcplusbwp12t30p140lvtssg0p81v125c
                                  1.008000      85     85.680001  
INR2D4BWP12T30P140LVT
                   tcbn28hpcplusbwp12t30p140lvtssg0p81v125c
                                  1.848000      41     75.768002  
INR2D8BWP12T30P140LVT
                   tcbn28hpcplusbwp12t30p140lvtssg0p81v125c
                                  3.528000       3     10.584000  
INR3D1BWP12T30P140LVT
                   tcbn28hpcplusbwp12t30p140lvtssg0p81v125c
                                  0.840000       4      3.360000  
INR3D2BWP12T30P140LVT
                   tcbn28hpcplusbwp12t30p140lvtssg0p81v125c
                                  1.344000       3      4.032000  
INR4D1BWP12T30P140LVT
                   tcbn28hpcplusbwp12t30p140lvtssg0p81v125c
                                  1.848000       1      1.848000  
INVD0BWP12T30P140LVT
                   tcbn28hpcplusbwp12t30p140lvtssg0p81v125c
                                  0.336000    2430    816.479989  
INVD1BWP12T30P140LVT
                   tcbn28hpcplusbwp12t30p140lvtssg0p81v125c
                                  0.336000     403    135.407998  
INVD1P25BWP12T30P140LVT
                   tcbn28hpcplusbwp12t30p140lvtssg0p81v125c
                                  0.504000      10      5.040000  
INVD2BWP12T30P140LVT
                   tcbn28hpcplusbwp12t30p140lvtssg0p81v125c
                                  0.504000      71     35.784001  
INVD3BWP12T30P140LVT
                   tcbn28hpcplusbwp12t30p140lvtssg0p81v125c
                                  0.672000       5      3.360000  
INVD4BWP12T30P140LVT
                   tcbn28hpcplusbwp12t30p140lvtssg0p81v125c
                                  0.840000       4      3.360000  
INVD6BWP12T30P140LVT
                   tcbn28hpcplusbwp12t30p140lvtssg0p81v125c
                                  1.176000       2      2.352000  
INVD12BWP12T30P140LVT
                   tcbn28hpcplusbwp12t30p140lvtssg0p81v125c
                                  2.184000       1      2.184000  
IOA21D0BWP12T30P140LVT
                   tcbn28hpcplusbwp12t30p140lvtssg0p81v125c
                                  0.840000      42     35.279999  
IOA21D1BWP12T30P140LVT
                   tcbn28hpcplusbwp12t30p140lvtssg0p81v125c
                                  0.840000       5      4.200000  
IOA21D2BWP12T30P140LVT
                   tcbn28hpcplusbwp12t30p140lvtssg0p81v125c
                                  1.176000       2      2.352000  
MAOI222D0BWP12T30P140LVT
                   tcbn28hpcplusbwp12t30p140lvtssg0p81v125c
                                  1.008000       2      2.016000  
MOAI22D1BWP12T30P140LVT
                   tcbn28hpcplusbwp12t30p140lvtssg0p81v125c
                                  1.008000       1      1.008000  
MUX2D1BWP12T30P140LVT
                   tcbn28hpcplusbwp12t30p140lvtssg0p81v125c
                                  1.344000       2      2.688000  
MUX2D2BWP12T30P140LVT
                   tcbn28hpcplusbwp12t30p140lvtssg0p81v125c
                                  1.512000       3      4.536000  
MUX2D4BWP12T30P140LVT
                   tcbn28hpcplusbwp12t30p140lvtssg0p81v125c
                                  2.352000       4      9.408000  
MUX2ND0BWP12T30P140LVT
                   tcbn28hpcplusbwp12t30p140lvtssg0p81v125c
                                  1.008000      28     28.224000  
MUX2OPTD4BWP12T30P140LVT
                   tcbn28hpcplusbwp12t30p140lvtssg0p81v125c
                                  3.024000       4     12.096000  
MUX2OPTD6BWP12T30P140LVT
                   tcbn28hpcplusbwp12t30p140lvtssg0p81v125c
                                  4.032000       2      8.064000  
ND2D0BWP12T30P140LVT
                   tcbn28hpcplusbwp12t30p140lvtssg0p81v125c
                                  0.504000    2644   1332.576021  
ND2D1BWP12T30P140LVT
                   tcbn28hpcplusbwp12t30p140lvtssg0p81v125c
                                  0.504000     614    309.456005  
ND2D2BWP12T30P140LVT
                   tcbn28hpcplusbwp12t30p140lvtssg0p81v125c
                                  0.840000      95     79.799998  
ND2D3BWP12T30P140LVT
                   tcbn28hpcplusbwp12t30p140lvtssg0p81v125c
                                  1.176000      26     30.576000  
ND2D4BWP12T30P140LVT
                   tcbn28hpcplusbwp12t30p140lvtssg0p81v125c
                                  1.512000       7     10.584000  
ND2OPTD6BWP12T30P140LVT
                   tcbn28hpcplusbwp12t30p140lvtssg0p81v125c
                                  2.184000       5     10.920000  
ND2OPTFAD4BWP12T30P140LVT
                   tcbn28hpcplusbwp12t30p140lvtssg0p81v125c
                                  1.848000      21     38.808001  
ND2OPTFAD6BWP12T30P140LVT
                   tcbn28hpcplusbwp12t30p140lvtssg0p81v125c
                                  2.520000       3      7.560000  
ND2OPTPAD1BWP12T30P140LVT
                   tcbn28hpcplusbwp12t30p140lvtssg0p81v125c
                                  0.840000      66     55.439998  
ND2OPTPAD2BWP12T30P140LVT
                   tcbn28hpcplusbwp12t30p140lvtssg0p81v125c
                                  1.512000      47     71.063998  
ND2OPTPAD4BWP12T30P140LVT
                   tcbn28hpcplusbwp12t30p140lvtssg0p81v125c
                                  2.856000       2      5.712000  
ND2OPTPAD6BWP12T30P140LVT
                   tcbn28hpcplusbwp12t30p140lvtssg0p81v125c
                                  3.696000       2      7.392000  
ND3D1BWP12T30P140LVT
                   tcbn28hpcplusbwp12t30p140lvtssg0p81v125c
                                  0.672000     100     67.199999  
ND3D2BWP12T30P140LVT
                   tcbn28hpcplusbwp12t30p140lvtssg0p81v125c
                                  1.176000      25     29.400000  
ND3OPTFAD4BWP12T30P140LVT
                   tcbn28hpcplusbwp12t30p140lvtssg0p81v125c
                                  2.520000       5     12.600000  
ND3OPTPAD1BWP12T30P140LVT
                   tcbn28hpcplusbwp12t30p140lvtssg0p81v125c
                                  1.176000      15     17.640000  
ND3OPTPAD2BWP12T30P140LVT
                   tcbn28hpcplusbwp12t30p140lvtssg0p81v125c
                                  2.016000      33     66.528001  
ND4D1BWP12T30P140LVT
                   tcbn28hpcplusbwp12t30p140lvtssg0p81v125c
                                  0.840000      20     16.799999  
NR2D0BWP12T30P140LVT
                   tcbn28hpcplusbwp12t30p140lvtssg0p81v125c
                                  0.504000    1064    536.256009  
NR2D1BWP12T30P140LVT
                   tcbn28hpcplusbwp12t30p140lvtssg0p81v125c
                                  0.504000     612    308.448005  
NR2D2BWP12T30P140LVT
                   tcbn28hpcplusbwp12t30p140lvtssg0p81v125c
                                  0.840000      65     54.599998  
NR2D3BWP12T30P140LVT
                   tcbn28hpcplusbwp12t30p140lvtssg0p81v125c
                                  1.176000       7      8.232000  
NR2D4BWP12T30P140LVT
                   tcbn28hpcplusbwp12t30p140lvtssg0p81v125c
                                  1.512000       6      9.072000  
NR2OPTD6BWP12T30P140LVT
                   tcbn28hpcplusbwp12t30p140lvtssg0p81v125c
                                  2.184000       2      4.368000  
NR2OPTFAD4BWP12T30P140LVT
                   tcbn28hpcplusbwp12t30p140lvtssg0p81v125c
                                  1.848000       2      3.696000  
NR2OPTPAD1BWP12T30P140LVT
                   tcbn28hpcplusbwp12t30p140lvtssg0p81v125c
                                  0.672000      41     27.552000  
NR2OPTPAD2BWP12T30P140LVT
                   tcbn28hpcplusbwp12t30p140lvtssg0p81v125c
                                  1.176000      39     45.864000  
NR3D0BWP12T30P140LVT
                   tcbn28hpcplusbwp12t30p140lvtssg0p81v125c
                                  0.672000     105     70.559999  
NR3D1BWP12T30P140LVT
                   tcbn28hpcplusbwp12t30p140lvtssg0p81v125c
                                  1.176000      23     27.048000  
NR3OPTFAD4BWP12T30P140LVT
                   tcbn28hpcplusbwp12t30p140lvtssg0p81v125c
                                  2.520000       1      2.520000  
NR3OPTFAD8BWP12T30P140LVT
                   tcbn28hpcplusbwp12t30p140lvtssg0p81v125c
                                  4.872000       1      4.872000  
NR3OPTPAD1BWP12T30P140LVT
                   tcbn28hpcplusbwp12t30p140lvtssg0p81v125c
                                  1.344000       9     12.096000  
NR3OPTPAD2BWP12T30P140LVT
                   tcbn28hpcplusbwp12t30p140lvtssg0p81v125c
                                  2.184000      15     32.760000  
NR4D0BWP12T30P140LVT
                   tcbn28hpcplusbwp12t30p140lvtssg0p81v125c
                                  0.840000      31     26.039999  
NR4D1BWP12T30P140LVT
                   tcbn28hpcplusbwp12t30p140lvtssg0p81v125c
                                  1.512000       8     12.096000  
OA21D0BWP12T30P140LVT
                   tcbn28hpcplusbwp12t30p140lvtssg0p81v125c
                                  0.840000      50     41.999999  
OA21D1BWP12T30P140LVT
                   tcbn28hpcplusbwp12t30p140lvtssg0p81v125c
                                  0.840000       2      1.680000  
OA22D1BWP12T30P140LVT
                   tcbn28hpcplusbwp12t30p140lvtssg0p81v125c
                                  1.176000       1      1.176000  
OA211D0BWP12T30P140LVT
                   tcbn28hpcplusbwp12t30p140lvtssg0p81v125c
                                  1.008000      36     36.288001  
OAI21D0BWP12T30P140LVT
                   tcbn28hpcplusbwp12t30p140lvtssg0p81v125c
                                  0.672000     862    579.263992  
OAI21D1BWP12T30P140LVT
                   tcbn28hpcplusbwp12t30p140lvtssg0p81v125c
                                  0.672000     289    194.207997  
OAI21D2BWP12T30P140LVT
                   tcbn28hpcplusbwp12t30p140lvtssg0p81v125c
                                  1.176000      17     19.992000  
OAI21D4BWP12T30P140LVT
                   tcbn28hpcplusbwp12t30p140lvtssg0p81v125c
                                  2.352000       2      4.704000  
OAI21OPTPBD1BWP12T30P140LVT
                   tcbn28hpcplusbwp12t30p140lvtssg0p81v125c
                                  1.008000      25     25.200000  
OAI21OPTPBD2BWP12T30P140LVT
                   tcbn28hpcplusbwp12t30p140lvtssg0p81v125c
                                  1.848000       4      7.392000  
OAI21OPTPBD4BWP12T30P140LVT
                   tcbn28hpcplusbwp12t30p140lvtssg0p81v125c
                                  3.528000       4     14.112000  
OAI21OPTPBD6BWP12T30P140LVT
                   tcbn28hpcplusbwp12t30p140lvtssg0p81v125c
                                  5.208000       2     10.416000  
OAI21OPTREPBD1BWP12T30P140LVT
                   tcbn28hpcplusbwp12t30p140lvtssg0p81v125c
                                  1.008000      27     27.216000  
OAI21OPTREPBD2BWP12T30P140LVT
                   tcbn28hpcplusbwp12t30p140lvtssg0p81v125c
                                  1.848000      28     51.744001  
OAI21OPTREPBD4BWP12T30P140LVT
                   tcbn28hpcplusbwp12t30p140lvtssg0p81v125c
                                  3.528000       1      3.528000  
OAI22D0BWP12T30P140LVT
                   tcbn28hpcplusbwp12t30p140lvtssg0p81v125c
                                  0.840000     162    136.079996  
OAI22D1BWP12T30P140LVT
                   tcbn28hpcplusbwp12t30p140lvtssg0p81v125c
                                  0.840000      17     14.280000  
OAI22D2BWP12T30P140LVT
                   tcbn28hpcplusbwp12t30p140lvtssg0p81v125c
                                  1.512000       2      3.024000  
OAI22OPTPBD1BWP12T30P140LVT
                   tcbn28hpcplusbwp12t30p140lvtssg0p81v125c
                                  1.344000       3      4.032000  
OAI22OPTPBD2BWP12T30P140LVT
                   tcbn28hpcplusbwp12t30p140lvtssg0p81v125c
                                  2.520000       1      2.520000  
OAI31D0BWP12T30P140LVT
                   tcbn28hpcplusbwp12t30p140lvtssg0p81v125c
                                  0.840000      23     19.319999  
OAI31D1BWP12T30P140LVT
                   tcbn28hpcplusbwp12t30p140lvtssg0p81v125c
                                  0.840000       6      5.040000  
OAI31D2BWP12T30P140LVT
                   tcbn28hpcplusbwp12t30p140lvtssg0p81v125c
                                  1.512000       2      3.024000  
OAI211D0BWP12T30P140LVT
                   tcbn28hpcplusbwp12t30p140lvtssg0p81v125c
                                  0.840000      10      8.400000  
OAI211D1BWP12T30P140LVT
                   tcbn28hpcplusbwp12t30p140lvtssg0p81v125c
                                  0.840000       2      1.680000  
OAI211D2BWP12T30P140LVT
                   tcbn28hpcplusbwp12t30p140lvtssg0p81v125c
                                  1.512000       1      1.512000  
OAI211OPTREPBD1BWP12T30P140LVT
                   tcbn28hpcplusbwp12t30p140lvtssg0p81v125c
                                  1.512000       1      1.512000  
OAI211OPTREPBD2BWP12T30P140LVT
                   tcbn28hpcplusbwp12t30p140lvtssg0p81v125c
                                  2.352000       2      4.704000  
OR2D1BWP12T30P140LVT
                   tcbn28hpcplusbwp12t30p140lvtssg0p81v125c
                                  0.672000     346    232.511997  
OR2D2BWP12T30P140LVT
                   tcbn28hpcplusbwp12t30p140lvtssg0p81v125c
                                  0.840000       9      7.560000  
OR2D4BWP12T30P140LVT
                   tcbn28hpcplusbwp12t30p140lvtssg0p81v125c
                                  1.512000      21     31.751999  
OR3D1BWP12T30P140LVT
                   tcbn28hpcplusbwp12t30p140lvtssg0p81v125c
                                  0.840000      19     15.960000  
OR4D1BWP12T30P140LVT
                   tcbn28hpcplusbwp12t30p140lvtssg0p81v125c
                                  1.008000       6      6.048000  
QkDotProductAccumulator       23192.063779       1  23192.063779  h, n
QueryReplayBuffer              4116.839955       1   4116.839955  b, h, n
SoftmaxVAccumulator           18836.999858       1  18836.999858  b, h, n
StreamingSoftmax              33784.295572       1  33784.295572  b, h, n
TIEHBWP12T30P140LVT
                   tcbn28hpcplusbwp12t30p140lvtssg0p81v125c
                                  0.336000       1      0.336000  
TIELBWP12T30P140LVT
                   tcbn28hpcplusbwp12t30p140lvtssg0p81v125c
                                  0.336000       1      0.336000  
XNR2D0BWP12T30P140LVT
                   tcbn28hpcplusbwp12t30p140lvtssg0p81v125c
                                  1.344000     470    631.679991  
XNR2D1BWP12T30P140LVT
                   tcbn28hpcplusbwp12t30p140lvtssg0p81v125c
                                  1.344000      64     86.015999  
XNR2D2BWP12T30P140LVT
                   tcbn28hpcplusbwp12t30p140lvtssg0p81v125c
                                  1.512000       4      6.048000  
XNR3D0BWP12T30P140LVT
                   tcbn28hpcplusbwp12t30p140lvtssg0p81v125c
                                  2.520000       2      5.040000  
XOR2D1BWP12T30P140LVT
                   tcbn28hpcplusbwp12t30p140lvtssg0p81v125c
                                  1.344000      39     52.415999  
XOR2D2BWP12T30P140LVT
                   tcbn28hpcplusbwp12t30p140lvtssg0p81v125c
                                  1.512000       6      9.072000  
XOR2OPTND2BWP12T30P140LVT
                   tcbn28hpcplusbwp12t30p140lvtssg0p81v125c
                                  2.184000       1      2.184000  
XOR3D0BWP12T30P140LVT
                   tcbn28hpcplusbwp12t30p140lvtssg0p81v125c
                                  2.520000       5     12.600000  
XOR3OPTND6BWP12T30P140LVT
                   tcbn28hpcplusbwp12t30p140lvtssg0p81v125c
                                  9.240000       1      9.240000  
memory_8192x288                   0.000000       1      0.000000  b
-----------------------------------------------------------------------------
Total 188 references                                162669.526533

****************************************
Design: AttentionFeaturePacketizer_0 
****************************************
Reference          Library       Unit Area   Count    Total Area   Attributes
-----------------------------------------------------------------------------
AN2D0BWP12T30P140LVT
                   tcbn28hpcplusbwp12t30p140lvtssg0p81v125c
                                  0.672000      88     59.135999  
AN2D1BWP12T30P140LVT
                   tcbn28hpcplusbwp12t30p140lvtssg0p81v125c
                                  0.672000       1      0.672000  
AN3D0BWP12T30P140LVT
                   tcbn28hpcplusbwp12t30p140lvtssg0p81v125c
                                  0.840000      16     13.440000  
AO21D0BWP12T30P140LVT
                   tcbn28hpcplusbwp12t30p140lvtssg0p81v125c
                                  0.840000      25     20.999999  
AO22D0BWP12T30P140LVT
                   tcbn28hpcplusbwp12t30p140lvtssg0p81v125c
                                  1.008000     470    473.760008  
AO31D0BWP12T30P140LVT
                   tcbn28hpcplusbwp12t30p140lvtssg0p81v125c
                                  1.008000       1      1.008000  
AO222D0BWP12T30P140LVT
                   tcbn28hpcplusbwp12t30p140lvtssg0p81v125c
                                  1.512000      19     28.727999  
AOI21D1BWP12T30P140LVT
                   tcbn28hpcplusbwp12t30p140lvtssg0p81v125c
                                  0.672000     100     67.199999  
AOI21D2BWP12T30P140LVT
                   tcbn28hpcplusbwp12t30p140lvtssg0p81v125c
                                  1.176000       1      1.176000  
AOI22D1BWP12T30P140LVT
                   tcbn28hpcplusbwp12t30p140lvtssg0p81v125c
                                  0.840000       8      6.720000  
AOI31D1BWP12T30P140LVT
                   tcbn28hpcplusbwp12t30p140lvtssg0p81v125c
                                  0.840000       8      6.720000  
AOI32D0BWP12T30P140LVT
                   tcbn28hpcplusbwp12t30p140lvtssg0p81v125c
                                  1.008000       1      1.008000  
AOI211D1BWP12T30P140LVT
                   tcbn28hpcplusbwp12t30p140lvtssg0p81v125c
                                  0.840000      11      9.240000  
AOI221D0BWP12T30P140LVT
                   tcbn28hpcplusbwp12t30p140lvtssg0p81v125c
                                  1.008000       1      1.008000  
CKMUX2D0BWP12T30P140LVT
                   tcbn28hpcplusbwp12t30p140lvtssg0p81v125c
                                  1.176000      20     23.520000  
CKXOR2D0BWP12T30P140LVT
                   tcbn28hpcplusbwp12t30p140lvtssg0p81v125c
                                  1.344000      53     71.231999  
DFQD1BWP12T30P140LVT
                   tcbn28hpcplusbwp12t30p140lvtssg0p81v125c
                                  2.520000     855   2154.599984  n
FA1D0BWP12T30P140LVT
                   tcbn28hpcplusbwp12t30p140lvtssg0p81v125c
                                  2.856000       3      8.568000  r
IAO21D1BWP12T30P140LVT
                   tcbn28hpcplusbwp12t30p140lvtssg0p81v125c
                                  0.840000       4      3.360000  
IND2D1BWP12T30P140LVT
                   tcbn28hpcplusbwp12t30p140lvtssg0p81v125c
                                  0.672000      24     16.128000  
IND4D1BWP12T30P140LVT
                   tcbn28hpcplusbwp12t30p140lvtssg0p81v125c
                                  1.008000       3      3.024000  
INR2D1BWP12T30P140LVT
                   tcbn28hpcplusbwp12t30p140lvtssg0p81v125c
                                  0.672000      58     38.975999  
INR4D0BWP12T30P140LVT
                   tcbn28hpcplusbwp12t30p140lvtssg0p81v125c
                                  1.008000      15     15.120000  
INVD0BWP12T30P140LVT
                   tcbn28hpcplusbwp12t30p140lvtssg0p81v125c
                                  0.336000     391    131.375998  
INVD1BWP12T30P140LVT
                   tcbn28hpcplusbwp12t30p140lvtssg0p81v125c
                                  0.336000       2      0.672000  
IOA21D0BWP12T30P140LVT
                   tcbn28hpcplusbwp12t30p140lvtssg0p81v125c
                                  0.840000      86     72.239998  
MAOI22D0BWP12T30P140LVT
                   tcbn28hpcplusbwp12t30p140lvtssg0p81v125c
                                  1.008000       1      1.008000  
MOAI22D0BWP12T30P140LVT
                   tcbn28hpcplusbwp12t30p140lvtssg0p81v125c
                                  1.008000       2      2.016000  
MUX2ND0BWP12T30P140LVT
                   tcbn28hpcplusbwp12t30p140lvtssg0p81v125c
                                  1.008000      13     13.104000  
ND2D0BWP12T30P140LVT
                   tcbn28hpcplusbwp12t30p140lvtssg0p81v125c
                                  0.504000     304    153.216002  
ND3D1BWP12T30P140LVT
                   tcbn28hpcplusbwp12t30p140lvtssg0p81v125c
                                  0.672000      37     24.864000  
ND4D1BWP12T30P140LVT
                   tcbn28hpcplusbwp12t30p140lvtssg0p81v125c
                                  0.840000      46     38.639999  
NR2D0BWP12T30P140LVT
                   tcbn28hpcplusbwp12t30p140lvtssg0p81v125c
                                  0.504000     129     65.016001  
NR2D1BWP12T30P140LVT
                   tcbn28hpcplusbwp12t30p140lvtssg0p81v125c
                                  0.504000       1      0.504000  
NR3D0BWP12T30P140LVT
                   tcbn28hpcplusbwp12t30p140lvtssg0p81v125c
                                  0.672000      16     10.752000  
NR4D0BWP12T30P140LVT
                   tcbn28hpcplusbwp12t30p140lvtssg0p81v125c
                                  0.840000      32     26.879999  
OA211D0BWP12T30P140LVT
                   tcbn28hpcplusbwp12t30p140lvtssg0p81v125c
                                  1.008000       1      1.008000  
OAI21D0BWP12T30P140LVT
                   tcbn28hpcplusbwp12t30p140lvtssg0p81v125c
                                  0.672000     339    227.807997  
OAI22D0BWP12T30P140LVT
                   tcbn28hpcplusbwp12t30p140lvtssg0p81v125c
                                  0.840000       5      4.200000  
OAI31D0BWP12T30P140LVT
                   tcbn28hpcplusbwp12t30p140lvtssg0p81v125c
                                  0.840000     150    125.999996  
OAI211D0BWP12T30P140LVT
                   tcbn28hpcplusbwp12t30p140lvtssg0p81v125c
                                  0.840000     111     93.239997  
OAI222D0BWP12T30P140LVT
                   tcbn28hpcplusbwp12t30p140lvtssg0p81v125c
                                  1.344000      16     21.504000  
OR2D1BWP12T30P140LVT
                   tcbn28hpcplusbwp12t30p140lvtssg0p81v125c
                                  0.672000      19     12.768000  
XNR2D0BWP12T30P140LVT
                   tcbn28hpcplusbwp12t30p140lvtssg0p81v125c
                                  1.344000      32     43.007999  
-----------------------------------------------------------------------------
Total 44 references                                  4095.167972

****************************************
Design: AttentionFeaturePacketizer_1 
****************************************
Reference          Library       Unit Area   Count    Total Area   Attributes
-----------------------------------------------------------------------------
AN2D0BWP12T30P140LVT
                   tcbn28hpcplusbwp12t30p140lvtssg0p81v125c
                                  0.672000      88     59.135999  
AN2D1BWP12T30P140LVT
                   tcbn28hpcplusbwp12t30p140lvtssg0p81v125c
                                  0.672000       1      0.672000  
AN3D0BWP12T30P140LVT
                   tcbn28hpcplusbwp12t30p140lvtssg0p81v125c
                                  0.840000      16     13.440000  
AO21D0BWP12T30P140LVT
                   tcbn28hpcplusbwp12t30p140lvtssg0p81v125c
                                  0.840000      25     20.999999  
AO22D0BWP12T30P140LVT
                   tcbn28hpcplusbwp12t30p140lvtssg0p81v125c
                                  1.008000     436    439.488007  
AO222D0BWP12T30P140LVT
                   tcbn28hpcplusbwp12t30p140lvtssg0p81v125c
                                  1.512000      19     28.727999  
AOI21D1BWP12T30P140LVT
                   tcbn28hpcplusbwp12t30p140lvtssg0p81v125c
                                  0.672000     100     67.199999  
AOI21D2BWP12T30P140LVT
                   tcbn28hpcplusbwp12t30p140lvtssg0p81v125c
                                  1.176000       1      1.176000  
AOI22D1BWP12T30P140LVT
                   tcbn28hpcplusbwp12t30p140lvtssg0p81v125c
                                  0.840000       8      6.720000  
AOI31D1BWP12T30P140LVT
                   tcbn28hpcplusbwp12t30p140lvtssg0p81v125c
                                  0.840000       8      6.720000  
AOI32D0BWP12T30P140LVT
                   tcbn28hpcplusbwp12t30p140lvtssg0p81v125c
                                  1.008000       1      1.008000  
AOI211D1BWP12T30P140LVT
                   tcbn28hpcplusbwp12t30p140lvtssg0p81v125c
                                  0.840000      11      9.240000  
AOI221D0BWP12T30P140LVT
                   tcbn28hpcplusbwp12t30p140lvtssg0p81v125c
                                  1.008000       1      1.008000  
CKMUX2D0BWP12T30P140LVT
                   tcbn28hpcplusbwp12t30p140lvtssg0p81v125c
                                  1.176000      20     23.520000  
CKXOR2D0BWP12T30P140LVT
                   tcbn28hpcplusbwp12t30p140lvtssg0p81v125c
                                  1.344000      53     71.231999  
DFQD1BWP12T30P140LVT
                   tcbn28hpcplusbwp12t30p140lvtssg0p81v125c
                                  2.520000     855   2154.599984  n
FA1D0BWP12T30P140LVT
                   tcbn28hpcplusbwp12t30p140lvtssg0p81v125c
                                  2.856000       3      8.568000  r
IAO21D1BWP12T30P140LVT
                   tcbn28hpcplusbwp12t30p140lvtssg0p81v125c
                                  0.840000       4      3.360000  
IND2D1BWP12T30P140LVT
                   tcbn28hpcplusbwp12t30p140lvtssg0p81v125c
                                  0.672000      24     16.128000  
IND4D1BWP12T30P140LVT
                   tcbn28hpcplusbwp12t30p140lvtssg0p81v125c
                                  1.008000       3      3.024000  
INR2D1BWP12T30P140LVT
                   tcbn28hpcplusbwp12t30p140lvtssg0p81v125c
                                  0.672000      56     37.631999  
INR4D0BWP12T30P140LVT
                   tcbn28hpcplusbwp12t30p140lvtssg0p81v125c
                                  1.008000      15     15.120000  
INVD0BWP12T30P140LVT
                   tcbn28hpcplusbwp12t30p140lvtssg0p81v125c
                                  0.336000     392    131.711998  
INVD1BWP12T30P140LVT
                   tcbn28hpcplusbwp12t30p140lvtssg0p81v125c
                                  0.336000       2      0.672000  
IOA21D0BWP12T30P140LVT
                   tcbn28hpcplusbwp12t30p140lvtssg0p81v125c
                                  0.840000      86     72.239998  
MAOI22D0BWP12T30P140LVT
                   tcbn28hpcplusbwp12t30p140lvtssg0p81v125c
                                  1.008000       1      1.008000  
MOAI22D0BWP12T30P140LVT
                   tcbn28hpcplusbwp12t30p140lvtssg0p81v125c
                                  1.008000      36     36.288001  
MUX2ND0BWP12T30P140LVT
                   tcbn28hpcplusbwp12t30p140lvtssg0p81v125c
                                  1.008000      13     13.104000  
ND2D0BWP12T30P140LVT
                   tcbn28hpcplusbwp12t30p140lvtssg0p81v125c
                                  0.504000     304    153.216002  
ND3D1BWP12T30P140LVT
                   tcbn28hpcplusbwp12t30p140lvtssg0p81v125c
                                  0.672000      37     24.864000  
ND4D1BWP12T30P140LVT
                   tcbn28hpcplusbwp12t30p140lvtssg0p81v125c
                                  0.840000      46     38.639999  
NR2D0BWP12T30P140LVT
                   tcbn28hpcplusbwp12t30p140lvtssg0p81v125c
                                  0.504000     130     65.520001  
NR2D1BWP12T30P140LVT
                   tcbn28hpcplusbwp12t30p140lvtssg0p81v125c
                                  0.504000       1      0.504000  
NR3D0BWP12T30P140LVT
                   tcbn28hpcplusbwp12t30p140lvtssg0p81v125c
                                  0.672000      16     10.752000  
NR4D0BWP12T30P140LVT
                   tcbn28hpcplusbwp12t30p140lvtssg0p81v125c
                                  0.840000      32     26.879999  
OA211D0BWP12T30P140LVT
                   tcbn28hpcplusbwp12t30p140lvtssg0p81v125c
                                  1.008000       1      1.008000  
OAI21D0BWP12T30P140LVT
                   tcbn28hpcplusbwp12t30p140lvtssg0p81v125c
                                  0.672000     339    227.807997  
OAI22D0BWP12T30P140LVT
                   tcbn28hpcplusbwp12t30p140lvtssg0p81v125c
                                  0.840000       5      4.200000  
OAI31D0BWP12T30P140LVT
                   tcbn28hpcplusbwp12t30p140lvtssg0p81v125c
                                  0.840000     151    126.839996  
OAI211D0BWP12T30P140LVT
                   tcbn28hpcplusbwp12t30p140lvtssg0p81v125c
                                  0.840000     111     93.239997  
OAI222D0BWP12T30P140LVT
                   tcbn28hpcplusbwp12t30p140lvtssg0p81v125c
                                  1.344000      16     21.504000  
OR2D1BWP12T30P140LVT
                   tcbn28hpcplusbwp12t30p140lvtssg0p81v125c
                                  0.672000      20     13.440000  
XNR2D0BWP12T30P140LVT
                   tcbn28hpcplusbwp12t30p140lvtssg0p81v125c
                                  1.344000      32     43.007999  
-----------------------------------------------------------------------------
Total 43 references                                  4095.167972

****************************************
Design: AttentionScaleUnit 
****************************************
Reference          Library       Unit Area   Count    Total Area   Attributes
-----------------------------------------------------------------------------
AN2D0BWP12T30P140LVT
                   tcbn28hpcplusbwp12t30p140lvtssg0p81v125c
                                  0.672000     160    107.519999  
AN3D0BWP12T30P140LVT
                   tcbn28hpcplusbwp12t30p140lvtssg0p81v125c
                                  0.840000       4      3.360000  
AN4D0BWP12T30P140LVT
                   tcbn28hpcplusbwp12t30p140lvtssg0p81v125c
                                  1.008000       2      2.016000  
AO21D0BWP12T30P140LVT
                   tcbn28hpcplusbwp12t30p140lvtssg0p81v125c
                                  0.840000      65     54.599998  
AO22D0BWP12T30P140LVT
                   tcbn28hpcplusbwp12t30p140lvtssg0p81v125c
                                  1.008000     489    492.912008  
AO31D0BWP12T30P140LVT
                   tcbn28hpcplusbwp12t30p140lvtssg0p81v125c
                                  1.008000       2      2.016000  
AO211D1BWP12T30P140LVT
                   tcbn28hpcplusbwp12t30p140lvtssg0p81v125c
                                  1.008000       1      1.008000  
AOI21D1BWP12T30P140LVT
                   tcbn28hpcplusbwp12t30p140lvtssg0p81v125c
                                  0.672000     670    450.239994  
AOI22D1BWP12T30P140LVT
                   tcbn28hpcplusbwp12t30p140lvtssg0p81v125c
                                  0.840000    1271   1067.639967  
AOI31D1BWP12T30P140LVT
                   tcbn28hpcplusbwp12t30p140lvtssg0p81v125c
                                  0.840000      23     19.319999  
AOI32D0BWP12T30P140LVT
                   tcbn28hpcplusbwp12t30p140lvtssg0p81v125c
                                  1.008000       2      2.016000  
AOI211D1BWP12T30P140LVT
                   tcbn28hpcplusbwp12t30p140lvtssg0p81v125c
                                  0.840000      85     71.399998  
AOI221D0BWP12T30P140LVT
                   tcbn28hpcplusbwp12t30p140lvtssg0p81v125c
                                  1.008000       3      3.024000  
BUFFD0BWP12T30P140LVT
                   tcbn28hpcplusbwp12t30p140lvtssg0p81v125c
                                  0.504000      20     10.080000  
BUFFD1BWP12T30P140LVT
                   tcbn28hpcplusbwp12t30p140lvtssg0p81v125c
                                  0.504000      17      8.568000  
BUFFD2BWP12T30P140LVT
                   tcbn28hpcplusbwp12t30p140lvtssg0p81v125c
                                  0.672000       5      3.360000  
CKMUX2D0BWP12T30P140LVT
                   tcbn28hpcplusbwp12t30p140lvtssg0p81v125c
                                  1.176000      77     90.552000  
CKND2D1BWP12T30P140LVT
                   tcbn28hpcplusbwp12t30p140lvtssg0p81v125c
                                  0.504000      18      9.072000  
CKXOR2D0BWP12T30P140LVT
                   tcbn28hpcplusbwp12t30p140lvtssg0p81v125c
                                  1.344000     342    459.647994  
DFD1BWP12T30P140LVT
                   tcbn28hpcplusbwp12t30p140lvtssg0p81v125c
                                  2.688000       5     13.440000  n
DFQD1BWP12T30P140LVT
                   tcbn28hpcplusbwp12t30p140lvtssg0p81v125c
                                  2.520000    1103   2779.559979  n
DFQD2BWP12T30P140LVT
                   tcbn28hpcplusbwp12t30p140lvtssg0p81v125c
                                  2.520000       9     22.680000  n
FA1D0BWP12T30P140LVT
                   tcbn28hpcplusbwp12t30p140lvtssg0p81v125c
                                  2.856000    1376   3929.855927  r
HA1D0BWP12T30P140LVT
                   tcbn28hpcplusbwp12t30p140lvtssg0p81v125c
                                  2.184000     608   1327.872009  r
IAO21D1BWP12T30P140LVT
                   tcbn28hpcplusbwp12t30p140lvtssg0p81v125c
                                  0.840000       4      3.360000  
IND2D1BWP12T30P140LVT
                   tcbn28hpcplusbwp12t30p140lvtssg0p81v125c
                                  0.672000      51     34.272000  
IND3D1BWP12T30P140LVT
                   tcbn28hpcplusbwp12t30p140lvtssg0p81v125c
                                  0.840000       3      2.520000  
IND4D1BWP12T30P140LVT
                   tcbn28hpcplusbwp12t30p140lvtssg0p81v125c
                                  1.008000       2      2.016000  
INR2D1BWP12T30P140LVT
                   tcbn28hpcplusbwp12t30p140lvtssg0p81v125c
                                  0.672000     173    116.255998  
INR2D2BWP12T30P140LVT
                   tcbn28hpcplusbwp12t30p140lvtssg0p81v125c
                                  1.008000       2      2.016000  
INR3D1BWP12T30P140LVT
                   tcbn28hpcplusbwp12t30p140lvtssg0p81v125c
                                  0.840000       2      1.680000  
INR4D0BWP12T30P140LVT
                   tcbn28hpcplusbwp12t30p140lvtssg0p81v125c
                                  1.008000       7      7.056000  
INVD0BWP12T30P140LVT
                   tcbn28hpcplusbwp12t30p140lvtssg0p81v125c
                                  0.336000    2095    703.919991  
INVD1BWP12T30P140LVT
                   tcbn28hpcplusbwp12t30p140lvtssg0p81v125c
                                  0.336000       6      2.016000  
INVD2BWP12T30P140LVT
                   tcbn28hpcplusbwp12t30p140lvtssg0p81v125c
                                  0.504000      12      6.048000  
IOA21D0BWP12T30P140LVT
                   tcbn28hpcplusbwp12t30p140lvtssg0p81v125c
                                  0.840000       8      6.720000  
MAOI22D0BWP12T30P140LVT
                   tcbn28hpcplusbwp12t30p140lvtssg0p81v125c
                                  1.008000       1      1.008000  
MOAI22D0BWP12T30P140LVT
                   tcbn28hpcplusbwp12t30p140lvtssg0p81v125c
                                  1.008000       8      8.064000  
MUX2ND0BWP12T30P140LVT
                   tcbn28hpcplusbwp12t30p140lvtssg0p81v125c
                                  1.008000      43     43.344001  
ND2D0BWP12T30P140LVT
                   tcbn28hpcplusbwp12t30p140lvtssg0p81v125c
                                  0.504000    1615    813.960013  
ND2D1BWP12T30P140LVT
                   tcbn28hpcplusbwp12t30p140lvtssg0p81v125c
                                  0.504000      15      7.560000  
ND2D2BWP12T30P140LVT
                   tcbn28hpcplusbwp12t30p140lvtssg0p81v125c
                                  0.840000       1      0.840000  
ND2D3BWP12T30P140LVT
                   tcbn28hpcplusbwp12t30p140lvtssg0p81v125c
                                  1.176000       3      3.528000  
ND3D1BWP12T30P140LVT
                   tcbn28hpcplusbwp12t30p140lvtssg0p81v125c
                                  0.672000      62     41.663999  
ND4D1BWP12T30P140LVT
                   tcbn28hpcplusbwp12t30p140lvtssg0p81v125c
                                  0.840000      26     21.839999  
NR2D0BWP12T30P140LVT
                   tcbn28hpcplusbwp12t30p140lvtssg0p81v125c
                                  0.504000    1149    579.096009  
NR2D1BWP12T30P140LVT
                   tcbn28hpcplusbwp12t30p140lvtssg0p81v125c
                                  0.504000      12      6.048000  
NR2D3BWP12T30P140LVT
                   tcbn28hpcplusbwp12t30p140lvtssg0p81v125c
                                  1.176000       1      1.176000  
NR2D4BWP12T30P140LVT
                   tcbn28hpcplusbwp12t30p140lvtssg0p81v125c
                                  1.512000       1      1.512000  
NR3D0BWP12T30P140LVT
                   tcbn28hpcplusbwp12t30p140lvtssg0p81v125c
                                  0.672000      34     22.848000  
NR4D0BWP12T30P140LVT
                   tcbn28hpcplusbwp12t30p140lvtssg0p81v125c
                                  0.840000      33     27.719999  
OA21D0BWP12T30P140LVT
                   tcbn28hpcplusbwp12t30p140lvtssg0p81v125c
                                  0.840000      23     19.319999  
OA31D0BWP12T30P140LVT
                   tcbn28hpcplusbwp12t30p140lvtssg0p81v125c
                                  1.008000       1      1.008000  
OA211D0BWP12T30P140LVT
                   tcbn28hpcplusbwp12t30p140lvtssg0p81v125c
                                  1.008000      37     37.296001  
OAI21D0BWP12T30P140LVT
                   tcbn28hpcplusbwp12t30p140lvtssg0p81v125c
                                  0.672000    1349    906.527988  
OAI21D1BWP12T30P140LVT
                   tcbn28hpcplusbwp12t30p140lvtssg0p81v125c
                                  0.672000       3      2.016000  
OAI22D0BWP12T30P140LVT
                   tcbn28hpcplusbwp12t30p140lvtssg0p81v125c
                                  0.840000    1810   1520.399953  
OAI22D1BWP12T30P140LVT
                   tcbn28hpcplusbwp12t30p140lvtssg0p81v125c
                                  0.840000       1      0.840000  
OAI31D0BWP12T30P140LVT
                   tcbn28hpcplusbwp12t30p140lvtssg0p81v125c
                                  0.840000      55     46.199999  
OAI33D0BWP12T30P140LVT
                   tcbn28hpcplusbwp12t30p140lvtssg0p81v125c
                                  1.176000       1      1.176000  
OAI211D0BWP12T30P140LVT
                   tcbn28hpcplusbwp12t30p140lvtssg0p81v125c
                                  0.840000      38     31.919999  
OR2D1BWP12T30P140LVT
                   tcbn28hpcplusbwp12t30p140lvtssg0p81v125c
                                  0.672000     193    129.695998  
OR3D1BWP12T30P140LVT
                   tcbn28hpcplusbwp12t30p140lvtssg0p81v125c
                                  0.840000       3      2.520000  
OR4D1BWP12T30P140LVT
                   tcbn28hpcplusbwp12t30p140lvtssg0p81v125c
                                  1.008000       3      3.024000  
XNR2D0BWP12T30P140LVT
                   tcbn28hpcplusbwp12t30p140lvtssg0p81v125c
                                  1.344000    1668   2241.791970  
XNR2D1BWP12T30P140LVT
                   tcbn28hpcplusbwp12t30p140lvtssg0p81v125c
                                  1.344000      13     17.472000  
XNR3D0BWP12T30P140LVT
                   tcbn28hpcplusbwp12t30p140lvtssg0p81v125c
                                  2.520000       1      2.520000  
-----------------------------------------------------------------------------
Total 67 references                                 18363.575786

****************************************
Design: AvOutputQuantizer 
****************************************
Reference          Library       Unit Area   Count    Total Area   Attributes
-----------------------------------------------------------------------------
AN2D0BWP12T30P140LVT
                   tcbn28hpcplusbwp12t30p140lvtssg0p81v125c
                                  0.672000     144     96.767999  
AO21D0BWP12T30P140LVT
                   tcbn28hpcplusbwp12t30p140lvtssg0p81v125c
                                  0.840000      23     19.319999  
AO22D0BWP12T30P140LVT
                   tcbn28hpcplusbwp12t30p140lvtssg0p81v125c
                                  1.008000      31     31.248001  
AO31D0BWP12T30P140LVT
                   tcbn28hpcplusbwp12t30p140lvtssg0p81v125c
                                  1.008000       1      1.008000  
AO211D1BWP12T30P140LVT
                   tcbn28hpcplusbwp12t30p140lvtssg0p81v125c
                                  1.008000       1      1.008000  
AOI21D1BWP12T30P140LVT
                   tcbn28hpcplusbwp12t30p140lvtssg0p81v125c
                                  0.672000      61     40.991999  
AOI22D1BWP12T30P140LVT
                   tcbn28hpcplusbwp12t30p140lvtssg0p81v125c
                                  0.840000       2      1.680000  
AOI31D1BWP12T30P140LVT
                   tcbn28hpcplusbwp12t30p140lvtssg0p81v125c
                                  0.840000       5      4.200000  
AOI211D1BWP12T30P140LVT
                   tcbn28hpcplusbwp12t30p140lvtssg0p81v125c
                                  0.840000       3      2.520000  
CKMUX2D0BWP12T30P140LVT
                   tcbn28hpcplusbwp12t30p140lvtssg0p81v125c
                                  1.176000      33     38.808000  
CKXOR2D0BWP12T30P140LVT
                   tcbn28hpcplusbwp12t30p140lvtssg0p81v125c
                                  1.344000      55     73.919999  
DFQD1BWP12T30P140LVT
                   tcbn28hpcplusbwp12t30p140lvtssg0p81v125c
                                  2.520000     503   1267.559990  n
IAO21D1BWP12T30P140LVT
                   tcbn28hpcplusbwp12t30p140lvtssg0p81v125c
                                  0.840000       3      2.520000  
IND2D1BWP12T30P140LVT
                   tcbn28hpcplusbwp12t30p140lvtssg0p81v125c
                                  0.672000       3      2.016000  
IND3D1BWP12T30P140LVT
                   tcbn28hpcplusbwp12t30p140lvtssg0p81v125c
                                  0.840000       2      1.680000  
IND4D1BWP12T30P140LVT
                   tcbn28hpcplusbwp12t30p140lvtssg0p81v125c
                                  1.008000       2      2.016000  
INR2D1BWP12T30P140LVT
                   tcbn28hpcplusbwp12t30p140lvtssg0p81v125c
                                  0.672000      89     59.807999  
INR3D1BWP12T30P140LVT
                   tcbn28hpcplusbwp12t30p140lvtssg0p81v125c
                                  0.840000       2      1.680000  
INVD0BWP12T30P140LVT
                   tcbn28hpcplusbwp12t30p140lvtssg0p81v125c
                                  0.336000     335    112.559998  
INVD1BWP12T30P140LVT
                   tcbn28hpcplusbwp12t30p140lvtssg0p81v125c
                                  0.336000       1      0.336000  
IOA21D0BWP12T30P140LVT
                   tcbn28hpcplusbwp12t30p140lvtssg0p81v125c
                                  0.840000     162    136.079996  
MAOI222D0BWP12T30P140LVT
                   tcbn28hpcplusbwp12t30p140lvtssg0p81v125c
                                  1.008000       5      5.040000  
MUX2ND0BWP12T30P140LVT
                   tcbn28hpcplusbwp12t30p140lvtssg0p81v125c
                                  1.008000      20     20.160000  
ND2D0BWP12T30P140LVT
                   tcbn28hpcplusbwp12t30p140lvtssg0p81v125c
                                  0.504000     412    207.648003  
ND2D1BWP12T30P140LVT
                   tcbn28hpcplusbwp12t30p140lvtssg0p81v125c
                                  0.504000       1      0.504000  
ND3D1BWP12T30P140LVT
                   tcbn28hpcplusbwp12t30p140lvtssg0p81v125c
                                  0.672000      33     22.176000  
ND4D1BWP12T30P140LVT
                   tcbn28hpcplusbwp12t30p140lvtssg0p81v125c
                                  0.840000      24     20.159999  
NR2D0BWP12T30P140LVT
                   tcbn28hpcplusbwp12t30p140lvtssg0p81v125c
                                  0.504000     101     50.904001  
NR3D0BWP12T30P140LVT
                   tcbn28hpcplusbwp12t30p140lvtssg0p81v125c
                                  0.672000      14      9.408000  
NR4D0BWP12T30P140LVT
                   tcbn28hpcplusbwp12t30p140lvtssg0p81v125c
                                  0.840000      34     28.559999  
OA21D0BWP12T30P140LVT
                   tcbn28hpcplusbwp12t30p140lvtssg0p81v125c
                                  0.840000       3      2.520000  
OAI21D0BWP12T30P140LVT
                   tcbn28hpcplusbwp12t30p140lvtssg0p81v125c
                                  0.672000     429    288.287996  
OAI22D0BWP12T30P140LVT
                   tcbn28hpcplusbwp12t30p140lvtssg0p81v125c
                                  0.840000      36     30.239999  
OAI31D0BWP12T30P140LVT
                   tcbn28hpcplusbwp12t30p140lvtssg0p81v125c
                                  0.840000     178    149.519995  
OAI211D0BWP12T30P140LVT
                   tcbn28hpcplusbwp12t30p140lvtssg0p81v125c
                                  0.840000     173    145.319995  
OR2D1BWP12T30P140LVT
                   tcbn28hpcplusbwp12t30p140lvtssg0p81v125c
                                  0.672000      17     11.424000  
OR4D1BWP12T30P140LVT
                   tcbn28hpcplusbwp12t30p140lvtssg0p81v125c
                                  1.008000       3      3.024000  
XNR2D0BWP12T30P140LVT
                   tcbn28hpcplusbwp12t30p140lvtssg0p81v125c
                                  1.344000      54     72.575999  
XNR3D0BWP12T30P140LVT
                   tcbn28hpcplusbwp12t30p140lvtssg0p81v125c
                                  2.520000       2      5.040000  
-----------------------------------------------------------------------------
Total 39 references                                  2970.239968

****************************************
Design: DualKvDecompressionController 
****************************************
Reference          Library       Unit Area   Count    Total Area   Attributes
-----------------------------------------------------------------------------
AN2D0BWP12T30P140LVT
                   tcbn28hpcplusbwp12t30p140lvtssg0p81v125c
                                  0.672000     327    219.743997  
AN2D1BWP12T30P140LVT
                   tcbn28hpcplusbwp12t30p140lvtssg0p81v125c
                                  0.672000       1      0.672000  
AN3D0BWP12T30P140LVT
                   tcbn28hpcplusbwp12t30p140lvtssg0p81v125c
                                  0.840000       2      1.680000  
AO21D0BWP12T30P140LVT
                   tcbn28hpcplusbwp12t30p140lvtssg0p81v125c
                                  0.840000      26     21.839999  
AO22D0BWP12T30P140LVT
                   tcbn28hpcplusbwp12t30p140lvtssg0p81v125c
                                  1.008000     902    909.216015  
AO211D1BWP12T30P140LVT
                   tcbn28hpcplusbwp12t30p140lvtssg0p81v125c
                                  1.008000       1      1.008000  
AO221D1BWP12T30P140LVT
                   tcbn28hpcplusbwp12t30p140lvtssg0p81v125c
                                  1.344000       1      1.344000  
AOI21D1BWP12T30P140LVT
                   tcbn28hpcplusbwp12t30p140lvtssg0p81v125c
                                  0.672000      67     45.023999  
AOI21OPTPBD2BWP12T30P140LVT
                   tcbn28hpcplusbwp12t30p140lvtssg0p81v125c
                                  1.848000       1      1.848000  
AOI22D1BWP12T30P140LVT
                   tcbn28hpcplusbwp12t30p140lvtssg0p81v125c
                                  0.840000      56     47.039999  
AOI32D0BWP12T30P140LVT
                   tcbn28hpcplusbwp12t30p140lvtssg0p81v125c
                                  1.008000      16     16.128000  
AOI211D1BWP12T30P140LVT
                   tcbn28hpcplusbwp12t30p140lvtssg0p81v125c
                                  0.840000      15     12.600000  
AOI221D0BWP12T30P140LVT
                   tcbn28hpcplusbwp12t30p140lvtssg0p81v125c
                                  1.008000     329    331.632005  
AOI222D1BWP12T30P140LVT
                   tcbn28hpcplusbwp12t30p140lvtssg0p81v125c
                                  1.344000       9     12.096000  
BUFFD0BWP12T30P140LVT
                   tcbn28hpcplusbwp12t30p140lvtssg0p81v125c
                                  0.504000       5      2.520000  
BUFFD1BWP12T30P140LVT
                   tcbn28hpcplusbwp12t30p140lvtssg0p81v125c
                                  0.504000       4      2.016000  
BUFFD2BWP12T30P140LVT
                   tcbn28hpcplusbwp12t30p140lvtssg0p81v125c
                                  0.672000       1      0.672000  
CKMUX2D0BWP12T30P140LVT
                   tcbn28hpcplusbwp12t30p140lvtssg0p81v125c
                                  1.176000      80     94.080000  
CKND2BWP12T30P140LVT
                   tcbn28hpcplusbwp12t30p140lvtssg0p81v125c
                                  0.504000       1      0.504000  
CKND2D1BWP12T30P140LVT
                   tcbn28hpcplusbwp12t30p140lvtssg0p81v125c
                                  0.504000       1      0.504000  
CKND2D2BWP12T30P140LVT
                   tcbn28hpcplusbwp12t30p140lvtssg0p81v125c
                                  0.840000       3      2.520000  
CKND2D3BWP12T30P140LVT
                   tcbn28hpcplusbwp12t30p140lvtssg0p81v125c
                                  1.176000       2      2.352000  
CKND2D4BWP12T30P140LVT
                   tcbn28hpcplusbwp12t30p140lvtssg0p81v125c
                                  1.512000       3      4.536000  
CKND6BWP12T30P140LVT
                   tcbn28hpcplusbwp12t30p140lvtssg0p81v125c
                                  1.176000       1      1.176000  
CKXOR2D0BWP12T30P140LVT
                   tcbn28hpcplusbwp12t30p140lvtssg0p81v125c
                                  1.344000      58     77.951999  
CKXOR2D1BWP12T30P140LVT
                   tcbn28hpcplusbwp12t30p140lvtssg0p81v125c
                                  1.344000       1      1.344000  
DFD1BWP12T30P140LVT
                   tcbn28hpcplusbwp12t30p140lvtssg0p81v125c
                                  2.688000       8     21.504000  n
DFQD1BWP12T30P140LVT
                   tcbn28hpcplusbwp12t30p140lvtssg0p81v125c
                                  2.520000     979   2467.079981  n
DFQD2BWP12T30P140LVT
                   tcbn28hpcplusbwp12t30p140lvtssg0p81v125c
                                  2.520000       2      5.040000  n
DFQD4BWP12T30P140LVT
                   tcbn28hpcplusbwp12t30p140lvtssg0p81v125c
                                  3.024000       4     12.096000  n
DecompressionPipelineController
                              16699.703887       1  16699.703887  h, n
DecompressionPipelineController_1
                              16658.039882       1  16658.039882  h, n
FA1D0BWP12T30P140LVT
                   tcbn28hpcplusbwp12t30p140lvtssg0p81v125c
                                  2.856000     173    494.087991  r
FA1D1BWP12T30P140LVT
                   tcbn28hpcplusbwp12t30p140lvtssg0p81v125c
                                  2.856000     143    408.407992  r
FA1OPTCD1BWP12T30P140LVT
                   tcbn28hpcplusbwp12t30p140lvtssg0p81v125c
                                  3.360000       8     26.879999  r
FA1OPTCD2BWP12T30P140LVT
                   tcbn28hpcplusbwp12t30p140lvtssg0p81v125c
                                  4.032000      14     56.448001  r
HA1D0BWP12T30P140LVT
                   tcbn28hpcplusbwp12t30p140lvtssg0p81v125c
                                  2.184000      21     45.864000  r
HA1D1BWP12T30P140LVT
                   tcbn28hpcplusbwp12t30p140lvtssg0p81v125c
                                  2.184000      17     37.128000  r
HA1D2BWP12T30P140LVT
                   tcbn28hpcplusbwp12t30p140lvtssg0p81v125c
                                  2.520000       5     12.600000  r
HA1D4BWP12T30P140LVT
                   tcbn28hpcplusbwp12t30p140lvtssg0p81v125c
                                  3.864000       3     11.592000  r
IAO21D1BWP12T30P140LVT
                   tcbn28hpcplusbwp12t30p140lvtssg0p81v125c
                                  0.840000      25     20.999999  
IAO21D2BWP12T30P140LVT
                   tcbn28hpcplusbwp12t30p140lvtssg0p81v125c
                                  1.176000       1      1.176000  
IND4D1BWP12T30P140LVT
                   tcbn28hpcplusbwp12t30p140lvtssg0p81v125c
                                  1.008000       2      2.016000  
INR2D1BWP12T30P140LVT
                   tcbn28hpcplusbwp12t30p140lvtssg0p81v125c
                                  0.672000      14      9.408000  
INR2D2BWP12T30P140LVT
                   tcbn28hpcplusbwp12t30p140lvtssg0p81v125c
                                  1.008000       7      7.056000  
INR2D4BWP12T30P140LVT
                   tcbn28hpcplusbwp12t30p140lvtssg0p81v125c
                                  1.848000       2      3.696000  
INR3D1BWP12T30P140LVT
                   tcbn28hpcplusbwp12t30p140lvtssg0p81v125c
                                  0.840000       8      6.720000  
INVD0BWP12T30P140LVT
                   tcbn28hpcplusbwp12t30p140lvtssg0p81v125c
                                  0.336000     306    102.815999  
INVD1BWP12T30P140LVT
                   tcbn28hpcplusbwp12t30p140lvtssg0p81v125c
                                  0.336000      17      5.712000  
INVD1P25BWP12T30P140LVT
                   tcbn28hpcplusbwp12t30p140lvtssg0p81v125c
                                  0.504000       3      1.512000  
INVD2BWP12T30P140LVT
                   tcbn28hpcplusbwp12t30p140lvtssg0p81v125c
                                  0.504000      13      6.552000  
INVD3BWP12T30P140LVT
                   tcbn28hpcplusbwp12t30p140lvtssg0p81v125c
                                  0.672000       1      0.672000  
INVD6BWP12T30P140LVT
                   tcbn28hpcplusbwp12t30p140lvtssg0p81v125c
                                  1.176000       2      2.352000  
IOA21D0BWP12T30P140LVT
                   tcbn28hpcplusbwp12t30p140lvtssg0p81v125c
                                  0.840000       7      5.880000  
IOA21D2BWP12T30P140LVT
                   tcbn28hpcplusbwp12t30p140lvtssg0p81v125c
                                  1.176000       1      1.176000  
MAOI22D0BWP12T30P140LVT
                   tcbn28hpcplusbwp12t30p140lvtssg0p81v125c
                                  1.008000      36     36.288001  
MAOI222D0BWP12T30P140LVT
                   tcbn28hpcplusbwp12t30p140lvtssg0p81v125c
                                  1.008000       2      2.016000  
MOAI22D0BWP12T30P140LVT
                   tcbn28hpcplusbwp12t30p140lvtssg0p81v125c
                                  1.008000      12     12.096000  
MOAI22D1BWP12T30P140LVT
                   tcbn28hpcplusbwp12t30p140lvtssg0p81v125c
                                  1.008000       1      1.008000  
MUX2ND0BWP12T30P140LVT
                   tcbn28hpcplusbwp12t30p140lvtssg0p81v125c
                                  1.008000     327    329.616005  
MUX2ND1BWP12T30P140LVT
                   tcbn28hpcplusbwp12t30p140lvtssg0p81v125c
                                  1.680000       2      3.360000  
MUX2OPTD4BWP12T30P140LVT
                   tcbn28hpcplusbwp12t30p140lvtssg0p81v125c
                                  3.024000       1      3.024000  
ND2D0BWP12T30P140LVT
                   tcbn28hpcplusbwp12t30p140lvtssg0p81v125c
                                  0.504000     103     51.912001  
ND2D1BWP12T30P140LVT
                   tcbn28hpcplusbwp12t30p140lvtssg0p81v125c
                                  0.504000       2      1.008000  
ND2D2BWP12T30P140LVT
                   tcbn28hpcplusbwp12t30p140lvtssg0p81v125c
                                  0.840000       2      1.680000  
ND2OPTPAD1BWP12T30P140LVT
                   tcbn28hpcplusbwp12t30p140lvtssg0p81v125c
                                  0.840000       2      1.680000  
ND2OPTPAD2BWP12T30P140LVT
                   tcbn28hpcplusbwp12t30p140lvtssg0p81v125c
                                  1.512000       1      1.512000  
ND3D1BWP12T30P140LVT
                   tcbn28hpcplusbwp12t30p140lvtssg0p81v125c
                                  0.672000      12      8.064000  
ND4D1BWP12T30P140LVT
                   tcbn28hpcplusbwp12t30p140lvtssg0p81v125c
                                  0.840000      31     26.039999  
NR2D0BWP12T30P140LVT
                   tcbn28hpcplusbwp12t30p140lvtssg0p81v125c
                                  0.504000     115     57.960001  
NR2D1BWP12T30P140LVT
                   tcbn28hpcplusbwp12t30p140lvtssg0p81v125c
                                  0.504000       8      4.032000  
NR2D2BWP12T30P140LVT
                   tcbn28hpcplusbwp12t30p140lvtssg0p81v125c
                                  0.840000       5      4.200000  
NR2OPTPAD2BWP12T30P140LVT
                   tcbn28hpcplusbwp12t30p140lvtssg0p81v125c
                                  1.176000       3      3.528000  
NR3D0BWP12T30P140LVT
                   tcbn28hpcplusbwp12t30p140lvtssg0p81v125c
                                  0.672000      14      9.408000  
NR4D0BWP12T30P140LVT
                   tcbn28hpcplusbwp12t30p140lvtssg0p81v125c
                                  0.840000      46     38.639999  
NR4D1BWP12T30P140LVT
                   tcbn28hpcplusbwp12t30p140lvtssg0p81v125c
                                  1.512000       1      1.512000  
OA22D1BWP12T30P140LVT
                   tcbn28hpcplusbwp12t30p140lvtssg0p81v125c
                                  1.176000      64     75.264000  
OA31D0BWP12T30P140LVT
                   tcbn28hpcplusbwp12t30p140lvtssg0p81v125c
                                  1.008000       2      2.016000  
OAI21D0BWP12T30P140LVT
                   tcbn28hpcplusbwp12t30p140lvtssg0p81v125c
                                  0.672000     106     71.231999  
OAI21D1BWP12T30P140LVT
                   tcbn28hpcplusbwp12t30p140lvtssg0p81v125c
                                  0.672000       2      1.344000  
OAI21OPTREPBD2BWP12T30P140LVT
                   tcbn28hpcplusbwp12t30p140lvtssg0p81v125c
                                  1.848000       1      1.848000  
OAI22D0BWP12T30P140LVT
                   tcbn28hpcplusbwp12t30p140lvtssg0p81v125c
                                  0.840000     161    135.239996  
OAI31D0BWP12T30P140LVT
                   tcbn28hpcplusbwp12t30p140lvtssg0p81v125c
                                  0.840000      18     15.120000  
OAI32D0BWP12T30P140LVT
                   tcbn28hpcplusbwp12t30p140lvtssg0p81v125c
                                  1.008000      34     34.272001  
OAI211D0BWP12T30P140LVT
                   tcbn28hpcplusbwp12t30p140lvtssg0p81v125c
                                  0.840000      24     20.159999  
OAI221D0BWP12T30P140LVT
                   tcbn28hpcplusbwp12t30p140lvtssg0p81v125c
                                  1.176000       3      3.528000  
OAI222D0BWP12T30P140LVT
                   tcbn28hpcplusbwp12t30p140lvtssg0p81v125c
                                  1.344000      30     40.319999  
OR2D1BWP12T30P140LVT
                   tcbn28hpcplusbwp12t30p140lvtssg0p81v125c
                                  0.672000      11      7.392000  
OR3D1BWP12T30P140LVT
                   tcbn28hpcplusbwp12t30p140lvtssg0p81v125c
                                  0.840000       2      1.680000  
OR4D1BWP12T30P140LVT
                   tcbn28hpcplusbwp12t30p140lvtssg0p81v125c
                                  1.008000       1      1.008000  
XNR2D0BWP12T30P140LVT
                   tcbn28hpcplusbwp12t30p140lvtssg0p81v125c
                                  1.344000      15     20.160000  
XNR2D1BWP12T30P140LVT
                   tcbn28hpcplusbwp12t30p140lvtssg0p81v125c
                                  1.344000       1      1.344000  
XNR3D0BWP12T30P140LVT
                   tcbn28hpcplusbwp12t30p140lvtssg0p81v125c
                                  2.520000       1      2.520000  
XOR2D1BWP12T30P140LVT
                   tcbn28hpcplusbwp12t30p140lvtssg0p81v125c
                                  1.344000       2      2.688000  
XOR2D2BWP12T30P140LVT
                   tcbn28hpcplusbwp12t30p140lvtssg0p81v125c
                                  1.512000       2      3.024000  
XOR3D0BWP12T30P140LVT
                   tcbn28hpcplusbwp12t30p140lvtssg0p81v125c
                                  2.520000       1      2.520000  
-----------------------------------------------------------------------------
Total 96 references                                 39987.527742

****************************************
Design: DecompressionPipelineController 
****************************************
Reference          Library       Unit Area   Count    Total Area   Attributes
-----------------------------------------------------------------------------
AN2D0BWP12T30P140LVT
                   tcbn28hpcplusbwp12t30p140lvtssg0p81v125c
                                  0.672000      17     11.424000  
AN2D2BWP12T30P140LVT
                   tcbn28hpcplusbwp12t30p140lvtssg0p81v125c
                                  0.840000       1      0.840000  
AN3D0BWP12T30P140LVT
                   tcbn28hpcplusbwp12t30p140lvtssg0p81v125c
                                  0.840000       3      2.520000  
AN4D0BWP12T30P140LVT
                   tcbn28hpcplusbwp12t30p140lvtssg0p81v125c
                                  1.008000       2      2.016000  
AO21D0BWP12T30P140LVT
                   tcbn28hpcplusbwp12t30p140lvtssg0p81v125c
                                  0.840000      12     10.080000  
AO22D0BWP12T30P140LVT
                   tcbn28hpcplusbwp12t30p140lvtssg0p81v125c
                                  1.008000     607    611.856010  
AO32D0BWP12T30P140LVT
                   tcbn28hpcplusbwp12t30p140lvtssg0p81v125c
                                  1.344000       1      1.344000  
AO211D1BWP12T30P140LVT
                   tcbn28hpcplusbwp12t30p140lvtssg0p81v125c
                                  1.008000       2      2.016000  
AO222D0BWP12T30P140LVT
                   tcbn28hpcplusbwp12t30p140lvtssg0p81v125c
                                  1.512000       8     12.096000  
AOI21D1BWP12T30P140LVT
                   tcbn28hpcplusbwp12t30p140lvtssg0p81v125c
                                  0.672000     432    290.303996  
AOI22D1BWP12T30P140LVT
                   tcbn28hpcplusbwp12t30p140lvtssg0p81v125c
                                  0.840000     105     88.199997  
AOI32D0BWP12T30P140LVT
                   tcbn28hpcplusbwp12t30p140lvtssg0p81v125c
                                  1.008000       2      2.016000  
AOI33D0BWP12T30P140LVT
                   tcbn28hpcplusbwp12t30p140lvtssg0p81v125c
                                  1.176000       1      1.176000  
AOI211D1BWP12T30P140LVT
                   tcbn28hpcplusbwp12t30p140lvtssg0p81v125c
                                  0.840000      19     15.960000  
AOI221D0BWP12T30P140LVT
                   tcbn28hpcplusbwp12t30p140lvtssg0p81v125c
                                  1.008000     301    303.408005  
AOI221D1BWP12T30P140LVT
                   tcbn28hpcplusbwp12t30p140lvtssg0p81v125c
                                  1.008000       2      2.016000  
AOI222D1BWP12T30P140LVT
                   tcbn28hpcplusbwp12t30p140lvtssg0p81v125c
                                  1.344000      19     25.536000  
BUFFD0BWP12T30P140LVT
                   tcbn28hpcplusbwp12t30p140lvtssg0p81v125c
                                  0.504000       2      1.008000  
BUFFD2BWP12T30P140LVT
                   tcbn28hpcplusbwp12t30p140lvtssg0p81v125c
                                  0.672000       1      0.672000  
CKMUX2D0BWP12T30P140LVT
                   tcbn28hpcplusbwp12t30p140lvtssg0p81v125c
                                  1.176000      81     95.256000  
CKND2D1BWP12T30P140LVT
                   tcbn28hpcplusbwp12t30p140lvtssg0p81v125c
                                  0.504000       2      1.008000  
CKXOR2D0BWP12T30P140LVT
                   tcbn28hpcplusbwp12t30p140lvtssg0p81v125c
                                  1.344000      19     25.536000  
CKXOR2D1BWP12T30P140LVT
                   tcbn28hpcplusbwp12t30p140lvtssg0p81v125c
                                  1.344000       2      2.688000  
DFD1BWP12T30P140LVT
                   tcbn28hpcplusbwp12t30p140lvtssg0p81v125c
                                  2.688000       4     10.752000  n
DFQD1BWP12T30P140LVT
                   tcbn28hpcplusbwp12t30p140lvtssg0p81v125c
                                  2.520000     678   1708.559987  n
DFQD2BWP12T30P140LVT
                   tcbn28hpcplusbwp12t30p140lvtssg0p81v125c
                                  2.520000       4     10.080000  n
DFQD4BWP12T30P140LVT
                   tcbn28hpcplusbwp12t30p140lvtssg0p81v125c
                                  3.024000       1      3.024000  n
DFQOPTMAD8BWP12T30P140LVT
                   tcbn28hpcplusbwp12t30p140lvtssg0p81v125c
                                  8.064000       1      8.064000  n
FA1D0BWP12T30P140LVT
                   tcbn28hpcplusbwp12t30p140lvtssg0p81v125c
                                  2.856000     313    893.927983  r
FA1D1BWP12T30P140LVT
                   tcbn28hpcplusbwp12t30p140lvtssg0p81v125c
                                  2.856000     345    985.319982  r
FA1D2BWP12T30P140LVT
                   tcbn28hpcplusbwp12t30p140lvtssg0p81v125c
                                  3.192000       2      6.384000  r
FA1OPTCD1BWP12T30P140LVT
                   tcbn28hpcplusbwp12t30p140lvtssg0p81v125c
                                  3.360000      17     57.119998  r
FA1OPTCD2BWP12T30P140LVT
                   tcbn28hpcplusbwp12t30p140lvtssg0p81v125c
                                  4.032000      36    145.152002  r
HA1D0BWP12T30P140LVT
                   tcbn28hpcplusbwp12t30p140lvtssg0p81v125c
                                  2.184000      48    104.832001  r
HA1D1BWP12T30P140LVT
                   tcbn28hpcplusbwp12t30p140lvtssg0p81v125c
                                  2.184000      25     54.600000  r
HA1D2BWP12T30P140LVT
                   tcbn28hpcplusbwp12t30p140lvtssg0p81v125c
                                  2.520000       5     12.600000  r
HA1D4BWP12T30P140LVT
                   tcbn28hpcplusbwp12t30p140lvtssg0p81v125c
                                  3.864000       1      3.864000  r
IAO21D1BWP12T30P140LVT
                   tcbn28hpcplusbwp12t30p140lvtssg0p81v125c
                                  0.840000      52     43.679999  
IND2D1BWP12T30P140LVT
                   tcbn28hpcplusbwp12t30p140lvtssg0p81v125c
                                  0.672000       3      2.016000  
IND3D1BWP12T30P140LVT
                   tcbn28hpcplusbwp12t30p140lvtssg0p81v125c
                                  0.840000       1      0.840000  
INR2D1BWP12T30P140LVT
                   tcbn28hpcplusbwp12t30p140lvtssg0p81v125c
                                  0.672000      17     11.424000  
INR2D2BWP12T30P140LVT
                   tcbn28hpcplusbwp12t30p140lvtssg0p81v125c
                                  1.008000       4      4.032000  
INR2D4BWP12T30P140LVT
                   tcbn28hpcplusbwp12t30p140lvtssg0p81v125c
                                  1.848000       1      1.848000  
INR3D1BWP12T30P140LVT
                   tcbn28hpcplusbwp12t30p140lvtssg0p81v125c
                                  0.840000       9      7.560000  
INR3D2BWP12T30P140LVT
                   tcbn28hpcplusbwp12t30p140lvtssg0p81v125c
                                  1.344000       1      1.344000  
INVD0BWP12T30P140LVT
                   tcbn28hpcplusbwp12t30p140lvtssg0p81v125c
                                  0.336000     469    157.583998  
INVD1BWP12T30P140LVT
                   tcbn28hpcplusbwp12t30p140lvtssg0p81v125c
                                  0.336000      14      4.704000  
INVD1P25BWP12T30P140LVT
                   tcbn28hpcplusbwp12t30p140lvtssg0p81v125c
                                  0.504000       1      0.504000  
INVD2BWP12T30P140LVT
                   tcbn28hpcplusbwp12t30p140lvtssg0p81v125c
                                  0.504000       6      3.024000  
IOA21D0BWP12T30P140LVT
                   tcbn28hpcplusbwp12t30p140lvtssg0p81v125c
                                  0.840000      20     16.799999  
KvStreamDequantizer            8980.103930       1   8980.103930  h, n
MAOI22D0BWP12T30P140LVT
                   tcbn28hpcplusbwp12t30p140lvtssg0p81v125c
                                  1.008000      59     59.472001  
MOAI22D0BWP12T30P140LVT
                   tcbn28hpcplusbwp12t30p140lvtssg0p81v125c
                                  1.008000       3      3.024000  
MUX2ND0BWP12T30P140LVT
                   tcbn28hpcplusbwp12t30p140lvtssg0p81v125c
                                  1.008000     685    690.480011  
ND2D0BWP12T30P140LVT
                   tcbn28hpcplusbwp12t30p140lvtssg0p81v125c
                                  0.504000     211    106.344002  
ND2D1BWP12T30P140LVT
                   tcbn28hpcplusbwp12t30p140lvtssg0p81v125c
                                  0.504000       7      3.528000  
ND2OPTPAD1BWP12T30P140LVT
                   tcbn28hpcplusbwp12t30p140lvtssg0p81v125c
                                  0.840000       1      0.840000  
ND3D1BWP12T30P140LVT
                   tcbn28hpcplusbwp12t30p140lvtssg0p81v125c
                                  0.672000      16     10.752000  
ND3OPTPAD1BWP12T30P140LVT
                   tcbn28hpcplusbwp12t30p140lvtssg0p81v125c
                                  1.176000       1      1.176000  
ND4D1BWP12T30P140LVT
                   tcbn28hpcplusbwp12t30p140lvtssg0p81v125c
                                  0.840000      26     21.839999  
NR2D0BWP12T30P140LVT
                   tcbn28hpcplusbwp12t30p140lvtssg0p81v125c
                                  0.504000     234    117.936002  
NR2D1BWP12T30P140LVT
                   tcbn28hpcplusbwp12t30p140lvtssg0p81v125c
                                  0.504000      17      8.568000  
NR2OPTPAD2BWP12T30P140LVT
                   tcbn28hpcplusbwp12t30p140lvtssg0p81v125c
                                  1.176000       1      1.176000  
NR3D0BWP12T30P140LVT
                   tcbn28hpcplusbwp12t30p140lvtssg0p81v125c
                                  0.672000      18     12.096000  
NR4D0BWP12T30P140LVT
                   tcbn28hpcplusbwp12t30p140lvtssg0p81v125c
                                  0.840000      34     28.559999  
OA21D0BWP12T30P140LVT
                   tcbn28hpcplusbwp12t30p140lvtssg0p81v125c
                                  0.840000       8      6.720000  
OA22D1BWP12T30P140LVT
                   tcbn28hpcplusbwp12t30p140lvtssg0p81v125c
                                  1.176000      16     18.816000  
OA221D0BWP12T30P140LVT
                   tcbn28hpcplusbwp12t30p140lvtssg0p81v125c
                                  1.344000       3      4.032000  
OAI21D0BWP12T30P140LVT
                   tcbn28hpcplusbwp12t30p140lvtssg0p81v125c
                                  0.672000     155    104.159999  
OAI21D1BWP12T30P140LVT
                   tcbn28hpcplusbwp12t30p140lvtssg0p81v125c
                                  0.672000       1      0.672000  
OAI22D0BWP12T30P140LVT
                   tcbn28hpcplusbwp12t30p140lvtssg0p81v125c
                                  0.840000     128    107.519997  
OAI22D1BWP12T30P140LVT
                   tcbn28hpcplusbwp12t30p140lvtssg0p81v125c
                                  0.840000       1      0.840000  
OAI31D0BWP12T30P140LVT
                   tcbn28hpcplusbwp12t30p140lvtssg0p81v125c
                                  0.840000      22     18.479999  
OAI31D2BWP12T30P140LVT
                   tcbn28hpcplusbwp12t30p140lvtssg0p81v125c
                                  1.512000       1      1.512000  
OAI32D0BWP12T30P140LVT
                   tcbn28hpcplusbwp12t30p140lvtssg0p81v125c
                                  1.008000      98     98.784002  
OAI211D0BWP12T30P140LVT
                   tcbn28hpcplusbwp12t30p140lvtssg0p81v125c
                                  0.840000      53     44.519999  
OAI222D0BWP12T30P140LVT
                   tcbn28hpcplusbwp12t30p140lvtssg0p81v125c
                                  1.344000     329    442.175994  
OR2D1BWP12T30P140LVT
                   tcbn28hpcplusbwp12t30p140lvtssg0p81v125c
                                  0.672000       9      6.048000  
OR3D1BWP12T30P140LVT
                   tcbn28hpcplusbwp12t30p140lvtssg0p81v125c
                                  0.840000       7      5.880000  
OR4D1BWP12T30P140LVT
                   tcbn28hpcplusbwp12t30p140lvtssg0p81v125c
                                  1.008000       1      1.008000  
XNR2D0BWP12T30P140LVT
                   tcbn28hpcplusbwp12t30p140lvtssg0p81v125c
                                  1.344000       5      6.720000  
XNR2D1BWP12T30P140LVT
                   tcbn28hpcplusbwp12t30p140lvtssg0p81v125c
                                  1.344000       4      5.376000  
XOR2D1BWP12T30P140LVT
                   tcbn28hpcplusbwp12t30p140lvtssg0p81v125c
                                  1.344000       1      1.344000  
XOR2D2BWP12T30P140LVT
                   tcbn28hpcplusbwp12t30p140lvtssg0p81v125c
                                  1.512000       3      4.536000  
XOR3D0BWP12T30P140LVT
                   tcbn28hpcplusbwp12t30p140lvtssg0p81v125c
                                  2.520000       1      2.520000  
XOR4D1BWP12T30P140LVT
                   tcbn28hpcplusbwp12t30p140lvtssg0p81v125c
                                  3.528000       1      3.528000  
-----------------------------------------------------------------------------
Total 86 references                                 16699.703887

****************************************
Design: KvStreamDequantizer 
****************************************
Reference          Library       Unit Area   Count    Total Area   Attributes
-----------------------------------------------------------------------------
AN2D0BWP12T30P140LVT
                   tcbn28hpcplusbwp12t30p140lvtssg0p81v125c
                                  0.672000       5      3.360000  
AO21D0BWP12T30P140LVT
                   tcbn28hpcplusbwp12t30p140lvtssg0p81v125c
                                  0.840000       3      2.520000  
AO22D0BWP12T30P140LVT
                   tcbn28hpcplusbwp12t30p140lvtssg0p81v125c
                                  1.008000       3      3.024000  
AO211D1BWP12T30P140LVT
                   tcbn28hpcplusbwp12t30p140lvtssg0p81v125c
                                  1.008000       3      3.024000  
AO222D0BWP12T30P140LVT
                   tcbn28hpcplusbwp12t30p140lvtssg0p81v125c
                                  1.512000       2      3.024000  
AOI21D1BWP12T30P140LVT
                   tcbn28hpcplusbwp12t30p140lvtssg0p81v125c
                                  0.672000      41     27.552000  
AOI22D1BWP12T30P140LVT
                   tcbn28hpcplusbwp12t30p140lvtssg0p81v125c
                                  0.840000     104     87.359997  
AOI31D1BWP12T30P140LVT
                   tcbn28hpcplusbwp12t30p140lvtssg0p81v125c
                                  0.840000       2      1.680000  
AOI32D0BWP12T30P140LVT
                   tcbn28hpcplusbwp12t30p140lvtssg0p81v125c
                                  1.008000      61     61.488001  
AOI211D1BWP12T30P140LVT
                   tcbn28hpcplusbwp12t30p140lvtssg0p81v125c
                                  0.840000      18     15.120000  
AOI221D0BWP12T30P140LVT
                   tcbn28hpcplusbwp12t30p140lvtssg0p81v125c
                                  1.008000      16     16.128000  
BufferedPackMetadataDequantizer
                               4802.951965       1   4802.951965  h, n
CKMUX2D0BWP12T30P140LVT
                   tcbn28hpcplusbwp12t30p140lvtssg0p81v125c
                                  1.176000       1      1.176000  
DFQD1BWP12T30P140LVT
                   tcbn28hpcplusbwp12t30p140lvtssg0p81v125c
                                  2.520000     172    433.439997  n
DynamicBitUnpacker             3033.575976       1   3033.575976  h, n
IIND4D1BWP12T30P140LVT
                   tcbn28hpcplusbwp12t30p140lvtssg0p81v125c
                                  1.344000       1      1.344000  
IND2D1BWP12T30P140LVT
                   tcbn28hpcplusbwp12t30p140lvtssg0p81v125c
                                  0.672000       1      0.672000  
IND3D1BWP12T30P140LVT
                   tcbn28hpcplusbwp12t30p140lvtssg0p81v125c
                                  0.840000       3      2.520000  
IND4D1BWP12T30P140LVT
                   tcbn28hpcplusbwp12t30p140lvtssg0p81v125c
                                  1.008000       1      1.008000  
INR3D1BWP12T30P140LVT
                   tcbn28hpcplusbwp12t30p140lvtssg0p81v125c
                                  0.840000       8      6.720000  
INR4D0BWP12T30P140LVT
                   tcbn28hpcplusbwp12t30p140lvtssg0p81v125c
                                  1.008000       1      1.008000  
INVD0BWP12T30P140LVT
                   tcbn28hpcplusbwp12t30p140lvtssg0p81v125c
                                  0.336000     126     42.335999  
IOA21D0BWP12T30P140LVT
                   tcbn28hpcplusbwp12t30p140lvtssg0p81v125c
                                  0.840000      18     15.120000  
MAOI22D0BWP12T30P140LVT
                   tcbn28hpcplusbwp12t30p140lvtssg0p81v125c
                                  1.008000       6      6.048000  
MAOI222D0BWP12T30P140LVT
                   tcbn28hpcplusbwp12t30p140lvtssg0p81v125c
                                  1.008000      28     28.224000  
MOAI22D0BWP12T30P140LVT
                   tcbn28hpcplusbwp12t30p140lvtssg0p81v125c
                                  1.008000       6      6.048000  
MUX2ND0BWP12T30P140LVT
                   tcbn28hpcplusbwp12t30p140lvtssg0p81v125c
                                  1.008000      20     20.160000  
ND2D0BWP12T30P140LVT
                   tcbn28hpcplusbwp12t30p140lvtssg0p81v125c
                                  0.504000     118     59.472001  
ND3D1BWP12T30P140LVT
                   tcbn28hpcplusbwp12t30p140lvtssg0p81v125c
                                  0.672000      10      6.720000  
ND4D1BWP12T30P140LVT
                   tcbn28hpcplusbwp12t30p140lvtssg0p81v125c
                                  0.840000      12     10.080000  
NR2D0BWP12T30P140LVT
                   tcbn28hpcplusbwp12t30p140lvtssg0p81v125c
                                  0.504000      77     38.808001  
NR3D0BWP12T30P140LVT
                   tcbn28hpcplusbwp12t30p140lvtssg0p81v125c
                                  0.672000      29     19.488000  
NR4D0BWP12T30P140LVT
                   tcbn28hpcplusbwp12t30p140lvtssg0p81v125c
                                  0.840000      31     26.039999  
OA31D0BWP12T30P140LVT
                   tcbn28hpcplusbwp12t30p140lvtssg0p81v125c
                                  1.008000       1      1.008000  
OA221D0BWP12T30P140LVT
                   tcbn28hpcplusbwp12t30p140lvtssg0p81v125c
                                  1.344000       1      1.344000  
OAI21D0BWP12T30P140LVT
                   tcbn28hpcplusbwp12t30p140lvtssg0p81v125c
                                  0.672000     112     75.263999  
OAI22D0BWP12T30P140LVT
                   tcbn28hpcplusbwp12t30p140lvtssg0p81v125c
                                  0.840000       5      4.200000  
OAI31D0BWP12T30P140LVT
                   tcbn28hpcplusbwp12t30p140lvtssg0p81v125c
                                  0.840000      31     26.039999  
OAI32D0BWP12T30P140LVT
                   tcbn28hpcplusbwp12t30p140lvtssg0p81v125c
                                  1.008000       3      3.024000  
OAI211D0BWP12T30P140LVT
                   tcbn28hpcplusbwp12t30p140lvtssg0p81v125c
                                  0.840000      93     78.119998  
OAI222D0BWP12T30P140LVT
                   tcbn28hpcplusbwp12t30p140lvtssg0p81v125c
                                  1.344000       1      1.344000  
OR2D1BWP12T30P140LVT
                   tcbn28hpcplusbwp12t30p140lvtssg0p81v125c
                                  0.672000       1      0.672000  
OR3D1BWP12T30P140LVT
                   tcbn28hpcplusbwp12t30p140lvtssg0p81v125c
                                  0.840000       1      0.840000  
OR4D1BWP12T30P140LVT
                   tcbn28hpcplusbwp12t30p140lvtssg0p81v125c
                                  1.008000       1      1.008000  
-----------------------------------------------------------------------------
Total 44 references                                  8980.103930

****************************************
Design: BufferedPackMetadataDequantizer 
****************************************
Reference          Library       Unit Area   Count    Total Area   Attributes
-----------------------------------------------------------------------------
AN2D0BWP12T30P140LVT
                   tcbn28hpcplusbwp12t30p140lvtssg0p81v125c
                                  0.672000       6      4.032000  
AN3D0BWP12T30P140LVT
                   tcbn28hpcplusbwp12t30p140lvtssg0p81v125c
                                  0.840000       1      0.840000  
AN4D0BWP12T30P140LVT
                   tcbn28hpcplusbwp12t30p140lvtssg0p81v125c
                                  1.008000       3      3.024000  
AO21D0BWP12T30P140LVT
                   tcbn28hpcplusbwp12t30p140lvtssg0p81v125c
                                  0.840000      10      8.400000  
AO22D0BWP12T30P140LVT
                   tcbn28hpcplusbwp12t30p140lvtssg0p81v125c
                                  1.008000      58     58.464001  
AO31D0BWP12T30P140LVT
                   tcbn28hpcplusbwp12t30p140lvtssg0p81v125c
                                  1.008000       2      2.016000  
AO211D1BWP12T30P140LVT
                   tcbn28hpcplusbwp12t30p140lvtssg0p81v125c
                                  1.008000      10     10.080000  
AO222D0BWP12T30P140LVT
                   tcbn28hpcplusbwp12t30p140lvtssg0p81v125c
                                  1.512000       1      1.512000  
AOI21D1BWP12T30P140LVT
                   tcbn28hpcplusbwp12t30p140lvtssg0p81v125c
                                  0.672000     128     86.015999  
AOI22D1BWP12T30P140LVT
                   tcbn28hpcplusbwp12t30p140lvtssg0p81v125c
                                  0.840000     336    282.239991  
AOI31D1BWP12T30P140LVT
                   tcbn28hpcplusbwp12t30p140lvtssg0p81v125c
                                  0.840000       9      7.560000  
AOI32D0BWP12T30P140LVT
                   tcbn28hpcplusbwp12t30p140lvtssg0p81v125c
                                  1.008000      13     13.104000  
AOI211D1BWP12T30P140LVT
                   tcbn28hpcplusbwp12t30p140lvtssg0p81v125c
                                  0.840000      54     45.359999  
AOI221D0BWP12T30P140LVT
                   tcbn28hpcplusbwp12t30p140lvtssg0p81v125c
                                  1.008000      73     73.584001  
BUFFD1BWP12T30P140LVT
                   tcbn28hpcplusbwp12t30p140lvtssg0p81v125c
                                  0.504000       1      0.504000  
CKMUX2D0BWP12T30P140LVT
                   tcbn28hpcplusbwp12t30p140lvtssg0p81v125c
                                  1.176000       1      1.176000  
DFQD1BWP12T30P140LVT
                   tcbn28hpcplusbwp12t30p140lvtssg0p81v125c
                                  2.520000     991   2497.319981  n
FA1D0BWP12T30P140LVT
                   tcbn28hpcplusbwp12t30p140lvtssg0p81v125c
                                  2.856000       9     25.704000  r
IAO21D1BWP12T30P140LVT
                   tcbn28hpcplusbwp12t30p140lvtssg0p81v125c
                                  0.840000       6      5.040000  
IND2D1BWP12T30P140LVT
                   tcbn28hpcplusbwp12t30p140lvtssg0p81v125c
                                  0.672000      25     16.800000  
IND3D1BWP12T30P140LVT
                   tcbn28hpcplusbwp12t30p140lvtssg0p81v125c
                                  0.840000       2      1.680000  
INR2D1BWP12T30P140LVT
                   tcbn28hpcplusbwp12t30p140lvtssg0p81v125c
                                  0.672000       7      4.704000  
INR3D1BWP12T30P140LVT
                   tcbn28hpcplusbwp12t30p140lvtssg0p81v125c
                                  0.840000       3      2.520000  
INR4D0BWP12T30P140LVT
                   tcbn28hpcplusbwp12t30p140lvtssg0p81v125c
                                  1.008000       1      1.008000  
INVD0BWP12T30P140LVT
                   tcbn28hpcplusbwp12t30p140lvtssg0p81v125c
                                  0.336000     475    159.599998  
INVD1BWP12T30P140LVT
                   tcbn28hpcplusbwp12t30p140lvtssg0p81v125c
                                  0.336000       2      0.672000  
IOA21D0BWP12T30P140LVT
                   tcbn28hpcplusbwp12t30p140lvtssg0p81v125c
                                  0.840000     213    178.919994  
MAOI22D0BWP12T30P140LVT
                   tcbn28hpcplusbwp12t30p140lvtssg0p81v125c
                                  1.008000     382    385.056006  
MAOI222D0BWP12T30P140LVT
                   tcbn28hpcplusbwp12t30p140lvtssg0p81v125c
                                  1.008000       2      2.016000  
MOAI22D0BWP12T30P140LVT
                   tcbn28hpcplusbwp12t30p140lvtssg0p81v125c
                                  1.008000      27     27.216000  
MUX2ND0BWP12T30P140LVT
                   tcbn28hpcplusbwp12t30p140lvtssg0p81v125c
                                  1.008000      15     15.120000  
MUX4D0BWP12T30P140LVT
                   tcbn28hpcplusbwp12t30p140lvtssg0p81v125c
                                  3.192000       1      3.192000  
ND2D0BWP12T30P140LVT
                   tcbn28hpcplusbwp12t30p140lvtssg0p81v125c
                                  0.504000     337    169.848003  
ND3D1BWP12T30P140LVT
                   tcbn28hpcplusbwp12t30p140lvtssg0p81v125c
                                  0.672000      56     37.631999  
ND4D1BWP12T30P140LVT
                   tcbn28hpcplusbwp12t30p140lvtssg0p81v125c
                                  0.840000     103     86.519997  
NR2D0BWP12T30P140LVT
                   tcbn28hpcplusbwp12t30p140lvtssg0p81v125c
                                  0.504000     317    159.768003  
NR3D0BWP12T30P140LVT
                   tcbn28hpcplusbwp12t30p140lvtssg0p81v125c
                                  0.672000      30     20.160000  
NR4D0BWP12T30P140LVT
                   tcbn28hpcplusbwp12t30p140lvtssg0p81v125c
                                  0.840000      65     54.599998  
OA21D0BWP12T30P140LVT
                   tcbn28hpcplusbwp12t30p140lvtssg0p81v125c
                                  0.840000      20     16.799999  
OA211D0BWP12T30P140LVT
                   tcbn28hpcplusbwp12t30p140lvtssg0p81v125c
                                  1.008000      33     33.264001  
OA221D0BWP12T30P140LVT
                   tcbn28hpcplusbwp12t30p140lvtssg0p81v125c
                                  1.344000       2      2.688000  
OAI21D0BWP12T30P140LVT
                   tcbn28hpcplusbwp12t30p140lvtssg0p81v125c
                                  0.672000     123     82.655999  
OAI22D0BWP12T30P140LVT
                   tcbn28hpcplusbwp12t30p140lvtssg0p81v125c
                                  0.840000      76     63.839998  
OAI31D0BWP12T30P140LVT
                   tcbn28hpcplusbwp12t30p140lvtssg0p81v125c
                                  0.840000      26     21.839999  
OAI32D0BWP12T30P140LVT
                   tcbn28hpcplusbwp12t30p140lvtssg0p81v125c
                                  1.008000      45     45.360001  
OAI33D0BWP12T30P140LVT
                   tcbn28hpcplusbwp12t30p140lvtssg0p81v125c
                                  1.176000       1      1.176000  
OAI211D0BWP12T30P140LVT
                   tcbn28hpcplusbwp12t30p140lvtssg0p81v125c
                                  0.840000      68     57.119998  
OAI221D0BWP12T30P140LVT
                   tcbn28hpcplusbwp12t30p140lvtssg0p81v125c
                                  1.176000       1      1.176000  
OAI222D0BWP12T30P140LVT
                   tcbn28hpcplusbwp12t30p140lvtssg0p81v125c
                                  1.344000       5      6.720000  
OR2D1BWP12T30P140LVT
                   tcbn28hpcplusbwp12t30p140lvtssg0p81v125c
                                  0.672000       8      5.376000  
OR3D1BWP12T30P140LVT
                   tcbn28hpcplusbwp12t30p140lvtssg0p81v125c
                                  0.840000       1      0.840000  
OR4D1BWP12T30P140LVT
                   tcbn28hpcplusbwp12t30p140lvtssg0p81v125c
                                  1.008000      11     11.088000  
-----------------------------------------------------------------------------
Total 52 references                                  4802.951965

****************************************
Design: DynamicBitUnpacker 
****************************************
Reference          Library       Unit Area   Count    Total Area   Attributes
-----------------------------------------------------------------------------
AN2D0BWP12T30P140LVT
                   tcbn28hpcplusbwp12t30p140lvtssg0p81v125c
                                  0.672000      10      6.720000  
AN3D0BWP12T30P140LVT
                   tcbn28hpcplusbwp12t30p140lvtssg0p81v125c
                                  0.840000       1      0.840000  
AO21D0BWP12T30P140LVT
                   tcbn28hpcplusbwp12t30p140lvtssg0p81v125c
                                  0.840000       3      2.520000  
AO22D0BWP12T30P140LVT
                   tcbn28hpcplusbwp12t30p140lvtssg0p81v125c
                                  1.008000      53     53.424001  
AO32D0BWP12T30P140LVT
                   tcbn28hpcplusbwp12t30p140lvtssg0p81v125c
                                  1.344000       1      1.344000  
AO211D1BWP12T30P140LVT
                   tcbn28hpcplusbwp12t30p140lvtssg0p81v125c
                                  1.008000       3      3.024000  
AO222D0BWP12T30P140LVT
                   tcbn28hpcplusbwp12t30p140lvtssg0p81v125c
                                  1.512000       2      3.024000  
AOI21D1BWP12T30P140LVT
                   tcbn28hpcplusbwp12t30p140lvtssg0p81v125c
                                  0.672000      52     34.944000  
AOI22D1BWP12T30P140LVT
                   tcbn28hpcplusbwp12t30p140lvtssg0p81v125c
                                  0.840000     115     96.599997  
AOI31D1BWP12T30P140LVT
                   tcbn28hpcplusbwp12t30p140lvtssg0p81v125c
                                  0.840000       7      5.880000  
AOI32D0BWP12T30P140LVT
                   tcbn28hpcplusbwp12t30p140lvtssg0p81v125c
                                  1.008000      37     37.296001  
AOI211D1BWP12T30P140LVT
                   tcbn28hpcplusbwp12t30p140lvtssg0p81v125c
                                  0.840000      13     10.920000  
AOI221D0BWP12T30P140LVT
                   tcbn28hpcplusbwp12t30p140lvtssg0p81v125c
                                  1.008000      43     43.344001  
AOI222D1BWP12T30P140LVT
                   tcbn28hpcplusbwp12t30p140lvtssg0p81v125c
                                  1.344000       3      4.032000  
DFQD1BWP12T30P140LVT
                   tcbn28hpcplusbwp12t30p140lvtssg0p81v125c
                                  2.520000     237    597.239995  n
FA1D0BWP12T30P140LVT
                   tcbn28hpcplusbwp12t30p140lvtssg0p81v125c
                                  2.856000       6     17.136000  r
IAO21D1BWP12T30P140LVT
                   tcbn28hpcplusbwp12t30p140lvtssg0p81v125c
                                  0.840000       1      0.840000  
IND2D1BWP12T30P140LVT
                   tcbn28hpcplusbwp12t30p140lvtssg0p81v125c
                                  0.672000       4      2.688000  
IND3D1BWP12T30P140LVT
                   tcbn28hpcplusbwp12t30p140lvtssg0p81v125c
                                  0.840000       2      1.680000  
IND4D1BWP12T30P140LVT
                   tcbn28hpcplusbwp12t30p140lvtssg0p81v125c
                                  1.008000       1      1.008000  
INR2D1BWP12T30P140LVT
                   tcbn28hpcplusbwp12t30p140lvtssg0p81v125c
                                  0.672000       1      0.672000  
INR3D1BWP12T30P140LVT
                   tcbn28hpcplusbwp12t30p140lvtssg0p81v125c
                                  0.840000       2      1.680000  
INR4D0BWP12T30P140LVT
                   tcbn28hpcplusbwp12t30p140lvtssg0p81v125c
                                  1.008000       1      1.008000  
INVD0BWP12T30P140LVT
                   tcbn28hpcplusbwp12t30p140lvtssg0p81v125c
                                  0.336000     184     61.823999  
INVD1BWP12T30P140LVT
                   tcbn28hpcplusbwp12t30p140lvtssg0p81v125c
                                  0.336000       2      0.672000  
IOA21D0BWP12T30P140LVT
                   tcbn28hpcplusbwp12t30p140lvtssg0p81v125c
                                  0.840000      28     23.519999  
MAOI22D0BWP12T30P140LVT
                   tcbn28hpcplusbwp12t30p140lvtssg0p81v125c
                                  1.008000       8      8.064000  
MAOI222D0BWP12T30P140LVT
                   tcbn28hpcplusbwp12t30p140lvtssg0p81v125c
                                  1.008000       2      2.016000  
MOAI22D0BWP12T30P140LVT
                   tcbn28hpcplusbwp12t30p140lvtssg0p81v125c
                                  1.008000      10     10.080000  
MUX2ND0BWP12T30P140LVT
                   tcbn28hpcplusbwp12t30p140lvtssg0p81v125c
                                  1.008000       2      2.016000  
ND2D0BWP12T30P140LVT
                   tcbn28hpcplusbwp12t30p140lvtssg0p81v125c
                                  0.504000     151     76.104001  
ND3D1BWP12T30P140LVT
                   tcbn28hpcplusbwp12t30p140lvtssg0p81v125c
                                  0.672000      12      8.064000  
ND4D1BWP12T30P140LVT
                   tcbn28hpcplusbwp12t30p140lvtssg0p81v125c
                                  0.840000      24     20.159999  
NR2D0BWP12T30P140LVT
                   tcbn28hpcplusbwp12t30p140lvtssg0p81v125c
                                  0.504000      85     42.840001  
NR3D0BWP12T30P140LVT
                   tcbn28hpcplusbwp12t30p140lvtssg0p81v125c
                                  0.672000      16     10.752000  
NR4D0BWP12T30P140LVT
                   tcbn28hpcplusbwp12t30p140lvtssg0p81v125c
                                  0.840000      21     17.639999  
OA21D0BWP12T30P140LVT
                   tcbn28hpcplusbwp12t30p140lvtssg0p81v125c
                                  0.840000       3      2.520000  
OA211D0BWP12T30P140LVT
                   tcbn28hpcplusbwp12t30p140lvtssg0p81v125c
                                  1.008000       1      1.008000  
OAI21D0BWP12T30P140LVT
                   tcbn28hpcplusbwp12t30p140lvtssg0p81v125c
                                  0.672000      83     55.775999  
OAI22D0BWP12T30P140LVT
                   tcbn28hpcplusbwp12t30p140lvtssg0p81v125c
                                  0.840000      72     60.479998  
OAI31D0BWP12T30P140LVT
                   tcbn28hpcplusbwp12t30p140lvtssg0p81v125c
                                  0.840000      29     24.359999  
OAI32D0BWP12T30P140LVT
                   tcbn28hpcplusbwp12t30p140lvtssg0p81v125c
                                  1.008000      35     35.280001  
OAI211D0BWP12T30P140LVT
                   tcbn28hpcplusbwp12t30p140lvtssg0p81v125c
                                  0.840000      49     41.159999  
OAI221D0BWP12T30P140LVT
                   tcbn28hpcplusbwp12t30p140lvtssg0p81v125c
                                  1.176000       1      1.176000  
OAI222D0BWP12T30P140LVT
                   tcbn28hpcplusbwp12t30p140lvtssg0p81v125c
                                  1.344000       1      1.344000  
OR2D1BWP12T30P140LVT
                   tcbn28hpcplusbwp12t30p140lvtssg0p81v125c
                                  0.672000       4      2.688000  
OR3D1BWP12T30P140LVT
                   tcbn28hpcplusbwp12t30p140lvtssg0p81v125c
                                  0.840000       2      1.680000  
PackDescriptorDecoder          1594.487988       1   1594.487988  h, n
-----------------------------------------------------------------------------
Total 48 references                                  3033.575976

****************************************
Design: PackDescriptorDecoder 
****************************************
Reference          Library       Unit Area   Count    Total Area   Attributes
-----------------------------------------------------------------------------
AN2D0BWP12T30P140LVT
                   tcbn28hpcplusbwp12t30p140lvtssg0p81v125c
                                  0.672000      20     13.440000  
AN4D0BWP12T30P140LVT
                   tcbn28hpcplusbwp12t30p140lvtssg0p81v125c
                                  1.008000       1      1.008000  
AO21D0BWP12T30P140LVT
                   tcbn28hpcplusbwp12t30p140lvtssg0p81v125c
                                  0.840000       4      3.360000  
AO22D0BWP12T30P140LVT
                   tcbn28hpcplusbwp12t30p140lvtssg0p81v125c
                                  1.008000       2      2.016000  
AO31D0BWP12T30P140LVT
                   tcbn28hpcplusbwp12t30p140lvtssg0p81v125c
                                  1.008000      14     14.112000  
AO211D1BWP12T30P140LVT
                   tcbn28hpcplusbwp12t30p140lvtssg0p81v125c
                                  1.008000       3      3.024000  
AOI21D1BWP12T30P140LVT
                   tcbn28hpcplusbwp12t30p140lvtssg0p81v125c
                                  0.672000      93     62.495999  
AOI22D1BWP12T30P140LVT
                   tcbn28hpcplusbwp12t30p140lvtssg0p81v125c
                                  0.840000     115     96.599997  
AOI31D1BWP12T30P140LVT
                   tcbn28hpcplusbwp12t30p140lvtssg0p81v125c
                                  0.840000       2      1.680000  
AOI32D0BWP12T30P140LVT
                   tcbn28hpcplusbwp12t30p140lvtssg0p81v125c
                                  1.008000      94     94.752002  
AOI33D0BWP12T30P140LVT
                   tcbn28hpcplusbwp12t30p140lvtssg0p81v125c
                                  1.176000       1      1.176000  
AOI211D1BWP12T30P140LVT
                   tcbn28hpcplusbwp12t30p140lvtssg0p81v125c
                                  0.840000       5      4.200000  
AOI221D0BWP12T30P140LVT
                   tcbn28hpcplusbwp12t30p140lvtssg0p81v125c
                                  1.008000      32     32.256001  
DFQD1BWP12T30P140LVT
                   tcbn28hpcplusbwp12t30p140lvtssg0p81v125c
                                  2.520000     238    599.759995  n
IND2D1BWP12T30P140LVT
                   tcbn28hpcplusbwp12t30p140lvtssg0p81v125c
                                  0.672000      25     16.800000  
IND3D1BWP12T30P140LVT
                   tcbn28hpcplusbwp12t30p140lvtssg0p81v125c
                                  0.840000       1      0.840000  
IND4D1BWP12T30P140LVT
                   tcbn28hpcplusbwp12t30p140lvtssg0p81v125c
                                  1.008000       1      1.008000  
INR2D1BWP12T30P140LVT
                   tcbn28hpcplusbwp12t30p140lvtssg0p81v125c
                                  0.672000       7      4.704000  
INR3D1BWP12T30P140LVT
                   tcbn28hpcplusbwp12t30p140lvtssg0p81v125c
                                  0.840000       8      6.720000  
INR4D0BWP12T30P140LVT
                   tcbn28hpcplusbwp12t30p140lvtssg0p81v125c
                                  1.008000       1      1.008000  
INVD0BWP12T30P140LVT
                   tcbn28hpcplusbwp12t30p140lvtssg0p81v125c
                                  0.336000     208     69.887999  
INVD1BWP12T30P140LVT
                   tcbn28hpcplusbwp12t30p140lvtssg0p81v125c
                                  0.336000       1      0.336000  
IOA21D0BWP12T30P140LVT
                   tcbn28hpcplusbwp12t30p140lvtssg0p81v125c
                                  0.840000      14     11.760000  
MAOI22D0BWP12T30P140LVT
                   tcbn28hpcplusbwp12t30p140lvtssg0p81v125c
                                  1.008000      26     26.208000  
MAOI222D0BWP12T30P140LVT
                   tcbn28hpcplusbwp12t30p140lvtssg0p81v125c
                                  1.008000       2      2.016000  
MOAI22D0BWP12T30P140LVT
                   tcbn28hpcplusbwp12t30p140lvtssg0p81v125c
                                  1.008000       5      5.040000  
MUX2ND0BWP12T30P140LVT
                   tcbn28hpcplusbwp12t30p140lvtssg0p81v125c
                                  1.008000       1      1.008000  
ND2D0BWP12T30P140LVT
                   tcbn28hpcplusbwp12t30p140lvtssg0p81v125c
                                  0.504000     151     76.104001  
ND3D1BWP12T30P140LVT
                   tcbn28hpcplusbwp12t30p140lvtssg0p81v125c
                                  0.672000      32     21.504000  
ND4D1BWP12T30P140LVT
                   tcbn28hpcplusbwp12t30p140lvtssg0p81v125c
                                  0.840000      21     17.639999  
NR2D0BWP12T30P140LVT
                   tcbn28hpcplusbwp12t30p140lvtssg0p81v125c
                                  0.504000     111     55.944001  
NR3D0BWP12T30P140LVT
                   tcbn28hpcplusbwp12t30p140lvtssg0p81v125c
                                  0.672000      40     26.880000  
NR4D0BWP12T30P140LVT
                   tcbn28hpcplusbwp12t30p140lvtssg0p81v125c
                                  0.840000      26     21.839999  
OA211D0BWP12T30P140LVT
                   tcbn28hpcplusbwp12t30p140lvtssg0p81v125c
                                  1.008000       1      1.008000  
OA221D0BWP12T30P140LVT
                   tcbn28hpcplusbwp12t30p140lvtssg0p81v125c
                                  1.344000       1      1.344000  
OAI21D0BWP12T30P140LVT
                   tcbn28hpcplusbwp12t30p140lvtssg0p81v125c
                                  0.672000     184    123.647998  
OAI22D0BWP12T30P140LVT
                   tcbn28hpcplusbwp12t30p140lvtssg0p81v125c
                                  0.840000      12     10.080000  
OAI31D0BWP12T30P140LVT
                   tcbn28hpcplusbwp12t30p140lvtssg0p81v125c
                                  0.840000      29     24.359999  
OAI32D0BWP12T30P140LVT
                   tcbn28hpcplusbwp12t30p140lvtssg0p81v125c
                                  1.008000      49     49.392001  
OAI211D0BWP12T30P140LVT
                   tcbn28hpcplusbwp12t30p140lvtssg0p81v125c
                                  0.840000     100     83.999997  
OAI222D0BWP12T30P140LVT
                   tcbn28hpcplusbwp12t30p140lvtssg0p81v125c
                                  1.344000       1      1.344000  
OR2D1BWP12T30P140LVT
                   tcbn28hpcplusbwp12t30p140lvtssg0p81v125c
                                  0.672000       2      1.344000  
OR3D1BWP12T30P140LVT
                   tcbn28hpcplusbwp12t30p140lvtssg0p81v125c
                                  0.840000       1      0.840000  
-----------------------------------------------------------------------------
Total 43 references                                  1594.487988

****************************************
Design: DecompressionPipelineController_1 
****************************************
Reference          Library       Unit Area   Count    Total Area   Attributes
-----------------------------------------------------------------------------
AN2D0BWP12T30P140LVT
                   tcbn28hpcplusbwp12t30p140lvtssg0p81v125c
                                  0.672000      25     16.800000  
AN2D1BWP12T30P140LVT
                   tcbn28hpcplusbwp12t30p140lvtssg0p81v125c
                                  0.672000       1      0.672000  
AN3D0BWP12T30P140LVT
                   tcbn28hpcplusbwp12t30p140lvtssg0p81v125c
                                  0.840000       2      1.680000  
AN4D0BWP12T30P140LVT
                   tcbn28hpcplusbwp12t30p140lvtssg0p81v125c
                                  1.008000       2      2.016000  
AO21D0BWP12T30P140LVT
                   tcbn28hpcplusbwp12t30p140lvtssg0p81v125c
                                  0.840000      12     10.080000  
AO22D0BWP12T30P140LVT
                   tcbn28hpcplusbwp12t30p140lvtssg0p81v125c
                                  1.008000     605    609.840010  
AO32D0BWP12T30P140LVT
                   tcbn28hpcplusbwp12t30p140lvtssg0p81v125c
                                  1.344000       1      1.344000  
AO211D1BWP12T30P140LVT
                   tcbn28hpcplusbwp12t30p140lvtssg0p81v125c
                                  1.008000       2      2.016000  
AO221D1BWP12T30P140LVT
                   tcbn28hpcplusbwp12t30p140lvtssg0p81v125c
                                  1.344000       2      2.688000  
AO222D0BWP12T30P140LVT
                   tcbn28hpcplusbwp12t30p140lvtssg0p81v125c
                                  1.512000       8     12.096000  
AOI21D1BWP12T30P140LVT
                   tcbn28hpcplusbwp12t30p140lvtssg0p81v125c
                                  0.672000     433    290.975996  
AOI22D1BWP12T30P140LVT
                   tcbn28hpcplusbwp12t30p140lvtssg0p81v125c
                                  0.840000     105     88.199997  
AOI32D0BWP12T30P140LVT
                   tcbn28hpcplusbwp12t30p140lvtssg0p81v125c
                                  1.008000       2      2.016000  
AOI33D0BWP12T30P140LVT
                   tcbn28hpcplusbwp12t30p140lvtssg0p81v125c
                                  1.176000       1      1.176000  
AOI211D1BWP12T30P140LVT
                   tcbn28hpcplusbwp12t30p140lvtssg0p81v125c
                                  0.840000      19     15.960000  
AOI221D0BWP12T30P140LVT
                   tcbn28hpcplusbwp12t30p140lvtssg0p81v125c
                                  1.008000     299    301.392005  
AOI222D1BWP12T30P140LVT
                   tcbn28hpcplusbwp12t30p140lvtssg0p81v125c
                                  1.344000      19     25.536000  
BUFFD0BWP12T30P140LVT
                   tcbn28hpcplusbwp12t30p140lvtssg0p81v125c
                                  0.504000       2      1.008000  
BUFFD1BWP12T30P140LVT
                   tcbn28hpcplusbwp12t30p140lvtssg0p81v125c
                                  0.504000       3      1.512000  
BUFFD2BWP12T30P140LVT
                   tcbn28hpcplusbwp12t30p140lvtssg0p81v125c
                                  0.672000       1      0.672000  
CKMUX2D0BWP12T30P140LVT
                   tcbn28hpcplusbwp12t30p140lvtssg0p81v125c
                                  1.176000      81     95.256000  
CKND2BWP12T30P140LVT
                   tcbn28hpcplusbwp12t30p140lvtssg0p81v125c
                                  0.504000       1      0.504000  
CKND2D1BWP12T30P140LVT
                   tcbn28hpcplusbwp12t30p140lvtssg0p81v125c
                                  0.504000       2      1.008000  
CKND4BWP12T30P140LVT
                   tcbn28hpcplusbwp12t30p140lvtssg0p81v125c
                                  0.840000       2      1.680000  
CKXOR2D0BWP12T30P140LVT
                   tcbn28hpcplusbwp12t30p140lvtssg0p81v125c
                                  1.344000      19     25.536000  
CKXOR2D1BWP12T30P140LVT
                   tcbn28hpcplusbwp12t30p140lvtssg0p81v125c
                                  1.344000       2      2.688000  
DFD1BWP12T30P140LVT
                   tcbn28hpcplusbwp12t30p140lvtssg0p81v125c
                                  2.688000       4     10.752000  n
DFQD1BWP12T30P140LVT
                   tcbn28hpcplusbwp12t30p140lvtssg0p81v125c
                                  2.520000     679   1711.079987  n
DFQD2BWP12T30P140LVT
                   tcbn28hpcplusbwp12t30p140lvtssg0p81v125c
                                  2.520000       1      2.520000  n
DFQD4BWP12T30P140LVT
                   tcbn28hpcplusbwp12t30p140lvtssg0p81v125c
                                  3.024000       3      9.072000  n
DFQOPTMAD8BWP12T30P140LVT
                   tcbn28hpcplusbwp12t30p140lvtssg0p81v125c
                                  8.064000       1      8.064000  n
FA1D0BWP12T30P140LVT
                   tcbn28hpcplusbwp12t30p140lvtssg0p81v125c
                                  2.856000     320    913.919983  r
FA1D1BWP12T30P140LVT
                   tcbn28hpcplusbwp12t30p140lvtssg0p81v125c
                                  2.856000     349    996.743981  r
FA1OPTCD1BWP12T30P140LVT
                   tcbn28hpcplusbwp12t30p140lvtssg0p81v125c
                                  3.360000      11     36.959999  r
FA1OPTCD2BWP12T30P140LVT
                   tcbn28hpcplusbwp12t30p140lvtssg0p81v125c
                                  4.032000      31    124.992002  r
HA1D0BWP12T30P140LVT
                   tcbn28hpcplusbwp12t30p140lvtssg0p81v125c
                                  2.184000      48    104.832001  r
HA1D1BWP12T30P140LVT
                   tcbn28hpcplusbwp12t30p140lvtssg0p81v125c
                                  2.184000      24     52.416000  r
HA1D2BWP12T30P140LVT
                   tcbn28hpcplusbwp12t30p140lvtssg0p81v125c
                                  2.520000       4     10.080000  r
HA1D4BWP12T30P140LVT
                   tcbn28hpcplusbwp12t30p140lvtssg0p81v125c
                                  3.864000       5     19.320000  r
IAO21D1BWP12T30P140LVT
                   tcbn28hpcplusbwp12t30p140lvtssg0p81v125c
                                  0.840000      52     43.679999  
IND2D1BWP12T30P140LVT
                   tcbn28hpcplusbwp12t30p140lvtssg0p81v125c
                                  0.672000       3      2.016000  
IND3D1BWP12T30P140LVT
                   tcbn28hpcplusbwp12t30p140lvtssg0p81v125c
                                  0.840000       1      0.840000  
INR2D1BWP12T30P140LVT
                   tcbn28hpcplusbwp12t30p140lvtssg0p81v125c
                                  0.672000      20     13.440000  
INR2D2BWP12T30P140LVT
                   tcbn28hpcplusbwp12t30p140lvtssg0p81v125c
                                  1.008000       5      5.040000  
INR2D4BWP12T30P140LVT
                   tcbn28hpcplusbwp12t30p140lvtssg0p81v125c
                                  1.848000       3      5.544000  
INR3D1BWP12T30P140LVT
                   tcbn28hpcplusbwp12t30p140lvtssg0p81v125c
                                  0.840000       9      7.560000  
INVD0BWP12T30P140LVT
                   tcbn28hpcplusbwp12t30p140lvtssg0p81v125c
                                  0.336000     457    153.551998  
INVD1BWP12T30P140LVT
                   tcbn28hpcplusbwp12t30p140lvtssg0p81v125c
                                  0.336000      12      4.032000  
INVD1P25BWP12T30P140LVT
                   tcbn28hpcplusbwp12t30p140lvtssg0p81v125c
                                  0.504000       1      0.504000  
INVD2BWP12T30P140LVT
                   tcbn28hpcplusbwp12t30p140lvtssg0p81v125c
                                  0.504000      11      5.544000  
IOA21D0BWP12T30P140LVT
                   tcbn28hpcplusbwp12t30p140lvtssg0p81v125c
                                  0.840000      19     15.960000  
IOA21D1BWP12T30P140LVT
                   tcbn28hpcplusbwp12t30p140lvtssg0p81v125c
                                  0.840000       2      1.680000  
KvStreamDequantizer_1          8931.719925       1   8931.719925  h, n
MAOI22D0BWP12T30P140LVT
                   tcbn28hpcplusbwp12t30p140lvtssg0p81v125c
                                  1.008000      59     59.472001  
MOAI22D0BWP12T30P140LVT
                   tcbn28hpcplusbwp12t30p140lvtssg0p81v125c
                                  1.008000       3      3.024000  
MUX2ND0BWP12T30P140LVT
                   tcbn28hpcplusbwp12t30p140lvtssg0p81v125c
                                  1.008000     685    690.480011  
MUX2ND1BWP12T30P140LVT
                   tcbn28hpcplusbwp12t30p140lvtssg0p81v125c
                                  1.680000       1      1.680000  
ND2D0BWP12T30P140LVT
                   tcbn28hpcplusbwp12t30p140lvtssg0p81v125c
                                  0.504000     194     97.776002  
ND2D1BWP12T30P140LVT
                   tcbn28hpcplusbwp12t30p140lvtssg0p81v125c
                                  0.504000      12      6.048000  
ND3D1BWP12T30P140LVT
                   tcbn28hpcplusbwp12t30p140lvtssg0p81v125c
                                  0.672000      18     12.096000  
ND4D1BWP12T30P140LVT
                   tcbn28hpcplusbwp12t30p140lvtssg0p81v125c
                                  0.840000      26     21.839999  
NR2D0BWP12T30P140LVT
                   tcbn28hpcplusbwp12t30p140lvtssg0p81v125c
                                  0.504000     231    116.424002  
NR2D1BWP12T30P140LVT
                   tcbn28hpcplusbwp12t30p140lvtssg0p81v125c
                                  0.504000      16      8.064000  
NR2OPTPAD1BWP12T30P140LVT
                   tcbn28hpcplusbwp12t30p140lvtssg0p81v125c
                                  0.672000       1      0.672000  
NR3D0BWP12T30P140LVT
                   tcbn28hpcplusbwp12t30p140lvtssg0p81v125c
                                  0.672000      16     10.752000  
NR4D0BWP12T30P140LVT
                   tcbn28hpcplusbwp12t30p140lvtssg0p81v125c
                                  0.840000      34     28.559999  
NR4D1BWP12T30P140LVT
                   tcbn28hpcplusbwp12t30p140lvtssg0p81v125c
                                  1.512000       1      1.512000  
OA21D0BWP12T30P140LVT
                   tcbn28hpcplusbwp12t30p140lvtssg0p81v125c
                                  0.840000       8      6.720000  
OA22D1BWP12T30P140LVT
                   tcbn28hpcplusbwp12t30p140lvtssg0p81v125c
                                  1.176000      16     18.816000  
OA221D0BWP12T30P140LVT
                   tcbn28hpcplusbwp12t30p140lvtssg0p81v125c
                                  1.344000       3      4.032000  
OAI21D0BWP12T30P140LVT
                   tcbn28hpcplusbwp12t30p140lvtssg0p81v125c
                                  0.672000     159    106.847999  
OAI22D0BWP12T30P140LVT
                   tcbn28hpcplusbwp12t30p140lvtssg0p81v125c
                                  0.840000     129    108.359997  
OAI31D0BWP12T30P140LVT
                   tcbn28hpcplusbwp12t30p140lvtssg0p81v125c
                                  0.840000      22     18.479999  
OAI31D2BWP12T30P140LVT
                   tcbn28hpcplusbwp12t30p140lvtssg0p81v125c
                                  1.512000       1      1.512000  
OAI32D0BWP12T30P140LVT
                   tcbn28hpcplusbwp12t30p140lvtssg0p81v125c
                                  1.008000      98     98.784002  
OAI211D0BWP12T30P140LVT
                   tcbn28hpcplusbwp12t30p140lvtssg0p81v125c
                                  0.840000      53     44.519999  
OAI222D0BWP12T30P140LVT
                   tcbn28hpcplusbwp12t30p140lvtssg0p81v125c
                                  1.344000     329    442.175994  
OR2D1BWP12T30P140LVT
                   tcbn28hpcplusbwp12t30p140lvtssg0p81v125c
                                  0.672000      12      8.064000  
OR3D1BWP12T30P140LVT
                   tcbn28hpcplusbwp12t30p140lvtssg0p81v125c
                                  0.840000       8      6.720000  
OR4D1BWP12T30P140LVT
                   tcbn28hpcplusbwp12t30p140lvtssg0p81v125c
                                  1.008000       1      1.008000  
XNR2D0BWP12T30P140LVT
                   tcbn28hpcplusbwp12t30p140lvtssg0p81v125c
                                  1.344000       7      9.408000  
XNR2D1BWP12T30P140LVT
                   tcbn28hpcplusbwp12t30p140lvtssg0p81v125c
                                  1.344000       1      1.344000  
XOR2D1BWP12T30P140LVT
                   tcbn28hpcplusbwp12t30p140lvtssg0p81v125c
                                  1.344000       3      4.032000  
XOR2D2BWP12T30P140LVT
                   tcbn28hpcplusbwp12t30p140lvtssg0p81v125c
                                  1.512000       1      1.512000  
XOR3D0BWP12T30P140LVT
                   tcbn28hpcplusbwp12t30p140lvtssg0p81v125c
                                  2.520000       3      7.560000  
XOR4D1BWP12T30P140LVT
                   tcbn28hpcplusbwp12t30p140lvtssg0p81v125c
                                  3.528000       1      3.528000  
-----------------------------------------------------------------------------
Total 86 references                                 16658.039882

****************************************
Design: KvStreamDequantizer_1 
****************************************
Reference          Library       Unit Area   Count    Total Area   Attributes
-----------------------------------------------------------------------------
AN2D0BWP12T30P140LVT
                   tcbn28hpcplusbwp12t30p140lvtssg0p81v125c
                                  0.672000       4      2.688000  
AO21D0BWP12T30P140LVT
                   tcbn28hpcplusbwp12t30p140lvtssg0p81v125c
                                  0.840000      22     18.479999  
AO22D0BWP12T30P140LVT
                   tcbn28hpcplusbwp12t30p140lvtssg0p81v125c
                                  1.008000       4      4.032000  
AO211D1BWP12T30P140LVT
                   tcbn28hpcplusbwp12t30p140lvtssg0p81v125c
                                  1.008000       3      3.024000  
AO222D0BWP12T30P140LVT
                   tcbn28hpcplusbwp12t30p140lvtssg0p81v125c
                                  1.512000       2      3.024000  
AOI21D1BWP12T30P140LVT
                   tcbn28hpcplusbwp12t30p140lvtssg0p81v125c
                                  0.672000      68     45.695999  
AOI22D1BWP12T30P140LVT
                   tcbn28hpcplusbwp12t30p140lvtssg0p81v125c
                                  0.840000     102     85.679997  
AOI31D1BWP12T30P140LVT
                   tcbn28hpcplusbwp12t30p140lvtssg0p81v125c
                                  0.840000       5      4.200000  
AOI32D0BWP12T30P140LVT
                   tcbn28hpcplusbwp12t30p140lvtssg0p81v125c
                                  1.008000      63     63.504001  
AOI211D1BWP12T30P140LVT
                   tcbn28hpcplusbwp12t30p140lvtssg0p81v125c
                                  0.840000      22     18.479999  
AOI221D0BWP12T30P140LVT
                   tcbn28hpcplusbwp12t30p140lvtssg0p81v125c
                                  1.008000       9      9.072000  
BufferedPackMetadataDequantizer_1
                               4746.503961       1   4746.503961  h, n
DFQD1BWP12T30P140LVT
                   tcbn28hpcplusbwp12t30p140lvtssg0p81v125c
                                  2.520000     172    433.439997  n
DynamicBitUnpacker_1           2983.511975       1   2983.511975  h, n
FA1D0BWP12T30P140LVT
                   tcbn28hpcplusbwp12t30p140lvtssg0p81v125c
                                  2.856000       1      2.856000  r
IAO21D1BWP12T30P140LVT
                   tcbn28hpcplusbwp12t30p140lvtssg0p81v125c
                                  0.840000       1      0.840000  
IIND4D1BWP12T30P140LVT
                   tcbn28hpcplusbwp12t30p140lvtssg0p81v125c
                                  1.344000       3      4.032000  
IND2D1BWP12T30P140LVT
                   tcbn28hpcplusbwp12t30p140lvtssg0p81v125c
                                  0.672000      18     12.096000  
IND3D1BWP12T30P140LVT
                   tcbn28hpcplusbwp12t30p140lvtssg0p81v125c
                                  0.840000       6      5.040000  
IND4D1BWP12T30P140LVT
                   tcbn28hpcplusbwp12t30p140lvtssg0p81v125c
                                  1.008000       1      1.008000  
INR2D1BWP12T30P140LVT
                   tcbn28hpcplusbwp12t30p140lvtssg0p81v125c
                                  0.672000      11      7.392000  
INR3D1BWP12T30P140LVT
                   tcbn28hpcplusbwp12t30p140lvtssg0p81v125c
                                  0.840000       5      4.200000  
INR4D0BWP12T30P140LVT
                   tcbn28hpcplusbwp12t30p140lvtssg0p81v125c
                                  1.008000       2      2.016000  
INVD0BWP12T30P140LVT
                   tcbn28hpcplusbwp12t30p140lvtssg0p81v125c
                                  0.336000     115     38.639999  
IOA21D0BWP12T30P140LVT
                   tcbn28hpcplusbwp12t30p140lvtssg0p81v125c
                                  0.840000       1      0.840000  
MAOI22D0BWP12T30P140LVT
                   tcbn28hpcplusbwp12t30p140lvtssg0p81v125c
                                  1.008000       9      9.072000  
MOAI22D0BWP12T30P140LVT
                   tcbn28hpcplusbwp12t30p140lvtssg0p81v125c
                                  1.008000       8      8.064000  
MUX2ND0BWP12T30P140LVT
                   tcbn28hpcplusbwp12t30p140lvtssg0p81v125c
                                  1.008000      14     14.112000  
ND2D0BWP12T30P140LVT
                   tcbn28hpcplusbwp12t30p140lvtssg0p81v125c
                                  0.504000     156     78.624001  
ND3D1BWP12T30P140LVT
                   tcbn28hpcplusbwp12t30p140lvtssg0p81v125c
                                  0.672000       9      6.048000  
ND4D1BWP12T30P140LVT
                   tcbn28hpcplusbwp12t30p140lvtssg0p81v125c
                                  0.840000      12     10.080000  
NR2D0BWP12T30P140LVT
                   tcbn28hpcplusbwp12t30p140lvtssg0p81v125c
                                  0.504000     113     56.952001  
NR3D0BWP12T30P140LVT
                   tcbn28hpcplusbwp12t30p140lvtssg0p81v125c
                                  0.672000      28     18.816000  
NR4D0BWP12T30P140LVT
                   tcbn28hpcplusbwp12t30p140lvtssg0p81v125c
                                  0.840000      27     22.679999  
OA21D0BWP12T30P140LVT
                   tcbn28hpcplusbwp12t30p140lvtssg0p81v125c
                                  0.840000       1      0.840000  
OA221D0BWP12T30P140LVT
                   tcbn28hpcplusbwp12t30p140lvtssg0p81v125c
                                  1.344000       1      1.344000  
OAI21D0BWP12T30P140LVT
                   tcbn28hpcplusbwp12t30p140lvtssg0p81v125c
                                  0.672000     140     94.079999  
OAI22D0BWP12T30P140LVT
                   tcbn28hpcplusbwp12t30p140lvtssg0p81v125c
                                  0.840000       9      7.560000  
OAI31D0BWP12T30P140LVT
                   tcbn28hpcplusbwp12t30p140lvtssg0p81v125c
                                  0.840000      28     23.519999  
OAI32D0BWP12T30P140LVT
                   tcbn28hpcplusbwp12t30p140lvtssg0p81v125c
                                  1.008000       1      1.008000  
OAI211D0BWP12T30P140LVT
                   tcbn28hpcplusbwp12t30p140lvtssg0p81v125c
                                  0.840000      88     73.919998  
OR2D1BWP12T30P140LVT
                   tcbn28hpcplusbwp12t30p140lvtssg0p81v125c
                                  0.672000       3      2.016000  
OR3D1BWP12T30P140LVT
                   tcbn28hpcplusbwp12t30p140lvtssg0p81v125c
                                  0.840000       2      1.680000  
OR4D1BWP12T30P140LVT
                   tcbn28hpcplusbwp12t30p140lvtssg0p81v125c
                                  1.008000       1      1.008000  
-----------------------------------------------------------------------------
Total 44 references                                  8931.719925

****************************************
Design: BufferedPackMetadataDequantizer_1 
****************************************
Reference          Library       Unit Area   Count    Total Area   Attributes
-----------------------------------------------------------------------------
AN2D0BWP12T30P140LVT
                   tcbn28hpcplusbwp12t30p140lvtssg0p81v125c
                                  0.672000       4      2.688000  
AN4D0BWP12T30P140LVT
                   tcbn28hpcplusbwp12t30p140lvtssg0p81v125c
                                  1.008000       6      6.048000  
AO21D0BWP12T30P140LVT
                   tcbn28hpcplusbwp12t30p140lvtssg0p81v125c
                                  0.840000      19     15.960000  
AO22D0BWP12T30P140LVT
                   tcbn28hpcplusbwp12t30p140lvtssg0p81v125c
                                  1.008000      77     77.616001  
AO31D0BWP12T30P140LVT
                   tcbn28hpcplusbwp12t30p140lvtssg0p81v125c
                                  1.008000       2      2.016000  
AO211D1BWP12T30P140LVT
                   tcbn28hpcplusbwp12t30p140lvtssg0p81v125c
                                  1.008000      13     13.104000  
AO222D0BWP12T30P140LVT
                   tcbn28hpcplusbwp12t30p140lvtssg0p81v125c
                                  1.512000       1      1.512000  
AOI21D1BWP12T30P140LVT
                   tcbn28hpcplusbwp12t30p140lvtssg0p81v125c
                                  0.672000     100     67.199999  
AOI22D1BWP12T30P140LVT
                   tcbn28hpcplusbwp12t30p140lvtssg0p81v125c
                                  0.840000     309    259.559992  
AOI31D1BWP12T30P140LVT
                   tcbn28hpcplusbwp12t30p140lvtssg0p81v125c
                                  0.840000       3      2.520000  
AOI32D0BWP12T30P140LVT
                   tcbn28hpcplusbwp12t30p140lvtssg0p81v125c
                                  1.008000      10     10.080000  
AOI211D1BWP12T30P140LVT
                   tcbn28hpcplusbwp12t30p140lvtssg0p81v125c
                                  0.840000     102     85.679997  
AOI221D0BWP12T30P140LVT
                   tcbn28hpcplusbwp12t30p140lvtssg0p81v125c
                                  1.008000      47     47.376001  
BUFFD1BWP12T30P140LVT
                   tcbn28hpcplusbwp12t30p140lvtssg0p81v125c
                                  0.504000       1      0.504000  
DFQD1BWP12T30P140LVT
                   tcbn28hpcplusbwp12t30p140lvtssg0p81v125c
                                  2.520000     991   2497.319981  n
FA1D0BWP12T30P140LVT
                   tcbn28hpcplusbwp12t30p140lvtssg0p81v125c
                                  2.856000       7     19.992000  r
IAO21D1BWP12T30P140LVT
                   tcbn28hpcplusbwp12t30p140lvtssg0p81v125c
                                  0.840000       4      3.360000  
IND2D1BWP12T30P140LVT
                   tcbn28hpcplusbwp12t30p140lvtssg0p81v125c
                                  0.672000      11      7.392000  
IND3D1BWP12T30P140LVT
                   tcbn28hpcplusbwp12t30p140lvtssg0p81v125c
                                  0.840000       8      6.720000  
IND4D1BWP12T30P140LVT
                   tcbn28hpcplusbwp12t30p140lvtssg0p81v125c
                                  1.008000       2      2.016000  
INR2D1BWP12T30P140LVT
                   tcbn28hpcplusbwp12t30p140lvtssg0p81v125c
                                  0.672000      15     10.080000  
INR3D1BWP12T30P140LVT
                   tcbn28hpcplusbwp12t30p140lvtssg0p81v125c
                                  0.840000       2      1.680000  
INR4D0BWP12T30P140LVT
                   tcbn28hpcplusbwp12t30p140lvtssg0p81v125c
                                  1.008000       4      4.032000  
INVD0BWP12T30P140LVT
                   tcbn28hpcplusbwp12t30p140lvtssg0p81v125c
                                  0.336000     458    153.887998  
INVD1BWP12T30P140LVT
                   tcbn28hpcplusbwp12t30p140lvtssg0p81v125c
                                  0.336000       2      0.672000  
IOA21D0BWP12T30P140LVT
                   tcbn28hpcplusbwp12t30p140lvtssg0p81v125c
                                  0.840000     296    248.639992  
MAOI22D0BWP12T30P140LVT
                   tcbn28hpcplusbwp12t30p140lvtssg0p81v125c
                                  1.008000     249    250.992004  
MOAI22D0BWP12T30P140LVT
                   tcbn28hpcplusbwp12t30p140lvtssg0p81v125c
                                  1.008000       3      3.024000  
MUX2ND0BWP12T30P140LVT
                   tcbn28hpcplusbwp12t30p140lvtssg0p81v125c
                                  1.008000      14     14.112000  
ND2D0BWP12T30P140LVT
                   tcbn28hpcplusbwp12t30p140lvtssg0p81v125c
                                  0.504000     378    190.512003  
ND2D1BWP12T30P140LVT
                   tcbn28hpcplusbwp12t30p140lvtssg0p81v125c
                                  0.504000       1      0.504000  
ND3D1BWP12T30P140LVT
                   tcbn28hpcplusbwp12t30p140lvtssg0p81v125c
                                  0.672000      35     23.520000  
ND4D1BWP12T30P140LVT
                   tcbn28hpcplusbwp12t30p140lvtssg0p81v125c
                                  0.840000     106     89.039997  
NR2D0BWP12T30P140LVT
                   tcbn28hpcplusbwp12t30p140lvtssg0p81v125c
                                  0.504000     320    161.280003  
NR2D2BWP12T30P140LVT
                   tcbn28hpcplusbwp12t30p140lvtssg0p81v125c
                                  0.840000       1      0.840000  
NR3D0BWP12T30P140LVT
                   tcbn28hpcplusbwp12t30p140lvtssg0p81v125c
                                  0.672000      26     17.472000  
NR4D0BWP12T30P140LVT
                   tcbn28hpcplusbwp12t30p140lvtssg0p81v125c
                                  0.840000      65     54.599998  
OA21D0BWP12T30P140LVT
                   tcbn28hpcplusbwp12t30p140lvtssg0p81v125c
                                  0.840000       2      1.680000  
OA31D0BWP12T30P140LVT
                   tcbn28hpcplusbwp12t30p140lvtssg0p81v125c
                                  1.008000       1      1.008000  
OA211D0BWP12T30P140LVT
                   tcbn28hpcplusbwp12t30p140lvtssg0p81v125c
                                  1.008000      84     84.672001  
OA221D0BWP12T30P140LVT
                   tcbn28hpcplusbwp12t30p140lvtssg0p81v125c
                                  1.344000       4      5.376000  
OAI21D0BWP12T30P140LVT
                   tcbn28hpcplusbwp12t30p140lvtssg0p81v125c
                                  0.672000     141     94.751999  
OAI22D0BWP12T30P140LVT
                   tcbn28hpcplusbwp12t30p140lvtssg0p81v125c
                                  0.840000      87     73.079998  
OAI31D0BWP12T30P140LVT
                   tcbn28hpcplusbwp12t30p140lvtssg0p81v125c
                                  0.840000      18     15.120000  
OAI32D0BWP12T30P140LVT
                   tcbn28hpcplusbwp12t30p140lvtssg0p81v125c
                                  1.008000      27     27.216000  
OAI33D0BWP12T30P140LVT
                   tcbn28hpcplusbwp12t30p140lvtssg0p81v125c
                                  1.176000       1      1.176000  
OAI211D0BWP12T30P140LVT
                   tcbn28hpcplusbwp12t30p140lvtssg0p81v125c
                                  0.840000      80     67.199998  
OAI222D0BWP12T30P140LVT
                   tcbn28hpcplusbwp12t30p140lvtssg0p81v125c
                                  1.344000       5      6.720000  
OR2D1BWP12T30P140LVT
                   tcbn28hpcplusbwp12t30p140lvtssg0p81v125c
                                  0.672000       9      6.048000  
OR3D1BWP12T30P140LVT
                   tcbn28hpcplusbwp12t30p140lvtssg0p81v125c
                                  0.840000       1      0.840000  
OR4D1BWP12T30P140LVT
                   tcbn28hpcplusbwp12t30p140lvtssg0p81v125c
                                  1.008000       8      8.064000  
-----------------------------------------------------------------------------
Total 51 references                                  4746.503961

****************************************
Design: DynamicBitUnpacker_1 
****************************************
Reference          Library       Unit Area   Count    Total Area   Attributes
-----------------------------------------------------------------------------
AN2D0BWP12T30P140LVT
                   tcbn28hpcplusbwp12t30p140lvtssg0p81v125c
                                  0.672000      10      6.720000  
AO21D0BWP12T30P140LVT
                   tcbn28hpcplusbwp12t30p140lvtssg0p81v125c
                                  0.840000       3      2.520000  
AO22D0BWP12T30P140LVT
                   tcbn28hpcplusbwp12t30p140lvtssg0p81v125c
                                  1.008000      51     51.408001  
AO32D0BWP12T30P140LVT
                   tcbn28hpcplusbwp12t30p140lvtssg0p81v125c
                                  1.344000       1      1.344000  
AO211D1BWP12T30P140LVT
                   tcbn28hpcplusbwp12t30p140lvtssg0p81v125c
                                  1.008000       3      3.024000  
AO222D0BWP12T30P140LVT
                   tcbn28hpcplusbwp12t30p140lvtssg0p81v125c
                                  1.512000       2      3.024000  
AOI21D1BWP12T30P140LVT
                   tcbn28hpcplusbwp12t30p140lvtssg0p81v125c
                                  0.672000      51     34.272000  
AOI22D1BWP12T30P140LVT
                   tcbn28hpcplusbwp12t30p140lvtssg0p81v125c
                                  0.840000     115     96.599997  
AOI31D1BWP12T30P140LVT
                   tcbn28hpcplusbwp12t30p140lvtssg0p81v125c
                                  0.840000       5      4.200000  
AOI32D0BWP12T30P140LVT
                   tcbn28hpcplusbwp12t30p140lvtssg0p81v125c
                                  1.008000      37     37.296001  
AOI211D1BWP12T30P140LVT
                   tcbn28hpcplusbwp12t30p140lvtssg0p81v125c
                                  0.840000      14     11.760000  
AOI221D0BWP12T30P140LVT
                   tcbn28hpcplusbwp12t30p140lvtssg0p81v125c
                                  1.008000      43     43.344001  
AOI222D1BWP12T30P140LVT
                   tcbn28hpcplusbwp12t30p140lvtssg0p81v125c
                                  1.344000       3      4.032000  
DFQD1BWP12T30P140LVT
                   tcbn28hpcplusbwp12t30p140lvtssg0p81v125c
                                  2.520000     235    592.199996  n
FA1D0BWP12T30P140LVT
                   tcbn28hpcplusbwp12t30p140lvtssg0p81v125c
                                  2.856000       4     11.424000  r
IAO21D1BWP12T30P140LVT
                   tcbn28hpcplusbwp12t30p140lvtssg0p81v125c
                                  0.840000       1      0.840000  
IND2D1BWP12T30P140LVT
                   tcbn28hpcplusbwp12t30p140lvtssg0p81v125c
                                  0.672000       4      2.688000  
IND3D1BWP12T30P140LVT
                   tcbn28hpcplusbwp12t30p140lvtssg0p81v125c
                                  0.840000       2      1.680000  
IND4D1BWP12T30P140LVT
                   tcbn28hpcplusbwp12t30p140lvtssg0p81v125c
                                  1.008000       1      1.008000  
INR2D1BWP12T30P140LVT
                   tcbn28hpcplusbwp12t30p140lvtssg0p81v125c
                                  0.672000       1      0.672000  
INR3D1BWP12T30P140LVT
                   tcbn28hpcplusbwp12t30p140lvtssg0p81v125c
                                  0.840000       2      1.680000  
INR4D0BWP12T30P140LVT
                   tcbn28hpcplusbwp12t30p140lvtssg0p81v125c
                                  1.008000       1      1.008000  
INVD0BWP12T30P140LVT
                   tcbn28hpcplusbwp12t30p140lvtssg0p81v125c
                                  0.336000     186     62.495999  
INVD1BWP12T30P140LVT
                   tcbn28hpcplusbwp12t30p140lvtssg0p81v125c
                                  0.336000       1      0.336000  
IOA21D0BWP12T30P140LVT
                   tcbn28hpcplusbwp12t30p140lvtssg0p81v125c
                                  0.840000      29     24.359999  
MAOI22D0BWP12T30P140LVT
                   tcbn28hpcplusbwp12t30p140lvtssg0p81v125c
                                  1.008000       8      8.064000  
MAOI222D0BWP12T30P140LVT
                   tcbn28hpcplusbwp12t30p140lvtssg0p81v125c
                                  1.008000       1      1.008000  
MOAI22D0BWP12T30P140LVT
                   tcbn28hpcplusbwp12t30p140lvtssg0p81v125c
                                  1.008000      10     10.080000  
MUX2ND0BWP12T30P140LVT
                   tcbn28hpcplusbwp12t30p140lvtssg0p81v125c
                                  1.008000       1      1.008000  
ND2D0BWP12T30P140LVT
                   tcbn28hpcplusbwp12t30p140lvtssg0p81v125c
                                  0.504000     150     75.600001  
ND3D1BWP12T30P140LVT
                   tcbn28hpcplusbwp12t30p140lvtssg0p81v125c
                                  0.672000      14      9.408000  
ND4D1BWP12T30P140LVT
                   tcbn28hpcplusbwp12t30p140lvtssg0p81v125c
                                  0.840000      25     20.999999  
NR2D0BWP12T30P140LVT
                   tcbn28hpcplusbwp12t30p140lvtssg0p81v125c
                                  0.504000      85     42.840001  
NR3D0BWP12T30P140LVT
                   tcbn28hpcplusbwp12t30p140lvtssg0p81v125c
                                  0.672000      16     10.752000  
NR4D0BWP12T30P140LVT
                   tcbn28hpcplusbwp12t30p140lvtssg0p81v125c
                                  0.840000      21     17.639999  
OA21D0BWP12T30P140LVT
                   tcbn28hpcplusbwp12t30p140lvtssg0p81v125c
                                  0.840000       3      2.520000  
OA211D0BWP12T30P140LVT
                   tcbn28hpcplusbwp12t30p140lvtssg0p81v125c
                                  1.008000       1      1.008000  
OAI21D0BWP12T30P140LVT
                   tcbn28hpcplusbwp12t30p140lvtssg0p81v125c
                                  0.672000      83     55.775999  
OAI22D0BWP12T30P140LVT
                   tcbn28hpcplusbwp12t30p140lvtssg0p81v125c
                                  0.840000      72     60.479998  
OAI31D0BWP12T30P140LVT
                   tcbn28hpcplusbwp12t30p140lvtssg0p81v125c
                                  0.840000      31     26.039999  
OAI32D0BWP12T30P140LVT
                   tcbn28hpcplusbwp12t30p140lvtssg0p81v125c
                                  1.008000      35     35.280001  
OAI211D0BWP12T30P140LVT
                   tcbn28hpcplusbwp12t30p140lvtssg0p81v125c
                                  0.840000      50     41.999999  
OAI221D0BWP12T30P140LVT
                   tcbn28hpcplusbwp12t30p140lvtssg0p81v125c
                                  1.176000       1      1.176000  
OAI222D0BWP12T30P140LVT
                   tcbn28hpcplusbwp12t30p140lvtssg0p81v125c
                                  1.344000       1      1.344000  
OR2D1BWP12T30P140LVT
                   tcbn28hpcplusbwp12t30p140lvtssg0p81v125c
                                  0.672000       3      2.016000  
OR3D1BWP12T30P140LVT
                   tcbn28hpcplusbwp12t30p140lvtssg0p81v125c
                                  0.840000       1      0.840000  
PackDescriptorDecoder_1        1557.695987       1   1557.695987  h, n
-----------------------------------------------------------------------------
Total 47 references                                  2983.511975

****************************************
Design: PackDescriptorDecoder_1 
****************************************
Reference          Library       Unit Area   Count    Total Area   Attributes
-----------------------------------------------------------------------------
AN2D0BWP12T30P140LVT
                   tcbn28hpcplusbwp12t30p140lvtssg0p81v125c
                                  0.672000      19     12.768000  
AO21D0BWP12T30P140LVT
                   tcbn28hpcplusbwp12t30p140lvtssg0p81v125c
                                  0.840000       5      4.200000  
AO22D0BWP12T30P140LVT
                   tcbn28hpcplusbwp12t30p140lvtssg0p81v125c
                                  1.008000       4      4.032000  
AO31D0BWP12T30P140LVT
                   tcbn28hpcplusbwp12t30p140lvtssg0p81v125c
                                  1.008000      14     14.112000  
AO211D1BWP12T30P140LVT
                   tcbn28hpcplusbwp12t30p140lvtssg0p81v125c
                                  1.008000       2      2.016000  
AO222D0BWP12T30P140LVT
                   tcbn28hpcplusbwp12t30p140lvtssg0p81v125c
                                  1.512000       3      4.536000  
AOI21D1BWP12T30P140LVT
                   tcbn28hpcplusbwp12t30p140lvtssg0p81v125c
                                  0.672000      77     51.743999  
AOI22D1BWP12T30P140LVT
                   tcbn28hpcplusbwp12t30p140lvtssg0p81v125c
                                  0.840000     107     89.879997  
AOI31D1BWP12T30P140LVT
                   tcbn28hpcplusbwp12t30p140lvtssg0p81v125c
                                  0.840000       5      4.200000  
AOI32D0BWP12T30P140LVT
                   tcbn28hpcplusbwp12t30p140lvtssg0p81v125c
                                  1.008000      69     69.552001  
AOI211D1BWP12T30P140LVT
                   tcbn28hpcplusbwp12t30p140lvtssg0p81v125c
                                  0.840000      20     16.799999  
AOI221D0BWP12T30P140LVT
                   tcbn28hpcplusbwp12t30p140lvtssg0p81v125c
                                  1.008000      21     21.168000  
AOI222D1BWP12T30P140LVT
                   tcbn28hpcplusbwp12t30p140lvtssg0p81v125c
                                  1.344000       1      1.344000  
DFQD1BWP12T30P140LVT
                   tcbn28hpcplusbwp12t30p140lvtssg0p81v125c
                                  2.520000     237    597.239995  n
FA1D0BWP12T30P140LVT
                   tcbn28hpcplusbwp12t30p140lvtssg0p81v125c
                                  2.856000       1      2.856000  r
IND2D1BWP12T30P140LVT
                   tcbn28hpcplusbwp12t30p140lvtssg0p81v125c
                                  0.672000      15     10.080000  
IND4D1BWP12T30P140LVT
                   tcbn28hpcplusbwp12t30p140lvtssg0p81v125c
                                  1.008000       1      1.008000  
INR2D1BWP12T30P140LVT
                   tcbn28hpcplusbwp12t30p140lvtssg0p81v125c
                                  0.672000      14      9.408000  
INR3D1BWP12T30P140LVT
                   tcbn28hpcplusbwp12t30p140lvtssg0p81v125c
                                  0.840000       8      6.720000  
INR4D0BWP12T30P140LVT
                   tcbn28hpcplusbwp12t30p140lvtssg0p81v125c
                                  1.008000       1      1.008000  
INVD0BWP12T30P140LVT
                   tcbn28hpcplusbwp12t30p140lvtssg0p81v125c
                                  0.336000     180     60.479999  
INVD1BWP12T30P140LVT
                   tcbn28hpcplusbwp12t30p140lvtssg0p81v125c
                                  0.336000       1      0.336000  
IOA21D0BWP12T30P140LVT
                   tcbn28hpcplusbwp12t30p140lvtssg0p81v125c
                                  0.840000      21     17.639999  
MAOI22D0BWP12T30P140LVT
                   tcbn28hpcplusbwp12t30p140lvtssg0p81v125c
                                  1.008000       6      6.048000  
MOAI22D0BWP12T30P140LVT
                   tcbn28hpcplusbwp12t30p140lvtssg0p81v125c
                                  1.008000       5      5.040000  
MUX2ND0BWP12T30P140LVT
                   tcbn28hpcplusbwp12t30p140lvtssg0p81v125c
                                  1.008000      15     15.120000  
ND2D0BWP12T30P140LVT
                   tcbn28hpcplusbwp12t30p140lvtssg0p81v125c
                                  0.504000     192     96.768002  
ND2D1BWP12T30P140LVT
                   tcbn28hpcplusbwp12t30p140lvtssg0p81v125c
                                  0.504000       1      0.504000  
ND3D1BWP12T30P140LVT
                   tcbn28hpcplusbwp12t30p140lvtssg0p81v125c
                                  0.672000      16     10.752000  
ND4D1BWP12T30P140LVT
                   tcbn28hpcplusbwp12t30p140lvtssg0p81v125c
                                  0.840000      15     12.600000  
NR2D0BWP12T30P140LVT
                   tcbn28hpcplusbwp12t30p140lvtssg0p81v125c
                                  0.504000     132     66.528001  
NR3D0BWP12T30P140LVT
                   tcbn28hpcplusbwp12t30p140lvtssg0p81v125c
                                  0.672000      25     16.800000  
NR4D0BWP12T30P140LVT
                   tcbn28hpcplusbwp12t30p140lvtssg0p81v125c
                                  0.840000      28     23.519999  
OA211D0BWP12T30P140LVT
                   tcbn28hpcplusbwp12t30p140lvtssg0p81v125c
                                  1.008000       1      1.008000  
OA221D0BWP12T30P140LVT
                   tcbn28hpcplusbwp12t30p140lvtssg0p81v125c
                                  1.344000       1      1.344000  
OAI21D0BWP12T30P140LVT
                   tcbn28hpcplusbwp12t30p140lvtssg0p81v125c
                                  0.672000     181    121.631998  
OAI22D0BWP12T30P140LVT
                   tcbn28hpcplusbwp12t30p140lvtssg0p81v125c
                                  0.840000      15     12.600000  
OAI31D0BWP12T30P140LVT
                   tcbn28hpcplusbwp12t30p140lvtssg0p81v125c
                                  0.840000      30     25.199999  
OAI32D0BWP12T30P140LVT
                   tcbn28hpcplusbwp12t30p140lvtssg0p81v125c
                                  1.008000      31     31.248001  
OAI211D0BWP12T30P140LVT
                   tcbn28hpcplusbwp12t30p140lvtssg0p81v125c
                                  0.840000     113     94.919997  
OAI222D0BWP12T30P140LVT
                   tcbn28hpcplusbwp12t30p140lvtssg0p81v125c
                                  1.344000       1      1.344000  
OR2D1BWP12T30P140LVT
                   tcbn28hpcplusbwp12t30p140lvtssg0p81v125c
                                  0.672000      10      6.720000  
OR3D1BWP12T30P140LVT
                   tcbn28hpcplusbwp12t30p140lvtssg0p81v125c
                                  0.840000       1      0.840000  
OR4D1BWP12T30P140LVT
                   tcbn28hpcplusbwp12t30p140lvtssg0p81v125c
                                  1.008000       4      4.032000  
-----------------------------------------------------------------------------
Total 44 references                                  1557.695987

****************************************
Design: QkDotProductAccumulator 
****************************************
Reference          Library       Unit Area   Count    Total Area   Attributes
-----------------------------------------------------------------------------
AN2D0BWP12T30P140LVT
                   tcbn28hpcplusbwp12t30p140lvtssg0p81v125c
                                  0.672000     525    352.799995  
AN3D0BWP12T30P140LVT
                   tcbn28hpcplusbwp12t30p140lvtssg0p81v125c
                                  0.840000       1      0.840000  
AN4D1BWP12T30P140LVT
                   tcbn28hpcplusbwp12t30p140lvtssg0p81v125c
                                  1.008000       1      1.008000  
AO21D0BWP12T30P140LVT
                   tcbn28hpcplusbwp12t30p140lvtssg0p81v125c
                                  0.840000      27     22.679999  
AO22D0BWP12T30P140LVT
                   tcbn28hpcplusbwp12t30p140lvtssg0p81v125c
                                  1.008000    3684   3713.472060  
AO22D2BWP12T30P140LVT
                   tcbn28hpcplusbwp12t30p140lvtssg0p81v125c
                                  1.344000       1      1.344000  
AO211D1BWP12T30P140LVT
                   tcbn28hpcplusbwp12t30p140lvtssg0p81v125c
                                  1.008000       1      1.008000  
AOI21D1BWP12T30P140LVT
                   tcbn28hpcplusbwp12t30p140lvtssg0p81v125c
                                  0.672000     142     95.423999  
AOI22D1BWP12T30P140LVT
                   tcbn28hpcplusbwp12t30p140lvtssg0p81v125c
                                  0.840000    2715   2280.599929  
AOI22D2BWP12T30P140LVT
                   tcbn28hpcplusbwp12t30p140lvtssg0p81v125c
                                  1.512000       2      3.024000  
AOI31D1BWP12T30P140LVT
                   tcbn28hpcplusbwp12t30p140lvtssg0p81v125c
                                  0.840000       6      5.040000  
AOI211D1BWP12T30P140LVT
                   tcbn28hpcplusbwp12t30p140lvtssg0p81v125c
                                  0.840000      81     68.039998  
AOI221D0BWP12T30P140LVT
                   tcbn28hpcplusbwp12t30p140lvtssg0p81v125c
                                  1.008000     154    155.232002  
AOI221D1BWP12T30P140LVT
                   tcbn28hpcplusbwp12t30p140lvtssg0p81v125c
                                  1.008000       1      1.008000  
AOI221D4BWP12T30P140LVT
                   tcbn28hpcplusbwp12t30p140lvtssg0p81v125c
                                  2.184000       5     10.920000  
BUFFD0BWP12T30P140LVT
                   tcbn28hpcplusbwp12t30p140lvtssg0p81v125c
                                  0.504000      10      5.040000  
BUFFD1BWP12T30P140LVT
                   tcbn28hpcplusbwp12t30p140lvtssg0p81v125c
                                  0.504000      10      5.040000  
BUFFD2BWP12T30P140LVT
                   tcbn28hpcplusbwp12t30p140lvtssg0p81v125c
                                  0.672000       7      4.704000  
CKMUX2D0BWP12T30P140LVT
                   tcbn28hpcplusbwp12t30p140lvtssg0p81v125c
                                  1.176000       3      3.528000  
CKND2D1BWP12T30P140LVT
                   tcbn28hpcplusbwp12t30p140lvtssg0p81v125c
                                  0.504000      14      7.056000  
CKXOR2D0BWP12T30P140LVT
                   tcbn28hpcplusbwp12t30p140lvtssg0p81v125c
                                  1.344000      21     28.224000  
DFD1BWP12T30P140LVT
                   tcbn28hpcplusbwp12t30p140lvtssg0p81v125c
                                  2.688000      12     32.256000  n
DFQD1BWP12T30P140LVT
                   tcbn28hpcplusbwp12t30p140lvtssg0p81v125c
                                  2.520000    1998   5034.959962  n
DFQD2BWP12T30P140LVT
                   tcbn28hpcplusbwp12t30p140lvtssg0p81v125c
                                  2.520000      55    138.599999  n
FA1D0BWP12T30P140LVT
                   tcbn28hpcplusbwp12t30p140lvtssg0p81v125c
                                  2.856000    2608   7448.447861  r
FA1D1BWP12T30P140LVT
                   tcbn28hpcplusbwp12t30p140lvtssg0p81v125c
                                  2.856000     495   1413.719974  r
HA1D0BWP12T30P140LVT
                   tcbn28hpcplusbwp12t30p140lvtssg0p81v125c
                                  2.184000     160    349.440002  r
IAO21D1BWP12T30P140LVT
                   tcbn28hpcplusbwp12t30p140lvtssg0p81v125c
                                  0.840000      14     11.760000  
IND2D1BWP12T30P140LVT
                   tcbn28hpcplusbwp12t30p140lvtssg0p81v125c
                                  0.672000       2      1.344000  
IND3D1BWP12T30P140LVT
                   tcbn28hpcplusbwp12t30p140lvtssg0p81v125c
                                  0.840000       1      0.840000  
IND4D1BWP12T30P140LVT
                   tcbn28hpcplusbwp12t30p140lvtssg0p81v125c
                                  1.008000       1      1.008000  
INR2D1BWP12T30P140LVT
                   tcbn28hpcplusbwp12t30p140lvtssg0p81v125c
                                  0.672000     162    108.863999  
INVD0BWP12T30P140LVT
                   tcbn28hpcplusbwp12t30p140lvtssg0p81v125c
                                  0.336000    1058    355.487995  
INVD1BWP12T30P140LVT
                   tcbn28hpcplusbwp12t30p140lvtssg0p81v125c
                                  0.336000      49     16.464000  
INVD1P25BWP12T30P140LVT
                   tcbn28hpcplusbwp12t30p140lvtssg0p81v125c
                                  0.504000       2      1.008000  
INVD2BWP12T30P140LVT
                   tcbn28hpcplusbwp12t30p140lvtssg0p81v125c
                                  0.504000      13      6.552000  
INVD3BWP12T30P140LVT
                   tcbn28hpcplusbwp12t30p140lvtssg0p81v125c
                                  0.672000       4      2.688000  
IOA21D0BWP12T30P140LVT
                   tcbn28hpcplusbwp12t30p140lvtssg0p81v125c
                                  0.840000       6      5.040000  
IOA21D1BWP12T30P140LVT
                   tcbn28hpcplusbwp12t30p140lvtssg0p81v125c
                                  0.840000       1      0.840000  
MAOI22D0BWP12T30P140LVT
                   tcbn28hpcplusbwp12t30p140lvtssg0p81v125c
                                  1.008000       5      5.040000  
MOAI22D0BWP12T30P140LVT
                   tcbn28hpcplusbwp12t30p140lvtssg0p81v125c
                                  1.008000       4      4.032000  
MUX2ND0BWP12T30P140LVT
                   tcbn28hpcplusbwp12t30p140lvtssg0p81v125c
                                  1.008000     118    118.944002  
ND2D0BWP12T30P140LVT
                   tcbn28hpcplusbwp12t30p140lvtssg0p81v125c
                                  0.504000     629    317.016005  
ND2D1BWP12T30P140LVT
                   tcbn28hpcplusbwp12t30p140lvtssg0p81v125c
                                  0.504000      12      6.048000  
ND2D3BWP12T30P140LVT
                   tcbn28hpcplusbwp12t30p140lvtssg0p81v125c
                                  1.176000       1      1.176000  
ND3D1BWP12T30P140LVT
                   tcbn28hpcplusbwp12t30p140lvtssg0p81v125c
                                  0.672000     109     73.247999  
ND4D1BWP12T30P140LVT
                   tcbn28hpcplusbwp12t30p140lvtssg0p81v125c
                                  0.840000      30     25.199999  
NR2D0BWP12T30P140LVT
                   tcbn28hpcplusbwp12t30p140lvtssg0p81v125c
                                  0.504000     431    217.224003  
NR2D1BWP12T30P140LVT
                   tcbn28hpcplusbwp12t30p140lvtssg0p81v125c
                                  0.504000      24     12.096000  
NR3D0BWP12T30P140LVT
                   tcbn28hpcplusbwp12t30p140lvtssg0p81v125c
                                  0.672000       8      5.376000  
NR4D0BWP12T30P140LVT
                   tcbn28hpcplusbwp12t30p140lvtssg0p81v125c
                                  0.840000      20     16.799999  
OA21D0BWP12T30P140LVT
                   tcbn28hpcplusbwp12t30p140lvtssg0p81v125c
                                  0.840000       9      7.560000  
OA211D0BWP12T30P140LVT
                   tcbn28hpcplusbwp12t30p140lvtssg0p81v125c
                                  1.008000      59     59.472001  
OAI21D0BWP12T30P140LVT
                   tcbn28hpcplusbwp12t30p140lvtssg0p81v125c
                                  0.672000     283    190.175997  
OAI22D0BWP12T30P140LVT
                   tcbn28hpcplusbwp12t30p140lvtssg0p81v125c
                                  0.840000      54     45.359999  
OAI31D0BWP12T30P140LVT
                   tcbn28hpcplusbwp12t30p140lvtssg0p81v125c
                                  0.840000      21     17.639999  
OAI32D0BWP12T30P140LVT
                   tcbn28hpcplusbwp12t30p140lvtssg0p81v125c
                                  1.008000     256    258.048004  
OAI211D0BWP12T30P140LVT
                   tcbn28hpcplusbwp12t30p140lvtssg0p81v125c
                                  0.840000      18     15.120000  
OR2D1BWP12T30P140LVT
                   tcbn28hpcplusbwp12t30p140lvtssg0p81v125c
                                  0.672000      28     18.816000  
OR3D1BWP12T30P140LVT
                   tcbn28hpcplusbwp12t30p140lvtssg0p81v125c
                                  0.840000       2      1.680000  
OR4D1BWP12T30P140LVT
                   tcbn28hpcplusbwp12t30p140lvtssg0p81v125c
                                  1.008000       4      4.032000  
XNR2D0BWP12T30P140LVT
                   tcbn28hpcplusbwp12t30p140lvtssg0p81v125c
                                  1.344000      57     76.607999  
-----------------------------------------------------------------------------
Total 62 references                                 23192.063779

****************************************
Design: QueryReplayBuffer 
****************************************
Reference          Library       Unit Area   Count    Total Area   Attributes
-----------------------------------------------------------------------------
AN2D0BWP12T30P140LVT
                   tcbn28hpcplusbwp12t30p140lvtssg0p81v125c
                                  0.672000     151    101.471999  
AN2D1BWP12T30P140LVT
                   tcbn28hpcplusbwp12t30p140lvtssg0p81v125c
                                  0.672000       2      1.344000  
AO21D0BWP12T30P140LVT
                   tcbn28hpcplusbwp12t30p140lvtssg0p81v125c
                                  0.840000       7      5.880000  
AO22D0BWP12T30P140LVT
                   tcbn28hpcplusbwp12t30p140lvtssg0p81v125c
                                  1.008000      60     60.480001  
AOI21D1BWP12T30P140LVT
                   tcbn28hpcplusbwp12t30p140lvtssg0p81v125c
                                  0.672000      79     53.087999  
AOI22D1BWP12T30P140LVT
                   tcbn28hpcplusbwp12t30p140lvtssg0p81v125c
                                  0.840000     194    162.959995  
AOI211D1BWP12T30P140LVT
                   tcbn28hpcplusbwp12t30p140lvtssg0p81v125c
                                  0.840000       3      2.520000  
AOI221D0BWP12T30P140LVT
                   tcbn28hpcplusbwp12t30p140lvtssg0p81v125c
                                  1.008000       2      2.016000  
CKMUX2D0BWP12T30P140LVT
                   tcbn28hpcplusbwp12t30p140lvtssg0p81v125c
                                  1.176000      49     57.624000  
CKXOR2D0BWP12T30P140LVT
                   tcbn28hpcplusbwp12t30p140lvtssg0p81v125c
                                  1.344000      79    106.175999  
DFD1BWP12T30P140LVT
                   tcbn28hpcplusbwp12t30p140lvtssg0p81v125c
                                  2.688000       1      2.688000  n
DFQD1BWP12T30P140LVT
                   tcbn28hpcplusbwp12t30p140lvtssg0p81v125c
                                  2.520000     780   1965.599985  n
IAO21D1BWP12T30P140LVT
                   tcbn28hpcplusbwp12t30p140lvtssg0p81v125c
                                  0.840000       3      2.520000  
IND2D1BWP12T30P140LVT
                   tcbn28hpcplusbwp12t30p140lvtssg0p81v125c
                                  0.672000      33     22.176000  
INR2D1BWP12T30P140LVT
                   tcbn28hpcplusbwp12t30p140lvtssg0p81v125c
                                  0.672000      70     47.039999  
INR2D2BWP12T30P140LVT
                   tcbn28hpcplusbwp12t30p140lvtssg0p81v125c
                                  1.008000       1      1.008000  
INR4D0BWP12T30P140LVT
                   tcbn28hpcplusbwp12t30p140lvtssg0p81v125c
                                  1.008000       4      4.032000  
INVD0BWP12T30P140LVT
                   tcbn28hpcplusbwp12t30p140lvtssg0p81v125c
                                  0.336000     619    207.983997  
INVD1BWP12T30P140LVT
                   tcbn28hpcplusbwp12t30p140lvtssg0p81v125c
                                  0.336000       2      0.672000  
IOA21D0BWP12T30P140LVT
                   tcbn28hpcplusbwp12t30p140lvtssg0p81v125c
                                  0.840000     164    137.759996  
MAOI22D0BWP12T30P140LVT
                   tcbn28hpcplusbwp12t30p140lvtssg0p81v125c
                                  1.008000       2      2.016000  
MOAI22D0BWP12T30P140LVT
                   tcbn28hpcplusbwp12t30p140lvtssg0p81v125c
                                  1.008000      26     26.208000  
MUX2D1BWP12T30P140LVT
                   tcbn28hpcplusbwp12t30p140lvtssg0p81v125c
                                  1.344000       1      1.344000  
MUX2D4BWP12T30P140LVT
                   tcbn28hpcplusbwp12t30p140lvtssg0p81v125c
                                  2.352000       3      7.056000  
MUX2ND0BWP12T30P140LVT
                   tcbn28hpcplusbwp12t30p140lvtssg0p81v125c
                                  1.008000      11     11.088000  
MUX2OPTD2BWP12T30P140LVT
                   tcbn28hpcplusbwp12t30p140lvtssg0p81v125c
                                  1.512000       3      4.536000  
ND2D0BWP12T30P140LVT
                   tcbn28hpcplusbwp12t30p140lvtssg0p81v125c
                                  0.504000     398    200.592003  
ND2D1BWP12T30P140LVT
                   tcbn28hpcplusbwp12t30p140lvtssg0p81v125c
                                  0.504000       1      0.504000  
ND3D1BWP12T30P140LVT
                   tcbn28hpcplusbwp12t30p140lvtssg0p81v125c
                                  0.672000      73     49.055999  
ND4D1BWP12T30P140LVT
                   tcbn28hpcplusbwp12t30p140lvtssg0p81v125c
                                  0.840000       2      1.680000  
NR2D0BWP12T30P140LVT
                   tcbn28hpcplusbwp12t30p140lvtssg0p81v125c
                                  0.504000     121     60.984001  
NR2D1BWP12T30P140LVT
                   tcbn28hpcplusbwp12t30p140lvtssg0p81v125c
                                  0.504000       1      0.504000  
NR3D0BWP12T30P140LVT
                   tcbn28hpcplusbwp12t30p140lvtssg0p81v125c
                                  0.672000      10      6.720000  
NR4D0BWP12T30P140LVT
                   tcbn28hpcplusbwp12t30p140lvtssg0p81v125c
                                  0.840000      26     21.839999  
OA21D0BWP12T30P140LVT
                   tcbn28hpcplusbwp12t30p140lvtssg0p81v125c
                                  0.840000       1      0.840000  
OAI21D0BWP12T30P140LVT
                   tcbn28hpcplusbwp12t30p140lvtssg0p81v125c
                                  0.672000     528    354.815995  
OAI22D0BWP12T30P140LVT
                   tcbn28hpcplusbwp12t30p140lvtssg0p81v125c
                                  0.840000      43     36.119999  
OAI31D0BWP12T30P140LVT
                   tcbn28hpcplusbwp12t30p140lvtssg0p81v125c
                                  0.840000     207    173.879995  
OAI211D0BWP12T30P140LVT
                   tcbn28hpcplusbwp12t30p140lvtssg0p81v125c
                                  0.840000     227    190.679994  
OR2D1BWP12T30P140LVT
                   tcbn28hpcplusbwp12t30p140lvtssg0p81v125c
                                  0.672000      11      7.392000  
OR3D1BWP12T30P140LVT
                   tcbn28hpcplusbwp12t30p140lvtssg0p81v125c
                                  0.840000       1      0.840000  
OR4D1BWP12T30P140LVT
                   tcbn28hpcplusbwp12t30p140lvtssg0p81v125c
                                  1.008000       1      1.008000  
XNR2D0BWP12T30P140LVT
                   tcbn28hpcplusbwp12t30p140lvtssg0p81v125c
                                  1.344000       9     12.096000  
queryMemory_128x18                0.000000       1      0.000000  b
-----------------------------------------------------------------------------
Total 44 references                                  4116.839955

****************************************
Design: SoftmaxVAccumulator 
****************************************
Reference          Library       Unit Area   Count    Total Area   Attributes
-----------------------------------------------------------------------------
AN2D0BWP12T30P140LVT
                   tcbn28hpcplusbwp12t30p140lvtssg0p81v125c
                                  0.672000     102     68.543999  
AN2D1BWP12T30P140LVT
                   tcbn28hpcplusbwp12t30p140lvtssg0p81v125c
                                  0.672000       5      3.360000  
AN3D0BWP12T30P140LVT
                   tcbn28hpcplusbwp12t30p140lvtssg0p81v125c
                                  0.840000       8      6.720000  
AN4D0BWP12T30P140LVT
                   tcbn28hpcplusbwp12t30p140lvtssg0p81v125c
                                  1.008000       1      1.008000  
AO21D0BWP12T30P140LVT
                   tcbn28hpcplusbwp12t30p140lvtssg0p81v125c
                                  0.840000       8      6.720000  
AO21D2BWP12T30P140LVT
                   tcbn28hpcplusbwp12t30p140lvtssg0p81v125c
                                  1.008000       1      1.008000  
AO22D0BWP12T30P140LVT
                   tcbn28hpcplusbwp12t30p140lvtssg0p81v125c
                                  1.008000     555    559.440009  
AO33D0BWP12T30P140LVT
                   tcbn28hpcplusbwp12t30p140lvtssg0p81v125c
                                  1.344000       1      1.344000  
AOI21D1BWP12T30P140LVT
                   tcbn28hpcplusbwp12t30p140lvtssg0p81v125c
                                  0.672000     248    166.655998  
AOI22D1BWP12T30P140LVT
                   tcbn28hpcplusbwp12t30p140lvtssg0p81v125c
                                  0.840000     176    147.839995  
AOI31D1BWP12T30P140LVT
                   tcbn28hpcplusbwp12t30p140lvtssg0p81v125c
                                  0.840000      47     39.479999  
AOI32D0BWP12T30P140LVT
                   tcbn28hpcplusbwp12t30p140lvtssg0p81v125c
                                  1.008000      80     80.640001  
AOI211D1BWP12T30P140LVT
                   tcbn28hpcplusbwp12t30p140lvtssg0p81v125c
                                  0.840000     144    120.959996  
AOI221D0BWP12T30P140LVT
                   tcbn28hpcplusbwp12t30p140lvtssg0p81v125c
                                  1.008000    1212   1221.696020  
AOI221D1BWP12T30P140LVT
                   tcbn28hpcplusbwp12t30p140lvtssg0p81v125c
                                  1.008000       1      1.008000  
AOI222D1BWP12T30P140LVT
                   tcbn28hpcplusbwp12t30p140lvtssg0p81v125c
                                  1.344000      79    106.175999  
BUFFD0BWP12T30P140LVT
                   tcbn28hpcplusbwp12t30p140lvtssg0p81v125c
                                  0.504000       2      1.008000  
BUFFD1BWP12T30P140LVT
                   tcbn28hpcplusbwp12t30p140lvtssg0p81v125c
                                  0.504000       3      1.512000  
BUFFD2BWP12T30P140LVT
                   tcbn28hpcplusbwp12t30p140lvtssg0p81v125c
                                  0.672000       3      2.016000  
BUFFD3BWP12T30P140LVT
                   tcbn28hpcplusbwp12t30p140lvtssg0p81v125c
                                  0.840000       1      0.840000  
CKMUX2D0BWP12T30P140LVT
                   tcbn28hpcplusbwp12t30p140lvtssg0p81v125c
                                  1.176000     357    419.832000  
CKND2D1BWP12T30P140LVT
                   tcbn28hpcplusbwp12t30p140lvtssg0p81v125c
                                  0.504000      67     33.768001  
CKND2D2BWP12T30P140LVT
                   tcbn28hpcplusbwp12t30p140lvtssg0p81v125c
                                  0.840000       4      3.360000  
CKND2D3BWP12T30P140LVT
                   tcbn28hpcplusbwp12t30p140lvtssg0p81v125c
                                  1.176000       3      3.528000  
CKXOR2D0BWP12T30P140LVT
                   tcbn28hpcplusbwp12t30p140lvtssg0p81v125c
                                  1.344000     151    202.943997  
CKXOR2D1BWP12T30P140LVT
                   tcbn28hpcplusbwp12t30p140lvtssg0p81v125c
                                  1.344000       4      5.376000  
DFD1BWP12T30P140LVT
                   tcbn28hpcplusbwp12t30p140lvtssg0p81v125c
                                  2.688000      11     29.568000  n
DFQD1BWP12T30P140LVT
                   tcbn28hpcplusbwp12t30p140lvtssg0p81v125c
                                  2.520000    1085   2734.199979  n
DFQD2BWP12T30P140LVT
                   tcbn28hpcplusbwp12t30p140lvtssg0p81v125c
                                  2.520000      31     78.119999  n
DFQOPTMAD8BWP12T30P140LVT
                   tcbn28hpcplusbwp12t30p140lvtssg0p81v125c
                                  8.064000       4     32.256001  n
FA1D0BWP12T30P140LVT
                   tcbn28hpcplusbwp12t30p140lvtssg0p81v125c
                                  2.856000    1747   4989.431907  r
FA1D1BWP12T30P140LVT
                   tcbn28hpcplusbwp12t30p140lvtssg0p81v125c
                                  2.856000     590   1685.039968  r
FA1OPTCD1BWP12T30P140LVT
                   tcbn28hpcplusbwp12t30p140lvtssg0p81v125c
                                  3.360000      15     50.399998  r
FA1OPTCD2BWP12T30P140LVT
                   tcbn28hpcplusbwp12t30p140lvtssg0p81v125c
                                  4.032000      28    112.896002  r
HA1D0BWP12T30P140LVT
                   tcbn28hpcplusbwp12t30p140lvtssg0p81v125c
                                  2.184000     261    570.024004  r
HA1D1BWP12T30P140LVT
                   tcbn28hpcplusbwp12t30p140lvtssg0p81v125c
                                  2.184000      55    120.120001  r
IAO21D1BWP12T30P140LVT
                   tcbn28hpcplusbwp12t30p140lvtssg0p81v125c
                                  0.840000       7      5.880000  
IND2D1BWP12T30P140LVT
                   tcbn28hpcplusbwp12t30p140lvtssg0p81v125c
                                  0.672000      19     12.768000  
IND3D1BWP12T30P140LVT
                   tcbn28hpcplusbwp12t30p140lvtssg0p81v125c
                                  0.840000       2      1.680000  
IND3D2BWP12T30P140LVT
                   tcbn28hpcplusbwp12t30p140lvtssg0p81v125c
                                  1.512000       1      1.512000  
IND4D1BWP12T30P140LVT
                   tcbn28hpcplusbwp12t30p140lvtssg0p81v125c
                                  1.008000       2      2.016000  
INR2D1BWP12T30P140LVT
                   tcbn28hpcplusbwp12t30p140lvtssg0p81v125c
                                  0.672000     744    499.967993  
INR2D2BWP12T30P140LVT
                   tcbn28hpcplusbwp12t30p140lvtssg0p81v125c
                                  1.008000       8      8.064000  
INR2D4BWP12T30P140LVT
                   tcbn28hpcplusbwp12t30p140lvtssg0p81v125c
                                  1.848000       2      3.696000  
INR3D1BWP12T30P140LVT
                   tcbn28hpcplusbwp12t30p140lvtssg0p81v125c
                                  0.840000       3      2.520000  
INR4D0BWP12T30P140LVT
                   tcbn28hpcplusbwp12t30p140lvtssg0p81v125c
                                  1.008000       3      3.024000  
INVD0BWP12T30P140LVT
                   tcbn28hpcplusbwp12t30p140lvtssg0p81v125c
                                  0.336000    1338    449.567994  
INVD1BWP12T30P140LVT
                   tcbn28hpcplusbwp12t30p140lvtssg0p81v125c
                                  0.336000      20      6.720000  
INVD1P25BWP12T30P140LVT
                   tcbn28hpcplusbwp12t30p140lvtssg0p81v125c
                                  0.504000       1      0.504000  
INVD2BWP12T30P140LVT
                   tcbn28hpcplusbwp12t30p140lvtssg0p81v125c
                                  0.504000       7      3.528000  
IOA21D0BWP12T30P140LVT
                   tcbn28hpcplusbwp12t30p140lvtssg0p81v125c
                                  0.840000      19     15.960000  
IOA21D1BWP12T30P140LVT
                   tcbn28hpcplusbwp12t30p140lvtssg0p81v125c
                                  0.840000      11      9.240000  
MAOI22D0BWP12T30P140LVT
                   tcbn28hpcplusbwp12t30p140lvtssg0p81v125c
                                  1.008000      16     16.128000  
MOAI22D0BWP12T30P140LVT
                   tcbn28hpcplusbwp12t30p140lvtssg0p81v125c
                                  1.008000      15     15.120000  
MOAI22D1BWP12T30P140LVT
                   tcbn28hpcplusbwp12t30p140lvtssg0p81v125c
                                  1.008000       2      2.016000  
MUX2D1BWP12T30P140LVT
                   tcbn28hpcplusbwp12t30p140lvtssg0p81v125c
                                  1.344000       1      1.344000  
MUX2ND0BWP12T30P140LVT
                   tcbn28hpcplusbwp12t30p140lvtssg0p81v125c
                                  1.008000    1867   1881.936030  
ND2D0BWP12T30P140LVT
                   tcbn28hpcplusbwp12t30p140lvtssg0p81v125c
                                  0.504000     680    342.720006  
ND2D1BWP12T30P140LVT
                   tcbn28hpcplusbwp12t30p140lvtssg0p81v125c
                                  0.504000      29     14.616000  
ND2D2BWP12T30P140LVT
                   tcbn28hpcplusbwp12t30p140lvtssg0p81v125c
                                  0.840000       3      2.520000  
ND3D1BWP12T30P140LVT
                   tcbn28hpcplusbwp12t30p140lvtssg0p81v125c
                                  0.672000      58     38.975999  
ND3OPTPAD2BWP12T30P140LVT
                   tcbn28hpcplusbwp12t30p140lvtssg0p81v125c
                                  2.016000       1      2.016000  
ND4D1BWP12T30P140LVT
                   tcbn28hpcplusbwp12t30p140lvtssg0p81v125c
                                  0.840000      28     23.519999  
NR2D0BWP12T30P140LVT
                   tcbn28hpcplusbwp12t30p140lvtssg0p81v125c
                                  0.504000     373    187.992003  
NR2D1BWP12T30P140LVT
                   tcbn28hpcplusbwp12t30p140lvtssg0p81v125c
                                  0.504000      14      7.056000  
NR2OPTPAD1BWP12T30P140LVT
                   tcbn28hpcplusbwp12t30p140lvtssg0p81v125c
                                  0.672000       1      0.672000  
NR2OPTPAD2BWP12T30P140LVT
                   tcbn28hpcplusbwp12t30p140lvtssg0p81v125c
                                  1.176000       1      1.176000  
NR3D0BWP12T30P140LVT
                   tcbn28hpcplusbwp12t30p140lvtssg0p81v125c
                                  0.672000      99     66.527999  
NR3D1BWP12T30P140LVT
                   tcbn28hpcplusbwp12t30p140lvtssg0p81v125c
                                  1.176000       4      4.704000  
NR4D0BWP12T30P140LVT
                   tcbn28hpcplusbwp12t30p140lvtssg0p81v125c
                                  0.840000      38     31.919999  
NR4D2BWP12T30P140LVT
                   tcbn28hpcplusbwp12t30p140lvtssg0p81v125c
                                  3.024000       1      3.024000  
OA21D0BWP12T30P140LVT
                   tcbn28hpcplusbwp12t30p140lvtssg0p81v125c
                                  0.840000      15     12.600000  
OA31D0BWP12T30P140LVT
                   tcbn28hpcplusbwp12t30p140lvtssg0p81v125c
                                  1.008000       3      3.024000  
OA211D0BWP12T30P140LVT
                   tcbn28hpcplusbwp12t30p140lvtssg0p81v125c
                                  1.008000     127    128.016002  
OAI21D0BWP12T30P140LVT
                   tcbn28hpcplusbwp12t30p140lvtssg0p81v125c
                                  0.672000     227    152.543998  
OAI21D1BWP12T30P140LVT
                   tcbn28hpcplusbwp12t30p140lvtssg0p81v125c
                                  0.672000       4      2.688000  
OAI21OPTREPBD1BWP12T30P140LVT
                   tcbn28hpcplusbwp12t30p140lvtssg0p81v125c
                                  1.008000       1      1.008000  
OAI22D0BWP12T30P140LVT
                   tcbn28hpcplusbwp12t30p140lvtssg0p81v125c
                                  0.840000    1123    943.319971  
OAI22D1BWP12T30P140LVT
                   tcbn28hpcplusbwp12t30p140lvtssg0p81v125c
                                  0.840000       1      0.840000  
OAI31D0BWP12T30P140LVT
                   tcbn28hpcplusbwp12t30p140lvtssg0p81v125c
                                  0.840000     156    131.039996  
OAI31D1BWP12T30P140LVT
                   tcbn28hpcplusbwp12t30p140lvtssg0p81v125c
                                  0.840000       1      0.840000  
OAI211D0BWP12T30P140LVT
                   tcbn28hpcplusbwp12t30p140lvtssg0p81v125c
                                  0.840000      26     21.839999  
OAI211OPTREPBD1BWP12T30P140LVT
                   tcbn28hpcplusbwp12t30p140lvtssg0p81v125c
                                  1.512000       1      1.512000  
OAI222D0BWP12T30P140LVT
                   tcbn28hpcplusbwp12t30p140lvtssg0p81v125c
                                  1.344000       1      1.344000  
OR2D1BWP12T30P140LVT
                   tcbn28hpcplusbwp12t30p140lvtssg0p81v125c
                                  0.672000      51     34.272000  
OR2D2BWP12T30P140LVT
                   tcbn28hpcplusbwp12t30p140lvtssg0p81v125c
                                  0.840000       2      1.680000  
OR3D1BWP12T30P140LVT
                   tcbn28hpcplusbwp12t30p140lvtssg0p81v125c
                                  0.840000       2      1.680000  
OR4D1BWP12T30P140LVT
                   tcbn28hpcplusbwp12t30p140lvtssg0p81v125c
                                  1.008000       3      3.024000  
XNR2D0BWP12T30P140LVT
                   tcbn28hpcplusbwp12t30p140lvtssg0p81v125c
                                  1.344000      66     88.703999  
XNR2D1BWP12T30P140LVT
                   tcbn28hpcplusbwp12t30p140lvtssg0p81v125c
                                  1.344000       1      1.344000  
XNR3D0BWP12T30P140LVT
                   tcbn28hpcplusbwp12t30p140lvtssg0p81v125c
                                  2.520000       2      5.040000  
XNR3D1BWP12T30P140LVT
                   tcbn28hpcplusbwp12t30p140lvtssg0p81v125c
                                  2.520000       1      2.520000  
XOR2D1BWP12T30P140LVT
                   tcbn28hpcplusbwp12t30p140lvtssg0p81v125c
                                  1.344000       1      1.344000  
XOR2OPTND2BWP12T30P140LVT
                   tcbn28hpcplusbwp12t30p140lvtssg0p81v125c
                                  2.184000       1      2.184000  
XOR3D0BWP12T30P140LVT
                   tcbn28hpcplusbwp12t30p140lvtssg0p81v125c
                                  2.520000       1      2.520000  
XOR3D1BWP12T30P140LVT
                   tcbn28hpcplusbwp12t30p140lvtssg0p81v125c
                                  2.520000       5     12.600000  
weightMemory_64x256               0.000000       1      0.000000  b
-----------------------------------------------------------------------------
Total 97 references                                 18836.999858

****************************************
Design: StreamingSoftmax 
****************************************
Reference          Library       Unit Area   Count    Total Area   Attributes
-----------------------------------------------------------------------------
AN2D0BWP12T30P140LVT
                   tcbn28hpcplusbwp12t30p140lvtssg0p81v125c
                                  0.672000     526    353.471995  
AN2D1BWP12T30P140LVT
                   tcbn28hpcplusbwp12t30p140lvtssg0p81v125c
                                  0.672000       8      5.376000  
AN2D2BWP12T30P140LVT
                   tcbn28hpcplusbwp12t30p140lvtssg0p81v125c
                                  0.840000       3      2.520000  
AN3D0BWP12T30P140LVT
                   tcbn28hpcplusbwp12t30p140lvtssg0p81v125c
                                  0.840000      66     55.439998  
AN4D0BWP12T30P140LVT
                   tcbn28hpcplusbwp12t30p140lvtssg0p81v125c
                                  1.008000       9      9.072000  
AO21D0BWP12T30P140LVT
                   tcbn28hpcplusbwp12t30p140lvtssg0p81v125c
                                  0.840000     165    138.599996  
AO21D1BWP12T30P140LVT
                   tcbn28hpcplusbwp12t30p140lvtssg0p81v125c
                                  0.840000       2      1.680000  
AO21D2BWP12T30P140LVT
                   tcbn28hpcplusbwp12t30p140lvtssg0p81v125c
                                  1.008000       1      1.008000  
AO22D0BWP12T30P140LVT
                   tcbn28hpcplusbwp12t30p140lvtssg0p81v125c
                                  1.008000     254    256.032004  
AO31D0BWP12T30P140LVT
                   tcbn28hpcplusbwp12t30p140lvtssg0p81v125c
                                  1.008000      15     15.120000  
AO211D1BWP12T30P140LVT
                   tcbn28hpcplusbwp12t30p140lvtssg0p81v125c
                                  1.008000      21     21.168000  
AO221D1BWP12T30P140LVT
                   tcbn28hpcplusbwp12t30p140lvtssg0p81v125c
                                  1.344000       2      2.688000  
AO222D0BWP12T30P140LVT
                   tcbn28hpcplusbwp12t30p140lvtssg0p81v125c
                                  1.512000      25     37.799999  
AOI21D1BWP12T30P140LVT
                   tcbn28hpcplusbwp12t30p140lvtssg0p81v125c
                                  0.672000    2300   1545.599979  
AOI21D2BWP12T30P140LVT
                   tcbn28hpcplusbwp12t30p140lvtssg0p81v125c
                                  1.176000       1      1.176000  
AOI21D8BWP12T30P140LVT
                   tcbn28hpcplusbwp12t30p140lvtssg0p81v125c
                                  2.688000       3      8.064000  
AOI21OPTPBD1BWP12T30P140LVT
                   tcbn28hpcplusbwp12t30p140lvtssg0p81v125c
                                  1.008000       7      7.056000  
AOI21OPTPBD2BWP12T30P140LVT
                   tcbn28hpcplusbwp12t30p140lvtssg0p81v125c
                                  1.848000       2      3.696000  
AOI22D1BWP12T30P140LVT
                   tcbn28hpcplusbwp12t30p140lvtssg0p81v125c
                                  0.840000    1642   1379.279957  
AOI31D1BWP12T30P140LVT
                   tcbn28hpcplusbwp12t30p140lvtssg0p81v125c
                                  0.840000     139    116.759996  
AOI32D0BWP12T30P140LVT
                   tcbn28hpcplusbwp12t30p140lvtssg0p81v125c
                                  1.008000      18     18.144000  
AOI32D1BWP12T30P140LVT
                   tcbn28hpcplusbwp12t30p140lvtssg0p81v125c
                                  1.008000      13     13.104000  
AOI33D0BWP12T30P140LVT
                   tcbn28hpcplusbwp12t30p140lvtssg0p81v125c
                                  1.176000       1      1.176000  
AOI211D1BWP12T30P140LVT
                   tcbn28hpcplusbwp12t30p140lvtssg0p81v125c
                                  0.840000     676    567.839982  
AOI211OPTREPBD1BWP12T30P140LVT
                   tcbn28hpcplusbwp12t30p140lvtssg0p81v125c
                                  1.512000       4      6.048000  
AOI221D0BWP12T30P140LVT
                   tcbn28hpcplusbwp12t30p140lvtssg0p81v125c
                                  1.008000      61     61.488001  
AOI221D1BWP12T30P140LVT
                   tcbn28hpcplusbwp12t30p140lvtssg0p81v125c
                                  1.008000      33     33.264001  
AOI222D1BWP12T30P140LVT
                   tcbn28hpcplusbwp12t30p140lvtssg0p81v125c
                                  1.344000      80    107.519999  
BUFFD0BWP12T30P140LVT
                   tcbn28hpcplusbwp12t30p140lvtssg0p81v125c
                                  0.504000       4      2.016000  
BUFFD1BWP12T30P140LVT
                   tcbn28hpcplusbwp12t30p140lvtssg0p81v125c
                                  0.504000       1      0.504000  
BUFFD2BWP12T30P140LVT
                   tcbn28hpcplusbwp12t30p140lvtssg0p81v125c
                                  0.672000       3      2.016000  
BUFFD3BWP12T30P140LVT
                   tcbn28hpcplusbwp12t30p140lvtssg0p81v125c
                                  0.840000       2      1.680000  
BUFFD4BWP12T30P140LVT
                   tcbn28hpcplusbwp12t30p140lvtssg0p81v125c
                                  1.176000       2      2.352000  
BUFFD6BWP12T30P140LVT
                   tcbn28hpcplusbwp12t30p140lvtssg0p81v125c
                                  1.512000       4      6.048000  
BUFFXD6BWP12T30P140LVT
                   tcbn28hpcplusbwp12t30p140lvtssg0p81v125c
                                  1.680000       1      1.680000  
BUFFXD8BWP12T30P140LVT
                   tcbn28hpcplusbwp12t30p140lvtssg0p81v125c
                                  2.184000       1      2.184000  
CKMUX2D0BWP12T30P140LVT
                   tcbn28hpcplusbwp12t30p140lvtssg0p81v125c
                                  1.176000     355    417.480000  
CKND2D1BWP12T30P140LVT
                   tcbn28hpcplusbwp12t30p140lvtssg0p81v125c
                                  0.504000      19      9.576000  
CKND2D2BWP12T30P140LVT
                   tcbn28hpcplusbwp12t30p140lvtssg0p81v125c
                                  0.840000      12     10.080000  
CKND2D3BWP12T30P140LVT
                   tcbn28hpcplusbwp12t30p140lvtssg0p81v125c
                                  1.176000      12     14.112000  
CKND2D4BWP12T30P140LVT
                   tcbn28hpcplusbwp12t30p140lvtssg0p81v125c
                                  1.512000       1      1.512000  
CKND6BWP12T30P140LVT
                   tcbn28hpcplusbwp12t30p140lvtssg0p81v125c
                                  1.176000       1      1.176000  
CKXOR2D0BWP12T30P140LVT
                   tcbn28hpcplusbwp12t30p140lvtssg0p81v125c
                                  1.344000     614    825.215989  
CKXOR2D1BWP12T30P140LVT
                   tcbn28hpcplusbwp12t30p140lvtssg0p81v125c
                                  1.344000       6      8.064000  
DFD1BWP12T30P140LVT
                   tcbn28hpcplusbwp12t30p140lvtssg0p81v125c
                                  2.688000      14     37.631999  n
DFD2BWP12T30P140LVT
                   tcbn28hpcplusbwp12t30p140lvtssg0p81v125c
                                  3.024000       1      3.024000  n
DFQD1BWP12T30P140LVT
                   tcbn28hpcplusbwp12t30p140lvtssg0p81v125c
                                  2.520000     990   2494.799981  n
DFQD2BWP12T30P140LVT
                   tcbn28hpcplusbwp12t30p140lvtssg0p81v125c
                                  2.520000      36     90.719999  n
DFQD4BWP12T30P140LVT
                   tcbn28hpcplusbwp12t30p140lvtssg0p81v125c
                                  3.024000       4     12.096000  n
DFQOPTMAD8BWP12T30P140LVT
                   tcbn28hpcplusbwp12t30p140lvtssg0p81v125c
                                  8.064000       3     24.192000  n
FA1D0BWP12T30P140LVT
                   tcbn28hpcplusbwp12t30p140lvtssg0p81v125c
                                  2.856000    2323   6634.487876  r
FA1D1BWP12T30P140LVT
                   tcbn28hpcplusbwp12t30p140lvtssg0p81v125c
                                  2.856000     330    942.479982  r
FA1D2BWP12T30P140LVT
                   tcbn28hpcplusbwp12t30p140lvtssg0p81v125c
                                  3.192000       1      3.192000  r
FA1OPTCD1BWP12T30P140LVT
                   tcbn28hpcplusbwp12t30p140lvtssg0p81v125c
                                  3.360000     143    480.479985  r
FA1OPTCD2BWP12T30P140LVT
                   tcbn28hpcplusbwp12t30p140lvtssg0p81v125c
                                  4.032000     101    407.232007  r
HA1D0BWP12T30P140LVT
                   tcbn28hpcplusbwp12t30p140lvtssg0p81v125c
                                  2.184000       1      2.184000  r
HA1D1BWP12T30P140LVT
                   tcbn28hpcplusbwp12t30p140lvtssg0p81v125c
                                  2.184000      30     65.520000  r
HA1D2BWP12T30P140LVT
                   tcbn28hpcplusbwp12t30p140lvtssg0p81v125c
                                  2.520000       1      2.520000  r
HA1D4BWP12T30P140LVT
                   tcbn28hpcplusbwp12t30p140lvtssg0p81v125c
                                  3.864000       1      3.864000  r
IAO21D1BWP12T30P140LVT
                   tcbn28hpcplusbwp12t30p140lvtssg0p81v125c
                                  0.840000     108     90.719997  
IIND4D1BWP12T30P140LVT
                   tcbn28hpcplusbwp12t30p140lvtssg0p81v125c
                                  1.344000      16     21.504000  
IINR4D0BWP12T30P140LVT
                   tcbn28hpcplusbwp12t30p140lvtssg0p81v125c
                                  1.344000      16     21.504000  
IND2D1BWP12T30P140LVT
                   tcbn28hpcplusbwp12t30p140lvtssg0p81v125c
                                  0.672000     225    151.199998  
IND2D2BWP12T30P140LVT
                   tcbn28hpcplusbwp12t30p140lvtssg0p81v125c
                                  1.008000       1      1.008000  
IND3D1BWP12T30P140LVT
                   tcbn28hpcplusbwp12t30p140lvtssg0p81v125c
                                  0.840000      30     25.199999  
IND3D2BWP12T30P140LVT
                   tcbn28hpcplusbwp12t30p140lvtssg0p81v125c
                                  1.512000       1      1.512000  
IND3D4BWP12T30P140LVT
                   tcbn28hpcplusbwp12t30p140lvtssg0p81v125c
                                  2.688000       1      2.688000  
IND4D1BWP12T30P140LVT
                   tcbn28hpcplusbwp12t30p140lvtssg0p81v125c
                                  1.008000      19     19.152000  
INR2D1BWP12T30P140LVT
                   tcbn28hpcplusbwp12t30p140lvtssg0p81v125c
                                  0.672000    1089    731.807990  
INR2D2BWP12T30P140LVT
                   tcbn28hpcplusbwp12t30p140lvtssg0p81v125c
                                  1.008000      29     29.232000  
INR2D4BWP12T30P140LVT
                   tcbn28hpcplusbwp12t30p140lvtssg0p81v125c
                                  1.848000       9     16.632000  
INR3D1BWP12T30P140LVT
                   tcbn28hpcplusbwp12t30p140lvtssg0p81v125c
                                  0.840000      39     32.759999  
INR4D0BWP12T30P140LVT
                   tcbn28hpcplusbwp12t30p140lvtssg0p81v125c
                                  1.008000      13     13.104000  
INR4D2BWP12T30P140LVT
                   tcbn28hpcplusbwp12t30p140lvtssg0p81v125c
                                  3.360000       1      3.360000  
INVD0BWP12T30P140LVT
                   tcbn28hpcplusbwp12t30p140lvtssg0p81v125c
                                  0.336000    4716   1584.575979  
INVD1BWP12T30P140LVT
                   tcbn28hpcplusbwp12t30p140lvtssg0p81v125c
                                  0.336000      96     32.256000  
INVD2BWP12T30P140LVT
                   tcbn28hpcplusbwp12t30p140lvtssg0p81v125c
                                  0.504000       7      3.528000  
INVD3BWP12T30P140LVT
                   tcbn28hpcplusbwp12t30p140lvtssg0p81v125c
                                  0.672000       4      2.688000  
INVD4BWP12T30P140LVT
                   tcbn28hpcplusbwp12t30p140lvtssg0p81v125c
                                  0.840000       2      1.680000  
INVD6BWP12T30P140LVT
                   tcbn28hpcplusbwp12t30p140lvtssg0p81v125c
                                  1.176000       1      1.176000  
IOA21D0BWP12T30P140LVT
                   tcbn28hpcplusbwp12t30p140lvtssg0p81v125c
                                  0.840000      62     52.079998  
IOA21D1BWP12T30P140LVT
                   tcbn28hpcplusbwp12t30p140lvtssg0p81v125c
                                  0.840000       9      7.560000  
IOA21D2BWP12T30P140LVT
                   tcbn28hpcplusbwp12t30p140lvtssg0p81v125c
                                  1.176000       2      2.352000  
MAOI22D0BWP12T30P140LVT
                   tcbn28hpcplusbwp12t30p140lvtssg0p81v125c
                                  1.008000      58     58.464001  
MAOI22D1BWP12T30P140LVT
                   tcbn28hpcplusbwp12t30p140lvtssg0p81v125c
                                  1.008000      16     16.128000  
MAOI222D0BWP12T30P140LVT
                   tcbn28hpcplusbwp12t30p140lvtssg0p81v125c
                                  1.008000     442    445.536007  
MAOI222D1BWP12T30P140LVT
                   tcbn28hpcplusbwp12t30p140lvtssg0p81v125c
                                  1.008000      14     14.112000  
MOAI22D0BWP12T30P140LVT
                   tcbn28hpcplusbwp12t30p140lvtssg0p81v125c
                                  1.008000     371    373.968006  
MOAI22D1BWP12T30P140LVT
                   tcbn28hpcplusbwp12t30p140lvtssg0p81v125c
                                  1.008000       3      3.024000  
MUX2ND0BWP12T30P140LVT
                   tcbn28hpcplusbwp12t30p140lvtssg0p81v125c
                                  1.008000     955    962.640015  
ND2D0BWP12T30P140LVT
                   tcbn28hpcplusbwp12t30p140lvtssg0p81v125c
                                  0.504000    3139   1582.056025  
ND2D1BWP12T30P140LVT
                   tcbn28hpcplusbwp12t30p140lvtssg0p81v125c
                                  0.504000      58     29.232000  
ND2D2BWP12T30P140LVT
                   tcbn28hpcplusbwp12t30p140lvtssg0p81v125c
                                  0.840000      16     13.440000  
ND2D3BWP12T30P140LVT
                   tcbn28hpcplusbwp12t30p140lvtssg0p81v125c
                                  1.176000       2      2.352000  
ND2OPTD6BWP12T30P140LVT
                   tcbn28hpcplusbwp12t30p140lvtssg0p81v125c
                                  2.184000       1      2.184000  
ND2OPTPAD1BWP12T30P140LVT
                   tcbn28hpcplusbwp12t30p140lvtssg0p81v125c
                                  0.840000       7      5.880000  
ND2OPTPAD2BWP12T30P140LVT
                   tcbn28hpcplusbwp12t30p140lvtssg0p81v125c
                                  1.512000       1      1.512000  
ND3D1BWP12T30P140LVT
                   tcbn28hpcplusbwp12t30p140lvtssg0p81v125c
                                  0.672000     293    196.895997  
ND3D2BWP12T30P140LVT
                   tcbn28hpcplusbwp12t30p140lvtssg0p81v125c
                                  1.176000       1      1.176000  
ND3OPTPAD2BWP12T30P140LVT
                   tcbn28hpcplusbwp12t30p140lvtssg0p81v125c
                                  2.016000       3      6.048000  
ND4D1BWP12T30P140LVT
                   tcbn28hpcplusbwp12t30p140lvtssg0p81v125c
                                  0.840000     121    101.639997  
NR2D0BWP12T30P140LVT
                   tcbn28hpcplusbwp12t30p140lvtssg0p81v125c
                                  0.504000    2208   1112.832018  
NR2D1BWP12T30P140LVT
                   tcbn28hpcplusbwp12t30p140lvtssg0p81v125c
                                  0.504000      66     33.264001  
NR2D2BWP12T30P140LVT
                   tcbn28hpcplusbwp12t30p140lvtssg0p81v125c
                                  0.840000       6      5.040000  
NR2OPTPAD1BWP12T30P140LVT
                   tcbn28hpcplusbwp12t30p140lvtssg0p81v125c
                                  0.672000       9      6.048000  
NR2OPTPAD2BWP12T30P140LVT
                   tcbn28hpcplusbwp12t30p140lvtssg0p81v125c
                                  1.176000       3      3.528000  
NR3D0BWP12T30P140LVT
                   tcbn28hpcplusbwp12t30p140lvtssg0p81v125c
                                  0.672000     241    161.951998  
NR3D1BWP12T30P140LVT
                   tcbn28hpcplusbwp12t30p140lvtssg0p81v125c
                                  1.176000       3      3.528000  
NR4D0BWP12T30P140LVT
                   tcbn28hpcplusbwp12t30p140lvtssg0p81v125c
                                  0.840000     213    178.919994  
OA21D0BWP12T30P140LVT
                   tcbn28hpcplusbwp12t30p140lvtssg0p81v125c
                                  0.840000     184    154.559995  
OA22D1BWP12T30P140LVT
                   tcbn28hpcplusbwp12t30p140lvtssg0p81v125c
                                  1.176000       4      4.704000  
OA31D0BWP12T30P140LVT
                   tcbn28hpcplusbwp12t30p140lvtssg0p81v125c
                                  1.008000      11     11.088000  
OA211D0BWP12T30P140LVT
                   tcbn28hpcplusbwp12t30p140lvtssg0p81v125c
                                  1.008000      49     49.392001  
OA222D0BWP12T30P140LVT
                   tcbn28hpcplusbwp12t30p140lvtssg0p81v125c
                                  1.512000       3      4.536000  
OAI21D0BWP12T30P140LVT
                   tcbn28hpcplusbwp12t30p140lvtssg0p81v125c
                                  0.672000    3218   2162.495971  
OAI21D1BWP12T30P140LVT
                   tcbn28hpcplusbwp12t30p140lvtssg0p81v125c
                                  0.672000      41     27.552000  
OAI21OPTPBD1BWP12T30P140LVT
                   tcbn28hpcplusbwp12t30p140lvtssg0p81v125c
                                  1.008000       4      4.032000  
OAI21OPTREPBD1BWP12T30P140LVT
                   tcbn28hpcplusbwp12t30p140lvtssg0p81v125c
                                  1.008000       2      2.016000  
OAI21OPTREPBD2BWP12T30P140LVT
                   tcbn28hpcplusbwp12t30p140lvtssg0p81v125c
                                  1.848000       2      3.696000  
OAI22D0BWP12T30P140LVT
                   tcbn28hpcplusbwp12t30p140lvtssg0p81v125c
                                  0.840000    2764   2321.759928  
OAI22D1BWP12T30P140LVT
                   tcbn28hpcplusbwp12t30p140lvtssg0p81v125c
                                  0.840000      14     11.760000  
OAI31D0BWP12T30P140LVT
                   tcbn28hpcplusbwp12t30p140lvtssg0p81v125c
                                  0.840000    1079    906.359972  
OAI31D1BWP12T30P140LVT
                   tcbn28hpcplusbwp12t30p140lvtssg0p81v125c
                                  0.840000      11      9.240000  
OAI32D0BWP12T30P140LVT
                   tcbn28hpcplusbwp12t30p140lvtssg0p81v125c
                                  1.008000       1      1.008000  
OAI33D0BWP12T30P140LVT
                   tcbn28hpcplusbwp12t30p140lvtssg0p81v125c
                                  1.176000       4      4.704000  
OAI33D1BWP12T30P140LVT
                   tcbn28hpcplusbwp12t30p140lvtssg0p81v125c
                                  1.176000       2      2.352000  
OAI211D0BWP12T30P140LVT
                   tcbn28hpcplusbwp12t30p140lvtssg0p81v125c
                                  0.840000     508    426.719987  
OAI211D1BWP12T30P140LVT
                   tcbn28hpcplusbwp12t30p140lvtssg0p81v125c
                                  0.840000      13     10.920000  
OAI211OPTREPBD1BWP12T30P140LVT
                   tcbn28hpcplusbwp12t30p140lvtssg0p81v125c
                                  1.512000       1      1.512000  
OAI221D0BWP12T30P140LVT
                   tcbn28hpcplusbwp12t30p140lvtssg0p81v125c
                                  1.176000       1      1.176000  
OAI222D0BWP12T30P140LVT
                   tcbn28hpcplusbwp12t30p140lvtssg0p81v125c
                                  1.344000     679    912.575988  
OR2D1BWP12T30P140LVT
                   tcbn28hpcplusbwp12t30p140lvtssg0p81v125c
                                  0.672000     481    323.231996  
OR2D2BWP12T30P140LVT
                   tcbn28hpcplusbwp12t30p140lvtssg0p81v125c
                                  0.840000       8      6.720000  
OR2D4BWP12T30P140LVT
                   tcbn28hpcplusbwp12t30p140lvtssg0p81v125c
                                  1.512000       5      7.560000  
OR3D1BWP12T30P140LVT
                   tcbn28hpcplusbwp12t30p140lvtssg0p81v125c
                                  0.840000      13     10.920000  
OR4D1BWP12T30P140LVT
                   tcbn28hpcplusbwp12t30p140lvtssg0p81v125c
                                  1.008000      13     13.104000  
XNR2D0BWP12T30P140LVT
                   tcbn28hpcplusbwp12t30p140lvtssg0p81v125c
                                  1.344000     249    334.655995  
XNR2D1BWP12T30P140LVT
                   tcbn28hpcplusbwp12t30p140lvtssg0p81v125c
                                  1.344000       3      4.032000  
XNR2D2BWP12T30P140LVT
                   tcbn28hpcplusbwp12t30p140lvtssg0p81v125c
                                  1.512000       2      3.024000  
XNR3D0BWP12T30P140LVT
                   tcbn28hpcplusbwp12t30p140lvtssg0p81v125c
                                  2.520000     142    357.839997  
XNR3D1BWP12T30P140LVT
                   tcbn28hpcplusbwp12t30p140lvtssg0p81v125c
                                  2.520000       1      2.520000  
XOR2D1BWP12T30P140LVT
                   tcbn28hpcplusbwp12t30p140lvtssg0p81v125c
                                  1.344000      11     14.784000  
XOR2D2BWP12T30P140LVT
                   tcbn28hpcplusbwp12t30p140lvtssg0p81v125c
                                  1.512000       1      1.512000  
XOR3D0BWP12T30P140LVT
                   tcbn28hpcplusbwp12t30p140lvtssg0p81v125c
                                  2.520000      86    216.719998  
XOR3D1BWP12T30P140LVT
                   tcbn28hpcplusbwp12t30p140lvtssg0p81v125c
                                  2.520000       1      2.520000  
exponentMemory_64x277             0.000000       1      0.000000  b
logitMemory_64x709                0.000000       1      0.000000  b
-----------------------------------------------------------------------------
Total 147 references                                33784.295572
1
