 
****************************************
Report : timing
        -path full
        -delay max
        -nets
        -max_paths 20
        -transition_time
Design : BriskKvAttentionTop
Version: O-2018.06-SP1
Date   : Tue Aug 11 22:30:21 2026
****************************************

 # A fanout number of 1000 was used for high fanout net computations.

Operating Conditions: ssg0p81v125c   Library: tcbn28hpcplusbwp12t30p140lvtssg0p81v125c
Wire Load Model Mode: segmented

  Startpoint: softmaxV/vBuffer/featureDimReg_reg[3]
              (rising edge-triggered flip-flop clocked by clk)
  Endpoint: softmaxV/vBuffer/errorReg_reg
            (rising edge-triggered flip-flop clocked by clk)
  Path Group: clk
  Path Type: max

  Des/Clust/Port     Wire Load Model       Library
  ------------------------------------------------
  AttentionFeaturePacketizer_0
                     ZeroWireload          tcbn28hpcplusbwp12t30p140lvtssg0p81v125c
  PackDescriptorDecoder_1
                     ZeroWireload          tcbn28hpcplusbwp12t30p140lvtssg0p81v125c
  PackDescriptorDecoder
                     ZeroWireload          tcbn28hpcplusbwp12t30p140lvtssg0p81v125c
  BufferedPackMetadataDequantizer_1
                     ZeroWireload          tcbn28hpcplusbwp12t30p140lvtssg0p81v125c
  DynamicBitUnpacker_1
                     ZeroWireload          tcbn28hpcplusbwp12t30p140lvtssg0p81v125c
  BufferedPackMetadataDequantizer
                     ZeroWireload          tcbn28hpcplusbwp12t30p140lvtssg0p81v125c
  DynamicBitUnpacker ZeroWireload          tcbn28hpcplusbwp12t30p140lvtssg0p81v125c
  KvStreamDequantizer_1
                     ZeroWireload          tcbn28hpcplusbwp12t30p140lvtssg0p81v125c
  KvStreamDequantizer
                     ZeroWireload          tcbn28hpcplusbwp12t30p140lvtssg0p81v125c
  DecompressionPipelineController_1
                     ZeroWireload          tcbn28hpcplusbwp12t30p140lvtssg0p81v125c
  DecompressionPipelineController
                     ZeroWireload          tcbn28hpcplusbwp12t30p140lvtssg0p81v125c
  QkDotProductAccumulator
                     ZeroWireload          tcbn28hpcplusbwp12t30p140lvtssg0p81v125c
  QueryReplayBuffer  ZeroWireload          tcbn28hpcplusbwp12t30p140lvtssg0p81v125c
  AttentionFeaturePacketizer_1
                     ZeroWireload          tcbn28hpcplusbwp12t30p140lvtssg0p81v125c
  DualKvDecompressionController
                     ZeroWireload          tcbn28hpcplusbwp12t30p140lvtssg0p81v125c
  SoftmaxVAccumulator
                     ZeroWireload          tcbn28hpcplusbwp12t30p140lvtssg0p81v125c
  StreamingSoftmax   ZeroWireload          tcbn28hpcplusbwp12t30p140lvtssg0p81v125c
  AttentionScaleUnit ZeroWireload          tcbn28hpcplusbwp12t30p140lvtssg0p81v125c
  AvOutputQuantizer  ZeroWireload          tcbn28hpcplusbwp12t30p140lvtssg0p81v125c
  BriskKvAttentionTop
                     ZeroWireload          tcbn28hpcplusbwp12t30p140lvtssg0p81v125c

  Point                                       Fanout     Trans      Incr       Path
  ------------------------------------------------------------------------------------
  clock clk (rise edge)                                             0.00       0.00
  clock network delay (ideal)                                       0.00       0.00
  softmaxV/vBuffer/featureDimReg_reg[3]/CP (DFQOPTMAD8BWP12T30P140LVT)
                                                          0.00      0.00 #     0.00 r
  softmaxV/vBuffer/featureDimReg_reg[3]/Q (DFQOPTMAD8BWP12T30P140LVT)
                                                          0.01      0.02       0.02 f
  softmaxV/vBuffer/featureDimReg[3] (net)       9                   0.00       0.02 f
  U3793/ZN (INVD4BWP12T30P140LVT)                         0.01      0.01       0.03 r
  n2975 (net)                                   5                   0.00       0.03 r
  U4103/ZN (CKND6BWP12T30P140LVT)                         0.01      0.01       0.04 f
  n12743 (net)                                 19                   0.00       0.04 f
  U2996/ZN (INVD1BWP12T30P140LVT)                         0.01      0.01       0.04 r
  n164 (net)                                    2                   0.00       0.04 r
  U4411/ZN (INR2D2BWP12T30P140LVT)                        0.01      0.01       0.05 f
  n5939 (net)                                   3                   0.00       0.05 f
  U6870/ZN (NR2D1BWP12T30P140LVT)                         0.01      0.01       0.06 r
  n1931 (net)                                   1                   0.00       0.06 r
  U5394/ZN (ND3D1BWP12T30P140LVT)                         0.02      0.01       0.07 f
  n1930 (net)                                   1                   0.00       0.07 f
  U6869/ZN (AOI21D1BWP12T30P140LVT)                       0.01      0.02       0.09 r
  n1929 (net)                                   1                   0.00       0.09 r
  U6868/ZN (ND2D1BWP12T30P140LVT)                         0.01      0.01       0.10 f
  n1927 (net)                                   1                   0.00       0.10 f
  U6867/ZN (ND2OPTPAD2BWP12T30P140LVT)                    0.01      0.01       0.11 r
  n2367 (net)                                   1                   0.00       0.11 r
  U3596/ZN (ND3OPTPAD2BWP12T30P140LVT)                    0.02      0.01       0.12 f
  n1173 (net)                                   3                   0.00       0.12 f
  U4409/ZN (AOI21D1BWP12T30P140LVT)                       0.02      0.01       0.13 r
  n2965 (net)                                   1                   0.00       0.13 r
  U5406/ZN (OAI21D1BWP12T30P140LVT)                       0.02      0.01       0.15 f
  n1829 (net)                                   1                   0.00       0.15 f
  U4322/ZN (INVD1BWP12T30P140LVT)                         0.01      0.01       0.16 r
  n1107 (net)                                   1                   0.00       0.16 r
  U4227/ZN (INR2D4BWP12T30P140LVT)                        0.01      0.01       0.17 f
  n2980 (net)                                   3                   0.00       0.17 f
  U4321/ZN (ND2OPTFAD4BWP12T30P140LVT)                    0.01      0.01       0.18 r
  n3083 (net)                                   3                   0.00       0.18 r
  U4320/ZN (ND2OPTFAD4BWP12T30P140LVT)                    0.01      0.01       0.18 f
  n3080 (net)                                   3                   0.00       0.18 f
  U4240/ZN (ND2D3BWP12T30P140LVT)                         0.01      0.01       0.19 r
  n1625 (net)                                   7                   0.00       0.19 r
  U7193/ZN (INR2D2BWP12T30P140LVT)                        0.01      0.02       0.21 r
  n3108 (net)                                   2                   0.00       0.21 r
  U6747/ZN (CKND2D1BWP12T30P140LVT)                       0.01      0.01       0.21 f
  n1722 (net)                                   1                   0.00       0.21 f
  U395/ZN (INVD0BWP12T30P140LVT)                          0.01      0.01       0.22 r
  n1721 (net)                                   1                   0.00       0.22 r
  U326/ZN (ND2D1BWP12T30P140LVT)                          0.02      0.01       0.24 f
  n1719 (net)                                   2                   0.00       0.24 f
  U4454/ZN (ND2OPTPAD1BWP12T30P140LVT)                    0.01      0.01       0.25 r
  n3107 (net)                                   2                   0.00       0.25 r
  U322/ZN (ND2D1BWP12T30P140LVT)                          0.02      0.01       0.26 f
  n3251 (net)                                   2                   0.00       0.26 f
  U3056/Z (AN2D2BWP12T30P140LVT)                          0.01      0.02       0.28 f
  n3220 (net)                                   3                   0.00       0.28 f
  U1314/ZN (CKND2D1BWP12T30P140LVT)                       0.01      0.01       0.29 r
  n844 (net)                                    1                   0.00       0.29 r
  U3986/ZN (INVD1BWP12T30P140LVT)                         0.01      0.01       0.30 f
  n843 (net)                                    1                   0.00       0.30 f
  U3985/ZN (AOI31D2BWP12T30P140LVT)                       0.02      0.01       0.31 r
  n842 (net)                                    1                   0.00       0.31 r
  U3782/ZN (INR2D4BWP12T30P140LVT)                        0.01      0.02       0.33 r
  n688 (net)                                    8                   0.00       0.33 r
  U3778/ZN (ND2OPTPAD1BWP12T30P140LVT)                    0.01      0.01       0.34 f
  n3262 (net)                                   2                   0.00       0.34 f
  U4331/ZN (INR2D4BWP12T30P140LVT)                        0.01      0.01       0.35 f
  n3312 (net)                                   3                   0.00       0.35 f
  U295/ZN (ND2OPTPAD1BWP12T30P140LVT)                     0.01      0.01       0.36 r
  n3366 (net)                                   2                   0.00       0.36 r
  U280/ZN (CKND2D1BWP12T30P140LVT)                        0.02      0.01       0.37 f
  n3386 (net)                                   3                   0.00       0.37 f
  U2772/ZN (OAI21OPTPBD1BWP12T30P140LVT)                  0.02      0.01       0.39 r
  n3472 (net)                                   3                   0.00       0.39 r
  U4668/ZN (AOI211D2BWP12T30P140LVT)                      0.02      0.02       0.40 f
  n2470 (net)                                   1                   0.00       0.40 f
  U6963/ZN (ND2OPTFAD4BWP12T30P140LVT)                    0.01      0.01       0.42 r
  n2075 (net)                                   1                   0.00       0.42 r
  U6962/ZN (ND2OPTPAD6BWP12T30P140LVT)                    0.02      0.01       0.43 f
  n3417 (net)                                  18                   0.00       0.43 f
  U3260/ZN (INR2D4BWP12T30P140LVT)                        0.01      0.02       0.45 f
  n3450 (net)                                   4                   0.00       0.45 f
  U264/ZN (NR2D2BWP12T30P140LVT)                          0.01      0.01       0.46 r
  n358 (net)                                    1                   0.00       0.46 r
  U3259/ZN (AOI21OPTPBD2BWP12T30P140LVT)                  0.02      0.01       0.47 f
  n2297 (net)                                   2                   0.00       0.47 f
  U248/ZN (NR3OPTPAD2BWP12T30P140LVT)                     0.02      0.02       0.48 r
  n3534 (net)                                   5                   0.00       0.48 r
  U2695/ZN (CKND2D2BWP12T30P140LVT)                       0.01      0.01       0.49 f
  n463 (net)                                    1                   0.00       0.49 f
  U3421/ZN (INVD1BWP12T30P140LVT)                         0.01      0.01       0.50 r
  n3578 (net)                                   3                   0.00       0.50 r
  U1235/ZN (NR2D1BWP12T30P140LVT)                         0.01      0.01       0.50 f
  n1796 (net)                                   1                   0.00       0.50 f
  U4176/ZN (NR2D1BWP12T30P140LVT)                         0.02      0.01       0.52 r
  n983 (net)                                    1                   0.00       0.52 r
  U4175/ZN (ND3OPTPAD2BWP12T30P140LVT)                    0.02      0.01       0.53 f
  n981 (net)                                    1                   0.00       0.53 f
  U4172/ZN (ND2OPTFAD4BWP12T30P140LVT)                    0.02      0.02       0.55 r
  n3744 (net)                                  11                   0.00       0.55 r
  U3070/ZN (INR2D4BWP12T30P140LVT)                        0.01      0.02       0.56 r
  n3612 (net)                                   2                   0.00       0.56 r
  U225/ZN (CKND2D1BWP12T30P140LVT)                        0.01      0.01       0.57 f
  n203 (net)                                    1                   0.00       0.57 f
  U3069/ZN (INVD1BWP12T30P140LVT)                         0.01      0.01       0.58 r
  n202 (net)                                    1                   0.00       0.58 r
  U3066/ZN (OAI22OPTPBD2BWP12T30P140LVT)                  0.02      0.01       0.59 f
  n3766 (net)                                   4                   0.00       0.59 f
  U3542/ZN (ND2D2BWP12T30P140LVT)                         0.01      0.01       0.60 r
  n3791 (net)                                   7                   0.00       0.60 r
  U6841/ZN (INR2D1BWP12T30P140LVT)                        0.01      0.02       0.62 r
  n3903 (net)                                   2                   0.00       0.62 r
  U6840/ZN (INR2D2BWP12T30P140LVT)                        0.01      0.02       0.64 r
  n3973 (net)                                   4                   0.00       0.64 r
  U5481/ZN (NR2D1BWP12T30P140LVT)                         0.01      0.01       0.65 f
  n1603 (net)                                   1                   0.00       0.65 f
  U2527/Z (CKXOR2D1BWP12T30P140LVT)                       0.01      0.02       0.67 r
  n938 (net)                                    1                   0.00       0.67 r
  U4121/ZN (NR2D1BWP12T30P140LVT)                         0.01      0.01       0.68 f
  n3893 (net)                                   2                   0.00       0.68 f
  U5505/ZN (NR3D0BWP12T30P140LVT)                         0.02      0.01       0.70 r
  n3855 (net)                                   1                   0.00       0.70 r
  U5504/ZN (ND3D1BWP12T30P140LVT)                         0.03      0.02       0.72 f
  n4131 (net)                                   3                   0.00       0.72 f
  U4633/ZN (INVD1BWP12T30P140LVT)                         0.01      0.01       0.73 r
  n3896 (net)                                   2                   0.00       0.73 r
  U4632/ZN (OAI21D1BWP12T30P140LVT)                       0.02      0.02       0.74 f
  n3897 (net)                                   1                   0.00       0.74 f
  U4317/ZN (AOI211OPTREPBD2BWP12T30P140LVT)               0.03      0.02       0.77 r
  n4166 (net)                                   3                   0.00       0.77 r
  U7169/ZN (OAI21OPTPBD6BWP12T30P140LVT)                  0.02      0.02       0.78 f
  n4120 (net)                                  14                   0.00       0.78 f
  U3342/ZN (INR2D4BWP12T30P140LVT)                        0.01      0.02       0.80 f
  n4169 (net)                                  11                   0.00       0.80 f
  U3554/ZN (INVD1BWP12T30P140LVT)                         0.01      0.01       0.81 r
  n567 (net)                                    1                   0.00       0.81 r
  U175/ZN (CKND2D1BWP12T30P140LVT)                        0.01      0.01       0.81 f
  n565 (net)                                    1                   0.00       0.81 f
  U171/ZN (AOI22OPTPBD1BWP12T30P140LVT)                   0.03      0.01       0.83 r
  n1591 (net)                                   2                   0.00       0.83 r
  U3552/ZN (ND2D3BWP12T30P140LVT)                         0.02      0.02       0.84 f
  n4267 (net)                                   7                   0.00       0.84 f
  U4627/ZN (ND2D1BWP12T30P140LVT)                         0.02      0.01       0.85 r
  n4266 (net)                                   2                   0.00       0.85 r
  U2371/ZN (ND2D2BWP12T30P140LVT)                         0.02      0.01       0.87 f
  n4291 (net)                                   3                   0.00       0.87 f
  U4098/ZN (AOI21OPTREPBD2BWP12T30P140LVT)                0.02      0.02       0.88 r
  n923 (net)                                    5                   0.00       0.88 r
  U4096/ZN (OAI21OPTPBD1BWP12T30P140LVT)                  0.02      0.01       0.90 f
  n4377 (net)                                   2                   0.00       0.90 f
  U6758/ZN (AOI21D1BWP12T30P140LVT)                       0.02      0.01       0.91 r
  n4382 (net)                                   1                   0.00       0.91 r
  U2313/Z (CKXOR2D1BWP12T30P140LVT)                       0.01      0.02       0.93 f
  n4397 (net)                                   1                   0.00       0.93 f
  U3751/ZN (ND2D1BWP12T30P140LVT)                         0.01      0.01       0.94 r
  n2467 (net)                                   1                   0.00       0.94 r
  U7202/ZN (IOA21D1BWP12T30P140LVT)                       0.01      0.01       0.95 f
  n2466 (net)                                   1                   0.00       0.95 f
  U7142/ZN (NR2OPTPAD1BWP12T30P140LVT)                    0.01      0.01       0.96 r
  n4410 (net)                                   3                   0.00       0.96 r
  U3750/ZN (ND2OPTPAD1BWP12T30P140LVT)                    0.01      0.01       0.97 f
  n4609 (net)                                   3                   0.00       0.97 f
  U2267/ZN (NR2D2BWP12T30P140LVT)                         0.02      0.01       0.98 r
  n4619 (net)                                   4                   0.00       0.98 r
  U3766/Z (AN2D4BWP12T30P140LVT)                          0.01      0.02       1.00 r
  n2131 (net)                                   2                   0.00       1.00 r
  U2248/ZN (ND2OPTPAD1BWP12T30P140LVT)                    0.01      0.01       1.01 f
  n2493 (net)                                   2                   0.00       1.01 f
  U3387/ZN (INVD1BWP12T30P140LVT)                         0.01      0.01       1.01 r
  n441 (net)                                    1                   0.00       1.01 r
  U2225/ZN (CKND2D2BWP12T30P140LVT)                       0.01      0.01       1.02 f
  n440 (net)                                    1                   0.00       1.02 f
  U1011/Z (OR2D4BWP12T30P140LVT)                          0.01      0.02       1.04 f
  n1771 (net)                                   6                   0.00       1.04 f
  U3490/Z (BUFFXD3BWP12T30P140LVT)                        0.01      0.01       1.05 f
  n511 (net)                                    3                   0.00       1.05 f
  U3671/ZN (INR2D1BWP12T30P140LVT)                        0.01      0.01       1.06 r
  n631 (net)                                    1                   0.00       1.06 r
  U987/ZN (CKND2D2BWP12T30P140LVT)                        0.01      0.01       1.07 f
  n963 (net)                                    1                   0.00       1.07 f
  U986/ZN (CKND2D2BWP12T30P140LVT)                        0.01      0.01       1.08 r
  n962 (net)                                    1                   0.00       1.08 r
  U2168/ZN (NR2OPTPAD2BWP12T30P140LVT)                    0.01      0.01       1.09 f
  n960 (net)                                    1                   0.00       1.09 f
  U4144/ZN (ND2OPTFAD4BWP12T30P140LVT)                    0.01      0.01       1.10 r
  n1877 (net)                                   7                   0.00       1.10 r
  U132/ZN (INR2D1BWP12T30P140LVT)                         0.01      0.01       1.11 f
  n4659 (net)                                   2                   0.00       1.11 f
  U2142/ZN (OAI21D1BWP12T30P140LVT)                       0.02      0.01       1.12 r
  n4688 (net)                                   2                   0.00       1.12 r
  U6687/ZN (AOI21OPTPBD2BWP12T30P140LVT)                  0.02      0.01       1.13 f
  n4731 (net)                                   3                   0.00       1.13 f
  U2118/ZN (NR2D2BWP12T30P140LVT)                         0.01      0.01       1.14 r
  n546 (net)                                    1                   0.00       1.14 r
  U3073/ZN (NR2D4BWP12T30P140LVT)                         0.01      0.01       1.15 f
  n2014 (net)                                  12                   0.00       1.15 f
  U3994/ZN (INR2D4BWP12T30P140LVT)                        0.01      0.01       1.17 f
  n1832 (net)                                   5                   0.00       1.17 f
  U473/ZN (ND2D0BWP12T30P140LVT)                          0.01      0.01       1.18 r
  n743 (net)                                    1                   0.00       1.18 r
  U2043/ZN (OAI21D1BWP12T30P140LVT)                       0.01      0.01       1.19 f
  n742 (net)                                    1                   0.00       1.19 f
  U113/ZN (NR2OPTPAD1BWP12T30P140LVT)                     0.01      0.01       1.20 r
  n740 (net)                                    1                   0.00       1.20 r
  U112/ZN (CKND2D3BWP12T30P140LVT)                        0.01      0.01       1.21 f
  n4943 (net)                                   7                   0.00       1.21 f
  U4206/ZN (INR2D1BWP12T30P140LVT)                        0.02      0.01       1.23 r
  n4956 (net)                                   3                   0.00       1.23 r
  U1982/ZN (OAI21D1BWP12T30P140LVT)                       0.02      0.02       1.24 f
  n1000 (net)                                   1                   0.00       1.24 f
  U3276/ZN (AOI21OPTPBD2BWP12T30P140LVT)                  0.02      0.02       1.26 r
  n4893 (net)                                   3                   0.00       1.26 r
  U1953/ZN (NR2OPTPAD2BWP12T30P140LVT)                    0.02      0.01       1.27 f
  n2121 (net)                                   5                   0.00       1.27 f
  U3273/ZN (NR2D3BWP12T30P140LVT)                         0.02      0.01       1.28 r
  n4921 (net)                                   6                   0.00       1.28 r
  U899/Z (OR2D4BWP12T30P140LVT)                           0.01      0.02       1.30 r
  n4998 (net)                                  12                   0.00       1.30 r
  U98/ZN (INR2D1BWP12T30P140LVT)                          0.01      0.01       1.30 f
  n617 (net)                                    1                   0.00       1.30 f
  U1904/ZN (AOI21D1BWP12T30P140LVT)                       0.02      0.02       1.32 r
  n1776 (net)                                   1                   0.00       1.32 r
  U4201/ZN (ND3OPTPAD2BWP12T30P140LVT)                    0.02      0.02       1.34 f
  n5150 (net)                                   7                   0.00       1.34 f
  U1877/ZN (NR2D0BWP12T30P140LVT)                         0.03      0.02       1.36 r
  n5144 (net)                                   2                   0.00       1.36 r
  U566/ZN (INVD0BWP12T30P140LVT)                          0.02      0.01       1.37 f
  n5160 (net)                                   2                   0.00       1.37 f
  U7497/ZN (ND2D0BWP12T30P140LVT)                         0.01      0.01       1.38 r
  n5145 (net)                                   1                   0.00       1.38 r
  U1797/ZN (XNR2D0BWP12T30P140LVT)                        0.01      0.03       1.41 f
  n5146 (net)                                   1                   0.00       1.41 f
  U6613/Z (AN2D0BWP12T30P140LVT)                          0.01      0.02       1.42 f
  n1534 (net)                                   1                   0.00       1.42 f
  U3532/Z (OR2D1BWP12T30P140LVT)                          0.01      0.01       1.43 f
  n543 (net)                                    1                   0.00       1.43 f
  U68/ZN (AOI21D1BWP12T30P140LVT)                         0.02      0.01       1.45 r
  n541 (net)                                    1                   0.00       1.45 r
  U1751/ZN (CKND2D3BWP12T30P140LVT)                       0.01      0.01       1.46 f
  n5318 (net)                                   6                   0.00       1.46 f
  U3752/ZN (CKND2D2BWP12T30P140LVT)                       0.02      0.01       1.47 r
  n5473 (net)                                   3                   0.00       1.47 r
  U3880/ZN (OAI21D1BWP12T30P140LVT)                       0.02      0.01       1.48 f
  n751 (net)                                    1                   0.00       1.48 f
  U3443/ZN (AOI21OPTPBD1BWP12T30P140LVT)                  0.01      0.01       1.50 r
  n1692 (net)                                   2                   0.00       1.50 r
  U3442/ZN (ND2OPTPAD1BWP12T30P140LVT)                    0.01      0.01       1.51 f
  n476 (net)                                    1                   0.00       1.51 f
  U1658/ZN (NR2OPTPAD2BWP12T30P140LVT)                    0.01      0.01       1.52 r
  n1933 (net)                                   3                   0.00       1.52 r
  U1647/ZN (ND2OPTFAD4BWP12T30P140LVT)                    0.02      0.01       1.53 f
  n5478 (net)                                  12                   0.00       1.53 f
  U7151/ZN (INVD1BWP12T30P140LVT)                         0.01      0.01       1.54 r
  n5476 (net)                                   3                   0.00       1.54 r
  U7101/ZN (INVD1BWP12T30P140LVT)                         0.01      0.01       1.55 f
  n2310 (net)                                   1                   0.00       1.55 f
  U606/ZN (NR2D0BWP12T30P140LVT)                          0.01      0.01       1.56 r
  n380 (net)                                    1                   0.00       1.56 r
  U614/ZN (ND2D0BWP12T30P140LVT)                          0.01      0.01       1.57 f
  n379 (net)                                    1                   0.00       1.57 f
  U1613/ZN (CKND2D1BWP12T30P140LVT)                       0.01      0.01       1.58 r
  n378 (net)                                    1                   0.00       1.58 r
  U1596/ZN (NR2OPTPAD1BWP12T30P140LVT)                    0.01      0.01       1.59 f
  n5477 (net)                                   3                   0.00       1.59 f
  U3279/ZN (IND2D2BWP12T30P140LVT)                        0.01      0.01       1.60 r
  n5720 (net)                                   3                   0.00       1.60 r
  U1571/ZN (NR2D2BWP12T30P140LVT)                         0.01      0.01       1.61 f
  n5728 (net)                                   3                   0.00       1.61 f
  U48/ZN (CKND2D1BWP12T30P140LVT)                         0.02      0.01       1.62 r
  n918 (net)                                    1                   0.00       1.62 r
  U1564/ZN (INVD2BWP12T30P140LVT)                         0.01      0.01       1.63 f
  n100 (net)                                    3                   0.00       1.63 f
  U3418/ZN (CKND2D1BWP12T30P140LVT)                       0.02      0.02       1.64 r
  n1106 (net)                                   1                   0.00       1.64 r
  U4319/ZN (NR2OPTPAD2BWP12T30P140LVT)                    0.01      0.01       1.66 f
  n1774 (net)                                   2                   0.00       1.66 f
  U3696/Z (AN2D4BWP12T30P140LVT)                          0.01      0.02       1.67 f
  n1737 (net)                                  10                   0.00       1.67 f
  U4337/Z (OR2D4BWP12T30P140LVT)                          0.01      0.02       1.69 f
  n2307 (net)                                   3                   0.00       1.69 f
  U1530/ZN (OAI21D2BWP12T30P140LVT)                       0.03      0.01       1.70 r
  n1792 (net)                                   1                   0.00       1.70 r
  U4664/ZN (ND2OPTD6BWP12T30P140LVT)                      0.02      0.01       1.71 f
  n11223 (net)                                  7                   0.00       1.71 f
  U1501/ZN (AOI21OPTPBD1BWP12T30P140LVT)                  0.02      0.01       1.73 r
  n11164 (net)                                  2                   0.00       1.73 r
  U1488/ZN (OAI21D1BWP12T30P140LVT)                       0.02      0.02       1.74 f
  n11231 (net)                                  2                   0.00       1.74 f
  U4392/ZN (AOI21OPTPBD2BWP12T30P140LVT)                  0.02      0.01       1.76 r
  n11108 (net)                                  2                   0.00       1.76 r
  U4391/ZN (INR2D4BWP12T30P140LVT)                        0.01      0.01       1.77 f
  n1943 (net)                                   3                   0.00       1.77 f
  U3658/ZN (NR2OPTD6BWP12T30P140LVT)                      0.02      0.01       1.78 r
  n623 (net)                                   14                   0.00       1.78 r
  U17/ZN (ND2D1BWP12T30P140LVT)                           0.01      0.01       1.79 f
  n5825 (net)                                   1                   0.00       1.79 f
  U4564/Z (CKXOR2D1BWP12T30P140LVT)                       0.01      0.02       1.81 f
  n1301 (net)                                   1                   0.00       1.81 f
  U1457/ZN (NR2OPTPAD1BWP12T30P140LVT)                    0.01      0.01       1.82 r
  n1152 (net)                                   1                   0.00       1.82 r
  U1450/Z (CKXOR2D1BWP12T30P140LVT)                       0.01      0.02       1.84 f
  n1151 (net)                                   1                   0.00       1.84 f
  U4279/ZN (NR2OPTPAD1BWP12T30P140LVT)                    0.01      0.01       1.85 r
  n1071 (net)                                   1                   0.00       1.85 r
  U4276/ZN (ND3OPTPAD2BWP12T30P140LVT)                    0.01      0.01       1.86 f
  n1067 (net)                                   1                   0.00       1.86 f
  U4272/ZN (NR3OPTPAD2BWP12T30P140LVT)                    0.01      0.01       1.87 r
  n2415 (net)                                   1                   0.00       1.87 r
  U7177/ZN (ND3OPTPAD2BWP12T30P140LVT)                    0.01      0.01       1.88 f
  n2413 (net)                                   1                   0.00       1.88 f
  U4614/ZN (NR3OPTPAD2BWP12T30P140LVT)                    0.01      0.01       1.89 r
  n2409 (net)                                   1                   0.00       1.89 r
  U7175/ZN (AOI21OPTPBD1BWP12T30P140LVT)                  0.01      0.01       1.89 f
  softmaxV/vBuffer/N1181 (net)                  1                   0.00       1.89 f
  softmaxV/vBuffer/errorReg_reg/D (DFQD2BWP12T30P140LVT)
                                                          0.01      0.00       1.89 f
  data arrival time                                                            1.89

  clock clk (rise edge)                                             2.00       2.00
  clock network delay (ideal)                                       0.00       2.00
  clock uncertainty                                                -0.10       1.90
  softmaxV/vBuffer/errorReg_reg/CP (DFQD2BWP12T30P140LVT)           0.00       1.90 r
  library setup time                                               -0.01       1.89
  data required time                                                           1.89
  ------------------------------------------------------------------------------------
  data required time                                                           1.89
  data arrival time                                                           -1.89
  ------------------------------------------------------------------------------------
  slack (MET)                                                                  0.00


  Startpoint: decompressionQk/compute/decompressor/commandReg_tokenCount_reg[0]
              (rising edge-triggered flip-flop clocked by clk)
  Endpoint: decompressionQk/compute/decompressor/kController/state_reg[1]
            (rising edge-triggered flip-flop clocked by clk)
  Path Group: clk
  Path Type: max

  Des/Clust/Port     Wire Load Model       Library
  ------------------------------------------------
  AttentionFeaturePacketizer_0
                     ZeroWireload          tcbn28hpcplusbwp12t30p140lvtssg0p81v125c
  PackDescriptorDecoder_1
                     ZeroWireload          tcbn28hpcplusbwp12t30p140lvtssg0p81v125c
  PackDescriptorDecoder
                     ZeroWireload          tcbn28hpcplusbwp12t30p140lvtssg0p81v125c
  BufferedPackMetadataDequantizer_1
                     ZeroWireload          tcbn28hpcplusbwp12t30p140lvtssg0p81v125c
  DynamicBitUnpacker_1
                     ZeroWireload          tcbn28hpcplusbwp12t30p140lvtssg0p81v125c
  BufferedPackMetadataDequantizer
                     ZeroWireload          tcbn28hpcplusbwp12t30p140lvtssg0p81v125c
  DynamicBitUnpacker ZeroWireload          tcbn28hpcplusbwp12t30p140lvtssg0p81v125c
  KvStreamDequantizer_1
                     ZeroWireload          tcbn28hpcplusbwp12t30p140lvtssg0p81v125c
  KvStreamDequantizer
                     ZeroWireload          tcbn28hpcplusbwp12t30p140lvtssg0p81v125c
  DecompressionPipelineController_1
                     ZeroWireload          tcbn28hpcplusbwp12t30p140lvtssg0p81v125c
  DecompressionPipelineController
                     ZeroWireload          tcbn28hpcplusbwp12t30p140lvtssg0p81v125c
  QkDotProductAccumulator
                     ZeroWireload          tcbn28hpcplusbwp12t30p140lvtssg0p81v125c
  QueryReplayBuffer  ZeroWireload          tcbn28hpcplusbwp12t30p140lvtssg0p81v125c
  AttentionFeaturePacketizer_1
                     ZeroWireload          tcbn28hpcplusbwp12t30p140lvtssg0p81v125c
  DualKvDecompressionController
                     ZeroWireload          tcbn28hpcplusbwp12t30p140lvtssg0p81v125c
  SoftmaxVAccumulator
                     ZeroWireload          tcbn28hpcplusbwp12t30p140lvtssg0p81v125c
  StreamingSoftmax   ZeroWireload          tcbn28hpcplusbwp12t30p140lvtssg0p81v125c
  AttentionScaleUnit ZeroWireload          tcbn28hpcplusbwp12t30p140lvtssg0p81v125c
  AvOutputQuantizer  ZeroWireload          tcbn28hpcplusbwp12t30p140lvtssg0p81v125c
  BriskKvAttentionTop
                     ZeroWireload          tcbn28hpcplusbwp12t30p140lvtssg0p81v125c

  Point                                       Fanout     Trans      Incr       Path
  ------------------------------------------------------------------------------------
  clock clk (rise edge)                                             0.00       0.00
  clock network delay (ideal)                                       0.00       0.00
  decompressionQk/compute/decompressor/commandReg_tokenCount_reg[0]/CP (DFQD4BWP12T30P140LVT)
                                                          0.00      0.00 #     0.00 r
  decompressionQk/compute/decompressor/commandReg_tokenCount_reg[0]/Q (DFQD4BWP12T30P140LVT)
                                                          0.01      0.04       0.04 r
  decompressionQk/compute/decompressor/io_result_bits_tokenCount[0] (net)
                                               12                   0.00       0.04 r
  decompressionQk/compute/decompressor/kController/io_command_bits_tokenCount[0] (DecompressionPipelineController)
                                                                    0.00       0.04 r
  decompressionQk/compute/decompressor/kController/io_command_bits_tokenCount[0] (net)
                                                                    0.00       0.04 r
  decompressionQk/compute/decompressor/kController/U15/ZN (NR2D1BWP12T30P140LVT)
                                                          0.01      0.01       0.04 f
  decompressionQk/compute/decompressor/kController/n77 (net)
                                                1                   0.00       0.04 f
  decompressionQk/compute/decompressor/kController/U14/ZN (ND2D1BWP12T30P140LVT)
                                                          0.01      0.01       0.05 r
  decompressionQk/compute/decompressor/kController/n99 (net)
                                                1                   0.00       0.05 r
  decompressionQk/compute/decompressor/kController/U68/CO (HA1D1BWP12T30P140LVT)
                                                          0.01      0.02       0.07 r
  decompressionQk/compute/decompressor/kController/n100 (net)
                                                1                   0.00       0.07 r
  decompressionQk/compute/decompressor/kController/U13/CO (HA1D1BWP12T30P140LVT)
                                                          0.01      0.02       0.09 r
  decompressionQk/compute/decompressor/kController/n114 (net)
                                                1                   0.00       0.09 r
  decompressionQk/compute/decompressor/kController/U1467/CO (HA1D1BWP12T30P140LVT)
                                                          0.01      0.02       0.11 r
  decompressionQk/compute/decompressor/kController/n1846 (net)
                                                1                   0.00       0.11 r
  decompressionQk/compute/decompressor/kController/U2069/CO (HA1D1BWP12T30P140LVT)
                                                          0.01      0.02       0.13 r
  decompressionQk/compute/decompressor/kController/n1847 (net)
                                                1                   0.00       0.13 r
  decompressionQk/compute/decompressor/kController/U65/CO (HA1D1BWP12T30P140LVT)
                                                          0.01      0.02       0.15 r
  decompressionQk/compute/decompressor/kController/n1064 (net)
                                                1                   0.00       0.15 r
  decompressionQk/compute/decompressor/kController/U126/CO (HA1D2BWP12T30P140LVT)
                                                          0.01      0.02       0.17 r
  decompressionQk/compute/decompressor/kController/n1562 (net)
                                                1                   0.00       0.17 r
  decompressionQk/compute/decompressor/kController/U12/CO (HA1D1BWP12T30P140LVT)
                                                          0.01      0.02       0.19 r
  decompressionQk/compute/decompressor/kController/n1563 (net)
                                                2                   0.00       0.19 r
  decompressionQk/compute/decompressor/kController/U11/ZN (INVD1BWP12T30P140LVT)
                                                          0.01      0.01       0.19 f
  decompressionQk/compute/decompressor/kController/n90 (net)
                                                1                   0.00       0.19 f
  decompressionQk/compute/decompressor/kController/U119/ZN (INR2D2BWP12T30P140LVT)
                                                          0.01      0.01       0.20 r
  decompressionQk/compute/decompressor/kController/n960 (net)
                                                1                   0.00       0.20 r
  decompressionQk/compute/decompressor/kController/U116/CO (HA1D2BWP12T30P140LVT)
                                                          0.01      0.02       0.22 r
  decompressionQk/compute/decompressor/kController/n1308 (net)
                                                4                   0.00       0.22 r
  decompressionQk/compute/decompressor/kController/U10/ZN (INVD1BWP12T30P140LVT)
                                                          0.01      0.01       0.23 f
  decompressionQk/compute/decompressor/kController/n85 (net)
                                                1                   0.00       0.23 f
  decompressionQk/compute/decompressor/kController/U206/ZN (NR2OPTPAD2BWP12T30P140LVT)
                                                          0.01      0.01       0.24 r
  decompressionQk/compute/decompressor/kController/n1097 (net)
                                                1                   0.00       0.24 r
  decompressionQk/compute/decompressor/kController/U62/CO (HA1D1BWP12T30P140LVT)
                                                          0.01      0.02       0.26 r
  decompressionQk/compute/decompressor/kController/n1098 (net)
                                                1                   0.00       0.26 r
  decompressionQk/compute/decompressor/kController/U113/CO (HA1D2BWP12T30P140LVT)
                                                          0.01      0.02       0.28 r
  decompressionQk/compute/decompressor/kController/n185 (net)
                                                2                   0.00       0.28 r
  decompressionQk/compute/decompressor/kController/U110/ZN (INVD2BWP12T30P140LVT)
                                                          0.01      0.01       0.28 f
  decompressionQk/compute/decompressor/kController/n91 (net)
                                                1                   0.00       0.28 f
  decompressionQk/compute/decompressor/kController/U1128/ZN (INR2D4BWP12T30P140LVT)
                                                          0.01      0.01       0.29 r
  decompressionQk/compute/decompressor/kController/n96 (net)
                                                1                   0.00       0.29 r
  decompressionQk/compute/decompressor/kController/U1566/CO (HA1D4BWP12T30P140LVT)
                                                          0.01      0.02       0.31 r
  decompressionQk/compute/decompressor/kController/n979 (net)
                                                2                   0.00       0.31 r
  decompressionQk/compute/decompressor/kController/U17/Z (AN2D2BWP12T30P140LVT)
                                                          0.01      0.02       0.33 r
  decompressionQk/compute/decompressor/kController/n67 (net)
                                                1                   0.00       0.33 r
  decompressionQk/compute/decompressor/kController/U16/CO (HA1D2BWP12T30P140LVT)
                                                          0.01      0.02       0.35 r
  decompressionQk/compute/decompressor/kController/n199 (net)
                                                1                   0.00       0.35 r
  decompressionQk/compute/decompressor/kController/U1524/CO (HA1D1BWP12T30P140LVT)
                                                          0.01      0.02       0.37 r
  decompressionQk/compute/decompressor/kController/n200 (net)
                                                1                   0.00       0.37 r
  decompressionQk/compute/decompressor/kController/U1526/CO (HA1D1BWP12T30P140LVT)
                                                          0.01      0.02       0.38 r
  decompressionQk/compute/decompressor/kController/n126 (net)
                                                2                   0.00       0.38 r
  decompressionQk/compute/decompressor/kController/U104/ZN (CKND2D1BWP12T30P140LVT)
                                                          0.01      0.01       0.39 f
  decompressionQk/compute/decompressor/kController/n89 (net)
                                                1                   0.00       0.39 f
  decompressionQk/compute/decompressor/kController/U102/ZN (INVD1BWP12T30P140LVT)
                                                          0.01      0.01       0.40 r
  decompressionQk/compute/decompressor/kController/n139 (net)
                                                1                   0.00       0.40 r
  decompressionQk/compute/decompressor/kController/U1493/CO (HA1D1BWP12T30P140LVT)
                                                          0.01      0.02       0.42 r
  decompressionQk/compute/decompressor/kController/n140 (net)
                                                1                   0.00       0.42 r
  decompressionQk/compute/decompressor/kController/U54/CO (HA1D1BWP12T30P140LVT)
                                                          0.01      0.02       0.44 r
  decompressionQk/compute/decompressor/kController/n115 (net)
                                                2                   0.00       0.44 r
  decompressionQk/compute/decompressor/kController/U27/Z (AN2D0BWP12T30P140LVT)
                                                          0.02      0.02       0.46 r
  decompressionQk/compute/decompressor/kController/n66 (net)
                                                1                   0.00       0.46 r
  decompressionQk/compute/decompressor/kController/U1471/CO (HA1D1BWP12T30P140LVT)
                                                          0.01      0.02       0.48 r
  decompressionQk/compute/decompressor/kController/n118 (net)
                                                1                   0.00       0.48 r
  decompressionQk/compute/decompressor/kController/U1470/CO (HA1D1BWP12T30P140LVT)
                                                          0.01      0.02       0.50 r
  decompressionQk/compute/decompressor/kController/n116 (net)
                                                1                   0.00       0.50 r
  decompressionQk/compute/decompressor/kController/U42/S (HA1D2BWP12T30P140LVT)
                                                          0.04      0.04       0.55 f
  decompressionQk/compute/decompressor/kController/n5257 (net)
                                               41                   0.00       0.55 f
  decompressionQk/compute/decompressor/kController/U96/ZN (XNR2D1BWP12T30P140LVT)
                                                          0.01      0.03       0.57 f
  decompressionQk/compute/decompressor/kController/n122 (net)
                                                3                   0.00       0.57 f
  decompressionQk/compute/decompressor/kController/U1476/ZN (NR2D1BWP12T30P140LVT)
                                                          0.09      0.05       0.63 r
  decompressionQk/compute/decompressor/kController/n2465 (net)
                                               33                   0.00       0.63 r
  decompressionQk/compute/decompressor/kController/U1671/ZN (AOI222D1BWP12T30P140LVT)
                                                          0.05      0.02       0.65 f
  decompressionQk/compute/decompressor/kController/n1221 (net)
                                                1                   0.00       0.65 f
  decompressionQk/compute/decompressor/kController/U1672/ZN (MUX2ND0BWP12T30P140LVT)
                                                          0.04      0.03       0.68 f
  decompressionQk/compute/decompressor/kController/n1272 (net)
                                                2                   0.00       0.68 f
  decompressionQk/compute/decompressor/kController/U1700/ZN (XNR2D0BWP12T30P140LVT)
                                                          0.02      0.04       0.72 r
  decompressionQk/compute/decompressor/kController/n1424 (net)
                                                1                   0.00       0.72 r
  decompressionQk/compute/decompressor/kController/U1781/S (FA1D1BWP12T30P140LVT)
                                                          0.02      0.05       0.77 f
  decompressionQk/compute/decompressor/kController/n1503 (net)
                                                1                   0.00       0.77 f
  decompressionQk/compute/decompressor/kController/U1825/CO (FA1D1BWP12T30P140LVT)
                                                          0.01      0.03       0.80 f
  decompressionQk/compute/decompressor/kController/n1496 (net)
                                                1                   0.00       0.80 f
  decompressionQk/compute/decompressor/kController/U1822/CO (FA1D1BWP12T30P140LVT)
                                                          0.01      0.03       0.83 f
  decompressionQk/compute/decompressor/kController/n1491 (net)
                                                1                   0.00       0.83 f
  decompressionQk/compute/decompressor/kController/U1819/CO (FA1D1BWP12T30P140LVT)
                                                          0.01      0.03       0.85 f
  decompressionQk/compute/decompressor/kController/n1486 (net)
                                                1                   0.00       0.85 f
  decompressionQk/compute/decompressor/kController/U1816/CO (FA1D1BWP12T30P140LVT)
                                                          0.01      0.03       0.88 f
  decompressionQk/compute/decompressor/kController/n1481 (net)
                                                1                   0.00       0.88 f
  decompressionQk/compute/decompressor/kController/U1813/CO (FA1D1BWP12T30P140LVT)
                                                          0.01      0.03       0.91 f
  decompressionQk/compute/decompressor/kController/n1476 (net)
                                                1                   0.00       0.91 f
  decompressionQk/compute/decompressor/kController/U1810/CO (FA1D1BWP12T30P140LVT)
                                                          0.01      0.03       0.93 f
  decompressionQk/compute/decompressor/kController/n1471 (net)
                                                1                   0.00       0.93 f
  decompressionQk/compute/decompressor/kController/U1807/CO (FA1D1BWP12T30P140LVT)
                                                          0.01      0.03       0.96 f
  decompressionQk/compute/decompressor/kController/n1466 (net)
                                                1                   0.00       0.96 f
  decompressionQk/compute/decompressor/kController/U1804/CO (FA1D1BWP12T30P140LVT)
                                                          0.01      0.03       0.99 f
  decompressionQk/compute/decompressor/kController/n1461 (net)
                                                1                   0.00       0.99 f
  decompressionQk/compute/decompressor/kController/U1801/CO (FA1D1BWP12T30P140LVT)
                                                          0.02      0.03       1.02 f
  decompressionQk/compute/decompressor/kController/n1549 (net)
                                                1                   0.00       1.02 f
  decompressionQk/compute/decompressor/kController/U1850/S (FA1D1BWP12T30P140LVT)
                                                          0.02      0.06       1.07 r
  decompressionQk/compute/decompressor/kController/n1713 (net)
                                                1                   0.00       1.07 r
  decompressionQk/compute/decompressor/kController/U541/CO (FA1D0BWP12T30P140LVT)
                                                          0.02      0.04       1.11 r
  decompressionQk/compute/decompressor/kController/n1603 (net)
                                                1                   0.00       1.11 r
  decompressionQk/compute/decompressor/kController/U583/CO (FA1D0BWP12T30P140LVT)
                                                          0.02      0.04       1.14 r
  decompressionQk/compute/decompressor/kController/n1577 (net)
                                                1                   0.00       1.14 r
  decompressionQk/compute/decompressor/kController/U584/S (FA1D0BWP12T30P140LVT)
                                                          0.02      0.06       1.20 f
  decompressionQk/compute/decompressor/kController/n1609 (net)
                                                1                   0.00       1.20 f
  decompressionQk/compute/decompressor/kController/U1896/S (FA1D1BWP12T30P140LVT)
                                                          0.02      0.06       1.26 r
  decompressionQk/compute/decompressor/kController/n1851 (net)
                                                1                   0.00       1.26 r
  decompressionQk/compute/decompressor/kController/U2077/S (FA1D1BWP12T30P140LVT)
                                                          0.02      0.05       1.30 f
  decompressionQk/compute/decompressor/kController/n1864 (net)
                                                1                   0.00       1.30 f
  decompressionQk/compute/decompressor/kController/U731/S (FA1D0BWP12T30P140LVT)
                                                          0.03      0.06       1.37 r
  decompressionQk/compute/decompressor/kController/n2546 (net)
                                                1                   0.00       1.37 r
  decompressionQk/compute/decompressor/kController/U2453/CO (FA1OPTCD2BWP12T30P140LVT)
                                                          0.01      0.04       1.41 r
  decompressionQk/compute/decompressor/kController/n2433 (net)
                                                1                   0.00       1.41 r
  decompressionQk/compute/decompressor/kController/U2421/CO (FA1OPTCD2BWP12T30P140LVT)
                                                          0.01      0.02       1.42 r
  decompressionQk/compute/decompressor/kController/n2430 (net)
                                                1                   0.00       1.42 r
  decompressionQk/compute/decompressor/kController/U2420/CO (FA1OPTCD2BWP12T30P140LVT)
                                                          0.01      0.02       1.44 r
  decompressionQk/compute/decompressor/kController/n2427 (net)
                                                1                   0.00       1.44 r
  decompressionQk/compute/decompressor/kController/U2419/CO (FA1OPTCD2BWP12T30P140LVT)
                                                          0.01      0.02       1.46 r
  decompressionQk/compute/decompressor/kController/n2424 (net)
                                                1                   0.00       1.46 r
  decompressionQk/compute/decompressor/kController/U2418/CO (FA1OPTCD2BWP12T30P140LVT)
                                                          0.01      0.02       1.48 r
  decompressionQk/compute/decompressor/kController/n2449 (net)
                                                1                   0.00       1.48 r
  decompressionQk/compute/decompressor/kController/U2426/CO (FA1OPTCD2BWP12T30P140LVT)
                                                          0.01      0.02       1.50 r
  decompressionQk/compute/decompressor/kController/n2446 (net)
                                                1                   0.00       1.50 r
  decompressionQk/compute/decompressor/kController/U2425/CO (FA1OPTCD2BWP12T30P140LVT)
                                                          0.01      0.02       1.52 r
  decompressionQk/compute/decompressor/kController/n2443 (net)
                                                1                   0.00       1.52 r
  decompressionQk/compute/decompressor/kController/U2424/CO (FA1OPTCD2BWP12T30P140LVT)
                                                          0.01      0.02       1.54 r
  decompressionQk/compute/decompressor/kController/n2398 (net)
                                                1                   0.00       1.54 r
  decompressionQk/compute/decompressor/kController/U2410/CO (FA1OPTCD2BWP12T30P140LVT)
                                                          0.01      0.02       1.56 r
  decompressionQk/compute/decompressor/kController/n2440 (net)
                                                1                   0.00       1.56 r
  decompressionQk/compute/decompressor/kController/U2423/CO (FA1OPTCD2BWP12T30P140LVT)
                                                          0.01      0.02       1.57 r
  decompressionQk/compute/decompressor/kController/n2401 (net)
                                                1                   0.00       1.57 r
  decompressionQk/compute/decompressor/kController/U2411/CO (FA1OPTCD2BWP12T30P140LVT)
                                                          0.01      0.02       1.59 r
  decompressionQk/compute/decompressor/kController/n2395 (net)
                                                1                   0.00       1.59 r
  decompressionQk/compute/decompressor/kController/U2409/CO (FA1OPTCD2BWP12T30P140LVT)
                                                          0.01      0.02       1.61 r
  decompressionQk/compute/decompressor/kController/n2392 (net)
                                                1                   0.00       1.61 r
  decompressionQk/compute/decompressor/kController/U2408/CO (FA1OPTCD2BWP12T30P140LVT)
                                                          0.01      0.02       1.63 r
  decompressionQk/compute/decompressor/kController/n2417 (net)
                                                1                   0.00       1.63 r
  decompressionQk/compute/decompressor/kController/U2416/CO (FA1OPTCD2BWP12T30P140LVT)
                                                          0.01      0.02       1.65 r
  decompressionQk/compute/decompressor/kController/n2414 (net)
                                                1                   0.00       1.65 r
  decompressionQk/compute/decompressor/kController/U2415/CO (FA1OPTCD2BWP12T30P140LVT)
                                                          0.01      0.02       1.67 r
  decompressionQk/compute/decompressor/kController/n2411 (net)
                                                1                   0.00       1.67 r
  decompressionQk/compute/decompressor/kController/U2414/CO (FA1OPTCD2BWP12T30P140LVT)
                                                          0.01      0.02       1.69 r
  decompressionQk/compute/decompressor/kController/n2408 (net)
                                                1                   0.00       1.69 r
  decompressionQk/compute/decompressor/kController/U2413/CO (FA1OPTCD2BWP12T30P140LVT)
                                                          0.01      0.02       1.71 r
  decompressionQk/compute/decompressor/kController/n2385 (net)
                                                1                   0.00       1.71 r
  decompressionQk/compute/decompressor/kController/U2406/CO (FA1OPTCD2BWP12T30P140LVT)
                                                          0.01      0.02       1.72 r
  decompressionQk/compute/decompressor/kController/n2382 (net)
                                                1                   0.00       1.72 r
  decompressionQk/compute/decompressor/kController/U2405/CO (FA1OPTCD2BWP12T30P140LVT)
                                                          0.01      0.02       1.74 r
  decompressionQk/compute/decompressor/kController/n2379 (net)
                                                1                   0.00       1.74 r
  decompressionQk/compute/decompressor/kController/U2404/CO (FA1OPTCD2BWP12T30P140LVT)
                                                          0.01      0.02       1.76 r
  decompressionQk/compute/decompressor/kController/n2472 (net)
                                                1                   0.00       1.76 r
  decompressionQk/compute/decompressor/kController/U2431/CO (FA1OPTCD2BWP12T30P140LVT)
                                                          0.01      0.02       1.78 r
  decompressionQk/compute/decompressor/kController/n2478 (net)
                                                1                   0.00       1.78 r
  decompressionQk/compute/decompressor/kController/U2432/S (FA1OPTCD2BWP12T30P140LVT)
                                                          0.01      0.04       1.82 f
  decompressionQk/compute/decompressor/kController/n2481 (net)
                                                1                   0.00       1.82 f
  decompressionQk/compute/decompressor/kController/U1124/ZN (NR3D0BWP12T30P140LVT)
                                                          0.02      0.01       1.84 r
  decompressionQk/compute/decompressor/kController/n83 (net)
                                                1                   0.00       1.84 r
  decompressionQk/compute/decompressor/kController/U1123/ZN (INVD1BWP12T30P140LVT)
                                                          0.01      0.01       1.84 f
  decompressionQk/compute/decompressor/kController/n82 (net)
                                                1                   0.00       1.84 f
  decompressionQk/compute/decompressor/kController/U75/ZN (NR2D1BWP12T30P140LVT)
                                                          0.01      0.01       1.85 r
  decompressionQk/compute/decompressor/kController/n2485 (net)
                                                1                   0.00       1.85 r
  decompressionQk/compute/decompressor/kController/U73/ZN (ND3OPTPAD1BWP12T30P140LVT)
                                                          0.02      0.01       1.87 f
  decompressionQk/compute/decompressor/kController/n92 (net)
                                                1                   0.00       1.87 f
  decompressionQk/compute/decompressor/kController/U198/ZN (OAI31D2BWP12T30P140LVT)
                                                          0.04      0.02       1.88 r
  decompressionQk/compute/decompressor/kController/n5920 (net)
                                                2                   0.00       1.88 r
  decompressionQk/compute/decompressor/kController/U71/ZN (ND2D1BWP12T30P140LVT)
                                                          0.02      0.01       1.89 f
  decompressionQk/compute/decompressor/kController/n345 (net)
                                                1                   0.00       1.89 f
  decompressionQk/compute/decompressor/kController/state_reg[1]/D (DFQD2BWP12T30P140LVT)
                                                          0.02      0.00       1.89 f
  data arrival time                                                            1.89

  clock clk (rise edge)                                             2.00       2.00
  clock network delay (ideal)                                       0.00       2.00
  clock uncertainty                                                -0.10       1.90
  decompressionQk/compute/decompressor/kController/state_reg[1]/CP (DFQD2BWP12T30P140LVT)
                                                                    0.00       1.90 r
  library setup time                                               -0.01       1.89
  data required time                                                           1.89
  ------------------------------------------------------------------------------------
  data required time                                                           1.89
  data arrival time                                                           -1.89
  ------------------------------------------------------------------------------------
  slack (MET)                                                                  0.00


  Startpoint: io_command_bits_tokenCount[0]
              (input port clocked by clk)
  Endpoint: decompressionQk/compute/decompressor/resultError_reg
            (rising edge-triggered flip-flop clocked by clk)
  Path Group: clk
  Path Type: max

  Des/Clust/Port     Wire Load Model       Library
  ------------------------------------------------
  AttentionFeaturePacketizer_0
                     ZeroWireload          tcbn28hpcplusbwp12t30p140lvtssg0p81v125c
  AttentionFeaturePacketizer_1
                     ZeroWireload          tcbn28hpcplusbwp12t30p140lvtssg0p81v125c
  DualKvDecompressionController
                     ZeroWireload          tcbn28hpcplusbwp12t30p140lvtssg0p81v125c
  SoftmaxVAccumulator
                     ZeroWireload          tcbn28hpcplusbwp12t30p140lvtssg0p81v125c
  StreamingSoftmax   ZeroWireload          tcbn28hpcplusbwp12t30p140lvtssg0p81v125c
  AttentionScaleUnit ZeroWireload          tcbn28hpcplusbwp12t30p140lvtssg0p81v125c
  BriskKvAttentionTop
                     ZeroWireload          tcbn28hpcplusbwp12t30p140lvtssg0p81v125c

  Point                                       Fanout     Trans      Incr       Path
  ------------------------------------------------------------------------------------
  clock clk (rise edge)                                             0.00       0.00
  clock network delay (ideal)                                       0.00       0.00
  input external delay                                              0.20       0.20 r
  io_command_bits_tokenCount[0] (in)                      0.00      0.00       0.20 r
  io_command_bits_tokenCount[0] (net)          17                   0.00       0.20 r
  decompressionQk/compute/decompressor/io_command_bits_tokenCount[0] (DualKvDecompressionController)
                                                                    0.00       0.20 r
  decompressionQk/compute/decompressor/io_command_bits_tokenCount[0] (net)
                                                                    0.00       0.20 r
  decompressionQk/compute/decompressor/U8/ZN (NR2D1BWP12T30P140LVT)
                                                          0.01      0.01       0.21 f
  decompressionQk/compute/decompressor/n16 (net)
                                                1                   0.00       0.21 f
  decompressionQk/compute/decompressor/U100/ZN (ND2D2BWP12T30P140LVT)
                                                          0.01      0.01       0.21 r
  decompressionQk/compute/decompressor/n76 (net)
                                                1                   0.00       0.21 r
  decompressionQk/compute/decompressor/U39/CO (HA1D1BWP12T30P140LVT)
                                                          0.01      0.02       0.23 r
  decompressionQk/compute/decompressor/n77 (net)
                                                2                   0.00       0.23 r
  decompressionQk/compute/decompressor/U99/ZN (CKND2BWP12T30P140LVT)
                                                          0.01      0.00       0.24 f
  decompressionQk/compute/decompressor/n20 (net)
                                                1                   0.00       0.24 f
  decompressionQk/compute/decompressor/U98/ZN (NR2D2BWP12T30P140LVT)
                                                          0.01      0.01       0.24 r
  decompressionQk/compute/decompressor/n91 (net)
                                                1                   0.00       0.24 r
  decompressionQk/compute/decompressor/U97/CO (HA1D2BWP12T30P140LVT)
                                                          0.01      0.02       0.26 r
  decompressionQk/compute/decompressor/n1787 (net)
                                                1                   0.00       0.26 r
  decompressionQk/compute/decompressor/U37/CO (HA1D1BWP12T30P140LVT)
                                                          0.01      0.02       0.28 r
  decompressionQk/compute/decompressor/n1788 (net)
                                                1                   0.00       0.28 r
  decompressionQk/compute/decompressor/U94/CO (HA1D2BWP12T30P140LVT)
                                                          0.01      0.02       0.30 r
  decompressionQk/compute/decompressor/n340 (net)
                                                2                   0.00       0.30 r
  decompressionQk/compute/decompressor/U93/ZN (INVD1P25BWP12T30P140LVT)
                                                          0.01      0.01       0.31 f
  decompressionQk/compute/decompressor/n29 (net)
                                                1                   0.00       0.31 f
  decompressionQk/compute/decompressor/U92/ZN (INR2D2BWP12T30P140LVT)
                                                          0.01      0.01       0.32 r
  decompressionQk/compute/decompressor/n49 (net)
                                                1                   0.00       0.32 r
  decompressionQk/compute/decompressor/U91/CO (HA1D1BWP12T30P140LVT)
                                                          0.01      0.02       0.34 r
  decompressionQk/compute/decompressor/n1555 (net)
                                                1                   0.00       0.34 r
  decompressionQk/compute/decompressor/U32/CO (HA1D1BWP12T30P140LVT)
                                                          0.01      0.02       0.35 r
  decompressionQk/compute/decompressor/n240 (net)
                                                2                   0.00       0.35 r
  decompressionQk/compute/decompressor/U90/ZN (INVD1P25BWP12T30P140LVT)
                                                          0.01      0.01       0.36 f
  decompressionQk/compute/decompressor/n21 (net)
                                                1                   0.00       0.36 f
  decompressionQk/compute/decompressor/U89/ZN (INR2D2BWP12T30P140LVT)
                                                          0.01      0.01       0.37 r
  decompressionQk/compute/decompressor/n48 (net)
                                                1                   0.00       0.37 r
  decompressionQk/compute/decompressor/U88/CO (HA1D1BWP12T30P140LVT)
                                                          0.01      0.02       0.39 r
  decompressionQk/compute/decompressor/n1549 (net)
                                                1                   0.00       0.39 r
  decompressionQk/compute/decompressor/U87/CO (HA1D2BWP12T30P140LVT)
                                                          0.01      0.02       0.41 r
  decompressionQk/compute/decompressor/n229 (net)
                                                2                   0.00       0.41 r
  decompressionQk/compute/decompressor/U31/ZN (INVD1P25BWP12T30P140LVT)
                                                          0.01      0.01       0.41 f
  decompressionQk/compute/decompressor/n23 (net)
                                                1                   0.00       0.41 f
  decompressionQk/compute/decompressor/U85/ZN (INR2D2BWP12T30P140LVT)
                                                          0.01      0.01       0.42 r
  decompressionQk/compute/decompressor/n386 (net)
                                                2                   0.00       0.42 r
  decompressionQk/compute/decompressor/U84/ZN (CKND2D2BWP12T30P140LVT)
                                                          0.01      0.01       0.43 f
  decompressionQk/compute/decompressor/n22 (net)
                                                1                   0.00       0.43 f
  decompressionQk/compute/decompressor/U108/ZN (INVD2BWP12T30P140LVT)
                                                          0.01      0.01       0.43 r
  decompressionQk/compute/decompressor/n47 (net)
                                                1                   0.00       0.43 r
  decompressionQk/compute/decompressor/U1162/CO (HA1D2BWP12T30P140LVT)
                                                          0.01      0.02       0.45 r
  decompressionQk/compute/decompressor/n160 (net)
                                                1                   0.00       0.45 r
  decompressionQk/compute/decompressor/U1069/CO (HA1D4BWP12T30P140LVT)
                                                          0.01      0.02       0.47 r
  decompressionQk/compute/decompressor/n204 (net)
                                                1                   0.00       0.47 r
  decompressionQk/compute/decompressor/U1091/CO (HA1D4BWP12T30P140LVT)
                                                          0.01      0.02       0.49 r
  decompressionQk/compute/decompressor/n205 (net)
                                                2                   0.00       0.49 r
  decompressionQk/compute/decompressor/U118/ZN (INVD2BWP12T30P140LVT)
                                                          0.01      0.01       0.49 f
  decompressionQk/compute/decompressor/n32 (net)
                                                1                   0.00       0.49 f
  decompressionQk/compute/decompressor/U117/ZN (INR2D4BWP12T30P140LVT)
                                                          0.01      0.01       0.50 r
  decompressionQk/compute/decompressor/n146 (net)
                                                2                   0.00       0.50 r
  decompressionQk/compute/decompressor/U80/ZN (CKND2D3BWP12T30P140LVT)
                                                          0.01      0.01       0.51 f
  decompressionQk/compute/decompressor/n31 (net)
                                                1                   0.00       0.51 f
  decompressionQk/compute/decompressor/U116/ZN (INVD2BWP12T30P140LVT)
                                                          0.01      0.01       0.51 r
  decompressionQk/compute/decompressor/n46 (net)
                                                1                   0.00       0.51 r
  decompressionQk/compute/decompressor/U78/CO (HA1D1BWP12T30P140LVT)
                                                          0.01      0.02       0.53 r
  decompressionQk/compute/decompressor/n147 (net)
                                                2                   0.00       0.53 r
  decompressionQk/compute/decompressor/U120/ZN (ND2OPTPAD1BWP12T30P140LVT)
                                                          0.01      0.01       0.54 f
  decompressionQk/compute/decompressor/n33 (net)
                                                1                   0.00       0.54 f
  decompressionQk/compute/decompressor/U119/ZN (INVD2BWP12T30P140LVT)
                                                          0.01      0.01       0.55 r
  decompressionQk/compute/decompressor/n43 (net)
                                                1                   0.00       0.55 r
  decompressionQk/compute/decompressor/U141/CO (HA1D4BWP12T30P140LVT)
                                                          0.01      0.02       0.57 r
  decompressionQk/compute/decompressor/n116 (net)
                                                2                   0.00       0.57 r
  decompressionQk/compute/decompressor/U74/ZN (CKND2D4BWP12T30P140LVT)
                                                          0.01      0.01       0.57 f
  decompressionQk/compute/decompressor/n66 (net)
                                                2                   0.00       0.57 f
  decompressionQk/compute/decompressor/U602/ZN (NR2D2BWP12T30P140LVT)
                                                          0.01      0.01       0.58 r
  decompressionQk/compute/decompressor/n92 (net)
                                                1                   0.00       0.58 r
  decompressionQk/compute/decompressor/U73/S (HA1D2BWP12T30P140LVT)
                                                          0.01      0.02       0.61 f
  decompressionQk/compute/decompressor/n3781 (net)
                                                2                   0.00       0.61 f
  decompressionQk/compute/decompressor/U70/ZN (CKND6BWP12T30P140LVT)
                                                          0.02      0.01       0.62 r
  decompressionQk/compute/decompressor/n1522 (net)
                                               37                   0.00       0.62 r
  decompressionQk/compute/decompressor/U68/ZN (INVD6BWP12T30P140LVT)
                                                          0.02      0.01       0.63 f
  decompressionQk/compute/decompressor/n1652 (net)
                                               38                   0.00       0.63 f
  decompressionQk/compute/decompressor/U477/ZN (MUX2ND0BWP12T30P140LVT)
                                                          0.03      0.02       0.65 r
  decompressionQk/compute/decompressor/n143 (net)
                                                3                   0.00       0.65 r
  decompressionQk/compute/decompressor/U24/ZN (NR2D0BWP12T30P140LVT)
                                                          0.02      0.01       0.66 f
  decompressionQk/compute/decompressor/n1519 (net)
                                                1                   0.00       0.66 f
  decompressionQk/compute/decompressor/U22/ZN (INVD0BWP12T30P140LVT)
                                                          0.01      0.01       0.68 r
  decompressionQk/compute/decompressor/n3 (net)
                                                1                   0.00       0.68 r
  decompressionQk/compute/decompressor/U23/ZN (INVD2BWP12T30P140LVT)
                                                          0.03      0.02       0.70 f
  decompressionQk/compute/decompressor/n4 (net)
                                               33                   0.00       0.70 f
  decompressionQk/compute/decompressor/U1229/ZN (AOI222D1BWP12T30P140LVT)
                                                          0.04      0.03       0.73 r
  decompressionQk/compute/decompressor/n1513 (net)
                                                1                   0.00       0.73 r
  decompressionQk/compute/decompressor/U1230/ZN (MUX2ND0BWP12T30P140LVT)
                                                          0.04      0.03       0.76 r
  decompressionQk/compute/decompressor/n1668 (net)
                                                1                   0.00       0.76 r
  decompressionQk/compute/decompressor/U664/S (HA1D1BWP12T30P140LVT)
                                                          0.01      0.03       0.79 f
  decompressionQk/compute/decompressor/n1732 (net)
                                                1                   0.00       0.79 f
  decompressionQk/compute/decompressor/U663/S (FA1D1BWP12T30P140LVT)
                                                          0.02      0.05       0.84 r
  decompressionQk/compute/decompressor/n1857 (net)
                                                1                   0.00       0.84 r
  decompressionQk/compute/decompressor/U1410/CO (FA1D0BWP12T30P140LVT)
                                                          0.02      0.04       0.87 r
  decompressionQk/compute/decompressor/n1850 (net)
                                                1                   0.00       0.87 r
  decompressionQk/compute/decompressor/U1407/CO (FA1D0BWP12T30P140LVT)
                                                          0.02      0.04       0.91 r
  decompressionQk/compute/decompressor/n1845 (net)
                                                1                   0.00       0.91 r
  decompressionQk/compute/decompressor/U1404/S (FA1D1BWP12T30P140LVT)
                                                          0.02      0.05       0.96 f
  decompressionQk/compute/decompressor/n1956 (net)
                                                1                   0.00       0.96 f
  decompressionQk/compute/decompressor/U717/CO (FA1D1BWP12T30P140LVT)
                                                          0.02      0.03       0.99 f
  decompressionQk/compute/decompressor/n1951 (net)
                                                1                   0.00       0.99 f
  decompressionQk/compute/decompressor/U1457/S (FA1D1BWP12T30P140LVT)
                                                          0.02      0.06       1.05 r
  decompressionQk/compute/decompressor/n2083 (net)
                                                1                   0.00       1.05 r
  decompressionQk/compute/decompressor/U677/S (FA1D1BWP12T30P140LVT)
                                                          0.02      0.05       1.10 f
  decompressionQk/compute/decompressor/n2332 (net)
                                                1                   0.00       1.10 f
  decompressionQk/compute/decompressor/U682/CO (FA1D1BWP12T30P140LVT)
                                                          0.01      0.03       1.13 f
  decompressionQk/compute/decompressor/n2219 (net)
                                                1                   0.00       1.13 f
  decompressionQk/compute/decompressor/U681/CO (FA1D1BWP12T30P140LVT)
                                                          0.01      0.03       1.16 f
  decompressionQk/compute/decompressor/n2214 (net)
                                                1                   0.00       1.16 f
  decompressionQk/compute/decompressor/U1588/CO (FA1D1BWP12T30P140LVT)
                                                          0.01      0.03       1.19 f
  decompressionQk/compute/decompressor/n2209 (net)
                                                1                   0.00       1.19 f
  decompressionQk/compute/decompressor/U672/CO (FA1D1BWP12T30P140LVT)
                                                          0.01      0.03       1.21 f
  decompressionQk/compute/decompressor/n2204 (net)
                                                1                   0.00       1.21 f
  decompressionQk/compute/decompressor/U729/CO (FA1D1BWP12T30P140LVT)
                                                          0.01      0.03       1.24 f
  decompressionQk/compute/decompressor/n2199 (net)
                                                1                   0.00       1.24 f
  decompressionQk/compute/decompressor/U728/S (FA1D1BWP12T30P140LVT)
                                                          0.02      0.05       1.29 r
  decompressionQk/compute/decompressor/n2350 (net)
                                                1                   0.00       1.29 r
  decompressionQk/compute/decompressor/U123/S (FA1OPTCD1BWP12T30P140LVT)
                                                          0.02      0.06       1.35 f
  decompressionQk/compute/decompressor/n2891 (net)
                                                1                   0.00       1.35 f
  decompressionQk/compute/decompressor/U12/CO (FA1D1BWP12T30P140LVT)
                                                          0.02      0.03       1.39 f
  decompressionQk/compute/decompressor/n2867 (net)
                                                1                   0.00       1.39 f
  decompressionQk/compute/decompressor/U54/CO (FA1OPTCD1BWP12T30P140LVT)
                                                          0.01      0.02       1.41 f
  decompressionQk/compute/decompressor/n2755 (net)
                                                1                   0.00       1.41 f
  decompressionQk/compute/decompressor/U1781/CO (FA1D1BWP12T30P140LVT)
                                                          0.01      0.02       1.43 f
  decompressionQk/compute/decompressor/n2857 (net)
                                                2                   0.00       1.43 f
  decompressionQk/compute/decompressor/U110/ZN (INVD0BWP12T30P140LVT)
                                                          0.01      0.01       1.44 r
  decompressionQk/compute/decompressor/n24 (net)
                                                1                   0.00       1.44 r
  decompressionQk/compute/decompressor/U109/ZN (ND2D1BWP12T30P140LVT)
                                                          0.02      0.01       1.46 f
  decompressionQk/compute/decompressor/n2851 (net)
                                                1                   0.00       1.46 f
  decompressionQk/compute/decompressor/U1826/CO (FA1OPTCD2BWP12T30P140LVT)
                                                          0.01      0.02       1.48 f
  decompressionQk/compute/decompressor/n2848 (net)
                                                1                   0.00       1.48 f
  decompressionQk/compute/decompressor/U1825/CO (FA1OPTCD2BWP12T30P140LVT)
                                                          0.01      0.02       1.49 f
  decompressionQk/compute/decompressor/n2846 (net)
                                                2                   0.00       1.49 f
  decompressionQk/compute/decompressor/U107/ZN (INVD1BWP12T30P140LVT)
                                                          0.01      0.01       1.50 r
  decompressionQk/compute/decompressor/n18 (net)
                                                1                   0.00       1.50 r
  decompressionQk/compute/decompressor/U106/ZN (CKND2D2BWP12T30P140LVT)
                                                          0.01      0.01       1.51 f
  decompressionQk/compute/decompressor/n2695 (net)
                                                1                   0.00       1.51 f
  decompressionQk/compute/decompressor/U1769/CO (FA1OPTCD2BWP12T30P140LVT)
                                                          0.01      0.02       1.53 f
  decompressionQk/compute/decompressor/n2694 (net)
                                                2                   0.00       1.53 f
  decompressionQk/compute/decompressor/U47/ZN (NR2D2BWP12T30P140LVT)
                                                          0.01      0.01       1.54 r
  decompressionQk/compute/decompressor/n2570 (net)
                                                2                   0.00       1.54 r
  decompressionQk/compute/decompressor/U124/ZN (ND2D2BWP12T30P140LVT)
                                                          0.01      0.01       1.55 f
  decompressionQk/compute/decompressor/n2679 (net)
                                                1                   0.00       1.55 f
  decompressionQk/compute/decompressor/U1765/CO (FA1OPTCD2BWP12T30P140LVT)
                                                          0.01      0.02       1.57 f
  decompressionQk/compute/decompressor/n2728 (net)
                                                2                   0.00       1.57 f
  decompressionQk/compute/decompressor/U115/ZN (INR2D4BWP12T30P140LVT)
                                                          0.01      0.01       1.58 r
  decompressionQk/compute/decompressor/n2585 (net)
                                                2                   0.00       1.58 r
  decompressionQk/compute/decompressor/U46/ZN (CKND2D3BWP12T30P140LVT)
                                                          0.01      0.01       1.58 f
  decompressionQk/compute/decompressor/n2715 (net)
                                                2                   0.00       1.58 f
  decompressionQk/compute/decompressor/U45/ZN (INVD1BWP12T30P140LVT)
                                                          0.01      0.01       1.59 r
  decompressionQk/compute/decompressor/n2598 (net)
                                                1                   0.00       1.59 r
  decompressionQk/compute/decompressor/U1744/ZN (ND2OPTPAD2BWP12T30P140LVT)
                                                          0.01      0.01       1.60 f
  decompressionQk/compute/decompressor/n2632 (net)
                                                1                   0.00       1.60 f
  decompressionQk/compute/decompressor/U1752/CO (FA1OPTCD2BWP12T30P140LVT)
                                                          0.01      0.02       1.62 f
  decompressionQk/compute/decompressor/n2708 (net)
                                                3                   0.00       1.62 f
  decompressionQk/compute/decompressor/U114/ZN (NR2OPTPAD2BWP12T30P140LVT)
                                                          0.01      0.01       1.63 r
  decompressionQk/compute/decompressor/n28 (net)
                                                1                   0.00       1.63 r
  decompressionQk/compute/decompressor/U113/ZN (INVD2BWP12T30P140LVT)
                                                          0.01      0.01       1.63 f
  decompressionQk/compute/decompressor/n44 (net)
                                                1                   0.00       1.63 f
  decompressionQk/compute/decompressor/U1751/CO (FA1OPTCD2BWP12T30P140LVT)
                                                          0.01      0.02       1.65 f
  decompressionQk/compute/decompressor/n2627 (net)
                                                1                   0.00       1.65 f
  decompressionQk/compute/decompressor/U1750/CO (FA1OPTCD2BWP12T30P140LVT)
                                                          0.01      0.02       1.67 f
  decompressionQk/compute/decompressor/n2672 (net)
                                                1                   0.00       1.67 f
  decompressionQk/compute/decompressor/U1763/CO (FA1OPTCD2BWP12T30P140LVT)
                                                          0.01      0.02       1.68 f
  decompressionQk/compute/decompressor/n2671 (net)
                                                2                   0.00       1.68 f
  decompressionQk/compute/decompressor/U103/ZN (INVD2BWP12T30P140LVT)
                                                          0.01      0.01       1.69 r
  decompressionQk/compute/decompressor/n14 (net)
                                                1                   0.00       1.69 r
  decompressionQk/compute/decompressor/U102/ZN (CKND2D4BWP12T30P140LVT)
                                                          0.01      0.01       1.70 f
  decompressionQk/compute/decompressor/n2662 (net)
                                                1                   0.00       1.70 f
  decompressionQk/compute/decompressor/U1761/CO (FA1OPTCD2BWP12T30P140LVT)
                                                          0.01      0.02       1.71 f
  decompressionQk/compute/decompressor/n2659 (net)
                                                1                   0.00       1.71 f
  decompressionQk/compute/decompressor/U1760/CO (FA1OPTCD2BWP12T30P140LVT)
                                                          0.01      0.02       1.73 f
  decompressionQk/compute/decompressor/n2622 (net)
                                                2                   0.00       1.73 f
  decompressionQk/compute/decompressor/U105/ZN (INVD2BWP12T30P140LVT)
                                                          0.01      0.01       1.74 r
  decompressionQk/compute/decompressor/n17 (net)
                                                1                   0.00       1.74 r
  decompressionQk/compute/decompressor/U104/ZN (CKND2D4BWP12T30P140LVT)
                                                          0.01      0.01       1.74 f
  decompressionQk/compute/decompressor/n2613 (net)
                                                1                   0.00       1.74 f
  decompressionQk/compute/decompressor/U1748/CO (FA1OPTCD2BWP12T30P140LVT)
                                                          0.01      0.02       1.76 f
  decompressionQk/compute/decompressor/n2610 (net)
                                                1                   0.00       1.76 f
  decompressionQk/compute/decompressor/U1747/CO (FA1OPTCD2BWP12T30P140LVT)
                                                          0.01      0.02       1.78 f
  decompressionQk/compute/decompressor/n2745 (net)
                                                1                   0.00       1.78 f
  decompressionQk/compute/decompressor/U1780/CO (FA1OPTCD2BWP12T30P140LVT)
                                                          0.01      0.02       1.80 f
  decompressionQk/compute/decompressor/n2758 (net)
                                                1                   0.00       1.80 f
  decompressionQk/compute/decompressor/U125/CO (FA1OPTCD2BWP12T30P140LVT)
                                                          0.01      0.02       1.81 f
  decompressionQk/compute/decompressor/n2765 (net)
                                                2                   0.00       1.81 f
  decompressionQk/compute/decompressor/U605/ZN (NR2OPTPAD2BWP12T30P140LVT)
                                                          0.01      0.01       1.82 r
  decompressionQk/compute/decompressor/n67 (net)
                                                1                   0.00       1.82 r
  decompressionQk/compute/decompressor/U604/Z (MUX2OPTD4BWP12T30P140LVT)
                                                          0.01      0.02       1.84 f
  decompressionQk/compute/decompressor/n3001 (net)
                                                2                   0.00       1.84 f
  decompressionQk/compute/decompressor/U1782/ZN (ND2OPTPAD1BWP12T30P140LVT)
                                                          0.01      0.01       1.85 r
  decompressionQk/compute/decompressor/n2792 (net)
                                                1                   0.00       1.85 r
  decompressionQk/compute/decompressor/U1804/ZN (CKND2D2BWP12T30P140LVT)
                                                          0.01      0.01       1.85 f
  decompressionQk/compute/decompressor/n3003 (net)
                                                1                   0.00       1.85 f
  decompressionQk/compute/decompressor/U40/ZN (NR2D1BWP12T30P140LVT)
                                                          0.01      0.01       1.86 r
  decompressionQk/compute/decompressor/n55 (net)
                                                1                   0.00       1.86 r
  decompressionQk/compute/decompressor/U592/ZN (AOI21OPTPBD2BWP12T30P140LVT)
                                                          0.02      0.01       1.88 f
  decompressionQk/compute/decompressor/n3371 (net)
                                                2                   0.00       1.88 f
  decompressionQk/compute/decompressor/U601/ZN (OAI21OPTREPBD2BWP12T30P140LVT)
                                                          0.02      0.01       1.89 r
  decompressionQk/compute/decompressor/n64 (net)
                                                1                   0.00       1.89 r
  decompressionQk/compute/decompressor/U600/ZN (IOA21D2BWP12T30P140LVT)
                                                          0.01      0.01       1.90 f
  decompressionQk/compute/decompressor/n1332 (net)
                                                1                   0.00       1.90 f
  decompressionQk/compute/decompressor/resultError_reg/D (DFQD1BWP12T30P140LVT)
                                                          0.01      0.00       1.90 f
  data arrival time                                                            1.90

  clock clk (rise edge)                                             2.00       2.00
  clock network delay (ideal)                                       0.00       2.00
  clock uncertainty                                                -0.10       1.90
  decompressionQk/compute/decompressor/resultError_reg/CP (DFQD1BWP12T30P140LVT)
                                                                    0.00       1.90 r
  library setup time                                                0.00       1.90
  data required time                                                           1.90
  ------------------------------------------------------------------------------------
  data required time                                                           1.90
  data arrival time                                                           -1.90
  ------------------------------------------------------------------------------------
  slack (MET)                                                                  0.00


  Startpoint: softmaxV/accumulator/weightPacketReg_weights_5_reg[2]
              (rising edge-triggered flip-flop clocked by clk)
  Endpoint: softmaxV/accumulator/featureAccumulator_reg[47]
            (rising edge-triggered flip-flop clocked by clk)
  Path Group: clk
  Path Type: max

  Des/Clust/Port     Wire Load Model       Library
  ------------------------------------------------
  AttentionFeaturePacketizer_0
                     ZeroWireload          tcbn28hpcplusbwp12t30p140lvtssg0p81v125c
  PackDescriptorDecoder_1
                     ZeroWireload          tcbn28hpcplusbwp12t30p140lvtssg0p81v125c
  PackDescriptorDecoder
                     ZeroWireload          tcbn28hpcplusbwp12t30p140lvtssg0p81v125c
  BufferedPackMetadataDequantizer_1
                     ZeroWireload          tcbn28hpcplusbwp12t30p140lvtssg0p81v125c
  DynamicBitUnpacker_1
                     ZeroWireload          tcbn28hpcplusbwp12t30p140lvtssg0p81v125c
  BufferedPackMetadataDequantizer
                     ZeroWireload          tcbn28hpcplusbwp12t30p140lvtssg0p81v125c
  DynamicBitUnpacker ZeroWireload          tcbn28hpcplusbwp12t30p140lvtssg0p81v125c
  KvStreamDequantizer_1
                     ZeroWireload          tcbn28hpcplusbwp12t30p140lvtssg0p81v125c
  KvStreamDequantizer
                     ZeroWireload          tcbn28hpcplusbwp12t30p140lvtssg0p81v125c
  DecompressionPipelineController_1
                     ZeroWireload          tcbn28hpcplusbwp12t30p140lvtssg0p81v125c
  DecompressionPipelineController
                     ZeroWireload          tcbn28hpcplusbwp12t30p140lvtssg0p81v125c
  QkDotProductAccumulator
                     ZeroWireload          tcbn28hpcplusbwp12t30p140lvtssg0p81v125c
  QueryReplayBuffer  ZeroWireload          tcbn28hpcplusbwp12t30p140lvtssg0p81v125c
  AttentionFeaturePacketizer_1
                     ZeroWireload          tcbn28hpcplusbwp12t30p140lvtssg0p81v125c
  DualKvDecompressionController
                     ZeroWireload          tcbn28hpcplusbwp12t30p140lvtssg0p81v125c
  SoftmaxVAccumulator
                     ZeroWireload          tcbn28hpcplusbwp12t30p140lvtssg0p81v125c
  StreamingSoftmax   ZeroWireload          tcbn28hpcplusbwp12t30p140lvtssg0p81v125c
  AttentionScaleUnit ZeroWireload          tcbn28hpcplusbwp12t30p140lvtssg0p81v125c
  AvOutputQuantizer  ZeroWireload          tcbn28hpcplusbwp12t30p140lvtssg0p81v125c
  BriskKvAttentionTop
                     ZeroWireload          tcbn28hpcplusbwp12t30p140lvtssg0p81v125c

  Point                                       Fanout     Trans      Incr       Path
  ------------------------------------------------------------------------------------
  clock clk (rise edge)                                             0.00       0.00
  clock network delay (ideal)                                       0.00       0.00
  softmaxV/accumulator/weightPacketReg_weights_5_reg[2]/CP (DFQD1BWP12T30P140LVT)
                                                          0.00      0.00 #     0.00 r
  softmaxV/accumulator/weightPacketReg_weights_5_reg[2]/Q (DFQD1BWP12T30P140LVT)
                                                          0.04      0.06       0.06 f
  softmaxV/accumulator/weightPacketReg_weights_5[2] (net)
                                               23                   0.00       0.06 f
  softmaxV/accumulator/U2238/ZN (INVD0BWP12T30P140LVT)
                                                          0.09      0.06       0.13 r
  softmaxV/accumulator/n7682 (net)             24                   0.00       0.13 r
  softmaxV/accumulator/U8352/ZN (MAOI22D0BWP12T30P140LVT)
                                                          0.03      0.03       0.16 r
  softmaxV/accumulator/n7560 (net)              2                   0.00       0.16 r
  softmaxV/accumulator/U8353/ZN (ND2D0BWP12T30P140LVT)
                                                          0.07      0.04       0.20 f
  softmaxV/accumulator/n7668 (net)             13                   0.00       0.20 f
  softmaxV/accumulator/U8366/ZN (INVD0BWP12T30P140LVT)
                                                          0.04      0.03       0.23 r
  softmaxV/accumulator/n7679 (net)              6                   0.00       0.23 r
  softmaxV/accumulator/U8411/ZN (AOI222D1BWP12T30P140LVT)
                                                          0.05      0.02       0.25 f
  softmaxV/accumulator/n7680 (net)              1                   0.00       0.25 f
  softmaxV/accumulator/U8412/ZN (MUX2ND0BWP12T30P140LVT)
                                                          0.04      0.03       0.27 r
  softmaxV/accumulator/n10826 (net)             1                   0.00       0.27 r
  softmaxV/accumulator/U565/CO (HA1D0BWP12T30P140LVT)     0.02      0.03       0.30 r
  softmaxV/accumulator/n10537 (net)             1                   0.00       0.30 r
  softmaxV/accumulator/U3475/CO (HA1D0BWP12T30P140LVT)
                                                          0.02      0.02       0.32 r
  softmaxV/accumulator/n10561 (net)             1                   0.00       0.32 r
  softmaxV/accumulator/U2202/CO (FA1D0BWP12T30P140LVT)
                                                          0.02      0.03       0.36 r
  softmaxV/accumulator/n12106 (net)             1                   0.00       0.36 r
  softmaxV/accumulator/U10311/CO (FA1D1BWP12T30P140LVT)
                                                          0.01      0.03       0.38 r
  softmaxV/accumulator/n10267 (net)             1                   0.00       0.38 r
  softmaxV/accumulator/U3487/CO (FA1D0BWP12T30P140LVT)
                                                          0.02      0.03       0.42 r
  softmaxV/accumulator/n10511 (net)             1                   0.00       0.42 r
  softmaxV/accumulator/U2212/CO (FA1D0BWP12T30P140LVT)
                                                          0.02      0.04       0.45 r
  softmaxV/accumulator/n11052 (net)             1                   0.00       0.45 r
  softmaxV/accumulator/U10003/CO (FA1D1BWP12T30P140LVT)
                                                          0.01      0.03       0.48 r
  softmaxV/accumulator/n11303 (net)             1                   0.00       0.48 r
  softmaxV/accumulator/U3575/CO (FA1D0BWP12T30P140LVT)
                                                          0.02      0.03       0.51 r
  softmaxV/accumulator/n10757 (net)             1                   0.00       0.51 r
  softmaxV/accumulator/U2227/CO (FA1D0BWP12T30P140LVT)
                                                          0.02      0.04       0.55 r
  softmaxV/accumulator/n11546 (net)             1                   0.00       0.55 r
  softmaxV/accumulator/U10151/CO (FA1D1BWP12T30P140LVT)
                                                          0.01      0.03       0.57 r
  softmaxV/accumulator/n9967 (net)              1                   0.00       0.57 r
  softmaxV/accumulator/U2107/CO (FA1D0BWP12T30P140LVT)
                                                          0.02      0.03       0.60 r
  softmaxV/accumulator/n11271 (net)             1                   0.00       0.60 r
  softmaxV/accumulator/U3207/CO (FA1D0BWP12T30P140LVT)
                                                          0.02      0.04       0.64 r
  softmaxV/accumulator/n10725 (net)             1                   0.00       0.64 r
  softmaxV/accumulator/U9903/CO (FA1D1BWP12T30P140LVT)
                                                          0.01      0.03       0.67 r
  softmaxV/accumulator/n11513 (net)             1                   0.00       0.67 r
  softmaxV/accumulator/U2128/CO (FA1D0BWP12T30P140LVT)
                                                          0.02      0.03       0.70 r
  softmaxV/accumulator/n9935 (net)              1                   0.00       0.70 r
  softmaxV/accumulator/U3220/CO (FA1D0BWP12T30P140LVT)
                                                          0.02      0.04       0.73 r
  softmaxV/accumulator/n11239 (net)             1                   0.00       0.73 r
  softmaxV/accumulator/U504/CO (FA1D1BWP12T30P140LVT)     0.01      0.03       0.76 r
  softmaxV/accumulator/n10693 (net)             1                   0.00       0.76 r
  softmaxV/accumulator/U2142/CO (FA1D0BWP12T30P140LVT)
                                                          0.02      0.03       0.79 r
  softmaxV/accumulator/n11481 (net)             1                   0.00       0.79 r
  softmaxV/accumulator/U498/CO (FA1D1BWP12T30P140LVT)     0.01      0.03       0.82 r
  softmaxV/accumulator/n9903 (net)              1                   0.00       0.82 r
  softmaxV/accumulator/U494/CO (FA1D1BWP12T30P140LVT)     0.01      0.02       0.84 r
  softmaxV/accumulator/n11207 (net)             1                   0.00       0.84 r
  softmaxV/accumulator/U3268/CO (FA1D0BWP12T30P140LVT)
                                                          0.02      0.03       0.88 r
  softmaxV/accumulator/n10661 (net)             1                   0.00       0.88 r
  softmaxV/accumulator/U3278/CO (FA1D0BWP12T30P140LVT)
                                                          0.02      0.04       0.91 r
  softmaxV/accumulator/n11449 (net)             1                   0.00       0.91 r
  softmaxV/accumulator/U3296/CO (FA1D0BWP12T30P140LVT)
                                                          0.02      0.04       0.95 r
  softmaxV/accumulator/n9871 (net)              1                   0.00       0.95 r
  softmaxV/accumulator/U3306/CO (FA1D0BWP12T30P140LVT)
                                                          0.02      0.04       0.98 r
  softmaxV/accumulator/n11175 (net)             1                   0.00       0.98 r
  softmaxV/accumulator/U3320/CO (FA1D0BWP12T30P140LVT)
                                                          0.02      0.04       1.02 r
  softmaxV/accumulator/n10629 (net)             1                   0.00       1.02 r
  softmaxV/accumulator/U3332/CO (FA1D0BWP12T30P140LVT)
                                                          0.02      0.04       1.05 r
  softmaxV/accumulator/n11417 (net)             1                   0.00       1.05 r
  softmaxV/accumulator/U474/CO (FA1D1BWP12T30P140LVT)     0.01      0.03       1.08 r
  softmaxV/accumulator/n9839 (net)              1                   0.00       1.08 r
  softmaxV/accumulator/U3537/CO (FA1D0BWP12T30P140LVT)
                                                          0.02      0.03       1.11 r
  softmaxV/accumulator/n11143 (net)             1                   0.00       1.11 r
  softmaxV/accumulator/U3410/CO (FA1D0BWP12T30P140LVT)
                                                          0.02      0.04       1.15 r
  softmaxV/accumulator/n10597 (net)             1                   0.00       1.15 r
  softmaxV/accumulator/U3547/CO (FA1D0BWP12T30P140LVT)
                                                          0.02      0.04       1.18 r
  softmaxV/accumulator/n11385 (net)             1                   0.00       1.18 r
  softmaxV/accumulator/U3450/CO (FA1D0BWP12T30P140LVT)
                                                          0.02      0.04       1.22 r
  softmaxV/accumulator/n9807 (net)              1                   0.00       1.22 r
  softmaxV/accumulator/U2179/CO (FA1D0BWP12T30P140LVT)
                                                          0.02      0.04       1.25 r
  softmaxV/accumulator/n11111 (net)             1                   0.00       1.25 r
  softmaxV/accumulator/U10027/S (FA1D1BWP12T30P140LVT)
                                                          0.01      0.04       1.30 f
  softmaxV/accumulator/n11114 (net)             1                   0.00       1.30 f
  softmaxV/accumulator/U10028/ZN (INR2D1BWP12T30P140LVT)
                                                          0.02      0.02       1.32 f
  softmaxV/accumulator/n12117 (net)             1                   0.00       1.32 f
  softmaxV/accumulator/U10315/S (FA1D1BWP12T30P140LVT)
                                                          0.02      0.06       1.37 r
  softmaxV/accumulator/n12359 (net)             1                   0.00       1.37 r
  softmaxV/accumulator/U708/S (FA1D1BWP12T30P140LVT)      0.02      0.05       1.42 f
  softmaxV/accumulator/n12629 (net)             3                   0.00       1.42 f
  softmaxV/accumulator/U165/Z (CKXOR2D0BWP12T30P140LVT)
                                                          0.01      0.03       1.45 r
  softmaxV/accumulator/n120 (net)               1                   0.00       1.45 r
  softmaxV/accumulator/U408/Z (CKXOR2D1BWP12T30P140LVT)
                                                          0.01      0.03       1.48 f
  softmaxV/accumulator/n12659 (net)             1                   0.00       1.48 f
  softmaxV/accumulator/U10440/S (FA1D0BWP12T30P140LVT)
                                                          0.03      0.06       1.54 r
  softmaxV/accumulator/n15157 (net)             1                   0.00       1.54 r
  softmaxV/accumulator/U707/CO (FA1D1BWP12T30P140LVT)     0.01      0.03       1.57 r
  softmaxV/accumulator/n15164 (net)             1                   0.00       1.57 r
  softmaxV/accumulator/U710/CO (FA1OPTCD2BWP12T30P140LVT)
                                                          0.01      0.02       1.59 r
  softmaxV/accumulator/n15170 (net)             1                   0.00       1.59 r
  softmaxV/accumulator/U711/CO (FA1OPTCD2BWP12T30P140LVT)
                                                          0.01      0.02       1.60 r
  softmaxV/accumulator/n15177 (net)             1                   0.00       1.60 r
  softmaxV/accumulator/U12792/CO (FA1OPTCD2BWP12T30P140LVT)
                                                          0.01      0.02       1.62 r
  softmaxV/accumulator/n15181 (net)             1                   0.00       1.62 r
  softmaxV/accumulator/U12795/CO (FA1OPTCD2BWP12T30P140LVT)
                                                          0.01      0.02       1.64 r
  softmaxV/accumulator/n15185 (net)             1                   0.00       1.64 r
  softmaxV/accumulator/U12797/CO (FA1OPTCD2BWP12T30P140LVT)
                                                          0.01      0.02       1.66 r
  softmaxV/accumulator/n15189 (net)             1                   0.00       1.66 r
  softmaxV/accumulator/U12799/CO (FA1OPTCD2BWP12T30P140LVT)
                                                          0.01      0.02       1.68 r
  softmaxV/accumulator/n15193 (net)             1                   0.00       1.68 r
  softmaxV/accumulator/U12801/CO (FA1OPTCD2BWP12T30P140LVT)
                                                          0.01      0.02       1.70 r
  softmaxV/accumulator/n15197 (net)             1                   0.00       1.70 r
  softmaxV/accumulator/U12803/CO (FA1OPTCD2BWP12T30P140LVT)
                                                          0.01      0.02       1.72 r
  softmaxV/accumulator/n15201 (net)             1                   0.00       1.72 r
  softmaxV/accumulator/U12805/CO (FA1OPTCD2BWP12T30P140LVT)
                                                          0.01      0.02       1.74 r
  softmaxV/accumulator/n15205 (net)             1                   0.00       1.74 r
  softmaxV/accumulator/U12807/CO (FA1OPTCD2BWP12T30P140LVT)
                                                          0.01      0.02       1.75 r
  softmaxV/accumulator/n15209 (net)             1                   0.00       1.75 r
  softmaxV/accumulator/U12809/CO (FA1OPTCD2BWP12T30P140LVT)
                                                          0.01      0.02       1.77 r
  softmaxV/accumulator/n15213 (net)             1                   0.00       1.77 r
  softmaxV/accumulator/U12811/CO (FA1OPTCD2BWP12T30P140LVT)
                                                          0.01      0.02       1.79 r
  softmaxV/accumulator/n15217 (net)             1                   0.00       1.79 r
  softmaxV/accumulator/U12812/CO (FA1OPTCD2BWP12T30P140LVT)
                                                          0.01      0.02       1.81 r
  softmaxV/accumulator/n15223 (net)             1                   0.00       1.81 r
  softmaxV/accumulator/U12813/CO (FA1OPTCD2BWP12T30P140LVT)
                                                          0.01      0.02       1.83 r
  softmaxV/accumulator/n15856 (net)             1                   0.00       1.83 r
  softmaxV/accumulator/U13201/S (FA1OPTCD2BWP12T30P140LVT)
                                                          0.02      0.04       1.87 r
  softmaxV/accumulator/n15861 (net)             2                   0.00       1.87 r
  softmaxV/accumulator/U3/ZN (INVD1BWP12T30P140LVT)       0.01      0.01       1.88 f
  softmaxV/accumulator/n60 (net)                1                   0.00       1.88 f
  softmaxV/accumulator/U621/ZN (MOAI22D1BWP12T30P140LVT)
                                                          0.02      0.01       1.89 r
  softmaxV/accumulator/n1024 (net)              1                   0.00       1.89 r
  softmaxV/accumulator/featureAccumulator_reg[47]/D (DFQD1BWP12T30P140LVT)
                                                          0.02      0.00       1.89 r
  data arrival time                                                            1.89

  clock clk (rise edge)                                             2.00       2.00
  clock network delay (ideal)                                       0.00       2.00
  clock uncertainty                                                -0.10       1.90
  softmaxV/accumulator/featureAccumulator_reg[47]/CP (DFQD1BWP12T30P140LVT)
                                                                    0.00       1.90 r
  library setup time                                               -0.01       1.89
  data required time                                                           1.89
  ------------------------------------------------------------------------------------
  data required time                                                           1.89
  data arrival time                                                           -1.89
  ------------------------------------------------------------------------------------
  slack (MET)                                                                  0.00


  Startpoint: decompressionQk/compute/decompressor/commandReg_tokenCount_reg[0]
              (rising edge-triggered flip-flop clocked by clk)
  Endpoint: decompressionQk/compute/decompressor/kController/resultError_reg
            (rising edge-triggered flip-flop clocked by clk)
  Path Group: clk
  Path Type: max

  Des/Clust/Port     Wire Load Model       Library
  ------------------------------------------------
  AttentionFeaturePacketizer_0
                     ZeroWireload          tcbn28hpcplusbwp12t30p140lvtssg0p81v125c
  PackDescriptorDecoder_1
                     ZeroWireload          tcbn28hpcplusbwp12t30p140lvtssg0p81v125c
  PackDescriptorDecoder
                     ZeroWireload          tcbn28hpcplusbwp12t30p140lvtssg0p81v125c
  BufferedPackMetadataDequantizer_1
                     ZeroWireload          tcbn28hpcplusbwp12t30p140lvtssg0p81v125c
  DynamicBitUnpacker_1
                     ZeroWireload          tcbn28hpcplusbwp12t30p140lvtssg0p81v125c
  BufferedPackMetadataDequantizer
                     ZeroWireload          tcbn28hpcplusbwp12t30p140lvtssg0p81v125c
  DynamicBitUnpacker ZeroWireload          tcbn28hpcplusbwp12t30p140lvtssg0p81v125c
  KvStreamDequantizer_1
                     ZeroWireload          tcbn28hpcplusbwp12t30p140lvtssg0p81v125c
  KvStreamDequantizer
                     ZeroWireload          tcbn28hpcplusbwp12t30p140lvtssg0p81v125c
  DecompressionPipelineController_1
                     ZeroWireload          tcbn28hpcplusbwp12t30p140lvtssg0p81v125c
  DecompressionPipelineController
                     ZeroWireload          tcbn28hpcplusbwp12t30p140lvtssg0p81v125c
  QkDotProductAccumulator
                     ZeroWireload          tcbn28hpcplusbwp12t30p140lvtssg0p81v125c
  QueryReplayBuffer  ZeroWireload          tcbn28hpcplusbwp12t30p140lvtssg0p81v125c
  AttentionFeaturePacketizer_1
                     ZeroWireload          tcbn28hpcplusbwp12t30p140lvtssg0p81v125c
  DualKvDecompressionController
                     ZeroWireload          tcbn28hpcplusbwp12t30p140lvtssg0p81v125c
  SoftmaxVAccumulator
                     ZeroWireload          tcbn28hpcplusbwp12t30p140lvtssg0p81v125c
  StreamingSoftmax   ZeroWireload          tcbn28hpcplusbwp12t30p140lvtssg0p81v125c
  AttentionScaleUnit ZeroWireload          tcbn28hpcplusbwp12t30p140lvtssg0p81v125c
  AvOutputQuantizer  ZeroWireload          tcbn28hpcplusbwp12t30p140lvtssg0p81v125c
  BriskKvAttentionTop
                     ZeroWireload          tcbn28hpcplusbwp12t30p140lvtssg0p81v125c

  Point                                       Fanout     Trans      Incr       Path
  ------------------------------------------------------------------------------------
  clock clk (rise edge)                                             0.00       0.00
  clock network delay (ideal)                                       0.00       0.00
  decompressionQk/compute/decompressor/commandReg_tokenCount_reg[0]/CP (DFQD4BWP12T30P140LVT)
                                                          0.00      0.00 #     0.00 r
  decompressionQk/compute/decompressor/commandReg_tokenCount_reg[0]/Q (DFQD4BWP12T30P140LVT)
                                                          0.01      0.04       0.04 r
  decompressionQk/compute/decompressor/io_result_bits_tokenCount[0] (net)
                                               12                   0.00       0.04 r
  decompressionQk/compute/decompressor/kController/io_command_bits_tokenCount[0] (DecompressionPipelineController)
                                                                    0.00       0.04 r
  decompressionQk/compute/decompressor/kController/io_command_bits_tokenCount[0] (net)
                                                                    0.00       0.04 r
  decompressionQk/compute/decompressor/kController/U15/ZN (NR2D1BWP12T30P140LVT)
                                                          0.01      0.01       0.04 f
  decompressionQk/compute/decompressor/kController/n77 (net)
                                                1                   0.00       0.04 f
  decompressionQk/compute/decompressor/kController/U14/ZN (ND2D1BWP12T30P140LVT)
                                                          0.01      0.01       0.05 r
  decompressionQk/compute/decompressor/kController/n99 (net)
                                                1                   0.00       0.05 r
  decompressionQk/compute/decompressor/kController/U68/CO (HA1D1BWP12T30P140LVT)
                                                          0.01      0.02       0.07 r
  decompressionQk/compute/decompressor/kController/n100 (net)
                                                1                   0.00       0.07 r
  decompressionQk/compute/decompressor/kController/U13/CO (HA1D1BWP12T30P140LVT)
                                                          0.01      0.02       0.09 r
  decompressionQk/compute/decompressor/kController/n114 (net)
                                                1                   0.00       0.09 r
  decompressionQk/compute/decompressor/kController/U1467/CO (HA1D1BWP12T30P140LVT)
                                                          0.01      0.02       0.11 r
  decompressionQk/compute/decompressor/kController/n1846 (net)
                                                1                   0.00       0.11 r
  decompressionQk/compute/decompressor/kController/U2069/CO (HA1D1BWP12T30P140LVT)
                                                          0.01      0.02       0.13 r
  decompressionQk/compute/decompressor/kController/n1847 (net)
                                                1                   0.00       0.13 r
  decompressionQk/compute/decompressor/kController/U65/CO (HA1D1BWP12T30P140LVT)
                                                          0.01      0.02       0.15 r
  decompressionQk/compute/decompressor/kController/n1064 (net)
                                                1                   0.00       0.15 r
  decompressionQk/compute/decompressor/kController/U126/CO (HA1D2BWP12T30P140LVT)
                                                          0.01      0.02       0.17 r
  decompressionQk/compute/decompressor/kController/n1562 (net)
                                                1                   0.00       0.17 r
  decompressionQk/compute/decompressor/kController/U12/CO (HA1D1BWP12T30P140LVT)
                                                          0.01      0.02       0.19 r
  decompressionQk/compute/decompressor/kController/n1563 (net)
                                                2                   0.00       0.19 r
  decompressionQk/compute/decompressor/kController/U11/ZN (INVD1BWP12T30P140LVT)
                                                          0.01      0.01       0.19 f
  decompressionQk/compute/decompressor/kController/n90 (net)
                                                1                   0.00       0.19 f
  decompressionQk/compute/decompressor/kController/U119/ZN (INR2D2BWP12T30P140LVT)
                                                          0.01      0.01       0.20 r
  decompressionQk/compute/decompressor/kController/n960 (net)
                                                1                   0.00       0.20 r
  decompressionQk/compute/decompressor/kController/U116/CO (HA1D2BWP12T30P140LVT)
                                                          0.01      0.02       0.22 r
  decompressionQk/compute/decompressor/kController/n1308 (net)
                                                4                   0.00       0.22 r
  decompressionQk/compute/decompressor/kController/U10/ZN (INVD1BWP12T30P140LVT)
                                                          0.01      0.01       0.23 f
  decompressionQk/compute/decompressor/kController/n85 (net)
                                                1                   0.00       0.23 f
  decompressionQk/compute/decompressor/kController/U206/ZN (NR2OPTPAD2BWP12T30P140LVT)
                                                          0.01      0.01       0.24 r
  decompressionQk/compute/decompressor/kController/n1097 (net)
                                                1                   0.00       0.24 r
  decompressionQk/compute/decompressor/kController/U62/CO (HA1D1BWP12T30P140LVT)
                                                          0.01      0.02       0.26 r
  decompressionQk/compute/decompressor/kController/n1098 (net)
                                                1                   0.00       0.26 r
  decompressionQk/compute/decompressor/kController/U113/CO (HA1D2BWP12T30P140LVT)
                                                          0.01      0.02       0.28 r
  decompressionQk/compute/decompressor/kController/n185 (net)
                                                2                   0.00       0.28 r
  decompressionQk/compute/decompressor/kController/U110/ZN (INVD2BWP12T30P140LVT)
                                                          0.01      0.01       0.28 f
  decompressionQk/compute/decompressor/kController/n91 (net)
                                                1                   0.00       0.28 f
  decompressionQk/compute/decompressor/kController/U1128/ZN (INR2D4BWP12T30P140LVT)
                                                          0.01      0.01       0.29 r
  decompressionQk/compute/decompressor/kController/n96 (net)
                                                1                   0.00       0.29 r
  decompressionQk/compute/decompressor/kController/U1566/CO (HA1D4BWP12T30P140LVT)
                                                          0.01      0.02       0.31 r
  decompressionQk/compute/decompressor/kController/n979 (net)
                                                2                   0.00       0.31 r
  decompressionQk/compute/decompressor/kController/U17/Z (AN2D2BWP12T30P140LVT)
                                                          0.01      0.02       0.33 r
  decompressionQk/compute/decompressor/kController/n67 (net)
                                                1                   0.00       0.33 r
  decompressionQk/compute/decompressor/kController/U16/CO (HA1D2BWP12T30P140LVT)
                                                          0.01      0.02       0.35 r
  decompressionQk/compute/decompressor/kController/n199 (net)
                                                1                   0.00       0.35 r
  decompressionQk/compute/decompressor/kController/U1524/CO (HA1D1BWP12T30P140LVT)
                                                          0.01      0.02       0.37 r
  decompressionQk/compute/decompressor/kController/n200 (net)
                                                1                   0.00       0.37 r
  decompressionQk/compute/decompressor/kController/U1526/CO (HA1D1BWP12T30P140LVT)
                                                          0.01      0.02       0.38 r
  decompressionQk/compute/decompressor/kController/n126 (net)
                                                2                   0.00       0.38 r
  decompressionQk/compute/decompressor/kController/U104/ZN (CKND2D1BWP12T30P140LVT)
                                                          0.01      0.01       0.39 f
  decompressionQk/compute/decompressor/kController/n89 (net)
                                                1                   0.00       0.39 f
  decompressionQk/compute/decompressor/kController/U102/ZN (INVD1BWP12T30P140LVT)
                                                          0.01      0.01       0.40 r
  decompressionQk/compute/decompressor/kController/n139 (net)
                                                1                   0.00       0.40 r
  decompressionQk/compute/decompressor/kController/U1493/CO (HA1D1BWP12T30P140LVT)
                                                          0.01      0.02       0.42 r
  decompressionQk/compute/decompressor/kController/n140 (net)
                                                1                   0.00       0.42 r
  decompressionQk/compute/decompressor/kController/U54/CO (HA1D1BWP12T30P140LVT)
                                                          0.01      0.02       0.44 r
  decompressionQk/compute/decompressor/kController/n115 (net)
                                                2                   0.00       0.44 r
  decompressionQk/compute/decompressor/kController/U27/Z (AN2D0BWP12T30P140LVT)
                                                          0.02      0.02       0.46 r
  decompressionQk/compute/decompressor/kController/n66 (net)
                                                1                   0.00       0.46 r
  decompressionQk/compute/decompressor/kController/U1471/CO (HA1D1BWP12T30P140LVT)
                                                          0.01      0.02       0.48 r
  decompressionQk/compute/decompressor/kController/n118 (net)
                                                1                   0.00       0.48 r
  decompressionQk/compute/decompressor/kController/U1470/CO (HA1D1BWP12T30P140LVT)
                                                          0.01      0.02       0.50 r
  decompressionQk/compute/decompressor/kController/n116 (net)
                                                1                   0.00       0.50 r
  decompressionQk/compute/decompressor/kController/U42/S (HA1D2BWP12T30P140LVT)
                                                          0.04      0.04       0.55 f
  decompressionQk/compute/decompressor/kController/n5257 (net)
                                               41                   0.00       0.55 f
  decompressionQk/compute/decompressor/kController/U96/ZN (XNR2D1BWP12T30P140LVT)
                                                          0.01      0.03       0.57 f
  decompressionQk/compute/decompressor/kController/n122 (net)
                                                3                   0.00       0.57 f
  decompressionQk/compute/decompressor/kController/U1476/ZN (NR2D1BWP12T30P140LVT)
                                                          0.09      0.05       0.63 r
  decompressionQk/compute/decompressor/kController/n2465 (net)
                                               33                   0.00       0.63 r
  decompressionQk/compute/decompressor/kController/U1671/ZN (AOI222D1BWP12T30P140LVT)
                                                          0.05      0.02       0.65 f
  decompressionQk/compute/decompressor/kController/n1221 (net)
                                                1                   0.00       0.65 f
  decompressionQk/compute/decompressor/kController/U1672/ZN (MUX2ND0BWP12T30P140LVT)
                                                          0.04      0.03       0.68 f
  decompressionQk/compute/decompressor/kController/n1272 (net)
                                                2                   0.00       0.68 f
  decompressionQk/compute/decompressor/kController/U1700/ZN (XNR2D0BWP12T30P140LVT)
                                                          0.02      0.04       0.72 r
  decompressionQk/compute/decompressor/kController/n1424 (net)
                                                1                   0.00       0.72 r
  decompressionQk/compute/decompressor/kController/U1781/S (FA1D1BWP12T30P140LVT)
                                                          0.02      0.05       0.77 f
  decompressionQk/compute/decompressor/kController/n1503 (net)
                                                1                   0.00       0.77 f
  decompressionQk/compute/decompressor/kController/U1825/CO (FA1D1BWP12T30P140LVT)
                                                          0.01      0.03       0.80 f
  decompressionQk/compute/decompressor/kController/n1496 (net)
                                                1                   0.00       0.80 f
  decompressionQk/compute/decompressor/kController/U1822/CO (FA1D1BWP12T30P140LVT)
                                                          0.01      0.03       0.83 f
  decompressionQk/compute/decompressor/kController/n1491 (net)
                                                1                   0.00       0.83 f
  decompressionQk/compute/decompressor/kController/U1819/CO (FA1D1BWP12T30P140LVT)
                                                          0.01      0.03       0.85 f
  decompressionQk/compute/decompressor/kController/n1486 (net)
                                                1                   0.00       0.85 f
  decompressionQk/compute/decompressor/kController/U1816/CO (FA1D1BWP12T30P140LVT)
                                                          0.01      0.03       0.88 f
  decompressionQk/compute/decompressor/kController/n1481 (net)
                                                1                   0.00       0.88 f
  decompressionQk/compute/decompressor/kController/U1813/CO (FA1D1BWP12T30P140LVT)
                                                          0.01      0.03       0.91 f
  decompressionQk/compute/decompressor/kController/n1476 (net)
                                                1                   0.00       0.91 f
  decompressionQk/compute/decompressor/kController/U1810/CO (FA1D1BWP12T30P140LVT)
                                                          0.01      0.03       0.93 f
  decompressionQk/compute/decompressor/kController/n1471 (net)
                                                1                   0.00       0.93 f
  decompressionQk/compute/decompressor/kController/U1807/CO (FA1D1BWP12T30P140LVT)
                                                          0.01      0.03       0.96 f
  decompressionQk/compute/decompressor/kController/n1466 (net)
                                                1                   0.00       0.96 f
  decompressionQk/compute/decompressor/kController/U1804/CO (FA1D1BWP12T30P140LVT)
                                                          0.01      0.03       0.99 f
  decompressionQk/compute/decompressor/kController/n1461 (net)
                                                1                   0.00       0.99 f
  decompressionQk/compute/decompressor/kController/U1801/CO (FA1D1BWP12T30P140LVT)
                                                          0.02      0.03       1.02 f
  decompressionQk/compute/decompressor/kController/n1549 (net)
                                                1                   0.00       1.02 f
  decompressionQk/compute/decompressor/kController/U1850/S (FA1D1BWP12T30P140LVT)
                                                          0.02      0.06       1.07 r
  decompressionQk/compute/decompressor/kController/n1713 (net)
                                                1                   0.00       1.07 r
  decompressionQk/compute/decompressor/kController/U541/CO (FA1D0BWP12T30P140LVT)
                                                          0.02      0.04       1.11 r
  decompressionQk/compute/decompressor/kController/n1603 (net)
                                                1                   0.00       1.11 r
  decompressionQk/compute/decompressor/kController/U583/CO (FA1D0BWP12T30P140LVT)
                                                          0.02      0.04       1.14 r
  decompressionQk/compute/decompressor/kController/n1577 (net)
                                                1                   0.00       1.14 r
  decompressionQk/compute/decompressor/kController/U584/S (FA1D0BWP12T30P140LVT)
                                                          0.02      0.06       1.20 f
  decompressionQk/compute/decompressor/kController/n1609 (net)
                                                1                   0.00       1.20 f
  decompressionQk/compute/decompressor/kController/U1896/S (FA1D1BWP12T30P140LVT)
                                                          0.02      0.06       1.26 r
  decompressionQk/compute/decompressor/kController/n1851 (net)
                                                1                   0.00       1.26 r
  decompressionQk/compute/decompressor/kController/U2077/S (FA1D1BWP12T30P140LVT)
                                                          0.02      0.05       1.30 f
  decompressionQk/compute/decompressor/kController/n1864 (net)
                                                1                   0.00       1.30 f
  decompressionQk/compute/decompressor/kController/U731/S (FA1D0BWP12T30P140LVT)
                                                          0.03      0.06       1.37 r
  decompressionQk/compute/decompressor/kController/n2546 (net)
                                                1                   0.00       1.37 r
  decompressionQk/compute/decompressor/kController/U2453/CO (FA1OPTCD2BWP12T30P140LVT)
                                                          0.01      0.04       1.41 r
  decompressionQk/compute/decompressor/kController/n2433 (net)
                                                1                   0.00       1.41 r
  decompressionQk/compute/decompressor/kController/U2421/CO (FA1OPTCD2BWP12T30P140LVT)
                                                          0.01      0.02       1.42 r
  decompressionQk/compute/decompressor/kController/n2430 (net)
                                                1                   0.00       1.42 r
  decompressionQk/compute/decompressor/kController/U2420/CO (FA1OPTCD2BWP12T30P140LVT)
                                                          0.01      0.02       1.44 r
  decompressionQk/compute/decompressor/kController/n2427 (net)
                                                1                   0.00       1.44 r
  decompressionQk/compute/decompressor/kController/U2419/CO (FA1OPTCD2BWP12T30P140LVT)
                                                          0.01      0.02       1.46 r
  decompressionQk/compute/decompressor/kController/n2424 (net)
                                                1                   0.00       1.46 r
  decompressionQk/compute/decompressor/kController/U2418/CO (FA1OPTCD2BWP12T30P140LVT)
                                                          0.01      0.02       1.48 r
  decompressionQk/compute/decompressor/kController/n2449 (net)
                                                1                   0.00       1.48 r
  decompressionQk/compute/decompressor/kController/U2426/CO (FA1OPTCD2BWP12T30P140LVT)
                                                          0.01      0.02       1.50 r
  decompressionQk/compute/decompressor/kController/n2446 (net)
                                                1                   0.00       1.50 r
  decompressionQk/compute/decompressor/kController/U2425/CO (FA1OPTCD2BWP12T30P140LVT)
                                                          0.01      0.02       1.52 r
  decompressionQk/compute/decompressor/kController/n2443 (net)
                                                1                   0.00       1.52 r
  decompressionQk/compute/decompressor/kController/U2424/CO (FA1OPTCD2BWP12T30P140LVT)
                                                          0.01      0.02       1.54 r
  decompressionQk/compute/decompressor/kController/n2398 (net)
                                                1                   0.00       1.54 r
  decompressionQk/compute/decompressor/kController/U2410/CO (FA1OPTCD2BWP12T30P140LVT)
                                                          0.01      0.02       1.56 r
  decompressionQk/compute/decompressor/kController/n2440 (net)
                                                1                   0.00       1.56 r
  decompressionQk/compute/decompressor/kController/U2423/CO (FA1OPTCD2BWP12T30P140LVT)
                                                          0.01      0.02       1.57 r
  decompressionQk/compute/decompressor/kController/n2401 (net)
                                                1                   0.00       1.57 r
  decompressionQk/compute/decompressor/kController/U2411/CO (FA1OPTCD2BWP12T30P140LVT)
                                                          0.01      0.02       1.59 r
  decompressionQk/compute/decompressor/kController/n2395 (net)
                                                1                   0.00       1.59 r
  decompressionQk/compute/decompressor/kController/U2409/CO (FA1OPTCD2BWP12T30P140LVT)
                                                          0.01      0.02       1.61 r
  decompressionQk/compute/decompressor/kController/n2392 (net)
                                                1                   0.00       1.61 r
  decompressionQk/compute/decompressor/kController/U2408/CO (FA1OPTCD2BWP12T30P140LVT)
                                                          0.01      0.02       1.63 r
  decompressionQk/compute/decompressor/kController/n2417 (net)
                                                1                   0.00       1.63 r
  decompressionQk/compute/decompressor/kController/U2416/CO (FA1OPTCD2BWP12T30P140LVT)
                                                          0.01      0.02       1.65 r
  decompressionQk/compute/decompressor/kController/n2414 (net)
                                                1                   0.00       1.65 r
  decompressionQk/compute/decompressor/kController/U2415/CO (FA1OPTCD2BWP12T30P140LVT)
                                                          0.01      0.02       1.67 r
  decompressionQk/compute/decompressor/kController/n2411 (net)
                                                1                   0.00       1.67 r
  decompressionQk/compute/decompressor/kController/U2414/CO (FA1OPTCD2BWP12T30P140LVT)
                                                          0.01      0.02       1.69 r
  decompressionQk/compute/decompressor/kController/n2408 (net)
                                                1                   0.00       1.69 r
  decompressionQk/compute/decompressor/kController/U2413/CO (FA1OPTCD2BWP12T30P140LVT)
                                                          0.01      0.02       1.71 r
  decompressionQk/compute/decompressor/kController/n2385 (net)
                                                1                   0.00       1.71 r
  decompressionQk/compute/decompressor/kController/U2406/CO (FA1OPTCD2BWP12T30P140LVT)
                                                          0.01      0.02       1.72 r
  decompressionQk/compute/decompressor/kController/n2382 (net)
                                                1                   0.00       1.72 r
  decompressionQk/compute/decompressor/kController/U2405/CO (FA1OPTCD2BWP12T30P140LVT)
                                                          0.01      0.02       1.74 r
  decompressionQk/compute/decompressor/kController/n2379 (net)
                                                1                   0.00       1.74 r
  decompressionQk/compute/decompressor/kController/U2404/CO (FA1OPTCD2BWP12T30P140LVT)
                                                          0.01      0.02       1.76 r
  decompressionQk/compute/decompressor/kController/n2472 (net)
                                                1                   0.00       1.76 r
  decompressionQk/compute/decompressor/kController/U2431/CO (FA1OPTCD2BWP12T30P140LVT)
                                                          0.01      0.02       1.78 r
  decompressionQk/compute/decompressor/kController/n2478 (net)
                                                1                   0.00       1.78 r
  decompressionQk/compute/decompressor/kController/U2432/S (FA1OPTCD2BWP12T30P140LVT)
                                                          0.01      0.04       1.82 f
  decompressionQk/compute/decompressor/kController/n2481 (net)
                                                1                   0.00       1.82 f
  decompressionQk/compute/decompressor/kController/U1124/ZN (NR3D0BWP12T30P140LVT)
                                                          0.02      0.01       1.84 r
  decompressionQk/compute/decompressor/kController/n83 (net)
                                                1                   0.00       1.84 r
  decompressionQk/compute/decompressor/kController/U1123/ZN (INVD1BWP12T30P140LVT)
                                                          0.01      0.01       1.84 f
  decompressionQk/compute/decompressor/kController/n82 (net)
                                                1                   0.00       1.84 f
  decompressionQk/compute/decompressor/kController/U75/ZN (NR2D1BWP12T30P140LVT)
                                                          0.01      0.01       1.85 r
  decompressionQk/compute/decompressor/kController/n2485 (net)
                                                1                   0.00       1.85 r
  decompressionQk/compute/decompressor/kController/U73/ZN (ND3OPTPAD1BWP12T30P140LVT)
                                                          0.02      0.01       1.87 f
  decompressionQk/compute/decompressor/kController/n92 (net)
                                                1                   0.00       1.87 f
  decompressionQk/compute/decompressor/kController/U198/ZN (OAI31D2BWP12T30P140LVT)
                                                          0.04      0.02       1.88 r
  decompressionQk/compute/decompressor/kController/n5920 (net)
                                                2                   0.00       1.88 r
  decompressionQk/compute/decompressor/kController/U72/ZN (ND2D1BWP12T30P140LVT)
                                                          0.02      0.01       1.89 f
  decompressionQk/compute/decompressor/kController/n731 (net)
                                                1                   0.00       1.89 f
  decompressionQk/compute/decompressor/kController/resultError_reg/D (DFQD1BWP12T30P140LVT)
                                                          0.02      0.00       1.89 f
  data arrival time                                                            1.89

  clock clk (rise edge)                                             2.00       2.00
  clock network delay (ideal)                                       0.00       2.00
  clock uncertainty                                                -0.10       1.90
  decompressionQk/compute/decompressor/kController/resultError_reg/CP (DFQD1BWP12T30P140LVT)
                                                                    0.00       1.90 r
  library setup time                                               -0.01       1.89
  data required time                                                           1.89
  ------------------------------------------------------------------------------------
  data required time                                                           1.89
  data arrival time                                                           -1.89
  ------------------------------------------------------------------------------------
  slack (MET)                                                                  0.00


  Startpoint: scaleSoftmax/softmax/globalMaximum_reg[0]
              (rising edge-triggered flip-flop clocked by clk)
  Endpoint: scaleSoftmax/softmax/exponentSum_reg[26]
            (rising edge-triggered flip-flop clocked by clk)
  Path Group: clk
  Path Type: max

  Des/Clust/Port     Wire Load Model       Library
  ------------------------------------------------
  AttentionFeaturePacketizer_0
                     ZeroWireload          tcbn28hpcplusbwp12t30p140lvtssg0p81v125c
  PackDescriptorDecoder_1
                     ZeroWireload          tcbn28hpcplusbwp12t30p140lvtssg0p81v125c
  PackDescriptorDecoder
                     ZeroWireload          tcbn28hpcplusbwp12t30p140lvtssg0p81v125c
  BufferedPackMetadataDequantizer_1
                     ZeroWireload          tcbn28hpcplusbwp12t30p140lvtssg0p81v125c
  DynamicBitUnpacker_1
                     ZeroWireload          tcbn28hpcplusbwp12t30p140lvtssg0p81v125c
  BufferedPackMetadataDequantizer
                     ZeroWireload          tcbn28hpcplusbwp12t30p140lvtssg0p81v125c
  DynamicBitUnpacker ZeroWireload          tcbn28hpcplusbwp12t30p140lvtssg0p81v125c
  KvStreamDequantizer_1
                     ZeroWireload          tcbn28hpcplusbwp12t30p140lvtssg0p81v125c
  KvStreamDequantizer
                     ZeroWireload          tcbn28hpcplusbwp12t30p140lvtssg0p81v125c
  DecompressionPipelineController_1
                     ZeroWireload          tcbn28hpcplusbwp12t30p140lvtssg0p81v125c
  DecompressionPipelineController
                     ZeroWireload          tcbn28hpcplusbwp12t30p140lvtssg0p81v125c
  QkDotProductAccumulator
                     ZeroWireload          tcbn28hpcplusbwp12t30p140lvtssg0p81v125c
  QueryReplayBuffer  ZeroWireload          tcbn28hpcplusbwp12t30p140lvtssg0p81v125c
  AttentionFeaturePacketizer_1
                     ZeroWireload          tcbn28hpcplusbwp12t30p140lvtssg0p81v125c
  DualKvDecompressionController
                     ZeroWireload          tcbn28hpcplusbwp12t30p140lvtssg0p81v125c
  SoftmaxVAccumulator
                     ZeroWireload          tcbn28hpcplusbwp12t30p140lvtssg0p81v125c
  StreamingSoftmax   ZeroWireload          tcbn28hpcplusbwp12t30p140lvtssg0p81v125c
  AttentionScaleUnit ZeroWireload          tcbn28hpcplusbwp12t30p140lvtssg0p81v125c
  AvOutputQuantizer  ZeroWireload          tcbn28hpcplusbwp12t30p140lvtssg0p81v125c
  BriskKvAttentionTop
                     ZeroWireload          tcbn28hpcplusbwp12t30p140lvtssg0p81v125c

  Point                                       Fanout     Trans      Incr       Path
  ------------------------------------------------------------------------------------
  clock clk (rise edge)                                             0.00       0.00
  clock network delay (ideal)                                       0.00       0.00
  scaleSoftmax/softmax/globalMaximum_reg[0]/CP (DFQOPTMAD8BWP12T30P140LVT)
                                                          0.00      0.00 #     0.00 r
  scaleSoftmax/softmax/globalMaximum_reg[0]/Q (DFQOPTMAD8BWP12T30P140LVT)
                                                          0.01      0.03       0.03 r
  scaleSoftmax/softmax/globalMaximum[0] (net)
                                               20                   0.00       0.03 r
  scaleSoftmax/softmax/U1905/Z (OR2D1BWP12T30P140LVT)     0.01      0.01       0.04 r
  scaleSoftmax/softmax/n552 (net)               1                   0.00       0.04 r
  scaleSoftmax/softmax/U3044/ZN (AOI22D1BWP12T30P140LVT)
                                                          0.02      0.01       0.05 f
  scaleSoftmax/softmax/n560 (net)               1                   0.00       0.05 f
  scaleSoftmax/softmax/U4758/ZN (AOI21D1BWP12T30P140LVT)
                                                          0.02      0.01       0.06 r
  scaleSoftmax/softmax/n557 (net)               2                   0.00       0.06 r
  scaleSoftmax/softmax/U1267/ZN (ND2D0BWP12T30P140LVT)
                                                          0.01      0.01       0.08 f
  scaleSoftmax/softmax/n554 (net)               1                   0.00       0.08 f
  scaleSoftmax/softmax/U1264/ZN (CKND2D1BWP12T30P140LVT)
                                                          0.01      0.01       0.09 r
  scaleSoftmax/softmax/n2439 (net)              1                   0.00       0.09 r
  scaleSoftmax/softmax/U1261/ZN (OAI22D1BWP12T30P140LVT)
                                                          0.02      0.01       0.10 f
  scaleSoftmax/softmax/n789 (net)               2                   0.00       0.10 f
  scaleSoftmax/softmax/U4838/ZN (INVD1BWP12T30P140LVT)
                                                          0.01      0.01       0.11 r
  scaleSoftmax/softmax/n788 (net)               1                   0.00       0.11 r
  scaleSoftmax/softmax/U4834/ZN (AOI211OPTREPBD1BWP12T30P140LVT)
                                                          0.02      0.01       0.13 f
  scaleSoftmax/softmax/n784 (net)               1                   0.00       0.13 f
  scaleSoftmax/softmax/U1243/ZN (OAI21OPTPBD1BWP12T30P140LVT)
                                                          0.02      0.01       0.14 r
  scaleSoftmax/softmax/n2444 (net)              1                   0.00       0.14 r
  scaleSoftmax/softmax/U1236/CO (FA1OPTCD1BWP12T30P140LVT)
                                                          0.01      0.02       0.16 r
  scaleSoftmax/softmax/n2552 (net)              1                   0.00       0.16 r
  scaleSoftmax/softmax/U8415/CO (FA1D1BWP12T30P140LVT)
                                                          0.01      0.02       0.18 r
  scaleSoftmax/softmax/n2446 (net)              1                   0.00       0.18 r
  scaleSoftmax/softmax/U8362/CO (FA1D1BWP12T30P140LVT)
                                                          0.01      0.02       0.21 r
  scaleSoftmax/softmax/n2442 (net)              1                   0.00       0.21 r
  scaleSoftmax/softmax/U8359/CO (FA1D1BWP12T30P140LVT)
                                                          0.01      0.02       0.23 r
  scaleSoftmax/softmax/n2448 (net)              1                   0.00       0.23 r
  scaleSoftmax/softmax/U8363/CO (FA1D1BWP12T30P140LVT)
                                                          0.01      0.02       0.26 r
  scaleSoftmax/softmax/n2450 (net)              1                   0.00       0.26 r
  scaleSoftmax/softmax/U1214/CO (FA1D1BWP12T30P140LVT)
                                                          0.02      0.03       0.28 r
  scaleSoftmax/softmax/n2452 (net)              1                   0.00       0.28 r
  scaleSoftmax/softmax/U4567/CO (FA1OPTCD1BWP12T30P140LVT)
                                                          0.02      0.02       0.30 r
  scaleSoftmax/softmax/n2506 (net)              1                   0.00       0.30 r
  scaleSoftmax/softmax/U8400/CO (FA1D0BWP12T30P140LVT)
                                                          0.02      0.03       0.34 r
  scaleSoftmax/softmax/n2508 (net)              1                   0.00       0.34 r
  scaleSoftmax/softmax/U8401/CO (FA1D1BWP12T30P140LVT)
                                                          0.02      0.03       0.37 r
  scaleSoftmax/softmax/n2504 (net)              1                   0.00       0.37 r
  scaleSoftmax/softmax/U1184/CO (FA1OPTCD1BWP12T30P140LVT)
                                                          0.02      0.02       0.39 r
  scaleSoftmax/softmax/n2502 (net)              1                   0.00       0.39 r
  scaleSoftmax/softmax/U8399/CO (FA1D0BWP12T30P140LVT)
                                                          0.02      0.03       0.42 r
  scaleSoftmax/softmax/n2500 (net)              1                   0.00       0.42 r
  scaleSoftmax/softmax/U8398/CO (FA1D0BWP12T30P140LVT)
                                                          0.03      0.04       0.46 r
  scaleSoftmax/softmax/n2498 (net)              1                   0.00       0.46 r
  scaleSoftmax/softmax/U1161/CO (FA1OPTCD1BWP12T30P140LVT)
                                                          0.02      0.02       0.48 r
  scaleSoftmax/softmax/n2496 (net)              1                   0.00       0.48 r
  scaleSoftmax/softmax/U8397/CO (FA1D0BWP12T30P140LVT)
                                                          0.03      0.04       0.52 r
  scaleSoftmax/softmax/n2494 (net)              1                   0.00       0.52 r
  scaleSoftmax/softmax/U1143/CO (FA1OPTCD1BWP12T30P140LVT)
                                                          0.02      0.02       0.55 r
  scaleSoftmax/softmax/n2492 (net)              1                   0.00       0.55 r
  scaleSoftmax/softmax/U8396/CO (FA1D0BWP12T30P140LVT)
                                                          0.03      0.04       0.58 r
  scaleSoftmax/softmax/n2490 (net)              1                   0.00       0.58 r
  scaleSoftmax/softmax/U8395/CO (FA1OPTCD2BWP12T30P140LVT)
                                                          0.02      0.02       0.60 r
  scaleSoftmax/softmax/n2488 (net)              1                   0.00       0.60 r
  scaleSoftmax/softmax/U8394/CO (FA1D0BWP12T30P140LVT)
                                                          0.02      0.03       0.64 r
  scaleSoftmax/softmax/n2486 (net)              1                   0.00       0.64 r
  scaleSoftmax/softmax/U4854/CO (FA1D1BWP12T30P140LVT)
                                                          0.02      0.03       0.67 r
  scaleSoftmax/softmax/n2484 (net)              1                   0.00       0.67 r
  scaleSoftmax/softmax/U4853/CO (FA1OPTCD1BWP12T30P140LVT)
                                                          0.02      0.02       0.69 r
  scaleSoftmax/softmax/n2482 (net)              1                   0.00       0.69 r
  scaleSoftmax/softmax/U8393/CO (FA1OPTCD2BWP12T30P140LVT)
                                                          0.02      0.02       0.71 r
  scaleSoftmax/softmax/n2480 (net)              1                   0.00       0.71 r
  scaleSoftmax/softmax/U8392/CO (FA1D0BWP12T30P140LVT)
                                                          0.03      0.04       0.74 r
  scaleSoftmax/softmax/n2478 (net)              1                   0.00       0.74 r
  scaleSoftmax/softmax/U8391/CO (FA1OPTCD2BWP12T30P140LVT)
                                                          0.02      0.02       0.77 r
  scaleSoftmax/softmax/n2476 (net)              1                   0.00       0.77 r
  scaleSoftmax/softmax/U359/CO (FA1D1BWP12T30P140LVT)     0.02      0.03       0.79 r
  scaleSoftmax/softmax/n2474 (net)              1                   0.00       0.79 r
  scaleSoftmax/softmax/U1084/CO (FA1OPTCD1BWP12T30P140LVT)
                                                          0.02      0.02       0.81 r
  scaleSoftmax/softmax/n2472 (net)              1                   0.00       0.81 r
  scaleSoftmax/softmax/U8390/CO (FA1D0BWP12T30P140LVT)
                                                          0.02      0.03       0.85 r
  scaleSoftmax/softmax/n2470 (net)              1                   0.00       0.85 r
  scaleSoftmax/softmax/U4870/CO (FA1D1BWP12T30P140LVT)
                                                          0.02      0.03       0.87 r
  scaleSoftmax/softmax/n2468 (net)              1                   0.00       0.87 r
  scaleSoftmax/softmax/U4869/CO (FA1OPTCD1BWP12T30P140LVT)
                                                          0.02      0.02       0.90 r
  scaleSoftmax/softmax/n2466 (net)              1                   0.00       0.90 r
  scaleSoftmax/softmax/U8389/CO (FA1OPTCD2BWP12T30P140LVT)
                                                          0.02      0.02       0.92 r
  scaleSoftmax/softmax/n2464 (net)              1                   0.00       0.92 r
  scaleSoftmax/softmax/U8388/CO (FA1D0BWP12T30P140LVT)
                                                          0.03      0.04       0.95 r
  scaleSoftmax/softmax/n2462 (net)              1                   0.00       0.95 r
  scaleSoftmax/softmax/U8387/CO (FA1OPTCD2BWP12T30P140LVT)
                                                          0.02      0.02       0.97 r
  scaleSoftmax/softmax/n2460 (net)              1                   0.00       0.97 r
  scaleSoftmax/softmax/U326/CO (FA1D1BWP12T30P140LVT)     0.02      0.03       1.00 r
  scaleSoftmax/softmax/n2458 (net)              1                   0.00       1.00 r
  scaleSoftmax/softmax/U4880/CO (FA1OPTCD1BWP12T30P140LVT)
                                                          0.02      0.02       1.02 r
  scaleSoftmax/softmax/n2456 (net)              2                   0.00       1.02 r
  scaleSoftmax/softmax/U894/ZN (AOI21OPTPBD1BWP12T30P140LVT)
                                                          0.02      0.01       1.04 f
  scaleSoftmax/softmax/n324 (net)               2                   0.00       1.04 f
  scaleSoftmax/softmax/U472/ZN (OAI22D1BWP12T30P140LVT)
                                                          0.03      0.01       1.05 r
  scaleSoftmax/softmax/n2454 (net)              1                   0.00       1.05 r
  scaleSoftmax/softmax/U35/Z (XOR2D1BWP12T30P140LVT)      0.01      0.02       1.07 f
  scaleSoftmax/softmax/n775 (net)               2                   0.00       1.07 f
  scaleSoftmax/softmax/U4828/ZN (INVD1BWP12T30P140LVT)
                                                          0.01      0.01       1.08 r
  scaleSoftmax/softmax/n773 (net)               1                   0.00       1.08 r
  scaleSoftmax/softmax/U449/ZN (NR2OPTPAD1BWP12T30P140LVT)
                                                          0.02      0.01       1.09 f
  scaleSoftmax/softmax/n772 (net)               1                   0.00       1.09 f
  scaleSoftmax/softmax/U840/ZN (INR4D2BWP12T30P140LVT)
                                                          0.02      0.01       1.10 r
  scaleSoftmax/softmax/n7096 (net)              3                   0.00       1.10 r
  scaleSoftmax/softmax/U440/ZN (CKND2D1BWP12T30P140LVT)
                                                          0.01      0.01       1.11 f
  scaleSoftmax/softmax/n3680 (net)              1                   0.00       1.11 f
  scaleSoftmax/softmax/U437/ZN (INR2D1BWP12T30P140LVT)
                                                          0.02      0.01       1.12 r
  scaleSoftmax/softmax/n3284 (net)              2                   0.00       1.12 r
  scaleSoftmax/softmax/U226/ZN (INVD0BWP12T30P140LVT)     0.02      0.02       1.14 f
  scaleSoftmax/softmax/n7713 (net)              5                   0.00       1.14 f
  scaleSoftmax/softmax/U260/ZN (INR2D2BWP12T30P140LVT)
                                                          0.03      0.02       1.16 r
  scaleSoftmax/softmax/n9238 (net)             18                   0.00       1.16 r
  scaleSoftmax/softmax/U1724/ZN (ND2D0BWP12T30P140LVT)
                                                          0.04      0.02       1.18 f
  scaleSoftmax/softmax/n6335 (net)              4                   0.00       1.18 f
  scaleSoftmax/softmax/U2347/ZN (INR2D1BWP12T30P140LVT)
                                                          0.02      0.02       1.20 r
  scaleSoftmax/softmax/n7714 (net)              2                   0.00       1.20 r
  scaleSoftmax/softmax/U11873/ZN (NR3D0BWP12T30P140LVT)
                                                          0.01      0.01       1.21 f
  scaleSoftmax/softmax/n7717 (net)              1                   0.00       1.21 f
  scaleSoftmax/softmax/U4291/ZN (ND2D0BWP12T30P140LVT)
                                                          0.02      0.01       1.23 r
  scaleSoftmax/softmax/laneValues_2[2] (net)
                                                2                   0.00       1.23 r
  scaleSoftmax/softmax/U1709/CO (FA1D1BWP12T30P140LVT)
                                                          0.01      0.02       1.25 r
  scaleSoftmax/softmax/n9902 (net)              1                   0.00       1.25 r
  scaleSoftmax/softmax/U12520/S (FA1D0BWP12T30P140LVT)
                                                          0.02      0.05       1.30 f
  scaleSoftmax/softmax/n9963 (net)              1                   0.00       1.30 f
  scaleSoftmax/softmax/U2270/CO (FA1D1BWP12T30P140LVT)
                                                          0.01      0.03       1.33 f
  scaleSoftmax/softmax/n9946 (net)              1                   0.00       1.33 f
  scaleSoftmax/softmax/U12534/CO (FA1D1BWP12T30P140LVT)
                                                          0.01      0.03       1.36 f
  scaleSoftmax/softmax/n9949 (net)              2                   0.00       1.36 f
  scaleSoftmax/softmax/U1314/Z (XOR3D0BWP12T30P140LVT)
                                                          0.02      0.05       1.41 r
  scaleSoftmax/softmax/n9977 (net)              3                   0.00       1.41 r
  scaleSoftmax/softmax/U684/Z (CKXOR2D0BWP12T30P140LVT)
                                                          0.01      0.03       1.44 f
  scaleSoftmax/softmax/n578 (net)               1                   0.00       1.44 f
  scaleSoftmax/softmax/U2307/Z (XOR2D1BWP12T30P140LVT)
                                                          0.02      0.03       1.47 r
  scaleSoftmax/softmax/n26945 (net)             1                   0.00       1.47 r
  scaleSoftmax/softmax/U2306/CO (FA1OPTCD1BWP12T30P140LVT)
                                                          0.02      0.04       1.50 r
  scaleSoftmax/softmax/n26953 (net)             1                   0.00       1.50 r
  scaleSoftmax/softmax/U30185/CO (FA1OPTCD2BWP12T30P140LVT)
                                                          0.01      0.02       1.52 r
  scaleSoftmax/softmax/n26964 (net)             1                   0.00       1.52 r
  scaleSoftmax/softmax/U30190/CO (FA1OPTCD2BWP12T30P140LVT)
                                                          0.01      0.02       1.54 r
  scaleSoftmax/softmax/n26978 (net)             1                   0.00       1.54 r
  scaleSoftmax/softmax/U30196/CO (FA1OPTCD2BWP12T30P140LVT)
                                                          0.01      0.02       1.56 r
  scaleSoftmax/softmax/n26992 (net)             1                   0.00       1.56 r
  scaleSoftmax/softmax/U30202/CO (FA1OPTCD2BWP12T30P140LVT)
                                                          0.01      0.02       1.58 r
  scaleSoftmax/softmax/n27002 (net)             1                   0.00       1.58 r
  scaleSoftmax/softmax/U30207/CO (FA1OPTCD2BWP12T30P140LVT)
                                                          0.01      0.02       1.60 r
  scaleSoftmax/softmax/n27014 (net)             1                   0.00       1.60 r
  scaleSoftmax/softmax/U30213/CO (FA1OPTCD2BWP12T30P140LVT)
                                                          0.01      0.02       1.62 r
  scaleSoftmax/softmax/n27028 (net)             1                   0.00       1.62 r
  scaleSoftmax/softmax/U30219/CO (FA1OPTCD2BWP12T30P140LVT)
                                                          0.01      0.02       1.64 r
  scaleSoftmax/softmax/n27046 (net)             1                   0.00       1.64 r
  scaleSoftmax/softmax/U30228/CO (FA1OPTCD2BWP12T30P140LVT)
                                                          0.01      0.02       1.65 r
  scaleSoftmax/softmax/n27057 (net)             1                   0.00       1.65 r
  scaleSoftmax/softmax/U30233/CO (FA1OPTCD2BWP12T30P140LVT)
                                                          0.01      0.02       1.67 r
  scaleSoftmax/softmax/n27067 (net)             1                   0.00       1.67 r
  scaleSoftmax/softmax/U30239/CO (FA1OPTCD2BWP12T30P140LVT)
                                                          0.01      0.02       1.69 r
  scaleSoftmax/softmax/n27077 (net)             1                   0.00       1.69 r
  scaleSoftmax/softmax/U30243/CO (FA1OPTCD2BWP12T30P140LVT)
                                                          0.01      0.02       1.71 r
  scaleSoftmax/softmax/n27081 (net)             1                   0.00       1.71 r
  scaleSoftmax/softmax/U30244/CO (FA1OPTCD2BWP12T30P140LVT)
                                                          0.01      0.02       1.73 r
  scaleSoftmax/softmax/n27085 (net)             1                   0.00       1.73 r
  scaleSoftmax/softmax/U30245/CO (FA1OPTCD2BWP12T30P140LVT)
                                                          0.01      0.02       1.75 r
  scaleSoftmax/softmax/n27089 (net)             1                   0.00       1.75 r
  scaleSoftmax/softmax/U30246/CO (FA1OPTCD2BWP12T30P140LVT)
                                                          0.01      0.02       1.77 r
  scaleSoftmax/softmax/n27093 (net)             1                   0.00       1.77 r
  scaleSoftmax/softmax/U30247/CO (FA1OPTCD2BWP12T30P140LVT)
                                                          0.01      0.02       1.78 r
  scaleSoftmax/softmax/n27096 (net)             1                   0.00       1.78 r
  scaleSoftmax/softmax/U3676/CO (HA1D1BWP12T30P140LVT)
                                                          0.01      0.02       1.80 r
  scaleSoftmax/softmax/n27098 (net)             1                   0.00       1.80 r
  scaleSoftmax/softmax/U3677/CO (HA1D1BWP12T30P140LVT)
                                                          0.01      0.02       1.82 r
  scaleSoftmax/softmax/n27100 (net)             1                   0.00       1.82 r
  scaleSoftmax/softmax/U1468/CO (HA1D2BWP12T30P140LVT)
                                                          0.01      0.02       1.85 r
  scaleSoftmax/softmax/n27102 (net)             5                   0.00       1.85 r
  scaleSoftmax/softmax/U375/ZN (IND3D2BWP12T30P140LVT)
                                                          0.02      0.01       1.86 f
  scaleSoftmax/softmax/n77 (net)                1                   0.00       1.86 f
  scaleSoftmax/softmax/U4/Z (CKXOR2D0BWP12T30P140LVT)     0.01      0.02       1.88 r
  scaleSoftmax/softmax/n895 (net)               1                   0.00       1.88 r
  scaleSoftmax/softmax/U12553/ZN (MOAI22D1BWP12T30P140LVT)
                                                          0.03      0.01       1.89 f
  scaleSoftmax/softmax/n29662 (net)             1                   0.00       1.89 f
  scaleSoftmax/softmax/exponentSum_reg[26]/D (DFQD2BWP12T30P140LVT)
                                                          0.03      0.00       1.89 f
  data arrival time                                                            1.89

  clock clk (rise edge)                                             2.00       2.00
  clock network delay (ideal)                                       0.00       2.00
  clock uncertainty                                                -0.10       1.90
  scaleSoftmax/softmax/exponentSum_reg[26]/CP (DFQD2BWP12T30P140LVT)
                                                                    0.00       1.90 r
  library setup time                                               -0.01       1.89
  data required time                                                           1.89
  ------------------------------------------------------------------------------------
  data required time                                                           1.89
  data arrival time                                                           -1.89
  ------------------------------------------------------------------------------------
  slack (MET)                                                                  0.00


  Startpoint: io_command_bits_tokenCount[0]
              (input port clocked by clk)
  Endpoint: decompressionQk/compute/decompressor/state_reg[1]
            (rising edge-triggered flip-flop clocked by clk)
  Path Group: clk
  Path Type: max

  Des/Clust/Port     Wire Load Model       Library
  ------------------------------------------------
  AttentionFeaturePacketizer_0
                     ZeroWireload          tcbn28hpcplusbwp12t30p140lvtssg0p81v125c
  AttentionFeaturePacketizer_1
                     ZeroWireload          tcbn28hpcplusbwp12t30p140lvtssg0p81v125c
  DualKvDecompressionController
                     ZeroWireload          tcbn28hpcplusbwp12t30p140lvtssg0p81v125c
  SoftmaxVAccumulator
                     ZeroWireload          tcbn28hpcplusbwp12t30p140lvtssg0p81v125c
  StreamingSoftmax   ZeroWireload          tcbn28hpcplusbwp12t30p140lvtssg0p81v125c
  AttentionScaleUnit ZeroWireload          tcbn28hpcplusbwp12t30p140lvtssg0p81v125c
  BriskKvAttentionTop
                     ZeroWireload          tcbn28hpcplusbwp12t30p140lvtssg0p81v125c

  Point                                       Fanout     Trans      Incr       Path
  ------------------------------------------------------------------------------------
  clock clk (rise edge)                                             0.00       0.00
  clock network delay (ideal)                                       0.00       0.00
  input external delay                                              0.20       0.20 r
  io_command_bits_tokenCount[0] (in)                      0.00      0.00       0.20 r
  io_command_bits_tokenCount[0] (net)          17                   0.00       0.20 r
  decompressionQk/compute/decompressor/io_command_bits_tokenCount[0] (DualKvDecompressionController)
                                                                    0.00       0.20 r
  decompressionQk/compute/decompressor/io_command_bits_tokenCount[0] (net)
                                                                    0.00       0.20 r
  decompressionQk/compute/decompressor/U8/ZN (NR2D1BWP12T30P140LVT)
                                                          0.01      0.01       0.21 f
  decompressionQk/compute/decompressor/n16 (net)
                                                1                   0.00       0.21 f
  decompressionQk/compute/decompressor/U100/ZN (ND2D2BWP12T30P140LVT)
                                                          0.01      0.01       0.21 r
  decompressionQk/compute/decompressor/n76 (net)
                                                1                   0.00       0.21 r
  decompressionQk/compute/decompressor/U39/CO (HA1D1BWP12T30P140LVT)
                                                          0.01      0.02       0.23 r
  decompressionQk/compute/decompressor/n77 (net)
                                                2                   0.00       0.23 r
  decompressionQk/compute/decompressor/U99/ZN (CKND2BWP12T30P140LVT)
                                                          0.01      0.00       0.24 f
  decompressionQk/compute/decompressor/n20 (net)
                                                1                   0.00       0.24 f
  decompressionQk/compute/decompressor/U98/ZN (NR2D2BWP12T30P140LVT)
                                                          0.01      0.01       0.24 r
  decompressionQk/compute/decompressor/n91 (net)
                                                1                   0.00       0.24 r
  decompressionQk/compute/decompressor/U97/CO (HA1D2BWP12T30P140LVT)
                                                          0.01      0.02       0.26 r
  decompressionQk/compute/decompressor/n1787 (net)
                                                1                   0.00       0.26 r
  decompressionQk/compute/decompressor/U37/CO (HA1D1BWP12T30P140LVT)
                                                          0.01      0.02       0.28 r
  decompressionQk/compute/decompressor/n1788 (net)
                                                1                   0.00       0.28 r
  decompressionQk/compute/decompressor/U94/CO (HA1D2BWP12T30P140LVT)
                                                          0.01      0.02       0.30 r
  decompressionQk/compute/decompressor/n340 (net)
                                                2                   0.00       0.30 r
  decompressionQk/compute/decompressor/U93/ZN (INVD1P25BWP12T30P140LVT)
                                                          0.01      0.01       0.31 f
  decompressionQk/compute/decompressor/n29 (net)
                                                1                   0.00       0.31 f
  decompressionQk/compute/decompressor/U92/ZN (INR2D2BWP12T30P140LVT)
                                                          0.01      0.01       0.32 r
  decompressionQk/compute/decompressor/n49 (net)
                                                1                   0.00       0.32 r
  decompressionQk/compute/decompressor/U91/CO (HA1D1BWP12T30P140LVT)
                                                          0.01      0.02       0.34 r
  decompressionQk/compute/decompressor/n1555 (net)
                                                1                   0.00       0.34 r
  decompressionQk/compute/decompressor/U32/CO (HA1D1BWP12T30P140LVT)
                                                          0.01      0.02       0.35 r
  decompressionQk/compute/decompressor/n240 (net)
                                                2                   0.00       0.35 r
  decompressionQk/compute/decompressor/U90/ZN (INVD1P25BWP12T30P140LVT)
                                                          0.01      0.01       0.36 f
  decompressionQk/compute/decompressor/n21 (net)
                                                1                   0.00       0.36 f
  decompressionQk/compute/decompressor/U89/ZN (INR2D2BWP12T30P140LVT)
                                                          0.01      0.01       0.37 r
  decompressionQk/compute/decompressor/n48 (net)
                                                1                   0.00       0.37 r
  decompressionQk/compute/decompressor/U88/CO (HA1D1BWP12T30P140LVT)
                                                          0.01      0.02       0.39 r
  decompressionQk/compute/decompressor/n1549 (net)
                                                1                   0.00       0.39 r
  decompressionQk/compute/decompressor/U87/CO (HA1D2BWP12T30P140LVT)
                                                          0.01      0.02       0.41 r
  decompressionQk/compute/decompressor/n229 (net)
                                                2                   0.00       0.41 r
  decompressionQk/compute/decompressor/U31/ZN (INVD1P25BWP12T30P140LVT)
                                                          0.01      0.01       0.41 f
  decompressionQk/compute/decompressor/n23 (net)
                                                1                   0.00       0.41 f
  decompressionQk/compute/decompressor/U85/ZN (INR2D2BWP12T30P140LVT)
                                                          0.01      0.01       0.42 r
  decompressionQk/compute/decompressor/n386 (net)
                                                2                   0.00       0.42 r
  decompressionQk/compute/decompressor/U84/ZN (CKND2D2BWP12T30P140LVT)
                                                          0.01      0.01       0.43 f
  decompressionQk/compute/decompressor/n22 (net)
                                                1                   0.00       0.43 f
  decompressionQk/compute/decompressor/U108/ZN (INVD2BWP12T30P140LVT)
                                                          0.01      0.01       0.43 r
  decompressionQk/compute/decompressor/n47 (net)
                                                1                   0.00       0.43 r
  decompressionQk/compute/decompressor/U1162/CO (HA1D2BWP12T30P140LVT)
                                                          0.01      0.02       0.45 r
  decompressionQk/compute/decompressor/n160 (net)
                                                1                   0.00       0.45 r
  decompressionQk/compute/decompressor/U1069/CO (HA1D4BWP12T30P140LVT)
                                                          0.01      0.02       0.47 r
  decompressionQk/compute/decompressor/n204 (net)
                                                1                   0.00       0.47 r
  decompressionQk/compute/decompressor/U1091/CO (HA1D4BWP12T30P140LVT)
                                                          0.01      0.02       0.49 r
  decompressionQk/compute/decompressor/n205 (net)
                                                2                   0.00       0.49 r
  decompressionQk/compute/decompressor/U118/ZN (INVD2BWP12T30P140LVT)
                                                          0.01      0.01       0.49 f
  decompressionQk/compute/decompressor/n32 (net)
                                                1                   0.00       0.49 f
  decompressionQk/compute/decompressor/U117/ZN (INR2D4BWP12T30P140LVT)
                                                          0.01      0.01       0.50 r
  decompressionQk/compute/decompressor/n146 (net)
                                                2                   0.00       0.50 r
  decompressionQk/compute/decompressor/U80/ZN (CKND2D3BWP12T30P140LVT)
                                                          0.01      0.01       0.51 f
  decompressionQk/compute/decompressor/n31 (net)
                                                1                   0.00       0.51 f
  decompressionQk/compute/decompressor/U116/ZN (INVD2BWP12T30P140LVT)
                                                          0.01      0.01       0.51 r
  decompressionQk/compute/decompressor/n46 (net)
                                                1                   0.00       0.51 r
  decompressionQk/compute/decompressor/U78/CO (HA1D1BWP12T30P140LVT)
                                                          0.01      0.02       0.53 r
  decompressionQk/compute/decompressor/n147 (net)
                                                2                   0.00       0.53 r
  decompressionQk/compute/decompressor/U120/ZN (ND2OPTPAD1BWP12T30P140LVT)
                                                          0.01      0.01       0.54 f
  decompressionQk/compute/decompressor/n33 (net)
                                                1                   0.00       0.54 f
  decompressionQk/compute/decompressor/U119/ZN (INVD2BWP12T30P140LVT)
                                                          0.01      0.01       0.55 r
  decompressionQk/compute/decompressor/n43 (net)
                                                1                   0.00       0.55 r
  decompressionQk/compute/decompressor/U141/CO (HA1D4BWP12T30P140LVT)
                                                          0.01      0.02       0.57 r
  decompressionQk/compute/decompressor/n116 (net)
                                                2                   0.00       0.57 r
  decompressionQk/compute/decompressor/U74/ZN (CKND2D4BWP12T30P140LVT)
                                                          0.01      0.01       0.57 f
  decompressionQk/compute/decompressor/n66 (net)
                                                2                   0.00       0.57 f
  decompressionQk/compute/decompressor/U602/ZN (NR2D2BWP12T30P140LVT)
                                                          0.01      0.01       0.58 r
  decompressionQk/compute/decompressor/n92 (net)
                                                1                   0.00       0.58 r
  decompressionQk/compute/decompressor/U73/S (HA1D2BWP12T30P140LVT)
                                                          0.01      0.02       0.61 f
  decompressionQk/compute/decompressor/n3781 (net)
                                                2                   0.00       0.61 f
  decompressionQk/compute/decompressor/U70/ZN (CKND6BWP12T30P140LVT)
                                                          0.02      0.01       0.62 r
  decompressionQk/compute/decompressor/n1522 (net)
                                               37                   0.00       0.62 r
  decompressionQk/compute/decompressor/U68/ZN (INVD6BWP12T30P140LVT)
                                                          0.02      0.01       0.63 f
  decompressionQk/compute/decompressor/n1652 (net)
                                               38                   0.00       0.63 f
  decompressionQk/compute/decompressor/U319/ZN (MUX2ND0BWP12T30P140LVT)
                                                          0.05      0.03       0.67 r
  decompressionQk/compute/decompressor/n1461 (net)
                                                6                   0.00       0.67 r
  decompressionQk/compute/decompressor/U512/ZN (INR2D1BWP12T30P140LVT)
                                                          0.01      0.02       0.69 r
  decompressionQk/compute/decompressor/n70 (net)
                                                1                   0.00       0.69 r
  decompressionQk/compute/decompressor/U10/ZN (INR2D1BWP12T30P140LVT)
                                                          0.09      0.06       0.75 r
  decompressionQk/compute/decompressor/n2740 (net)
                                               32                   0.00       0.75 r
  decompressionQk/compute/decompressor/U1201/ZN (AOI221D0BWP12T30P140LVT)
                                                          0.05      0.03       0.78 f
  decompressionQk/compute/decompressor/n1456 (net)
                                                1                   0.00       0.78 f
  decompressionQk/compute/decompressor/U1202/ZN (MUX2ND0BWP12T30P140LVT)
                                                          0.03      0.03       0.81 f
  decompressionQk/compute/decompressor/n1505 (net)
                                                1                   0.00       0.81 f
  decompressionQk/compute/decompressor/U1219/CO (HA1D1BWP12T30P140LVT)
                                                          0.01      0.02       0.83 f
  decompressionQk/compute/decompressor/n1499 (net)
                                                1                   0.00       0.83 f
  decompressionQk/compute/decompressor/U3/CO (FA1D1BWP12T30P140LVT)
                                                          0.01      0.03       0.85 f
  decompressionQk/compute/decompressor/n1494 (net)
                                                1                   0.00       0.85 f
  decompressionQk/compute/decompressor/U1214/CO (FA1D1BWP12T30P140LVT)
                                                          0.02      0.03       0.88 f
  decompressionQk/compute/decompressor/n1489 (net)
                                                1                   0.00       0.88 f
  decompressionQk/compute/decompressor/U62/CO (FA1OPTCD1BWP12T30P140LVT)
                                                          0.02      0.02       0.90 f
  decompressionQk/compute/decompressor/n1484 (net)
                                                1                   0.00       0.90 f
  decompressionQk/compute/decompressor/U668/CO (FA1OPTCD1BWP12T30P140LVT)
                                                          0.01      0.02       0.92 f
  decompressionQk/compute/decompressor/n1479 (net)
                                                1                   0.00       0.92 f
  decompressionQk/compute/decompressor/U1210/CO (FA1D0BWP12T30P140LVT)
                                                          0.02      0.03       0.95 f
  decompressionQk/compute/decompressor/n1474 (net)
                                                1                   0.00       0.95 f
  decompressionQk/compute/decompressor/U659/CO (FA1D1BWP12T30P140LVT)
                                                          0.01      0.03       0.98 f
  decompressionQk/compute/decompressor/n1469 (net)
                                                1                   0.00       0.98 f
  decompressionQk/compute/decompressor/U1207/S (FA1D0BWP12T30P140LVT)
                                                          0.02      0.06       1.04 r
  decompressionQk/compute/decompressor/n1599 (net)
                                                1                   0.00       1.04 r
  decompressionQk/compute/decompressor/U1278/S (FA1D0BWP12T30P140LVT)
                                                          0.02      0.06       1.10 f
  decompressionQk/compute/decompressor/n1679 (net)
                                                1                   0.00       1.10 f
  decompressionQk/compute/decompressor/U1313/S (FA1D0BWP12T30P140LVT)
                                                          0.02      0.06       1.16 r
  decompressionQk/compute/decompressor/n1807 (net)
                                                1                   0.00       1.16 r
  decompressionQk/compute/decompressor/U1387/CO (FA1D0BWP12T30P140LVT)
                                                          0.02      0.04       1.20 r
  decompressionQk/compute/decompressor/n1903 (net)
                                                1                   0.00       1.20 r
  decompressionQk/compute/decompressor/U1436/CO (FA1D0BWP12T30P140LVT)
                                                          0.02      0.04       1.24 r
  decompressionQk/compute/decompressor/n1793 (net)
                                                1                   0.00       1.24 r
  decompressionQk/compute/decompressor/U55/S (FA1D1BWP12T30P140LVT)
                                                          0.02      0.05       1.29 f
  decompressionQk/compute/decompressor/n1907 (net)
                                                1                   0.00       1.29 f
  decompressionQk/compute/decompressor/U676/S (FA1D1BWP12T30P140LVT)
                                                          0.02      0.06       1.34 r
  decompressionQk/compute/decompressor/n2179 (net)
                                                1                   0.00       1.34 r
  decompressionQk/compute/decompressor/U1572/S (FA1D1BWP12T30P140LVT)
                                                          0.02      0.05       1.39 f
  decompressionQk/compute/decompressor/n2550 (net)
                                                1                   0.00       1.39 f
  decompressionQk/compute/decompressor/U683/S (FA1D1BWP12T30P140LVT)
                                                          0.02      0.06       1.45 r
  decompressionQk/compute/decompressor/n2849 (net)
                                                1                   0.00       1.45 r
  decompressionQk/compute/decompressor/U1825/CO (FA1OPTCD2BWP12T30P140LVT)
                                                          0.01      0.04       1.49 r
  decompressionQk/compute/decompressor/n2846 (net)
                                                2                   0.00       1.49 r
  decompressionQk/compute/decompressor/U107/ZN (INVD1BWP12T30P140LVT)
                                                          0.01      0.01       1.49 f
  decompressionQk/compute/decompressor/n18 (net)
                                                1                   0.00       1.49 f
  decompressionQk/compute/decompressor/U106/ZN (CKND2D2BWP12T30P140LVT)
                                                          0.02      0.01       1.50 r
  decompressionQk/compute/decompressor/n2695 (net)
                                                1                   0.00       1.50 r
  decompressionQk/compute/decompressor/U1769/CO (FA1OPTCD2BWP12T30P140LVT)
                                                          0.01      0.02       1.52 r
  decompressionQk/compute/decompressor/n2694 (net)
                                                2                   0.00       1.52 r
  decompressionQk/compute/decompressor/U47/ZN (NR2D2BWP12T30P140LVT)
                                                          0.01      0.01       1.53 f
  decompressionQk/compute/decompressor/n2570 (net)
                                                2                   0.00       1.53 f
  decompressionQk/compute/decompressor/U124/ZN (ND2D2BWP12T30P140LVT)
                                                          0.01      0.01       1.54 r
  decompressionQk/compute/decompressor/n2679 (net)
                                                1                   0.00       1.54 r
  decompressionQk/compute/decompressor/U1765/CO (FA1OPTCD2BWP12T30P140LVT)
                                                          0.02      0.02       1.56 r
  decompressionQk/compute/decompressor/n2728 (net)
                                                2                   0.00       1.56 r
  decompressionQk/compute/decompressor/U115/ZN (INR2D4BWP12T30P140LVT)
                                                          0.01      0.01       1.56 f
  decompressionQk/compute/decompressor/n2585 (net)
                                                2                   0.00       1.56 f
  decompressionQk/compute/decompressor/U46/ZN (CKND2D3BWP12T30P140LVT)
                                                          0.01      0.01       1.57 r
  decompressionQk/compute/decompressor/n2715 (net)
                                                2                   0.00       1.57 r
  decompressionQk/compute/decompressor/U45/ZN (INVD1BWP12T30P140LVT)
                                                          0.01      0.01       1.58 f
  decompressionQk/compute/decompressor/n2598 (net)
                                                1                   0.00       1.58 f
  decompressionQk/compute/decompressor/U1744/ZN (ND2OPTPAD2BWP12T30P140LVT)
                                                          0.01      0.01       1.59 r
  decompressionQk/compute/decompressor/n2632 (net)
                                                1                   0.00       1.59 r
  decompressionQk/compute/decompressor/U1752/CO (FA1OPTCD2BWP12T30P140LVT)
                                                          0.01      0.02       1.61 r
  decompressionQk/compute/decompressor/n2708 (net)
                                                3                   0.00       1.61 r
  decompressionQk/compute/decompressor/U114/ZN (NR2OPTPAD2BWP12T30P140LVT)
                                                          0.01      0.01       1.61 f
  decompressionQk/compute/decompressor/n28 (net)
                                                1                   0.00       1.61 f
  decompressionQk/compute/decompressor/U113/ZN (INVD2BWP12T30P140LVT)
                                                          0.01      0.01       1.62 r
  decompressionQk/compute/decompressor/n44 (net)
                                                1                   0.00       1.62 r
  decompressionQk/compute/decompressor/U1751/CO (FA1OPTCD2BWP12T30P140LVT)
                                                          0.01      0.02       1.64 r
  decompressionQk/compute/decompressor/n2627 (net)
                                                1                   0.00       1.64 r
  decompressionQk/compute/decompressor/U1750/CO (FA1OPTCD2BWP12T30P140LVT)
                                                          0.01      0.02       1.65 r
  decompressionQk/compute/decompressor/n2672 (net)
                                                1                   0.00       1.65 r
  decompressionQk/compute/decompressor/U1763/CO (FA1OPTCD2BWP12T30P140LVT)
                                                          0.01      0.02       1.67 r
  decompressionQk/compute/decompressor/n2671 (net)
                                                2                   0.00       1.67 r
  decompressionQk/compute/decompressor/U103/ZN (INVD2BWP12T30P140LVT)
                                                          0.01      0.01       1.68 f
  decompressionQk/compute/decompressor/n14 (net)
                                                1                   0.00       1.68 f
  decompressionQk/compute/decompressor/U102/ZN (CKND2D4BWP12T30P140LVT)
                                                          0.01      0.01       1.69 r
  decompressionQk/compute/decompressor/n2662 (net)
                                                1                   0.00       1.69 r
  decompressionQk/compute/decompressor/U1761/CO (FA1OPTCD2BWP12T30P140LVT)
                                                          0.01      0.02       1.71 r
  decompressionQk/compute/decompressor/n2659 (net)
                                                1                   0.00       1.71 r
  decompressionQk/compute/decompressor/U1760/CO (FA1OPTCD2BWP12T30P140LVT)
                                                          0.01      0.02       1.72 r
  decompressionQk/compute/decompressor/n2622 (net)
                                                2                   0.00       1.72 r
  decompressionQk/compute/decompressor/U105/ZN (INVD2BWP12T30P140LVT)
                                                          0.01      0.01       1.73 f
  decompressionQk/compute/decompressor/n17 (net)
                                                1                   0.00       1.73 f
  decompressionQk/compute/decompressor/U104/ZN (CKND2D4BWP12T30P140LVT)
                                                          0.01      0.01       1.74 r
  decompressionQk/compute/decompressor/n2613 (net)
                                                1                   0.00       1.74 r
  decompressionQk/compute/decompressor/U1748/CO (FA1OPTCD2BWP12T30P140LVT)
                                                          0.01      0.02       1.76 r
  decompressionQk/compute/decompressor/n2610 (net)
                                                1                   0.00       1.76 r
  decompressionQk/compute/decompressor/U1747/CO (FA1OPTCD2BWP12T30P140LVT)
                                                          0.01      0.02       1.78 r
  decompressionQk/compute/decompressor/n2745 (net)
                                                1                   0.00       1.78 r
  decompressionQk/compute/decompressor/U1780/CO (FA1OPTCD2BWP12T30P140LVT)
                                                          0.01      0.02       1.79 r
  decompressionQk/compute/decompressor/n2758 (net)
                                                1                   0.00       1.79 r
  decompressionQk/compute/decompressor/U125/CO (FA1OPTCD2BWP12T30P140LVT)
                                                          0.01      0.02       1.81 r
  decompressionQk/compute/decompressor/n2765 (net)
                                                2                   0.00       1.81 r
  decompressionQk/compute/decompressor/U605/ZN (NR2OPTPAD2BWP12T30P140LVT)
                                                          0.01      0.01       1.82 f
  decompressionQk/compute/decompressor/n67 (net)
                                                1                   0.00       1.82 f
  decompressionQk/compute/decompressor/U604/Z (MUX2OPTD4BWP12T30P140LVT)
                                                          0.01      0.02       1.84 r
  decompressionQk/compute/decompressor/n3001 (net)
                                                2                   0.00       1.84 r
  decompressionQk/compute/decompressor/U1782/ZN (ND2OPTPAD1BWP12T30P140LVT)
                                                          0.01      0.01       1.85 f
  decompressionQk/compute/decompressor/n2792 (net)
                                                1                   0.00       1.85 f
  decompressionQk/compute/decompressor/U1804/ZN (CKND2D2BWP12T30P140LVT)
                                                          0.01      0.01       1.85 r
  decompressionQk/compute/decompressor/n3003 (net)
                                                1                   0.00       1.85 r
  decompressionQk/compute/decompressor/U40/ZN (NR2D1BWP12T30P140LVT)
                                                          0.01      0.01       1.86 f
  decompressionQk/compute/decompressor/n55 (net)
                                                1                   0.00       1.86 f
  decompressionQk/compute/decompressor/U592/ZN (AOI21OPTPBD2BWP12T30P140LVT)
                                                          0.02      0.01       1.87 r
  decompressionQk/compute/decompressor/n3371 (net)
                                                2                   0.00       1.87 r
  decompressionQk/compute/decompressor/U1883/ZN (IAO21D2BWP12T30P140LVT)
                                                          0.01      0.01       1.88 f
  decompressionQk/compute/decompressor/n3013 (net)
                                                1                   0.00       1.88 f
  decompressionQk/compute/decompressor/U1894/ZN (MOAI22D1BWP12T30P140LVT)
                                                          0.01      0.01       1.89 r
  decompressionQk/compute/decompressor/n634 (net)
                                                1                   0.00       1.89 r
  decompressionQk/compute/decompressor/state_reg[1]/D (DFQD1BWP12T30P140LVT)
                                                          0.01      0.00       1.89 r
  data arrival time                                                            1.89

  clock clk (rise edge)                                             2.00       2.00
  clock network delay (ideal)                                       0.00       2.00
  clock uncertainty                                                -0.10       1.90
  decompressionQk/compute/decompressor/state_reg[1]/CP (DFQD1BWP12T30P140LVT)
                                                                    0.00       1.90 r
  library setup time                                               -0.01       1.89
  data required time                                                           1.89
  ------------------------------------------------------------------------------------
  data required time                                                           1.89
  data arrival time                                                           -1.89
  ------------------------------------------------------------------------------------
  slack (MET)                                                                  0.00


  Startpoint: softmaxV/accumulator/weightPacketReg_weights_5_reg[2]
              (rising edge-triggered flip-flop clocked by clk)
  Endpoint: softmaxV/accumulator/outputReg_value_reg[47]
            (rising edge-triggered flip-flop clocked by clk)
  Path Group: clk
  Path Type: max

  Des/Clust/Port     Wire Load Model       Library
  ------------------------------------------------
  AttentionFeaturePacketizer_0
                     ZeroWireload          tcbn28hpcplusbwp12t30p140lvtssg0p81v125c
  PackDescriptorDecoder_1
                     ZeroWireload          tcbn28hpcplusbwp12t30p140lvtssg0p81v125c
  PackDescriptorDecoder
                     ZeroWireload          tcbn28hpcplusbwp12t30p140lvtssg0p81v125c
  BufferedPackMetadataDequantizer_1
                     ZeroWireload          tcbn28hpcplusbwp12t30p140lvtssg0p81v125c
  DynamicBitUnpacker_1
                     ZeroWireload          tcbn28hpcplusbwp12t30p140lvtssg0p81v125c
  BufferedPackMetadataDequantizer
                     ZeroWireload          tcbn28hpcplusbwp12t30p140lvtssg0p81v125c
  DynamicBitUnpacker ZeroWireload          tcbn28hpcplusbwp12t30p140lvtssg0p81v125c
  KvStreamDequantizer_1
                     ZeroWireload          tcbn28hpcplusbwp12t30p140lvtssg0p81v125c
  KvStreamDequantizer
                     ZeroWireload          tcbn28hpcplusbwp12t30p140lvtssg0p81v125c
  DecompressionPipelineController_1
                     ZeroWireload          tcbn28hpcplusbwp12t30p140lvtssg0p81v125c
  DecompressionPipelineController
                     ZeroWireload          tcbn28hpcplusbwp12t30p140lvtssg0p81v125c
  QkDotProductAccumulator
                     ZeroWireload          tcbn28hpcplusbwp12t30p140lvtssg0p81v125c
  QueryReplayBuffer  ZeroWireload          tcbn28hpcplusbwp12t30p140lvtssg0p81v125c
  AttentionFeaturePacketizer_1
                     ZeroWireload          tcbn28hpcplusbwp12t30p140lvtssg0p81v125c
  DualKvDecompressionController
                     ZeroWireload          tcbn28hpcplusbwp12t30p140lvtssg0p81v125c
  SoftmaxVAccumulator
                     ZeroWireload          tcbn28hpcplusbwp12t30p140lvtssg0p81v125c
  StreamingSoftmax   ZeroWireload          tcbn28hpcplusbwp12t30p140lvtssg0p81v125c
  AttentionScaleUnit ZeroWireload          tcbn28hpcplusbwp12t30p140lvtssg0p81v125c
  AvOutputQuantizer  ZeroWireload          tcbn28hpcplusbwp12t30p140lvtssg0p81v125c
  BriskKvAttentionTop
                     ZeroWireload          tcbn28hpcplusbwp12t30p140lvtssg0p81v125c

  Point                                       Fanout     Trans      Incr       Path
  ------------------------------------------------------------------------------------
  clock clk (rise edge)                                             0.00       0.00
  clock network delay (ideal)                                       0.00       0.00
  softmaxV/accumulator/weightPacketReg_weights_5_reg[2]/CP (DFQD1BWP12T30P140LVT)
                                                          0.00      0.00 #     0.00 r
  softmaxV/accumulator/weightPacketReg_weights_5_reg[2]/Q (DFQD1BWP12T30P140LVT)
                                                          0.04      0.06       0.06 f
  softmaxV/accumulator/weightPacketReg_weights_5[2] (net)
                                               23                   0.00       0.06 f
  softmaxV/accumulator/U2238/ZN (INVD0BWP12T30P140LVT)
                                                          0.09      0.06       0.13 r
  softmaxV/accumulator/n7682 (net)             24                   0.00       0.13 r
  softmaxV/accumulator/U8352/ZN (MAOI22D0BWP12T30P140LVT)
                                                          0.03      0.03       0.16 r
  softmaxV/accumulator/n7560 (net)              2                   0.00       0.16 r
  softmaxV/accumulator/U8353/ZN (ND2D0BWP12T30P140LVT)
                                                          0.07      0.04       0.20 f
  softmaxV/accumulator/n7668 (net)             13                   0.00       0.20 f
  softmaxV/accumulator/U8366/ZN (INVD0BWP12T30P140LVT)
                                                          0.04      0.03       0.23 r
  softmaxV/accumulator/n7679 (net)              6                   0.00       0.23 r
  softmaxV/accumulator/U8411/ZN (AOI222D1BWP12T30P140LVT)
                                                          0.05      0.02       0.25 f
  softmaxV/accumulator/n7680 (net)              1                   0.00       0.25 f
  softmaxV/accumulator/U8412/ZN (MUX2ND0BWP12T30P140LVT)
                                                          0.04      0.03       0.27 r
  softmaxV/accumulator/n10826 (net)             1                   0.00       0.27 r
  softmaxV/accumulator/U565/CO (HA1D0BWP12T30P140LVT)     0.02      0.03       0.30 r
  softmaxV/accumulator/n10537 (net)             1                   0.00       0.30 r
  softmaxV/accumulator/U3475/CO (HA1D0BWP12T30P140LVT)
                                                          0.02      0.02       0.32 r
  softmaxV/accumulator/n10561 (net)             1                   0.00       0.32 r
  softmaxV/accumulator/U2202/CO (FA1D0BWP12T30P140LVT)
                                                          0.02      0.03       0.36 r
  softmaxV/accumulator/n12106 (net)             1                   0.00       0.36 r
  softmaxV/accumulator/U10311/CO (FA1D1BWP12T30P140LVT)
                                                          0.01      0.03       0.38 r
  softmaxV/accumulator/n10267 (net)             1                   0.00       0.38 r
  softmaxV/accumulator/U3487/CO (FA1D0BWP12T30P140LVT)
                                                          0.02      0.03       0.42 r
  softmaxV/accumulator/n10511 (net)             1                   0.00       0.42 r
  softmaxV/accumulator/U2212/CO (FA1D0BWP12T30P140LVT)
                                                          0.02      0.04       0.45 r
  softmaxV/accumulator/n11052 (net)             1                   0.00       0.45 r
  softmaxV/accumulator/U10003/CO (FA1D1BWP12T30P140LVT)
                                                          0.01      0.03       0.48 r
  softmaxV/accumulator/n11303 (net)             1                   0.00       0.48 r
  softmaxV/accumulator/U3575/CO (FA1D0BWP12T30P140LVT)
                                                          0.02      0.03       0.51 r
  softmaxV/accumulator/n10757 (net)             1                   0.00       0.51 r
  softmaxV/accumulator/U2227/CO (FA1D0BWP12T30P140LVT)
                                                          0.02      0.04       0.55 r
  softmaxV/accumulator/n11546 (net)             1                   0.00       0.55 r
  softmaxV/accumulator/U10151/CO (FA1D1BWP12T30P140LVT)
                                                          0.01      0.03       0.57 r
  softmaxV/accumulator/n9967 (net)              1                   0.00       0.57 r
  softmaxV/accumulator/U2107/CO (FA1D0BWP12T30P140LVT)
                                                          0.02      0.03       0.60 r
  softmaxV/accumulator/n11271 (net)             1                   0.00       0.60 r
  softmaxV/accumulator/U3207/CO (FA1D0BWP12T30P140LVT)
                                                          0.02      0.04       0.64 r
  softmaxV/accumulator/n10725 (net)             1                   0.00       0.64 r
  softmaxV/accumulator/U9903/CO (FA1D1BWP12T30P140LVT)
                                                          0.01      0.03       0.67 r
  softmaxV/accumulator/n11513 (net)             1                   0.00       0.67 r
  softmaxV/accumulator/U2128/CO (FA1D0BWP12T30P140LVT)
                                                          0.02      0.03       0.70 r
  softmaxV/accumulator/n9935 (net)              1                   0.00       0.70 r
  softmaxV/accumulator/U3220/CO (FA1D0BWP12T30P140LVT)
                                                          0.02      0.04       0.73 r
  softmaxV/accumulator/n11239 (net)             1                   0.00       0.73 r
  softmaxV/accumulator/U504/CO (FA1D1BWP12T30P140LVT)     0.01      0.03       0.76 r
  softmaxV/accumulator/n10693 (net)             1                   0.00       0.76 r
  softmaxV/accumulator/U2142/CO (FA1D0BWP12T30P140LVT)
                                                          0.02      0.03       0.79 r
  softmaxV/accumulator/n11481 (net)             1                   0.00       0.79 r
  softmaxV/accumulator/U498/CO (FA1D1BWP12T30P140LVT)     0.01      0.03       0.82 r
  softmaxV/accumulator/n9903 (net)              1                   0.00       0.82 r
  softmaxV/accumulator/U494/CO (FA1D1BWP12T30P140LVT)     0.01      0.02       0.84 r
  softmaxV/accumulator/n11207 (net)             1                   0.00       0.84 r
  softmaxV/accumulator/U3268/CO (FA1D0BWP12T30P140LVT)
                                                          0.02      0.03       0.88 r
  softmaxV/accumulator/n10661 (net)             1                   0.00       0.88 r
  softmaxV/accumulator/U3278/CO (FA1D0BWP12T30P140LVT)
                                                          0.02      0.04       0.91 r
  softmaxV/accumulator/n11449 (net)             1                   0.00       0.91 r
  softmaxV/accumulator/U3296/CO (FA1D0BWP12T30P140LVT)
                                                          0.02      0.04       0.95 r
  softmaxV/accumulator/n9871 (net)              1                   0.00       0.95 r
  softmaxV/accumulator/U3306/CO (FA1D0BWP12T30P140LVT)
                                                          0.02      0.04       0.98 r
  softmaxV/accumulator/n11175 (net)             1                   0.00       0.98 r
  softmaxV/accumulator/U3320/CO (FA1D0BWP12T30P140LVT)
                                                          0.02      0.04       1.02 r
  softmaxV/accumulator/n10629 (net)             1                   0.00       1.02 r
  softmaxV/accumulator/U3332/CO (FA1D0BWP12T30P140LVT)
                                                          0.02      0.04       1.05 r
  softmaxV/accumulator/n11417 (net)             1                   0.00       1.05 r
  softmaxV/accumulator/U474/CO (FA1D1BWP12T30P140LVT)     0.01      0.03       1.08 r
  softmaxV/accumulator/n9839 (net)              1                   0.00       1.08 r
  softmaxV/accumulator/U3537/CO (FA1D0BWP12T30P140LVT)
                                                          0.02      0.03       1.11 r
  softmaxV/accumulator/n11143 (net)             1                   0.00       1.11 r
  softmaxV/accumulator/U3410/CO (FA1D0BWP12T30P140LVT)
                                                          0.02      0.04       1.15 r
  softmaxV/accumulator/n10597 (net)             1                   0.00       1.15 r
  softmaxV/accumulator/U3547/CO (FA1D0BWP12T30P140LVT)
                                                          0.02      0.04       1.18 r
  softmaxV/accumulator/n11385 (net)             1                   0.00       1.18 r
  softmaxV/accumulator/U3450/CO (FA1D0BWP12T30P140LVT)
                                                          0.02      0.04       1.22 r
  softmaxV/accumulator/n9807 (net)              1                   0.00       1.22 r
  softmaxV/accumulator/U2179/CO (FA1D0BWP12T30P140LVT)
                                                          0.02      0.04       1.25 r
  softmaxV/accumulator/n11111 (net)             1                   0.00       1.25 r
  softmaxV/accumulator/U10027/S (FA1D1BWP12T30P140LVT)
                                                          0.01      0.04       1.30 f
  softmaxV/accumulator/n11114 (net)             1                   0.00       1.30 f
  softmaxV/accumulator/U10028/ZN (INR2D1BWP12T30P140LVT)
                                                          0.02      0.02       1.32 f
  softmaxV/accumulator/n12117 (net)             1                   0.00       1.32 f
  softmaxV/accumulator/U10315/S (FA1D1BWP12T30P140LVT)
                                                          0.02      0.06       1.37 r
  softmaxV/accumulator/n12359 (net)             1                   0.00       1.37 r
  softmaxV/accumulator/U708/S (FA1D1BWP12T30P140LVT)      0.02      0.05       1.42 f
  softmaxV/accumulator/n12629 (net)             3                   0.00       1.42 f
  softmaxV/accumulator/U165/Z (CKXOR2D0BWP12T30P140LVT)
                                                          0.01      0.03       1.45 r
  softmaxV/accumulator/n120 (net)               1                   0.00       1.45 r
  softmaxV/accumulator/U408/Z (CKXOR2D1BWP12T30P140LVT)
                                                          0.01      0.03       1.48 f
  softmaxV/accumulator/n12659 (net)             1                   0.00       1.48 f
  softmaxV/accumulator/U10440/S (FA1D0BWP12T30P140LVT)
                                                          0.03      0.06       1.54 r
  softmaxV/accumulator/n15157 (net)             1                   0.00       1.54 r
  softmaxV/accumulator/U707/CO (FA1D1BWP12T30P140LVT)     0.01      0.03       1.57 r
  softmaxV/accumulator/n15164 (net)             1                   0.00       1.57 r
  softmaxV/accumulator/U710/CO (FA1OPTCD2BWP12T30P140LVT)
                                                          0.01      0.02       1.59 r
  softmaxV/accumulator/n15170 (net)             1                   0.00       1.59 r
  softmaxV/accumulator/U711/CO (FA1OPTCD2BWP12T30P140LVT)
                                                          0.01      0.02       1.60 r
  softmaxV/accumulator/n15177 (net)             1                   0.00       1.60 r
  softmaxV/accumulator/U12792/CO (FA1OPTCD2BWP12T30P140LVT)
                                                          0.01      0.02       1.62 r
  softmaxV/accumulator/n15181 (net)             1                   0.00       1.62 r
  softmaxV/accumulator/U12795/CO (FA1OPTCD2BWP12T30P140LVT)
                                                          0.01      0.02       1.64 r
  softmaxV/accumulator/n15185 (net)             1                   0.00       1.64 r
  softmaxV/accumulator/U12797/CO (FA1OPTCD2BWP12T30P140LVT)
                                                          0.01      0.02       1.66 r
  softmaxV/accumulator/n15189 (net)             1                   0.00       1.66 r
  softmaxV/accumulator/U12799/CO (FA1OPTCD2BWP12T30P140LVT)
                                                          0.01      0.02       1.68 r
  softmaxV/accumulator/n15193 (net)             1                   0.00       1.68 r
  softmaxV/accumulator/U12801/CO (FA1OPTCD2BWP12T30P140LVT)
                                                          0.01      0.02       1.70 r
  softmaxV/accumulator/n15197 (net)             1                   0.00       1.70 r
  softmaxV/accumulator/U12803/CO (FA1OPTCD2BWP12T30P140LVT)
                                                          0.01      0.02       1.72 r
  softmaxV/accumulator/n15201 (net)             1                   0.00       1.72 r
  softmaxV/accumulator/U12805/CO (FA1OPTCD2BWP12T30P140LVT)
                                                          0.01      0.02       1.74 r
  softmaxV/accumulator/n15205 (net)             1                   0.00       1.74 r
  softmaxV/accumulator/U12807/CO (FA1OPTCD2BWP12T30P140LVT)
                                                          0.01      0.02       1.75 r
  softmaxV/accumulator/n15209 (net)             1                   0.00       1.75 r
  softmaxV/accumulator/U12809/CO (FA1OPTCD2BWP12T30P140LVT)
                                                          0.01      0.02       1.77 r
  softmaxV/accumulator/n15213 (net)             1                   0.00       1.77 r
  softmaxV/accumulator/U12811/CO (FA1OPTCD2BWP12T30P140LVT)
                                                          0.01      0.02       1.79 r
  softmaxV/accumulator/n15217 (net)             1                   0.00       1.79 r
  softmaxV/accumulator/U12812/CO (FA1OPTCD2BWP12T30P140LVT)
                                                          0.01      0.02       1.81 r
  softmaxV/accumulator/n15223 (net)             1                   0.00       1.81 r
  softmaxV/accumulator/U12813/CO (FA1OPTCD2BWP12T30P140LVT)
                                                          0.01      0.02       1.83 r
  softmaxV/accumulator/n15856 (net)             1                   0.00       1.83 r
  softmaxV/accumulator/U13201/S (FA1OPTCD2BWP12T30P140LVT)
                                                          0.02      0.04       1.87 r
  softmaxV/accumulator/n15861 (net)             2                   0.00       1.87 r
  softmaxV/accumulator/U606/ZN (CKND2D2BWP12T30P140LVT)
                                                          0.04      0.01       1.88 f
  softmaxV/accumulator/n44 (net)                1                   0.00       1.88 f
  softmaxV/accumulator/U114/ZN (ND2D2BWP12T30P140LVT)     0.01      0.01       1.89 r
  softmaxV/accumulator/n459 (net)               1                   0.00       1.89 r
  softmaxV/accumulator/outputReg_value_reg[47]/D (DFQD2BWP12T30P140LVT)
                                                          0.01      0.00       1.89 r
  data arrival time                                                            1.89

  clock clk (rise edge)                                             2.00       2.00
  clock network delay (ideal)                                       0.00       2.00
  clock uncertainty                                                -0.10       1.90
  softmaxV/accumulator/outputReg_value_reg[47]/CP (DFQD2BWP12T30P140LVT)
                                                                    0.00       1.90 r
  library setup time                                               -0.01       1.89
  data required time                                                           1.89
  ------------------------------------------------------------------------------------
  data required time                                                           1.89
  data arrival time                                                           -1.89
  ------------------------------------------------------------------------------------
  slack (MET)                                                                  0.00


  Startpoint: decompressionQk/compute/decompressor/vController/commandReg_tokenCount_reg[5]
              (rising edge-triggered flip-flop clocked by clk)
  Endpoint: decompressionQk/compute/decompressor/vController/resultError_reg
            (rising edge-triggered flip-flop clocked by clk)
  Path Group: clk
  Path Type: max

  Des/Clust/Port     Wire Load Model       Library
  ------------------------------------------------
  AttentionFeaturePacketizer_0
                     ZeroWireload          tcbn28hpcplusbwp12t30p140lvtssg0p81v125c
  PackDescriptorDecoder_1
                     ZeroWireload          tcbn28hpcplusbwp12t30p140lvtssg0p81v125c
  PackDescriptorDecoder
                     ZeroWireload          tcbn28hpcplusbwp12t30p140lvtssg0p81v125c
  BufferedPackMetadataDequantizer_1
                     ZeroWireload          tcbn28hpcplusbwp12t30p140lvtssg0p81v125c
  DynamicBitUnpacker_1
                     ZeroWireload          tcbn28hpcplusbwp12t30p140lvtssg0p81v125c
  BufferedPackMetadataDequantizer
                     ZeroWireload          tcbn28hpcplusbwp12t30p140lvtssg0p81v125c
  DynamicBitUnpacker ZeroWireload          tcbn28hpcplusbwp12t30p140lvtssg0p81v125c
  KvStreamDequantizer_1
                     ZeroWireload          tcbn28hpcplusbwp12t30p140lvtssg0p81v125c
  KvStreamDequantizer
                     ZeroWireload          tcbn28hpcplusbwp12t30p140lvtssg0p81v125c
  DecompressionPipelineController_1
                     ZeroWireload          tcbn28hpcplusbwp12t30p140lvtssg0p81v125c
  DecompressionPipelineController
                     ZeroWireload          tcbn28hpcplusbwp12t30p140lvtssg0p81v125c
  QkDotProductAccumulator
                     ZeroWireload          tcbn28hpcplusbwp12t30p140lvtssg0p81v125c
  QueryReplayBuffer  ZeroWireload          tcbn28hpcplusbwp12t30p140lvtssg0p81v125c
  AttentionFeaturePacketizer_1
                     ZeroWireload          tcbn28hpcplusbwp12t30p140lvtssg0p81v125c
  DualKvDecompressionController
                     ZeroWireload          tcbn28hpcplusbwp12t30p140lvtssg0p81v125c
  SoftmaxVAccumulator
                     ZeroWireload          tcbn28hpcplusbwp12t30p140lvtssg0p81v125c
  StreamingSoftmax   ZeroWireload          tcbn28hpcplusbwp12t30p140lvtssg0p81v125c
  AttentionScaleUnit ZeroWireload          tcbn28hpcplusbwp12t30p140lvtssg0p81v125c
  AvOutputQuantizer  ZeroWireload          tcbn28hpcplusbwp12t30p140lvtssg0p81v125c
  BriskKvAttentionTop
                     ZeroWireload          tcbn28hpcplusbwp12t30p140lvtssg0p81v125c

  Point                                       Fanout     Trans      Incr       Path
  ------------------------------------------------------------------------------------
  clock clk (rise edge)                                             0.00       0.00
  clock network delay (ideal)                                       0.00       0.00
  decompressionQk/compute/decompressor/vController/commandReg_tokenCount_reg[5]/CP (DFQD4BWP12T30P140LVT)
                                                          0.00      0.00 #     0.00 r
  decompressionQk/compute/decompressor/vController/commandReg_tokenCount_reg[5]/Q (DFQD4BWP12T30P140LVT)
                                                          0.03      0.05       0.05 f
  decompressionQk/compute/decompressor/vController/io_result_bits_tokenCount[5] (net)
                                               54                   0.00       0.05 f
  decompressionQk/compute/decompressor/vController/U2844/ZN (INVD2BWP12T30P140LVT)
                                                          0.03      0.03       0.08 r
  decompressionQk/compute/decompressor/vController/n4341 (net)
                                               36                   0.00       0.08 r
  decompressionQk/compute/decompressor/vController/U3319/ZN (MUX2ND0BWP12T30P140LVT)
                                                          0.03      0.02       0.10 f
  decompressionQk/compute/decompressor/vController/n3789 (net)
                                                3                   0.00       0.10 f
  decompressionQk/compute/decompressor/vController/U3322/ZN (INVD0BWP12T30P140LVT)
                                                          0.02      0.02       0.12 r
  decompressionQk/compute/decompressor/vController/n4188 (net)
                                                4                   0.00       0.12 r
  decompressionQk/compute/decompressor/vController/U271/ZN (ND2D1BWP12T30P140LVT)
                                                          0.08      0.05       0.17 f
  decompressionQk/compute/decompressor/vController/n4181 (net)
                                               32                   0.00       0.17 f
  decompressionQk/compute/decompressor/vController/U270/ZN (INVD0BWP12T30P140LVT)
                                                          0.03      0.02       0.19 r
  decompressionQk/compute/decompressor/vController/n60 (net)
                                                1                   0.00       0.19 r
  decompressionQk/compute/decompressor/vController/U245/ZN (AOI222D1BWP12T30P140LVT)
                                                          0.05      0.02       0.21 f
  decompressionQk/compute/decompressor/vController/n4185 (net)
                                                1                   0.00       0.21 f
  decompressionQk/compute/decompressor/vController/U3616/ZN (MUX2ND0BWP12T30P140LVT)
                                                          0.03      0.03       0.24 f
  decompressionQk/compute/decompressor/vController/n4330 (net)
                                                1                   0.00       0.24 f
  decompressionQk/compute/decompressor/vController/U3710/CO (HA1D1BWP12T30P140LVT)
                                                          0.01      0.02       0.26 f
  decompressionQk/compute/decompressor/vController/n4325 (net)
                                                1                   0.00       0.26 f
  decompressionQk/compute/decompressor/vController/U740/CO (HA1D0BWP12T30P140LVT)
                                                          0.01      0.02       0.28 f
  decompressionQk/compute/decompressor/vController/n4320 (net)
                                                1                   0.00       0.28 f
  decompressionQk/compute/decompressor/vController/U3703/CO (FA1D1BWP12T30P140LVT)
                                                          0.01      0.03       0.30 f
  decompressionQk/compute/decompressor/vController/n4315 (net)
                                                1                   0.00       0.30 f
  decompressionQk/compute/decompressor/vController/U738/CO (FA1D0BWP12T30P140LVT)
                                                          0.02      0.03       0.34 f
  decompressionQk/compute/decompressor/vController/n4310 (net)
                                                1                   0.00       0.34 f
  decompressionQk/compute/decompressor/vController/U62/CO (FA1D1BWP12T30P140LVT)
                                                          0.01      0.03       0.36 f
  decompressionQk/compute/decompressor/vController/n4305 (net)
                                                1                   0.00       0.36 f
  decompressionQk/compute/decompressor/vController/U127/CO (FA1D1BWP12T30P140LVT)
                                                          0.01      0.03       0.39 f
  decompressionQk/compute/decompressor/vController/n4300 (net)
                                                1                   0.00       0.39 f
  decompressionQk/compute/decompressor/vController/U9/CO (FA1D1BWP12T30P140LVT)
                                                          0.01      0.03       0.42 f
  decompressionQk/compute/decompressor/vController/n4295 (net)
                                                1                   0.00       0.42 f
  decompressionQk/compute/decompressor/vController/U124/CO (FA1D1BWP12T30P140LVT)
                                                          0.01      0.03       0.44 f
  decompressionQk/compute/decompressor/vController/n4290 (net)
                                                1                   0.00       0.44 f
  decompressionQk/compute/decompressor/vController/U3684/CO (FA1D1BWP12T30P140LVT)
                                                          0.01      0.03       0.47 f
  decompressionQk/compute/decompressor/vController/n4285 (net)
                                                1                   0.00       0.47 f
  decompressionQk/compute/decompressor/vController/U737/CO (FA1D0BWP12T30P140LVT)
                                                          0.02      0.03       0.50 f
  decompressionQk/compute/decompressor/vController/n4280 (net)
                                                1                   0.00       0.50 f
  decompressionQk/compute/decompressor/vController/U3677/CO (FA1D1BWP12T30P140LVT)
                                                          0.01      0.03       0.53 f
  decompressionQk/compute/decompressor/vController/n4275 (net)
                                                1                   0.00       0.53 f
  decompressionQk/compute/decompressor/vController/U736/S (FA1D0BWP12T30P140LVT)
                                                          0.03      0.06       0.59 r
  decompressionQk/compute/decompressor/vController/n4451 (net)
                                                1                   0.00       0.59 r
  decompressionQk/compute/decompressor/vController/U3779/S (FA1D1BWP12T30P140LVT)
                                                          0.02      0.05       0.64 f
  decompressionQk/compute/decompressor/vController/n4782 (net)
                                                1                   0.00       0.64 f
  decompressionQk/compute/decompressor/vController/U853/CO (FA1D0BWP12T30P140LVT)
                                                          0.02      0.04       0.67 f
  decompressionQk/compute/decompressor/vController/n4794 (net)
                                                1                   0.00       0.67 f
  decompressionQk/compute/decompressor/vController/U371/CO (FA1D1BWP12T30P140LVT)
                                                          0.01      0.03       0.70 f
  decompressionQk/compute/decompressor/vController/n4791 (net)
                                                1                   0.00       0.70 f
  decompressionQk/compute/decompressor/vController/U852/CO (FA1D0BWP12T30P140LVT)
                                                          0.02      0.03       0.73 f
  decompressionQk/compute/decompressor/vController/n4761 (net)
                                                1                   0.00       0.73 f
  decompressionQk/compute/decompressor/vController/U497/CO (FA1D1BWP12T30P140LVT)
                                                          0.01      0.03       0.76 f
  decompressionQk/compute/decompressor/vController/n4758 (net)
                                                1                   0.00       0.76 f
  decompressionQk/compute/decompressor/vController/U851/CO (FA1D0BWP12T30P140LVT)
                                                          0.02      0.03       0.79 f
  decompressionQk/compute/decompressor/vController/n4772 (net)
                                                1                   0.00       0.79 f
  decompressionQk/compute/decompressor/vController/U370/CO (FA1D1BWP12T30P140LVT)
                                                          0.01      0.03       0.82 f
  decompressionQk/compute/decompressor/vController/n4769 (net)
                                                1                   0.00       0.82 f
  decompressionQk/compute/decompressor/vController/U3893/CO (FA1D1BWP12T30P140LVT)
                                                          0.01      0.03       0.85 f
  decompressionQk/compute/decompressor/vController/n4831 (net)
                                                1                   0.00       0.85 f
  decompressionQk/compute/decompressor/vController/U863/CO (FA1D1BWP12T30P140LVT)
                                                          0.01      0.03       0.87 f
  decompressionQk/compute/decompressor/vController/n4828 (net)
                                                1                   0.00       0.87 f
  decompressionQk/compute/decompressor/vController/U3911/CO (FA1D1BWP12T30P140LVT)
                                                          0.01      0.03       0.90 f
  decompressionQk/compute/decompressor/vController/n4842 (net)
                                                1                   0.00       0.90 f
  decompressionQk/compute/decompressor/vController/U862/CO (FA1D1BWP12T30P140LVT)
                                                          0.01      0.03       0.92 f
  decompressionQk/compute/decompressor/vController/n4839 (net)
                                                1                   0.00       0.92 f
  decompressionQk/compute/decompressor/vController/U3915/CO (FA1D1BWP12T30P140LVT)
                                                          0.01      0.03       0.95 f
  decompressionQk/compute/decompressor/vController/n4809 (net)
                                                1                   0.00       0.95 f
  decompressionQk/compute/decompressor/vController/U861/CO (FA1D1BWP12T30P140LVT)
                                                          0.01      0.03       0.98 f
  decompressionQk/compute/decompressor/vController/n4806 (net)
                                                1                   0.00       0.98 f
  decompressionQk/compute/decompressor/vController/U3903/CO (FA1D1BWP12T30P140LVT)
                                                          0.01      0.03       1.00 f
  decompressionQk/compute/decompressor/vController/n4820 (net)
                                                1                   0.00       1.00 f
  decompressionQk/compute/decompressor/vController/U493/CO (FA1D1BWP12T30P140LVT)
                                                          0.01      0.03       1.03 f
  decompressionQk/compute/decompressor/vController/n4817 (net)
                                                1                   0.00       1.03 f
  decompressionQk/compute/decompressor/vController/U3907/CO (FA1D1BWP12T30P140LVT)
                                                          0.01      0.03       1.06 f
  decompressionQk/compute/decompressor/vController/n4742 (net)
                                                1                   0.00       1.06 f
  decompressionQk/compute/decompressor/vController/U869/CO (FA1D1BWP12T30P140LVT)
                                                          0.01      0.03       1.08 f
  decompressionQk/compute/decompressor/vController/n4739 (net)
                                                1                   0.00       1.08 f
  decompressionQk/compute/decompressor/vController/U870/CO (FA1D0BWP12T30P140LVT)
                                                          0.02      0.03       1.12 f
  decompressionQk/compute/decompressor/vController/n4731 (net)
                                                1                   0.00       1.12 f
  decompressionQk/compute/decompressor/vController/U238/CO (FA1OPTCD2BWP12T30P140LVT)
                                                          0.01      0.02       1.14 f
  decompressionQk/compute/decompressor/vController/n4728 (net)
                                                1                   0.00       1.14 f
  decompressionQk/compute/decompressor/vController/U237/CO (FA1OPTCD1BWP12T30P140LVT)
                                                          0.02      0.02       1.16 f
  decompressionQk/compute/decompressor/vController/n4720 (net)
                                                1                   0.00       1.16 f
  decompressionQk/compute/decompressor/vController/U234/CO (FA1OPTCD2BWP12T30P140LVT)
                                                          0.01      0.02       1.18 f
  decompressionQk/compute/decompressor/vController/n4717 (net)
                                                1                   0.00       1.18 f
  decompressionQk/compute/decompressor/vController/U233/CO (FA1OPTCD1BWP12T30P140LVT)
                                                          0.02      0.02       1.20 f
  decompressionQk/compute/decompressor/vController/n4709 (net)
                                                1                   0.00       1.20 f
  decompressionQk/compute/decompressor/vController/U236/CO (FA1OPTCD2BWP12T30P140LVT)
                                                          0.01      0.02       1.22 f
  decompressionQk/compute/decompressor/vController/n4706 (net)
                                                1                   0.00       1.22 f
  decompressionQk/compute/decompressor/vController/U235/CO (FA1OPTCD1BWP12T30P140LVT)
                                                          0.01      0.02       1.24 f
  decompressionQk/compute/decompressor/vController/n4694 (net)
                                                1                   0.00       1.24 f
  decompressionQk/compute/decompressor/vController/U867/CO (FA1D1BWP12T30P140LVT)
                                                          0.01      0.03       1.26 f
  decompressionQk/compute/decompressor/vController/n4691 (net)
                                                1                   0.00       1.26 f
  decompressionQk/compute/decompressor/vController/U868/CO (FA1D0BWP12T30P140LVT)
                                                          0.02      0.03       1.30 f
  decompressionQk/compute/decompressor/vController/n4683 (net)
                                                1                   0.00       1.30 f
  decompressionQk/compute/decompressor/vController/U865/CO (FA1D0BWP12T30P140LVT)
                                                          0.02      0.03       1.33 f
  decompressionQk/compute/decompressor/vController/n4680 (net)
                                                1                   0.00       1.33 f
  decompressionQk/compute/decompressor/vController/U866/CO (FA1D1BWP12T30P140LVT)
                                                          0.02      0.03       1.36 f
  decompressionQk/compute/decompressor/vController/n4672 (net)
                                                1                   0.00       1.36 f
  decompressionQk/compute/decompressor/vController/U240/CO (FA1OPTCD1BWP12T30P140LVT)
                                                          0.02      0.02       1.38 f
  decompressionQk/compute/decompressor/vController/n4669 (net)
                                                1                   0.00       1.38 f
  decompressionQk/compute/decompressor/vController/U239/CO (FA1OPTCD1BWP12T30P140LVT)
                                                          0.01      0.02       1.40 f
  decompressionQk/compute/decompressor/vController/n4661 (net)
                                                1                   0.00       1.40 f
  decompressionQk/compute/decompressor/vController/U864/CO (FA1D1BWP12T30P140LVT)
                                                          0.02      0.03       1.43 f
  decompressionQk/compute/decompressor/vController/n4658 (net)
                                                1                   0.00       1.43 f
  decompressionQk/compute/decompressor/vController/U244/CO (FA1OPTCD1BWP12T30P140LVT)
                                                          0.02      0.02       1.45 f
  decompressionQk/compute/decompressor/vController/n4646 (net)
                                                1                   0.00       1.45 f
  decompressionQk/compute/decompressor/vController/U243/CO (FA1OPTCD1BWP12T30P140LVT)
                                                          0.02      0.02       1.47 f
  decompressionQk/compute/decompressor/vController/n4643 (net)
                                                1                   0.00       1.47 f
  decompressionQk/compute/decompressor/vController/U3859/CO (FA1OPTCD2BWP12T30P140LVT)
                                                          0.01      0.02       1.49 f
  decompressionQk/compute/decompressor/vController/n4635 (net)
                                                1                   0.00       1.49 f
  decompressionQk/compute/decompressor/vController/U3856/CO (FA1D1BWP12T30P140LVT)
                                                          0.01      0.03       1.52 f
  decompressionQk/compute/decompressor/vController/n4632 (net)
                                                1                   0.00       1.52 f
  decompressionQk/compute/decompressor/vController/U3855/CO (FA1D1BWP12T30P140LVT)
                                                          0.02      0.03       1.54 f
  decompressionQk/compute/decompressor/vController/n4624 (net)
                                                1                   0.00       1.54 f
  decompressionQk/compute/decompressor/vController/U3852/CO (FA1OPTCD2BWP12T30P140LVT)
                                                          0.01      0.02       1.56 f
  decompressionQk/compute/decompressor/vController/n4621 (net)
                                                1                   0.00       1.56 f
  decompressionQk/compute/decompressor/vController/U3851/CO (FA1D1BWP12T30P140LVT)
                                                          0.01      0.03       1.59 f
  decompressionQk/compute/decompressor/vController/n4613 (net)
                                                1                   0.00       1.59 f
  decompressionQk/compute/decompressor/vController/U3849/CO (FA1D1BWP12T30P140LVT)
                                                          0.02      0.03       1.62 f
  decompressionQk/compute/decompressor/vController/n4610 (net)
                                                1                   0.00       1.62 f
  decompressionQk/compute/decompressor/vController/U3848/CO (FA1OPTCD2BWP12T30P140LVT)
                                                          0.01      0.02       1.63 f
  decompressionQk/compute/decompressor/vController/n4597 (net)
                                                1                   0.00       1.63 f
  decompressionQk/compute/decompressor/vController/U242/CO (FA1OPTCD2BWP12T30P140LVT)
                                                          0.01      0.02       1.65 f
  decompressionQk/compute/decompressor/vController/n4594 (net)
                                                1                   0.00       1.65 f
  decompressionQk/compute/decompressor/vController/U241/CO (FA1OPTCD1BWP12T30P140LVT)
                                                          0.01      0.02       1.67 f
  decompressionQk/compute/decompressor/vController/n4588 (net)
                                                1                   0.00       1.67 f
  decompressionQk/compute/decompressor/vController/U827/CO (FA1D1BWP12T30P140LVT)
                                                          0.01      0.03       1.70 f
  decompressionQk/compute/decompressor/vController/n4577 (net)
                                                1                   0.00       1.70 f
  decompressionQk/compute/decompressor/vController/U872/CO (FA1D0BWP12T30P140LVT)
                                                          0.02      0.03       1.73 f
  decompressionQk/compute/decompressor/vController/n4574 (net)
                                                1                   0.00       1.73 f
  decompressionQk/compute/decompressor/vController/U878/CO (FA1D1BWP12T30P140LVT)
                                                          0.01      0.03       1.76 f
  decompressionQk/compute/decompressor/vController/n4585 (net)
                                                1                   0.00       1.76 f
  decompressionQk/compute/decompressor/vController/U896/S (FA1D0BWP12T30P140LVT)
                                                          0.02      0.05       1.81 r
  decompressionQk/compute/decompressor/vController/n4592 (net)
                                                1                   0.00       1.81 r
  decompressionQk/compute/decompressor/vController/U894/Z (XOR2D1BWP12T30P140LVT)
                                                          0.01      0.02       1.83 r
  decompressionQk/compute/decompressor/vController/n102 (net)
                                                1                   0.00       1.83 r
  decompressionQk/compute/decompressor/vController/U891/ZN (ND3D1BWP12T30P140LVT)
                                                          0.02      0.02       1.84 f
  decompressionQk/compute/decompressor/vController/n4757 (net)
                                                1                   0.00       1.84 f
  decompressionQk/compute/decompressor/vController/U279/ZN (NR4D1BWP12T30P140LVT)
                                                          0.02      0.01       1.85 r
  decompressionQk/compute/decompressor/vController/n4952 (net)
                                                1                   0.00       1.85 r
  decompressionQk/compute/decompressor/vController/U247/ZN (ND3D1BWP12T30P140LVT)
                                                          0.02      0.01       1.87 f
  decompressionQk/compute/decompressor/vController/n5022 (net)
                                                1                   0.00       1.87 f
  decompressionQk/compute/decompressor/vController/U246/ZN (AOI22D1BWP12T30P140LVT)
                                                          0.04      0.01       1.88 r
  decompressionQk/compute/decompressor/vController/n5023 (net)
                                                1                   0.00       1.88 r
  decompressionQk/compute/decompressor/vController/U83/ZN (ND2D1BWP12T30P140LVT)
                                                          0.02      0.01       1.89 f
  decompressionQk/compute/decompressor/vController/n731 (net)
                                                1                   0.00       1.89 f
  decompressionQk/compute/decompressor/vController/resultError_reg/D (DFQD1BWP12T30P140LVT)
                                                          0.02      0.00       1.89 f
  data arrival time                                                            1.89

  clock clk (rise edge)                                             2.00       2.00
  clock network delay (ideal)                                       0.00       2.00
  clock uncertainty                                                -0.10       1.90
  decompressionQk/compute/decompressor/vController/resultError_reg/CP (DFQD1BWP12T30P140LVT)
                                                                    0.00       1.90 r
  library setup time                                               -0.01       1.89
  data required time                                                           1.89
  ------------------------------------------------------------------------------------
  data required time                                                           1.89
  data arrival time                                                           -1.89
  ------------------------------------------------------------------------------------
  slack (MET)                                                                  0.00


  Startpoint: scaleSoftmax/softmax/globalMaximum_reg[0]
              (rising edge-triggered flip-flop clocked by clk)
  Endpoint: scaleSoftmax/softmax/exponentSum_reg[25]
            (rising edge-triggered flip-flop clocked by clk)
  Path Group: clk
  Path Type: max

  Des/Clust/Port     Wire Load Model       Library
  ------------------------------------------------
  AttentionFeaturePacketizer_0
                     ZeroWireload          tcbn28hpcplusbwp12t30p140lvtssg0p81v125c
  PackDescriptorDecoder_1
                     ZeroWireload          tcbn28hpcplusbwp12t30p140lvtssg0p81v125c
  PackDescriptorDecoder
                     ZeroWireload          tcbn28hpcplusbwp12t30p140lvtssg0p81v125c
  BufferedPackMetadataDequantizer_1
                     ZeroWireload          tcbn28hpcplusbwp12t30p140lvtssg0p81v125c
  DynamicBitUnpacker_1
                     ZeroWireload          tcbn28hpcplusbwp12t30p140lvtssg0p81v125c
  BufferedPackMetadataDequantizer
                     ZeroWireload          tcbn28hpcplusbwp12t30p140lvtssg0p81v125c
  DynamicBitUnpacker ZeroWireload          tcbn28hpcplusbwp12t30p140lvtssg0p81v125c
  KvStreamDequantizer_1
                     ZeroWireload          tcbn28hpcplusbwp12t30p140lvtssg0p81v125c
  KvStreamDequantizer
                     ZeroWireload          tcbn28hpcplusbwp12t30p140lvtssg0p81v125c
  DecompressionPipelineController_1
                     ZeroWireload          tcbn28hpcplusbwp12t30p140lvtssg0p81v125c
  DecompressionPipelineController
                     ZeroWireload          tcbn28hpcplusbwp12t30p140lvtssg0p81v125c
  QkDotProductAccumulator
                     ZeroWireload          tcbn28hpcplusbwp12t30p140lvtssg0p81v125c
  QueryReplayBuffer  ZeroWireload          tcbn28hpcplusbwp12t30p140lvtssg0p81v125c
  AttentionFeaturePacketizer_1
                     ZeroWireload          tcbn28hpcplusbwp12t30p140lvtssg0p81v125c
  DualKvDecompressionController
                     ZeroWireload          tcbn28hpcplusbwp12t30p140lvtssg0p81v125c
  SoftmaxVAccumulator
                     ZeroWireload          tcbn28hpcplusbwp12t30p140lvtssg0p81v125c
  StreamingSoftmax   ZeroWireload          tcbn28hpcplusbwp12t30p140lvtssg0p81v125c
  AttentionScaleUnit ZeroWireload          tcbn28hpcplusbwp12t30p140lvtssg0p81v125c
  AvOutputQuantizer  ZeroWireload          tcbn28hpcplusbwp12t30p140lvtssg0p81v125c
  BriskKvAttentionTop
                     ZeroWireload          tcbn28hpcplusbwp12t30p140lvtssg0p81v125c

  Point                                       Fanout     Trans      Incr       Path
  ------------------------------------------------------------------------------------
  clock clk (rise edge)                                             0.00       0.00
  clock network delay (ideal)                                       0.00       0.00
  scaleSoftmax/softmax/globalMaximum_reg[0]/CP (DFQOPTMAD8BWP12T30P140LVT)
                                                          0.00      0.00 #     0.00 r
  scaleSoftmax/softmax/globalMaximum_reg[0]/Q (DFQOPTMAD8BWP12T30P140LVT)
                                                          0.01      0.03       0.03 r
  scaleSoftmax/softmax/globalMaximum[0] (net)
                                               20                   0.00       0.03 r
  scaleSoftmax/softmax/U1905/Z (OR2D1BWP12T30P140LVT)     0.01      0.01       0.04 r
  scaleSoftmax/softmax/n552 (net)               1                   0.00       0.04 r
  scaleSoftmax/softmax/U3044/ZN (AOI22D1BWP12T30P140LVT)
                                                          0.02      0.01       0.05 f
  scaleSoftmax/softmax/n560 (net)               1                   0.00       0.05 f
  scaleSoftmax/softmax/U4758/ZN (AOI21D1BWP12T30P140LVT)
                                                          0.02      0.01       0.06 r
  scaleSoftmax/softmax/n557 (net)               2                   0.00       0.06 r
  scaleSoftmax/softmax/U1267/ZN (ND2D0BWP12T30P140LVT)
                                                          0.01      0.01       0.08 f
  scaleSoftmax/softmax/n554 (net)               1                   0.00       0.08 f
  scaleSoftmax/softmax/U1264/ZN (CKND2D1BWP12T30P140LVT)
                                                          0.01      0.01       0.09 r
  scaleSoftmax/softmax/n2439 (net)              1                   0.00       0.09 r
  scaleSoftmax/softmax/U1261/ZN (OAI22D1BWP12T30P140LVT)
                                                          0.02      0.01       0.10 f
  scaleSoftmax/softmax/n789 (net)               2                   0.00       0.10 f
  scaleSoftmax/softmax/U4838/ZN (INVD1BWP12T30P140LVT)
                                                          0.01      0.01       0.11 r
  scaleSoftmax/softmax/n788 (net)               1                   0.00       0.11 r
  scaleSoftmax/softmax/U4834/ZN (AOI211OPTREPBD1BWP12T30P140LVT)
                                                          0.02      0.01       0.13 f
  scaleSoftmax/softmax/n784 (net)               1                   0.00       0.13 f
  scaleSoftmax/softmax/U1243/ZN (OAI21OPTPBD1BWP12T30P140LVT)
                                                          0.02      0.01       0.14 r
  scaleSoftmax/softmax/n2444 (net)              1                   0.00       0.14 r
  scaleSoftmax/softmax/U1236/CO (FA1OPTCD1BWP12T30P140LVT)
                                                          0.01      0.02       0.16 r
  scaleSoftmax/softmax/n2552 (net)              1                   0.00       0.16 r
  scaleSoftmax/softmax/U8415/CO (FA1D1BWP12T30P140LVT)
                                                          0.01      0.02       0.18 r
  scaleSoftmax/softmax/n2446 (net)              1                   0.00       0.18 r
  scaleSoftmax/softmax/U8362/CO (FA1D1BWP12T30P140LVT)
                                                          0.01      0.02       0.21 r
  scaleSoftmax/softmax/n2442 (net)              1                   0.00       0.21 r
  scaleSoftmax/softmax/U8359/CO (FA1D1BWP12T30P140LVT)
                                                          0.01      0.02       0.23 r
  scaleSoftmax/softmax/n2448 (net)              1                   0.00       0.23 r
  scaleSoftmax/softmax/U8363/CO (FA1D1BWP12T30P140LVT)
                                                          0.01      0.02       0.26 r
  scaleSoftmax/softmax/n2450 (net)              1                   0.00       0.26 r
  scaleSoftmax/softmax/U1214/CO (FA1D1BWP12T30P140LVT)
                                                          0.02      0.03       0.28 r
  scaleSoftmax/softmax/n2452 (net)              1                   0.00       0.28 r
  scaleSoftmax/softmax/U4567/CO (FA1OPTCD1BWP12T30P140LVT)
                                                          0.02      0.02       0.30 r
  scaleSoftmax/softmax/n2506 (net)              1                   0.00       0.30 r
  scaleSoftmax/softmax/U8400/CO (FA1D0BWP12T30P140LVT)
                                                          0.02      0.03       0.34 r
  scaleSoftmax/softmax/n2508 (net)              1                   0.00       0.34 r
  scaleSoftmax/softmax/U8401/CO (FA1D1BWP12T30P140LVT)
                                                          0.02      0.03       0.37 r
  scaleSoftmax/softmax/n2504 (net)              1                   0.00       0.37 r
  scaleSoftmax/softmax/U1184/CO (FA1OPTCD1BWP12T30P140LVT)
                                                          0.02      0.02       0.39 r
  scaleSoftmax/softmax/n2502 (net)              1                   0.00       0.39 r
  scaleSoftmax/softmax/U8399/CO (FA1D0BWP12T30P140LVT)
                                                          0.02      0.03       0.42 r
  scaleSoftmax/softmax/n2500 (net)              1                   0.00       0.42 r
  scaleSoftmax/softmax/U8398/CO (FA1D0BWP12T30P140LVT)
                                                          0.03      0.04       0.46 r
  scaleSoftmax/softmax/n2498 (net)              1                   0.00       0.46 r
  scaleSoftmax/softmax/U1161/CO (FA1OPTCD1BWP12T30P140LVT)
                                                          0.02      0.02       0.48 r
  scaleSoftmax/softmax/n2496 (net)              1                   0.00       0.48 r
  scaleSoftmax/softmax/U8397/CO (FA1D0BWP12T30P140LVT)
                                                          0.03      0.04       0.52 r
  scaleSoftmax/softmax/n2494 (net)              1                   0.00       0.52 r
  scaleSoftmax/softmax/U1143/CO (FA1OPTCD1BWP12T30P140LVT)
                                                          0.02      0.02       0.55 r
  scaleSoftmax/softmax/n2492 (net)              1                   0.00       0.55 r
  scaleSoftmax/softmax/U8396/CO (FA1D0BWP12T30P140LVT)
                                                          0.03      0.04       0.58 r
  scaleSoftmax/softmax/n2490 (net)              1                   0.00       0.58 r
  scaleSoftmax/softmax/U8395/CO (FA1OPTCD2BWP12T30P140LVT)
                                                          0.02      0.02       0.60 r
  scaleSoftmax/softmax/n2488 (net)              1                   0.00       0.60 r
  scaleSoftmax/softmax/U8394/CO (FA1D0BWP12T30P140LVT)
                                                          0.02      0.03       0.64 r
  scaleSoftmax/softmax/n2486 (net)              1                   0.00       0.64 r
  scaleSoftmax/softmax/U4854/CO (FA1D1BWP12T30P140LVT)
                                                          0.02      0.03       0.67 r
  scaleSoftmax/softmax/n2484 (net)              1                   0.00       0.67 r
  scaleSoftmax/softmax/U4853/CO (FA1OPTCD1BWP12T30P140LVT)
                                                          0.02      0.02       0.69 r
  scaleSoftmax/softmax/n2482 (net)              1                   0.00       0.69 r
  scaleSoftmax/softmax/U8393/CO (FA1OPTCD2BWP12T30P140LVT)
                                                          0.02      0.02       0.71 r
  scaleSoftmax/softmax/n2480 (net)              1                   0.00       0.71 r
  scaleSoftmax/softmax/U8392/CO (FA1D0BWP12T30P140LVT)
                                                          0.03      0.04       0.74 r
  scaleSoftmax/softmax/n2478 (net)              1                   0.00       0.74 r
  scaleSoftmax/softmax/U8391/CO (FA1OPTCD2BWP12T30P140LVT)
                                                          0.02      0.02       0.77 r
  scaleSoftmax/softmax/n2476 (net)              1                   0.00       0.77 r
  scaleSoftmax/softmax/U359/CO (FA1D1BWP12T30P140LVT)     0.02      0.03       0.79 r
  scaleSoftmax/softmax/n2474 (net)              1                   0.00       0.79 r
  scaleSoftmax/softmax/U1084/CO (FA1OPTCD1BWP12T30P140LVT)
                                                          0.02      0.02       0.81 r
  scaleSoftmax/softmax/n2472 (net)              1                   0.00       0.81 r
  scaleSoftmax/softmax/U8390/CO (FA1D0BWP12T30P140LVT)
                                                          0.02      0.03       0.85 r
  scaleSoftmax/softmax/n2470 (net)              1                   0.00       0.85 r
  scaleSoftmax/softmax/U4870/CO (FA1D1BWP12T30P140LVT)
                                                          0.02      0.03       0.87 r
  scaleSoftmax/softmax/n2468 (net)              1                   0.00       0.87 r
  scaleSoftmax/softmax/U4869/CO (FA1OPTCD1BWP12T30P140LVT)
                                                          0.02      0.02       0.90 r
  scaleSoftmax/softmax/n2466 (net)              1                   0.00       0.90 r
  scaleSoftmax/softmax/U8389/CO (FA1OPTCD2BWP12T30P140LVT)
                                                          0.02      0.02       0.92 r
  scaleSoftmax/softmax/n2464 (net)              1                   0.00       0.92 r
  scaleSoftmax/softmax/U8388/CO (FA1D0BWP12T30P140LVT)
                                                          0.03      0.04       0.95 r
  scaleSoftmax/softmax/n2462 (net)              1                   0.00       0.95 r
  scaleSoftmax/softmax/U8387/CO (FA1OPTCD2BWP12T30P140LVT)
                                                          0.02      0.02       0.97 r
  scaleSoftmax/softmax/n2460 (net)              1                   0.00       0.97 r
  scaleSoftmax/softmax/U326/CO (FA1D1BWP12T30P140LVT)     0.02      0.03       1.00 r
  scaleSoftmax/softmax/n2458 (net)              1                   0.00       1.00 r
  scaleSoftmax/softmax/U4880/CO (FA1OPTCD1BWP12T30P140LVT)
                                                          0.02      0.02       1.02 r
  scaleSoftmax/softmax/n2456 (net)              2                   0.00       1.02 r
  scaleSoftmax/softmax/U894/ZN (AOI21OPTPBD1BWP12T30P140LVT)
                                                          0.02      0.01       1.04 f
  scaleSoftmax/softmax/n324 (net)               2                   0.00       1.04 f
  scaleSoftmax/softmax/U472/ZN (OAI22D1BWP12T30P140LVT)
                                                          0.03      0.01       1.05 r
  scaleSoftmax/softmax/n2454 (net)              1                   0.00       1.05 r
  scaleSoftmax/softmax/U35/Z (XOR2D1BWP12T30P140LVT)      0.01      0.02       1.07 f
  scaleSoftmax/softmax/n775 (net)               2                   0.00       1.07 f
  scaleSoftmax/softmax/U4828/ZN (INVD1BWP12T30P140LVT)
                                                          0.01      0.01       1.08 r
  scaleSoftmax/softmax/n773 (net)               1                   0.00       1.08 r
  scaleSoftmax/softmax/U449/ZN (NR2OPTPAD1BWP12T30P140LVT)
                                                          0.02      0.01       1.09 f
  scaleSoftmax/softmax/n772 (net)               1                   0.00       1.09 f
  scaleSoftmax/softmax/U840/ZN (INR4D2BWP12T30P140LVT)
                                                          0.02      0.01       1.10 r
  scaleSoftmax/softmax/n7096 (net)              3                   0.00       1.10 r
  scaleSoftmax/softmax/U440/ZN (CKND2D1BWP12T30P140LVT)
                                                          0.01      0.01       1.11 f
  scaleSoftmax/softmax/n3680 (net)              1                   0.00       1.11 f
  scaleSoftmax/softmax/U437/ZN (INR2D1BWP12T30P140LVT)
                                                          0.02      0.01       1.12 r
  scaleSoftmax/softmax/n3284 (net)              2                   0.00       1.12 r
  scaleSoftmax/softmax/U226/ZN (INVD0BWP12T30P140LVT)     0.02      0.02       1.14 f
  scaleSoftmax/softmax/n7713 (net)              5                   0.00       1.14 f
  scaleSoftmax/softmax/U260/ZN (INR2D2BWP12T30P140LVT)
                                                          0.03      0.02       1.16 r
  scaleSoftmax/softmax/n9238 (net)             18                   0.00       1.16 r
  scaleSoftmax/softmax/U1724/ZN (ND2D0BWP12T30P140LVT)
                                                          0.04      0.02       1.18 f
  scaleSoftmax/softmax/n6335 (net)              4                   0.00       1.18 f
  scaleSoftmax/softmax/U2347/ZN (INR2D1BWP12T30P140LVT)
                                                          0.02      0.02       1.20 r
  scaleSoftmax/softmax/n7714 (net)              2                   0.00       1.20 r
  scaleSoftmax/softmax/U11873/ZN (NR3D0BWP12T30P140LVT)
                                                          0.01      0.01       1.21 f
  scaleSoftmax/softmax/n7717 (net)              1                   0.00       1.21 f
  scaleSoftmax/softmax/U4291/ZN (ND2D0BWP12T30P140LVT)
                                                          0.02      0.01       1.23 r
  scaleSoftmax/softmax/laneValues_2[2] (net)
                                                2                   0.00       1.23 r
  scaleSoftmax/softmax/U1709/CO (FA1D1BWP12T30P140LVT)
                                                          0.01      0.02       1.25 r
  scaleSoftmax/softmax/n9902 (net)              1                   0.00       1.25 r
  scaleSoftmax/softmax/U12520/S (FA1D0BWP12T30P140LVT)
                                                          0.02      0.05       1.30 f
  scaleSoftmax/softmax/n9963 (net)              1                   0.00       1.30 f
  scaleSoftmax/softmax/U2270/CO (FA1D1BWP12T30P140LVT)
                                                          0.01      0.03       1.33 f
  scaleSoftmax/softmax/n9946 (net)              1                   0.00       1.33 f
  scaleSoftmax/softmax/U12534/CO (FA1D1BWP12T30P140LVT)
                                                          0.01      0.03       1.36 f
  scaleSoftmax/softmax/n9949 (net)              2                   0.00       1.36 f
  scaleSoftmax/softmax/U1314/Z (XOR3D0BWP12T30P140LVT)
                                                          0.02      0.05       1.41 r
  scaleSoftmax/softmax/n9977 (net)              3                   0.00       1.41 r
  scaleSoftmax/softmax/U684/Z (CKXOR2D0BWP12T30P140LVT)
                                                          0.01      0.03       1.44 f
  scaleSoftmax/softmax/n578 (net)               1                   0.00       1.44 f
  scaleSoftmax/softmax/U2307/Z (XOR2D1BWP12T30P140LVT)
                                                          0.02      0.03       1.47 r
  scaleSoftmax/softmax/n26945 (net)             1                   0.00       1.47 r
  scaleSoftmax/softmax/U2306/CO (FA1OPTCD1BWP12T30P140LVT)
                                                          0.02      0.04       1.50 r
  scaleSoftmax/softmax/n26953 (net)             1                   0.00       1.50 r
  scaleSoftmax/softmax/U30185/CO (FA1OPTCD2BWP12T30P140LVT)
                                                          0.01      0.02       1.52 r
  scaleSoftmax/softmax/n26964 (net)             1                   0.00       1.52 r
  scaleSoftmax/softmax/U30190/CO (FA1OPTCD2BWP12T30P140LVT)
                                                          0.01      0.02       1.54 r
  scaleSoftmax/softmax/n26978 (net)             1                   0.00       1.54 r
  scaleSoftmax/softmax/U30196/CO (FA1OPTCD2BWP12T30P140LVT)
                                                          0.01      0.02       1.56 r
  scaleSoftmax/softmax/n26992 (net)             1                   0.00       1.56 r
  scaleSoftmax/softmax/U30202/CO (FA1OPTCD2BWP12T30P140LVT)
                                                          0.01      0.02       1.58 r
  scaleSoftmax/softmax/n27002 (net)             1                   0.00       1.58 r
  scaleSoftmax/softmax/U30207/CO (FA1OPTCD2BWP12T30P140LVT)
                                                          0.01      0.02       1.60 r
  scaleSoftmax/softmax/n27014 (net)             1                   0.00       1.60 r
  scaleSoftmax/softmax/U30213/CO (FA1OPTCD2BWP12T30P140LVT)
                                                          0.01      0.02       1.62 r
  scaleSoftmax/softmax/n27028 (net)             1                   0.00       1.62 r
  scaleSoftmax/softmax/U30219/CO (FA1OPTCD2BWP12T30P140LVT)
                                                          0.01      0.02       1.64 r
  scaleSoftmax/softmax/n27046 (net)             1                   0.00       1.64 r
  scaleSoftmax/softmax/U30228/CO (FA1OPTCD2BWP12T30P140LVT)
                                                          0.01      0.02       1.65 r
  scaleSoftmax/softmax/n27057 (net)             1                   0.00       1.65 r
  scaleSoftmax/softmax/U30233/CO (FA1OPTCD2BWP12T30P140LVT)
                                                          0.01      0.02       1.67 r
  scaleSoftmax/softmax/n27067 (net)             1                   0.00       1.67 r
  scaleSoftmax/softmax/U30239/CO (FA1OPTCD2BWP12T30P140LVT)
                                                          0.01      0.02       1.69 r
  scaleSoftmax/softmax/n27077 (net)             1                   0.00       1.69 r
  scaleSoftmax/softmax/U30243/CO (FA1OPTCD2BWP12T30P140LVT)
                                                          0.01      0.02       1.71 r
  scaleSoftmax/softmax/n27081 (net)             1                   0.00       1.71 r
  scaleSoftmax/softmax/U30244/CO (FA1OPTCD2BWP12T30P140LVT)
                                                          0.01      0.02       1.73 r
  scaleSoftmax/softmax/n27085 (net)             1                   0.00       1.73 r
  scaleSoftmax/softmax/U30245/CO (FA1OPTCD2BWP12T30P140LVT)
                                                          0.01      0.02       1.75 r
  scaleSoftmax/softmax/n27089 (net)             1                   0.00       1.75 r
  scaleSoftmax/softmax/U30246/CO (FA1OPTCD2BWP12T30P140LVT)
                                                          0.01      0.02       1.77 r
  scaleSoftmax/softmax/n27093 (net)             1                   0.00       1.77 r
  scaleSoftmax/softmax/U30247/CO (FA1OPTCD2BWP12T30P140LVT)
                                                          0.01      0.02       1.78 r
  scaleSoftmax/softmax/n27096 (net)             1                   0.00       1.78 r
  scaleSoftmax/softmax/U3676/CO (HA1D1BWP12T30P140LVT)
                                                          0.01      0.02       1.80 r
  scaleSoftmax/softmax/n27098 (net)             1                   0.00       1.80 r
  scaleSoftmax/softmax/U3677/CO (HA1D1BWP12T30P140LVT)
                                                          0.01      0.02       1.82 r
  scaleSoftmax/softmax/n27100 (net)             1                   0.00       1.82 r
  scaleSoftmax/softmax/U1468/CO (HA1D2BWP12T30P140LVT)
                                                          0.01      0.02       1.85 r
  scaleSoftmax/softmax/n27102 (net)             5                   0.00       1.85 r
  scaleSoftmax/softmax/U5/ZN (CKND2D1BWP12T30P140LVT)     0.01      0.01       1.85 f
  scaleSoftmax/softmax/n56 (net)                1                   0.00       1.85 f
  scaleSoftmax/softmax/U372/Z (CKXOR2D0BWP12T30P140LVT)
                                                          0.01      0.02       1.88 r
  scaleSoftmax/softmax/n54 (net)                1                   0.00       1.88 r
  scaleSoftmax/softmax/U303/ZN (OAI22D0BWP12T30P140LVT)
                                                          0.04      0.01       1.89 f
  scaleSoftmax/softmax/n5695 (net)              1                   0.00       1.89 f
  scaleSoftmax/softmax/exponentSum_reg[25]/D (DFQD2BWP12T30P140LVT)
                                                          0.04      0.00       1.89 f
  data arrival time                                                            1.89

  clock clk (rise edge)                                             2.00       2.00
  clock network delay (ideal)                                       0.00       2.00
  clock uncertainty                                                -0.10       1.90
  scaleSoftmax/softmax/exponentSum_reg[25]/CP (DFQD2BWP12T30P140LVT)
                                                                    0.00       1.90 r
  library setup time                                               -0.01       1.89
  data required time                                                           1.89
  ------------------------------------------------------------------------------------
  data required time                                                           1.89
  data arrival time                                                           -1.89
  ------------------------------------------------------------------------------------
  slack (MET)                                                                  0.00


  Startpoint: softmaxV/accumulator/weightPacketReg_weights_5_reg[2]
              (rising edge-triggered flip-flop clocked by clk)
  Endpoint: softmaxV/accumulator/featureAccumulator_reg[48]
            (rising edge-triggered flip-flop clocked by clk)
  Path Group: clk
  Path Type: max

  Des/Clust/Port     Wire Load Model       Library
  ------------------------------------------------
  AttentionFeaturePacketizer_0
                     ZeroWireload          tcbn28hpcplusbwp12t30p140lvtssg0p81v125c
  PackDescriptorDecoder_1
                     ZeroWireload          tcbn28hpcplusbwp12t30p140lvtssg0p81v125c
  PackDescriptorDecoder
                     ZeroWireload          tcbn28hpcplusbwp12t30p140lvtssg0p81v125c
  BufferedPackMetadataDequantizer_1
                     ZeroWireload          tcbn28hpcplusbwp12t30p140lvtssg0p81v125c
  DynamicBitUnpacker_1
                     ZeroWireload          tcbn28hpcplusbwp12t30p140lvtssg0p81v125c
  BufferedPackMetadataDequantizer
                     ZeroWireload          tcbn28hpcplusbwp12t30p140lvtssg0p81v125c
  DynamicBitUnpacker ZeroWireload          tcbn28hpcplusbwp12t30p140lvtssg0p81v125c
  KvStreamDequantizer_1
                     ZeroWireload          tcbn28hpcplusbwp12t30p140lvtssg0p81v125c
  KvStreamDequantizer
                     ZeroWireload          tcbn28hpcplusbwp12t30p140lvtssg0p81v125c
  DecompressionPipelineController_1
                     ZeroWireload          tcbn28hpcplusbwp12t30p140lvtssg0p81v125c
  DecompressionPipelineController
                     ZeroWireload          tcbn28hpcplusbwp12t30p140lvtssg0p81v125c
  QkDotProductAccumulator
                     ZeroWireload          tcbn28hpcplusbwp12t30p140lvtssg0p81v125c
  QueryReplayBuffer  ZeroWireload          tcbn28hpcplusbwp12t30p140lvtssg0p81v125c
  AttentionFeaturePacketizer_1
                     ZeroWireload          tcbn28hpcplusbwp12t30p140lvtssg0p81v125c
  DualKvDecompressionController
                     ZeroWireload          tcbn28hpcplusbwp12t30p140lvtssg0p81v125c
  SoftmaxVAccumulator
                     ZeroWireload          tcbn28hpcplusbwp12t30p140lvtssg0p81v125c
  StreamingSoftmax   ZeroWireload          tcbn28hpcplusbwp12t30p140lvtssg0p81v125c
  AttentionScaleUnit ZeroWireload          tcbn28hpcplusbwp12t30p140lvtssg0p81v125c
  AvOutputQuantizer  ZeroWireload          tcbn28hpcplusbwp12t30p140lvtssg0p81v125c
  BriskKvAttentionTop
                     ZeroWireload          tcbn28hpcplusbwp12t30p140lvtssg0p81v125c

  Point                                       Fanout     Trans      Incr       Path
  ------------------------------------------------------------------------------------
  clock clk (rise edge)                                             0.00       0.00
  clock network delay (ideal)                                       0.00       0.00
  softmaxV/accumulator/weightPacketReg_weights_5_reg[2]/CP (DFQD1BWP12T30P140LVT)
                                                          0.00      0.00 #     0.00 r
  softmaxV/accumulator/weightPacketReg_weights_5_reg[2]/Q (DFQD1BWP12T30P140LVT)
                                                          0.04      0.06       0.06 f
  softmaxV/accumulator/weightPacketReg_weights_5[2] (net)
                                               23                   0.00       0.06 f
  softmaxV/accumulator/U2238/ZN (INVD0BWP12T30P140LVT)
                                                          0.09      0.06       0.13 r
  softmaxV/accumulator/n7682 (net)             24                   0.00       0.13 r
  softmaxV/accumulator/U8352/ZN (MAOI22D0BWP12T30P140LVT)
                                                          0.03      0.03       0.16 r
  softmaxV/accumulator/n7560 (net)              2                   0.00       0.16 r
  softmaxV/accumulator/U8353/ZN (ND2D0BWP12T30P140LVT)
                                                          0.07      0.04       0.20 f
  softmaxV/accumulator/n7668 (net)             13                   0.00       0.20 f
  softmaxV/accumulator/U8366/ZN (INVD0BWP12T30P140LVT)
                                                          0.04      0.03       0.23 r
  softmaxV/accumulator/n7679 (net)              6                   0.00       0.23 r
  softmaxV/accumulator/U8411/ZN (AOI222D1BWP12T30P140LVT)
                                                          0.05      0.02       0.25 f
  softmaxV/accumulator/n7680 (net)              1                   0.00       0.25 f
  softmaxV/accumulator/U8412/ZN (MUX2ND0BWP12T30P140LVT)
                                                          0.04      0.03       0.27 r
  softmaxV/accumulator/n10826 (net)             1                   0.00       0.27 r
  softmaxV/accumulator/U565/CO (HA1D0BWP12T30P140LVT)     0.02      0.03       0.30 r
  softmaxV/accumulator/n10537 (net)             1                   0.00       0.30 r
  softmaxV/accumulator/U3475/CO (HA1D0BWP12T30P140LVT)
                                                          0.02      0.02       0.32 r
  softmaxV/accumulator/n10561 (net)             1                   0.00       0.32 r
  softmaxV/accumulator/U2202/CO (FA1D0BWP12T30P140LVT)
                                                          0.02      0.03       0.36 r
  softmaxV/accumulator/n12106 (net)             1                   0.00       0.36 r
  softmaxV/accumulator/U10311/CO (FA1D1BWP12T30P140LVT)
                                                          0.01      0.03       0.38 r
  softmaxV/accumulator/n10267 (net)             1                   0.00       0.38 r
  softmaxV/accumulator/U3487/CO (FA1D0BWP12T30P140LVT)
                                                          0.02      0.03       0.42 r
  softmaxV/accumulator/n10511 (net)             1                   0.00       0.42 r
  softmaxV/accumulator/U2212/CO (FA1D0BWP12T30P140LVT)
                                                          0.02      0.04       0.45 r
  softmaxV/accumulator/n11052 (net)             1                   0.00       0.45 r
  softmaxV/accumulator/U10003/CO (FA1D1BWP12T30P140LVT)
                                                          0.01      0.03       0.48 r
  softmaxV/accumulator/n11303 (net)             1                   0.00       0.48 r
  softmaxV/accumulator/U3575/CO (FA1D0BWP12T30P140LVT)
                                                          0.02      0.03       0.51 r
  softmaxV/accumulator/n10757 (net)             1                   0.00       0.51 r
  softmaxV/accumulator/U2227/CO (FA1D0BWP12T30P140LVT)
                                                          0.02      0.04       0.55 r
  softmaxV/accumulator/n11546 (net)             1                   0.00       0.55 r
  softmaxV/accumulator/U10151/CO (FA1D1BWP12T30P140LVT)
                                                          0.01      0.03       0.57 r
  softmaxV/accumulator/n9967 (net)              1                   0.00       0.57 r
  softmaxV/accumulator/U2107/CO (FA1D0BWP12T30P140LVT)
                                                          0.02      0.03       0.60 r
  softmaxV/accumulator/n11271 (net)             1                   0.00       0.60 r
  softmaxV/accumulator/U3207/CO (FA1D0BWP12T30P140LVT)
                                                          0.02      0.04       0.64 r
  softmaxV/accumulator/n10725 (net)             1                   0.00       0.64 r
  softmaxV/accumulator/U9903/CO (FA1D1BWP12T30P140LVT)
                                                          0.01      0.03       0.67 r
  softmaxV/accumulator/n11513 (net)             1                   0.00       0.67 r
  softmaxV/accumulator/U2128/CO (FA1D0BWP12T30P140LVT)
                                                          0.02      0.03       0.70 r
  softmaxV/accumulator/n9935 (net)              1                   0.00       0.70 r
  softmaxV/accumulator/U3220/CO (FA1D0BWP12T30P140LVT)
                                                          0.02      0.04       0.73 r
  softmaxV/accumulator/n11239 (net)             1                   0.00       0.73 r
  softmaxV/accumulator/U504/CO (FA1D1BWP12T30P140LVT)     0.01      0.03       0.76 r
  softmaxV/accumulator/n10693 (net)             1                   0.00       0.76 r
  softmaxV/accumulator/U2142/CO (FA1D0BWP12T30P140LVT)
                                                          0.02      0.03       0.79 r
  softmaxV/accumulator/n11481 (net)             1                   0.00       0.79 r
  softmaxV/accumulator/U498/CO (FA1D1BWP12T30P140LVT)     0.01      0.03       0.82 r
  softmaxV/accumulator/n9903 (net)              1                   0.00       0.82 r
  softmaxV/accumulator/U494/CO (FA1D1BWP12T30P140LVT)     0.01      0.02       0.84 r
  softmaxV/accumulator/n11207 (net)             1                   0.00       0.84 r
  softmaxV/accumulator/U3268/CO (FA1D0BWP12T30P140LVT)
                                                          0.02      0.03       0.88 r
  softmaxV/accumulator/n10661 (net)             1                   0.00       0.88 r
  softmaxV/accumulator/U3278/CO (FA1D0BWP12T30P140LVT)
                                                          0.02      0.04       0.91 r
  softmaxV/accumulator/n11449 (net)             1                   0.00       0.91 r
  softmaxV/accumulator/U3296/CO (FA1D0BWP12T30P140LVT)
                                                          0.02      0.04       0.95 r
  softmaxV/accumulator/n9871 (net)              1                   0.00       0.95 r
  softmaxV/accumulator/U3306/CO (FA1D0BWP12T30P140LVT)
                                                          0.02      0.04       0.98 r
  softmaxV/accumulator/n11175 (net)             1                   0.00       0.98 r
  softmaxV/accumulator/U3320/CO (FA1D0BWP12T30P140LVT)
                                                          0.02      0.04       1.02 r
  softmaxV/accumulator/n10629 (net)             1                   0.00       1.02 r
  softmaxV/accumulator/U3332/CO (FA1D0BWP12T30P140LVT)
                                                          0.02      0.04       1.05 r
  softmaxV/accumulator/n11417 (net)             1                   0.00       1.05 r
  softmaxV/accumulator/U474/CO (FA1D1BWP12T30P140LVT)     0.01      0.03       1.08 r
  softmaxV/accumulator/n9839 (net)              1                   0.00       1.08 r
  softmaxV/accumulator/U3537/CO (FA1D0BWP12T30P140LVT)
                                                          0.02      0.03       1.11 r
  softmaxV/accumulator/n11143 (net)             1                   0.00       1.11 r
  softmaxV/accumulator/U3410/CO (FA1D0BWP12T30P140LVT)
                                                          0.02      0.04       1.15 r
  softmaxV/accumulator/n10597 (net)             1                   0.00       1.15 r
  softmaxV/accumulator/U3547/CO (FA1D0BWP12T30P140LVT)
                                                          0.02      0.04       1.18 r
  softmaxV/accumulator/n11385 (net)             1                   0.00       1.18 r
  softmaxV/accumulator/U3450/CO (FA1D0BWP12T30P140LVT)
                                                          0.02      0.04       1.22 r
  softmaxV/accumulator/n9807 (net)              1                   0.00       1.22 r
  softmaxV/accumulator/U2179/CO (FA1D0BWP12T30P140LVT)
                                                          0.02      0.04       1.25 r
  softmaxV/accumulator/n11111 (net)             1                   0.00       1.25 r
  softmaxV/accumulator/U10027/S (FA1D1BWP12T30P140LVT)
                                                          0.01      0.04       1.30 f
  softmaxV/accumulator/n11114 (net)             1                   0.00       1.30 f
  softmaxV/accumulator/U10028/ZN (INR2D1BWP12T30P140LVT)
                                                          0.02      0.02       1.32 f
  softmaxV/accumulator/n12117 (net)             1                   0.00       1.32 f
  softmaxV/accumulator/U10315/S (FA1D1BWP12T30P140LVT)
                                                          0.02      0.06       1.37 r
  softmaxV/accumulator/n12359 (net)             1                   0.00       1.37 r
  softmaxV/accumulator/U708/S (FA1D1BWP12T30P140LVT)      0.02      0.05       1.42 f
  softmaxV/accumulator/n12629 (net)             3                   0.00       1.42 f
  softmaxV/accumulator/U165/Z (CKXOR2D0BWP12T30P140LVT)
                                                          0.01      0.03       1.45 r
  softmaxV/accumulator/n120 (net)               1                   0.00       1.45 r
  softmaxV/accumulator/U408/Z (CKXOR2D1BWP12T30P140LVT)
                                                          0.01      0.03       1.48 f
  softmaxV/accumulator/n12659 (net)             1                   0.00       1.48 f
  softmaxV/accumulator/U10440/S (FA1D0BWP12T30P140LVT)
                                                          0.03      0.06       1.54 r
  softmaxV/accumulator/n15157 (net)             1                   0.00       1.54 r
  softmaxV/accumulator/U707/CO (FA1D1BWP12T30P140LVT)     0.01      0.03       1.57 r
  softmaxV/accumulator/n15164 (net)             1                   0.00       1.57 r
  softmaxV/accumulator/U710/CO (FA1OPTCD2BWP12T30P140LVT)
                                                          0.01      0.02       1.59 r
  softmaxV/accumulator/n15170 (net)             1                   0.00       1.59 r
  softmaxV/accumulator/U711/CO (FA1OPTCD2BWP12T30P140LVT)
                                                          0.01      0.02       1.60 r
  softmaxV/accumulator/n15177 (net)             1                   0.00       1.60 r
  softmaxV/accumulator/U12792/CO (FA1OPTCD2BWP12T30P140LVT)
                                                          0.01      0.02       1.62 r
  softmaxV/accumulator/n15181 (net)             1                   0.00       1.62 r
  softmaxV/accumulator/U12795/CO (FA1OPTCD2BWP12T30P140LVT)
                                                          0.01      0.02       1.64 r
  softmaxV/accumulator/n15185 (net)             1                   0.00       1.64 r
  softmaxV/accumulator/U12797/CO (FA1OPTCD2BWP12T30P140LVT)
                                                          0.01      0.02       1.66 r
  softmaxV/accumulator/n15189 (net)             1                   0.00       1.66 r
  softmaxV/accumulator/U12799/CO (FA1OPTCD2BWP12T30P140LVT)
                                                          0.01      0.02       1.68 r
  softmaxV/accumulator/n15193 (net)             1                   0.00       1.68 r
  softmaxV/accumulator/U12801/CO (FA1OPTCD2BWP12T30P140LVT)
                                                          0.01      0.02       1.70 r
  softmaxV/accumulator/n15197 (net)             1                   0.00       1.70 r
  softmaxV/accumulator/U12803/CO (FA1OPTCD2BWP12T30P140LVT)
                                                          0.01      0.02       1.72 r
  softmaxV/accumulator/n15201 (net)             1                   0.00       1.72 r
  softmaxV/accumulator/U12805/CO (FA1OPTCD2BWP12T30P140LVT)
                                                          0.01      0.02       1.74 r
  softmaxV/accumulator/n15205 (net)             1                   0.00       1.74 r
  softmaxV/accumulator/U12807/CO (FA1OPTCD2BWP12T30P140LVT)
                                                          0.01      0.02       1.75 r
  softmaxV/accumulator/n15209 (net)             1                   0.00       1.75 r
  softmaxV/accumulator/U12809/CO (FA1OPTCD2BWP12T30P140LVT)
                                                          0.01      0.02       1.77 r
  softmaxV/accumulator/n15213 (net)             1                   0.00       1.77 r
  softmaxV/accumulator/U12811/CO (FA1OPTCD2BWP12T30P140LVT)
                                                          0.01      0.02       1.79 r
  softmaxV/accumulator/n15217 (net)             1                   0.00       1.79 r
  softmaxV/accumulator/U12812/CO (FA1OPTCD2BWP12T30P140LVT)
                                                          0.01      0.02       1.81 r
  softmaxV/accumulator/n15223 (net)             1                   0.00       1.81 r
  softmaxV/accumulator/U12813/CO (FA1OPTCD2BWP12T30P140LVT)
                                                          0.01      0.02       1.83 r
  softmaxV/accumulator/n15856 (net)             1                   0.00       1.83 r
  softmaxV/accumulator/U13201/CO (FA1OPTCD2BWP12T30P140LVT)
                                                          0.02      0.02       1.85 r
  softmaxV/accumulator/n13471 (net)             3                   0.00       1.85 r
  softmaxV/accumulator/U593/Z (XOR2OPTND2BWP12T30P140LVT)
                                                          0.01      0.02       1.87 r
  softmaxV/accumulator/n13484 (net)             2                   0.00       1.87 r
  softmaxV/accumulator/U4/ZN (INVD0BWP12T30P140LVT)       0.01      0.01       1.87 f
  softmaxV/accumulator/n13485 (net)             1                   0.00       1.87 f
  softmaxV/accumulator/U111/ZN (MOAI22D0BWP12T30P140LVT)
                                                          0.03      0.01       1.88 r
  softmaxV/accumulator/n1025 (net)              1                   0.00       1.88 r
  softmaxV/accumulator/featureAccumulator_reg[48]/D (DFQD1BWP12T30P140LVT)
                                                          0.03      0.00       1.88 r
  data arrival time                                                            1.88

  clock clk (rise edge)                                             2.00       2.00
  clock network delay (ideal)                                       0.00       2.00
  clock uncertainty                                                -0.10       1.90
  softmaxV/accumulator/featureAccumulator_reg[48]/CP (DFQD1BWP12T30P140LVT)
                                                                    0.00       1.90 r
  library setup time                                               -0.02       1.88
  data required time                                                           1.88
  ------------------------------------------------------------------------------------
  data required time                                                           1.88
  data arrival time                                                           -1.88
  ------------------------------------------------------------------------------------
  slack (MET)                                                                  0.00


  Startpoint: scaleSoftmax/softmax/packCountReg_reg[0]
              (rising edge-triggered flip-flop clocked by clk)
  Endpoint: scaleSoftmax/softmax/maximumUpdates_reg[63]
            (rising edge-triggered flip-flop clocked by clk)
  Path Group: clk
  Path Type: max

  Des/Clust/Port     Wire Load Model       Library
  ------------------------------------------------
  AttentionFeaturePacketizer_0
                     ZeroWireload          tcbn28hpcplusbwp12t30p140lvtssg0p81v125c
  PackDescriptorDecoder_1
                     ZeroWireload          tcbn28hpcplusbwp12t30p140lvtssg0p81v125c
  PackDescriptorDecoder
                     ZeroWireload          tcbn28hpcplusbwp12t30p140lvtssg0p81v125c
  BufferedPackMetadataDequantizer_1
                     ZeroWireload          tcbn28hpcplusbwp12t30p140lvtssg0p81v125c
  DynamicBitUnpacker_1
                     ZeroWireload          tcbn28hpcplusbwp12t30p140lvtssg0p81v125c
  BufferedPackMetadataDequantizer
                     ZeroWireload          tcbn28hpcplusbwp12t30p140lvtssg0p81v125c
  DynamicBitUnpacker ZeroWireload          tcbn28hpcplusbwp12t30p140lvtssg0p81v125c
  KvStreamDequantizer_1
                     ZeroWireload          tcbn28hpcplusbwp12t30p140lvtssg0p81v125c
  KvStreamDequantizer
                     ZeroWireload          tcbn28hpcplusbwp12t30p140lvtssg0p81v125c
  DecompressionPipelineController_1
                     ZeroWireload          tcbn28hpcplusbwp12t30p140lvtssg0p81v125c
  DecompressionPipelineController
                     ZeroWireload          tcbn28hpcplusbwp12t30p140lvtssg0p81v125c
  QkDotProductAccumulator
                     ZeroWireload          tcbn28hpcplusbwp12t30p140lvtssg0p81v125c
  QueryReplayBuffer  ZeroWireload          tcbn28hpcplusbwp12t30p140lvtssg0p81v125c
  AttentionFeaturePacketizer_1
                     ZeroWireload          tcbn28hpcplusbwp12t30p140lvtssg0p81v125c
  DualKvDecompressionController
                     ZeroWireload          tcbn28hpcplusbwp12t30p140lvtssg0p81v125c
  SoftmaxVAccumulator
                     ZeroWireload          tcbn28hpcplusbwp12t30p140lvtssg0p81v125c
  StreamingSoftmax   ZeroWireload          tcbn28hpcplusbwp12t30p140lvtssg0p81v125c
  AttentionScaleUnit ZeroWireload          tcbn28hpcplusbwp12t30p140lvtssg0p81v125c
  AvOutputQuantizer  ZeroWireload          tcbn28hpcplusbwp12t30p140lvtssg0p81v125c
  BriskKvAttentionTop
                     ZeroWireload          tcbn28hpcplusbwp12t30p140lvtssg0p81v125c

  Point                                       Fanout     Trans      Incr       Path
  ------------------------------------------------------------------------------------
  clock clk (rise edge)                                             0.00       0.00
  clock network delay (ideal)                                       0.00       0.00
  scaleSoftmax/softmax/packCountReg_reg[0]/CP (DFQD4BWP12T30P140LVT)
                                                          0.00      0.00 #     0.00 r
  scaleSoftmax/softmax/packCountReg_reg[0]/Q (DFQD4BWP12T30P140LVT)
                                                          0.01      0.04       0.04 f
  scaleSoftmax/softmax/packCountReg[0] (net)
                                                9                   0.00       0.04 f
  scaleSoftmax/softmax/U1435/ZN (NR3D0BWP12T30P140LVT)
                                                          0.02      0.02       0.06 r
  scaleSoftmax/softmax/n1856 (net)              2                   0.00       0.06 r
  scaleSoftmax/softmax/U1277/ZN (ND2D0BWP12T30P140LVT)
                                                          0.02      0.02       0.07 f
  scaleSoftmax/softmax/n1851 (net)              2                   0.00       0.07 f
  scaleSoftmax/softmax/U1434/ZN (NR2D1BWP12T30P140LVT)
                                                          0.02      0.01       0.09 r
  scaleSoftmax/softmax/n1858 (net)              2                   0.00       0.09 r
  scaleSoftmax/softmax/U1269/ZN (ND2D0BWP12T30P140LVT)
                                                          0.02      0.02       0.11 f
  scaleSoftmax/softmax/n1844 (net)              2                   0.00       0.11 f
  scaleSoftmax/softmax/U1265/ZN (NR2D1BWP12T30P140LVT)
                                                          0.02      0.01       0.12 r
  scaleSoftmax/softmax/n1852 (net)              2                   0.00       0.12 r
  scaleSoftmax/softmax/U1260/ZN (CKND2D1BWP12T30P140LVT)
                                                          0.02      0.01       0.13 f
  scaleSoftmax/softmax/n1854 (net)              2                   0.00       0.13 f
  scaleSoftmax/softmax/U1255/ZN (INR2D1BWP12T30P140LVT)
                                                          0.02      0.01       0.15 r
  scaleSoftmax/softmax/n1846 (net)              2                   0.00       0.15 r
  scaleSoftmax/softmax/U57/ZN (CKND2D2BWP12T30P140LVT)
                                                          0.01      0.01       0.16 f
  scaleSoftmax/softmax/n1840 (net)              2                   0.00       0.16 f
  scaleSoftmax/softmax/U1247/ZN (NR2D2BWP12T30P140LVT)
                                                          0.01      0.01       0.17 r
  scaleSoftmax/softmax/n1848 (net)              2                   0.00       0.17 r
  scaleSoftmax/softmax/U1233/ZN (CKND2D3BWP12T30P140LVT)
                                                          0.01      0.01       0.17 f
  scaleSoftmax/softmax/n1843 (net)              2                   0.00       0.17 f
  scaleSoftmax/softmax/U1228/ZN (INR2D2BWP12T30P140LVT)
                                                          0.01      0.01       0.18 r
  scaleSoftmax/softmax/n1842 (net)              2                   0.00       0.18 r
  scaleSoftmax/softmax/U1224/ZN (CKND2D3BWP12T30P140LVT)
                                                          0.01      0.01       0.19 f
  scaleSoftmax/softmax/n1834 (net)              2                   0.00       0.19 f
  scaleSoftmax/softmax/U1218/ZN (NR2D2BWP12T30P140LVT)
                                                          0.01      0.01       0.20 r
  scaleSoftmax/softmax/n1827 (net)              2                   0.00       0.20 r
  scaleSoftmax/softmax/U1216/ZN (CKND2D3BWP12T30P140LVT)
                                                          0.01      0.01       0.21 f
  scaleSoftmax/softmax/n1836 (net)              2                   0.00       0.21 f
  scaleSoftmax/softmax/U1213/ZN (INR2D2BWP12T30P140LVT)
                                                          0.01      0.01       0.22 r
  scaleSoftmax/softmax/n1837 (net)              2                   0.00       0.22 r
  scaleSoftmax/softmax/U1209/ZN (CKND2D3BWP12T30P140LVT)
                                                          0.01      0.01       0.23 f
  scaleSoftmax/softmax/n1820 (net)              2                   0.00       0.23 f
  scaleSoftmax/softmax/U1201/ZN (NR2D2BWP12T30P140LVT)
                                                          0.01      0.01       0.23 r
  scaleSoftmax/softmax/n1829 (net)              2                   0.00       0.23 r
  scaleSoftmax/softmax/U1194/ZN (ND2D1BWP12T30P140LVT)
                                                          0.02      0.01       0.25 f
  scaleSoftmax/softmax/n1831 (net)              2                   0.00       0.25 f
  scaleSoftmax/softmax/U1186/ZN (NR2D2BWP12T30P140LVT)
                                                          0.01      0.01       0.26 r
  scaleSoftmax/softmax/n1822 (net)              2                   0.00       0.26 r
  scaleSoftmax/softmax/U1175/ZN (CKND2D3BWP12T30P140LVT)
                                                          0.01      0.01       0.27 f
  scaleSoftmax/softmax/n1814 (net)              2                   0.00       0.27 f
  scaleSoftmax/softmax/U1171/ZN (INR2D2BWP12T30P140LVT)
                                                          0.01      0.01       0.28 r
  scaleSoftmax/softmax/n1824 (net)              2                   0.00       0.28 r
  scaleSoftmax/softmax/U7829/ZN (ND2D1BWP12T30P140LVT)
                                                          0.02      0.01       0.29 f
  scaleSoftmax/softmax/n1812 (net)              2                   0.00       0.29 f
  scaleSoftmax/softmax/U1151/ZN (NR2D1BWP12T30P140LVT)
                                                          0.02      0.02       0.31 r
  scaleSoftmax/softmax/n1817 (net)              2                   0.00       0.31 r
  scaleSoftmax/softmax/U1142/ZN (ND2OPTPAD1BWP12T30P140LVT)
                                                          0.01      0.01       0.32 f
  scaleSoftmax/softmax/n1815 (net)              2                   0.00       0.32 f
  scaleSoftmax/softmax/U7830/ZN (IND2D2BWP12T30P140LVT)
                                                          0.01      0.02       0.33 f
  scaleSoftmax/softmax/n1881 (net)              2                   0.00       0.33 f
  scaleSoftmax/softmax/U1132/ZN (NR2OPTPAD1BWP12T30P140LVT)
                                                          0.03      0.02       0.35 r
  scaleSoftmax/softmax/n11000 (net)             8                   0.00       0.35 r
  scaleSoftmax/softmax/U7867/ZN (ND3D1BWP12T30P140LVT)
                                                          0.02      0.02       0.37 f
  scaleSoftmax/softmax/n1884 (net)              1                   0.00       0.37 f
  scaleSoftmax/softmax/U7868/ZN (OAI31D1BWP12T30P140LVT)
                                                          0.02      0.01       0.38 r
  scaleSoftmax/softmax/n1886 (net)              1                   0.00       0.38 r
  scaleSoftmax/softmax/U1111/ZN (OAI211OPTREPBD1BWP12T30P140LVT)
                                                          0.02      0.02       0.40 f
  scaleSoftmax/softmax/n1887 (net)              1                   0.00       0.40 f
  scaleSoftmax/softmax/U508/ZN (NR2OPTPAD1BWP12T30P140LVT)
                                                          0.01      0.01       0.41 r
  scaleSoftmax/softmax/n733 (net)               1                   0.00       0.41 r
  scaleSoftmax/softmax/U1102/ZN (IOA21D1BWP12T30P140LVT)
                                                          0.01      0.01       0.42 f
  scaleSoftmax/softmax/n182 (net)               1                   0.00       0.42 f
  scaleSoftmax/softmax/U1099/ZN (NR2D2BWP12T30P140LVT)
                                                          0.02      0.02       0.43 r
  scaleSoftmax/softmax/n252 (net)               7                   0.00       0.43 r
  scaleSoftmax/softmax/U503/ZN (CKND2D2BWP12T30P140LVT)
                                                          0.02      0.01       0.45 f
  scaleSoftmax/softmax/n11242 (net)             2                   0.00       0.45 f
  scaleSoftmax/softmax/U1436/Z (OR2D4BWP12T30P140LVT)     0.02      0.03       0.47 f
  scaleSoftmax/softmax/n13123 (net)            48                   0.00       0.47 f
  scaleSoftmax/softmax/U500/Z (OR2D4BWP12T30P140LVT)      0.02      0.03       0.50 f
  scaleSoftmax/softmax/n13696 (net)            46                   0.00       0.50 f
  scaleSoftmax/softmax/U1526/ZN (INR2D4BWP12T30P140LVT)
                                                          0.05      0.03       0.54 r
  scaleSoftmax/softmax/n13794 (net)            46                   0.00       0.54 r
  scaleSoftmax/softmax/U15766/Z (OR2D2BWP12T30P140LVT)
                                                          0.05      0.04       0.58 r
  scaleSoftmax/softmax/n13697 (net)            44                   0.00       0.58 r
  scaleSoftmax/softmax/U15877/ZN (INR2D1BWP12T30P140LVT)
                                                          0.02      0.01       0.59 f
  scaleSoftmax/softmax/n14068 (net)             2                   0.00       0.59 f
  scaleSoftmax/softmax/U15878/ZN (INVD0BWP12T30P140LVT)
                                                          0.01      0.01       0.60 r
  scaleSoftmax/softmax/n13711 (net)             3                   0.00       0.60 r
  scaleSoftmax/softmax/U15879/ZN (MAOI22D0BWP12T30P140LVT)
                                                          0.02      0.03       0.63 r
  scaleSoftmax/softmax/n13716 (net)             2                   0.00       0.63 r
  scaleSoftmax/softmax/U933/ZN (OAI211D0BWP12T30P140LVT)
                                                          0.03      0.03       0.65 f
  scaleSoftmax/softmax/n13718 (net)             2                   0.00       0.65 f
  scaleSoftmax/softmax/U15888/ZN (AOI221D1BWP12T30P140LVT)
                                                          0.03      0.03       0.68 r
  scaleSoftmax/softmax/n13714 (net)             1                   0.00       0.68 r
  scaleSoftmax/softmax/U15891/ZN (AOI211D1BWP12T30P140LVT)
                                                          0.02      0.01       0.69 f
  scaleSoftmax/softmax/n13717 (net)             1                   0.00       0.69 f
  scaleSoftmax/softmax/U864/ZN (OAI31D0BWP12T30P140LVT)
                                                          0.03      0.01       0.70 r
  scaleSoftmax/softmax/n13723 (net)             1                   0.00       0.70 r
  scaleSoftmax/softmax/U15893/ZN (ND3D1BWP12T30P140LVT)
                                                          0.02      0.02       0.72 f
  scaleSoftmax/softmax/n13731 (net)             1                   0.00       0.72 f
  scaleSoftmax/softmax/U851/ZN (AOI32D0BWP12T30P140LVT)
                                                          0.03      0.02       0.74 r
  scaleSoftmax/softmax/n13764 (net)             1                   0.00       0.74 r
  scaleSoftmax/softmax/U15903/ZN (AOI21D1BWP12T30P140LVT)
                                                          0.02      0.01       0.76 f
  scaleSoftmax/softmax/n13967 (net)             1                   0.00       0.76 f
  scaleSoftmax/softmax/U844/Z (BUFFD4BWP12T30P140LVT)     0.04      0.03       0.79 f
  scaleSoftmax/softmax/n20 (net)               44                   0.00       0.79 f
  scaleSoftmax/softmax/U16160/Z (CKMUX2D0BWP12T30P140LVT)
                                                          0.02      0.03       0.82 r
  scaleSoftmax/softmax/n14376 (net)             4                   0.00       0.82 r
  scaleSoftmax/softmax/U16161/ZN (MAOI22D0BWP12T30P140LVT)
                                                          0.02      0.03       0.85 r
  scaleSoftmax/softmax/n14165 (net)             2                   0.00       0.85 r
  scaleSoftmax/softmax/U16165/ZN (OAI211D0BWP12T30P140LVT)
                                                          0.03      0.03       0.87 f
  scaleSoftmax/softmax/n14169 (net)             2                   0.00       0.87 f
  scaleSoftmax/softmax/U16211/ZN (AOI221D1BWP12T30P140LVT)
                                                          0.03      0.03       0.90 r
  scaleSoftmax/softmax/n14163 (net)             1                   0.00       0.90 r
  scaleSoftmax/softmax/U16214/ZN (AOI211D1BWP12T30P140LVT)
                                                          0.02      0.01       0.91 f
  scaleSoftmax/softmax/n14166 (net)             1                   0.00       0.91 f
  scaleSoftmax/softmax/U722/ZN (OAI31D0BWP12T30P140LVT)
                                                          0.03      0.01       0.93 r
  scaleSoftmax/softmax/n14172 (net)             1                   0.00       0.93 r
  scaleSoftmax/softmax/U6244/ZN (ND3D1BWP12T30P140LVT)
                                                          0.02      0.02       0.94 f
  scaleSoftmax/softmax/n14180 (net)             1                   0.00       0.94 f
  scaleSoftmax/softmax/U16219/ZN (AOI32D1BWP12T30P140LVT)
                                                          0.02      0.02       0.96 r
  scaleSoftmax/softmax/n14213 (net)             1                   0.00       0.96 r
  scaleSoftmax/softmax/U40/ZN (AOI21D1BWP12T30P140LVT)
                                                          0.03      0.02       0.98 f
  scaleSoftmax/softmax/n14424 (net)             3                   0.00       0.98 f
  scaleSoftmax/softmax/U409/Z (BUFFD6BWP12T30P140LVT)     0.03      0.03       1.01 f
  scaleSoftmax/softmax/n17 (net)               42                   0.00       1.01 f
  scaleSoftmax/softmax/U16248/Z (CKMUX2D0BWP12T30P140LVT)
                                                          0.01      0.03       1.04 r
  scaleSoftmax/softmax/n14566 (net)             2                   0.00       1.04 r
  scaleSoftmax/softmax/U706/ZN (INVD0BWP12T30P140LVT)     0.01      0.01       1.05 f
  scaleSoftmax/softmax/n14489 (net)             2                   0.00       1.05 f
  scaleSoftmax/softmax/U16249/ZN (OAI22D1BWP12T30P140LVT)
                                                          0.02      0.02       1.06 r
  scaleSoftmax/softmax/n14503 (net)             2                   0.00       1.06 r
  scaleSoftmax/softmax/U16250/ZN (AOI221D1BWP12T30P140LVT)
                                                          0.03      0.01       1.08 f
  scaleSoftmax/softmax/n14499 (net)             3                   0.00       1.08 f
  scaleSoftmax/softmax/U16385/ZN (AOI32D1BWP12T30P140LVT)
                                                          0.02      0.02       1.10 r
  scaleSoftmax/softmax/n14501 (net)             1                   0.00       1.10 r
  scaleSoftmax/softmax/U682/ZN (OAI211D0BWP12T30P140LVT)
                                                          0.03      0.02       1.12 f
  scaleSoftmax/softmax/n14511 (net)             1                   0.00       1.12 f
  scaleSoftmax/softmax/U16387/ZN (AOI21D1BWP12T30P140LVT)
                                                          0.02      0.01       1.14 r
  scaleSoftmax/softmax/n14513 (net)             1                   0.00       1.14 r
  scaleSoftmax/softmax/U241/ZN (MAOI222D0BWP12T30P140LVT)
                                                          0.03      0.02       1.16 f
  scaleSoftmax/softmax/n14515 (net)             1                   0.00       1.16 f
  scaleSoftmax/softmax/U677/ZN (AOI21OPTPBD1BWP12T30P140LVT)
                                                          0.02      0.02       1.18 r
  scaleSoftmax/softmax/n14702 (net)             2                   0.00       1.18 r
  scaleSoftmax/softmax/U392/Z (BUFFD6BWP12T30P140LVT)     0.03      0.03       1.21 r
  scaleSoftmax/softmax/n14778 (net)            43                   0.00       1.21 r
  scaleSoftmax/softmax/U16512/Z (CKMUX2D0BWP12T30P140LVT)
                                                          0.01      0.03       1.24 f
  scaleSoftmax/softmax/n14917 (net)             2                   0.00       1.24 f
  scaleSoftmax/softmax/U16513/ZN (INVD0BWP12T30P140LVT)
                                                          0.01      0.01       1.25 r
  scaleSoftmax/softmax/n14796 (net)             2                   0.00       1.25 r
  scaleSoftmax/softmax/U16566/Z (AN2D0BWP12T30P140LVT)
                                                          0.01      0.02       1.27 r
  scaleSoftmax/softmax/n14798 (net)             1                   0.00       1.27 r
  scaleSoftmax/softmax/U16567/ZN (MAOI222D0BWP12T30P140LVT)
                                                          0.03      0.02       1.29 f
  scaleSoftmax/softmax/n14800 (net)             2                   0.00       1.29 f
  scaleSoftmax/softmax/U16568/ZN (AOI221D1BWP12T30P140LVT)
                                                          0.03      0.03       1.32 r
  scaleSoftmax/softmax/n14805 (net)             1                   0.00       1.32 r
  scaleSoftmax/softmax/U16571/ZN (AOI211D1BWP12T30P140LVT)
                                                          0.02      0.01       1.33 f
  scaleSoftmax/softmax/n14808 (net)             1                   0.00       1.33 f
  scaleSoftmax/softmax/U647/ZN (AOI21D1BWP12T30P140LVT)
                                                          0.01      0.01       1.34 r
  scaleSoftmax/softmax/n129 (net)               1                   0.00       1.34 r
  scaleSoftmax/softmax/U378/ZN (OAI21D1BWP12T30P140LVT)
                                                          0.01      0.01       1.35 f
  scaleSoftmax/softmax/n128 (net)               1                   0.00       1.35 f
  scaleSoftmax/softmax/U646/ZN (AOI21OPTPBD1BWP12T30P140LVT)
                                                          0.02      0.01       1.37 r
  scaleSoftmax/softmax/n127 (net)               1                   0.00       1.37 r
  scaleSoftmax/softmax/U1396/ZN (INR2D4BWP12T30P140LVT)
                                                          0.02      0.01       1.38 f
  scaleSoftmax/softmax/n14880 (net)            15                   0.00       1.38 f
  scaleSoftmax/softmax/U377/Z (BUFFXD6BWP12T30P140LVT)
                                                          0.02      0.02       1.40 f
  scaleSoftmax/softmax/n15012 (net)            30                   0.00       1.40 f
  scaleSoftmax/softmax/U16599/Z (CKMUX2D0BWP12T30P140LVT)
                                                          0.01      0.03       1.43 r
  scaleSoftmax/softmax/n17390 (net)             3                   0.00       1.43 r
  scaleSoftmax/softmax/U4815/ZN (ND2D0BWP12T30P140LVT)
                                                          0.01      0.01       1.44 f
  scaleSoftmax/softmax/n720 (net)               1                   0.00       1.44 f
  scaleSoftmax/softmax/U1484/ZN (ND2D0BWP12T30P140LVT)
                                                          0.01      0.01       1.45 r
  scaleSoftmax/softmax/n717 (net)               1                   0.00       1.45 r
  scaleSoftmax/softmax/U4813/ZN (OAI21D0BWP12T30P140LVT)
                                                          0.02      0.01       1.47 f
  scaleSoftmax/softmax/n716 (net)               1                   0.00       1.47 f
  scaleSoftmax/softmax/U2002/ZN (ND3D1BWP12T30P140LVT)
                                                          0.01      0.01       1.48 r
  scaleSoftmax/softmax/n715 (net)               1                   0.00       1.48 r
  scaleSoftmax/softmax/U4812/ZN (AOI21D1BWP12T30P140LVT)
                                                          0.01      0.01       1.49 f
  scaleSoftmax/softmax/n14912 (net)             1                   0.00       1.49 f
  scaleSoftmax/softmax/U16612/ZN (AOI221D1BWP12T30P140LVT)
                                                          0.02      0.01       1.50 r
  scaleSoftmax/softmax/n14954 (net)             1                   0.00       1.50 r
  scaleSoftmax/softmax/U16626/ZN (OAI31D0BWP12T30P140LVT)
                                                          0.02      0.02       1.52 f
  scaleSoftmax/softmax/n14994 (net)             1                   0.00       1.52 f
  scaleSoftmax/softmax/U369/ZN (AOI21D1BWP12T30P140LVT)
                                                          0.01      0.01       1.53 r
  scaleSoftmax/softmax/n15036 (net)             1                   0.00       1.53 r
  scaleSoftmax/softmax/U368/ZN (OAI21D1BWP12T30P140LVT)
                                                          0.02      0.01       1.54 f
  scaleSoftmax/softmax/n102 (net)               1                   0.00       1.54 f
  scaleSoftmax/softmax/U610/ZN (AOI21OPTPBD1BWP12T30P140LVT)
                                                          0.02      0.01       1.56 r
  scaleSoftmax/softmax/n15069 (net)             4                   0.00       1.56 r
  scaleSoftmax/softmax/U609/ZN (CKND2D2BWP12T30P140LVT)
                                                          0.01      0.01       1.56 f
  scaleSoftmax/softmax/n724 (net)               2                   0.00       1.56 f
  scaleSoftmax/softmax/U293/ZN (INVD1BWP12T30P140LVT)     0.01      0.01       1.57 r
  scaleSoftmax/softmax/n27633 (net)             3                   0.00       1.57 r
  scaleSoftmax/softmax/U367/ZN (CKND2D2BWP12T30P140LVT)
                                                          0.01      0.01       1.58 f
  scaleSoftmax/softmax/n27636 (net)             4                   0.00       1.58 f
  scaleSoftmax/softmax/U608/ZN (INR2D2BWP12T30P140LVT)
                                                          0.01      0.01       1.59 r
  scaleSoftmax/softmax/n15080 (net)             3                   0.00       1.59 r
  scaleSoftmax/softmax/U366/ZN (CKND2D2BWP12T30P140LVT)
                                                          0.01      0.01       1.60 f
  scaleSoftmax/softmax/n15085 (net)             4                   0.00       1.60 f
  scaleSoftmax/softmax/U607/ZN (INR2D2BWP12T30P140LVT)
                                                          0.01      0.01       1.61 r
  scaleSoftmax/softmax/n17394 (net)             4                   0.00       1.61 r
  scaleSoftmax/softmax/U365/ZN (CKND2D3BWP12T30P140LVT)
                                                          0.01      0.01       1.62 f
  scaleSoftmax/softmax/n19816 (net)             4                   0.00       1.62 f
  scaleSoftmax/softmax/U606/ZN (NR2OPTPAD2BWP12T30P140LVT)
                                                          0.01      0.01       1.63 r
  scaleSoftmax/softmax/n27639 (net)             3                   0.00       1.63 r
  scaleSoftmax/softmax/U364/ZN (CKND2D2BWP12T30P140LVT)
                                                          0.01      0.01       1.64 f
  scaleSoftmax/softmax/n27641 (net)             3                   0.00       1.64 f
  scaleSoftmax/softmax/U605/ZN (INR2D2BWP12T30P140LVT)
                                                          0.01      0.01       1.65 r
  scaleSoftmax/softmax/n27642 (net)             3                   0.00       1.65 r
  scaleSoftmax/softmax/U604/ZN (CKND2D3BWP12T30P140LVT)
                                                          0.01      0.01       1.66 f
  scaleSoftmax/softmax/n25536 (net)             4                   0.00       1.66 f
  scaleSoftmax/softmax/U603/ZN (INR2D2BWP12T30P140LVT)
                                                          0.01      0.01       1.67 r
  scaleSoftmax/softmax/n25542 (net)             4                   0.00       1.67 r
  scaleSoftmax/softmax/U28737/ZN (ND2D2BWP12T30P140LVT)
                                                          0.02      0.02       1.69 f
  scaleSoftmax/softmax/n27645 (net)             7                   0.00       1.69 f
  scaleSoftmax/softmax/U1432/ZN (NR2OPTPAD2BWP12T30P140LVT)
                                                          0.01      0.01       1.70 r
  scaleSoftmax/softmax/n710 (net)               4                   0.00       1.70 r
  scaleSoftmax/softmax/U601/Z (AN2D2BWP12T30P140LVT)      0.01      0.02       1.72 r
  scaleSoftmax/softmax/n26971 (net)             4                   0.00       1.72 r
  scaleSoftmax/softmax/U600/ZN (CKND2D3BWP12T30P140LVT)
                                                          0.01      0.01       1.72 f
  scaleSoftmax/softmax/n26974 (net)             4                   0.00       1.72 f
  scaleSoftmax/softmax/U597/ZN (INR2D2BWP12T30P140LVT)
                                                          0.01      0.01       1.73 r
  scaleSoftmax/softmax/n26985 (net)             4                   0.00       1.73 r
  scaleSoftmax/softmax/U596/ZN (CKND2D3BWP12T30P140LVT)
                                                          0.01      0.01       1.74 f
  scaleSoftmax/softmax/n26989 (net)             4                   0.00       1.74 f
  scaleSoftmax/softmax/U4810/ZN (NR2OPTPAD2BWP12T30P140LVT)
                                                          0.02      0.01       1.76 r
  scaleSoftmax/softmax/n26999 (net)             6                   0.00       1.76 r
  scaleSoftmax/softmax/U1431/ZN (IND3D4BWP12T30P140LVT)
                                                          0.02      0.01       1.77 f
  scaleSoftmax/softmax/n27018 (net)             4                   0.00       1.77 f
  scaleSoftmax/softmax/U583/ZN (INR2D2BWP12T30P140LVT)
                                                          0.02      0.01       1.78 r
  scaleSoftmax/softmax/n27025 (net)             4                   0.00       1.78 r
  scaleSoftmax/softmax/U363/ZN (CKND2D3BWP12T30P140LVT)
                                                          0.01      0.01       1.79 f
  scaleSoftmax/softmax/n27033 (net)             4                   0.00       1.79 f
  scaleSoftmax/softmax/U4817/Z (OR2D4BWP12T30P140LVT)     0.01      0.02       1.81 f
  scaleSoftmax/softmax/n27037 (net)             4                   0.00       1.81 f
  scaleSoftmax/softmax/U4816/ZN (INR2D4BWP12T30P140LVT)
                                                          0.01      0.01       1.82 r
  scaleSoftmax/softmax/n27044 (net)             4                   0.00       1.82 r
  scaleSoftmax/softmax/U6/ZN (CKND2D2BWP12T30P140LVT)     0.02      0.01       1.83 f
  scaleSoftmax/softmax/n27052 (net)             5                   0.00       1.83 f
  scaleSoftmax/softmax/U569/ZN (INR2D2BWP12T30P140LVT)
                                                          0.01      0.01       1.84 r
  scaleSoftmax/softmax/n27062 (net)             4                   0.00       1.84 r
  scaleSoftmax/softmax/U294/ZN (ND2D0BWP12T30P140LVT)     0.01      0.01       1.85 f
  scaleSoftmax/softmax/n27064 (net)             1                   0.00       1.85 f
  scaleSoftmax/softmax/U30234/ZN (INVD1BWP12T30P140LVT)
                                                          0.01      0.01       1.86 r
  scaleSoftmax/softmax/n27074 (net)             3                   0.00       1.86 r
  scaleSoftmax/softmax/U30242/ZN (ND4D1BWP12T30P140LVT)
                                                          0.02      0.01       1.87 f
  scaleSoftmax/softmax/n27075 (net)             1                   0.00       1.87 f
  scaleSoftmax/softmax/U565/ZN (ND2D0BWP12T30P140LVT)     0.01      0.01       1.89 r
  scaleSoftmax/softmax/n6050 (net)              1                   0.00       1.89 r
  scaleSoftmax/softmax/maximumUpdates_reg[63]/D (DFQD2BWP12T30P140LVT)
                                                          0.01      0.00       1.89 r
  data arrival time                                                            1.89

  clock clk (rise edge)                                             2.00       2.00
  clock network delay (ideal)                                       0.00       2.00
  clock uncertainty                                                -0.10       1.90
  scaleSoftmax/softmax/maximumUpdates_reg[63]/CP (DFQD2BWP12T30P140LVT)
                                                                    0.00       1.90 r
  library setup time                                               -0.01       1.89
  data required time                                                           1.89
  ------------------------------------------------------------------------------------
  data required time                                                           1.89
  data arrival time                                                           -1.89
  ------------------------------------------------------------------------------------
  slack (MET)                                                                  0.00


  Startpoint: decompressionQk/compute/decompressor/commandReg_tokenCount_reg[2]
              (rising edge-triggered flip-flop clocked by clk)
  Endpoint: decompressionQk/compute/decompressor/vController/state_reg[1]
            (rising edge-triggered flip-flop clocked by clk)
  Path Group: clk
  Path Type: max

  Des/Clust/Port     Wire Load Model       Library
  ------------------------------------------------
  AttentionFeaturePacketizer_0
                     ZeroWireload          tcbn28hpcplusbwp12t30p140lvtssg0p81v125c
  PackDescriptorDecoder_1
                     ZeroWireload          tcbn28hpcplusbwp12t30p140lvtssg0p81v125c
  PackDescriptorDecoder
                     ZeroWireload          tcbn28hpcplusbwp12t30p140lvtssg0p81v125c
  BufferedPackMetadataDequantizer_1
                     ZeroWireload          tcbn28hpcplusbwp12t30p140lvtssg0p81v125c
  DynamicBitUnpacker_1
                     ZeroWireload          tcbn28hpcplusbwp12t30p140lvtssg0p81v125c
  BufferedPackMetadataDequantizer
                     ZeroWireload          tcbn28hpcplusbwp12t30p140lvtssg0p81v125c
  DynamicBitUnpacker ZeroWireload          tcbn28hpcplusbwp12t30p140lvtssg0p81v125c
  KvStreamDequantizer_1
                     ZeroWireload          tcbn28hpcplusbwp12t30p140lvtssg0p81v125c
  KvStreamDequantizer
                     ZeroWireload          tcbn28hpcplusbwp12t30p140lvtssg0p81v125c
  DecompressionPipelineController_1
                     ZeroWireload          tcbn28hpcplusbwp12t30p140lvtssg0p81v125c
  DecompressionPipelineController
                     ZeroWireload          tcbn28hpcplusbwp12t30p140lvtssg0p81v125c
  QkDotProductAccumulator
                     ZeroWireload          tcbn28hpcplusbwp12t30p140lvtssg0p81v125c
  QueryReplayBuffer  ZeroWireload          tcbn28hpcplusbwp12t30p140lvtssg0p81v125c
  AttentionFeaturePacketizer_1
                     ZeroWireload          tcbn28hpcplusbwp12t30p140lvtssg0p81v125c
  DualKvDecompressionController
                     ZeroWireload          tcbn28hpcplusbwp12t30p140lvtssg0p81v125c
  SoftmaxVAccumulator
                     ZeroWireload          tcbn28hpcplusbwp12t30p140lvtssg0p81v125c
  StreamingSoftmax   ZeroWireload          tcbn28hpcplusbwp12t30p140lvtssg0p81v125c
  AttentionScaleUnit ZeroWireload          tcbn28hpcplusbwp12t30p140lvtssg0p81v125c
  AvOutputQuantizer  ZeroWireload          tcbn28hpcplusbwp12t30p140lvtssg0p81v125c
  BriskKvAttentionTop
                     ZeroWireload          tcbn28hpcplusbwp12t30p140lvtssg0p81v125c

  Point                                       Fanout     Trans      Incr       Path
  ------------------------------------------------------------------------------------
  clock clk (rise edge)                                             0.00       0.00
  clock network delay (ideal)                                       0.00       0.00
  decompressionQk/compute/decompressor/commandReg_tokenCount_reg[2]/CP (DFQD4BWP12T30P140LVT)
                                                          0.00      0.00 #     0.00 r
  decompressionQk/compute/decompressor/commandReg_tokenCount_reg[2]/Q (DFQD4BWP12T30P140LVT)
                                                          0.01      0.04       0.04 r
  decompressionQk/compute/decompressor/io_result_bits_tokenCount[2] (net)
                                               12                   0.00       0.04 r
  decompressionQk/compute/decompressor/vController/io_command_bits_tokenCount[2] (DecompressionPipelineController_1)
                                                                    0.00       0.04 r
  decompressionQk/compute/decompressor/vController/io_command_bits_tokenCount[2] (net)
                                                                    0.00       0.04 r
  decompressionQk/compute/decompressor/vController/U230/ZN (NR2D1BWP12T30P140LVT)
                                                          0.01      0.01       0.04 f
  decompressionQk/compute/decompressor/vController/n91 (net)
                                                1                   0.00       0.04 f
  decompressionQk/compute/decompressor/vController/U154/ZN (ND2D1BWP12T30P140LVT)
                                                          0.01      0.01       0.05 r
  decompressionQk/compute/decompressor/vController/n115 (net)
                                                1                   0.00       0.05 r
  decompressionQk/compute/decompressor/vController/U80/CO (HA1D1BWP12T30P140LVT)
                                                          0.01      0.02       0.07 r
  decompressionQk/compute/decompressor/vController/n116 (net)
                                                1                   0.00       0.07 r
  decompressionQk/compute/decompressor/vController/U75/CO (HA1D1BWP12T30P140LVT)
                                                          0.01      0.02       0.09 r
  decompressionQk/compute/decompressor/vController/n130 (net)
                                                1                   0.00       0.09 r
  decompressionQk/compute/decompressor/vController/U144/CO (HA1D2BWP12T30P140LVT)
                                                          0.01      0.02       0.11 r
  decompressionQk/compute/decompressor/vController/n1613 (net)
                                                1                   0.00       0.11 r
  decompressionQk/compute/decompressor/vController/U72/CO (HA1D1BWP12T30P140LVT)
                                                          0.01      0.02       0.13 r
  decompressionQk/compute/decompressor/vController/n1614 (net)
                                                1                   0.00       0.13 r
  decompressionQk/compute/decompressor/vController/U71/CO (HA1D1BWP12T30P140LVT)
                                                          0.01      0.02       0.15 r
  decompressionQk/compute/decompressor/vController/n1081 (net)
                                                1                   0.00       0.15 r
  decompressionQk/compute/decompressor/vController/U141/CO (HA1D2BWP12T30P140LVT)
                                                          0.01      0.02       0.17 r
  decompressionQk/compute/decompressor/vController/n1576 (net)
                                                2                   0.00       0.17 r
  decompressionQk/compute/decompressor/vController/U67/ZN (CKND2BWP12T30P140LVT)
                                                          0.01      0.00       0.17 f
  decompressionQk/compute/decompressor/vController/n106 (net)
                                                1                   0.00       0.17 f
  decompressionQk/compute/decompressor/vController/U134/ZN (INR2D2BWP12T30P140LVT)
                                                          0.01      0.01       0.18 r
  decompressionQk/compute/decompressor/vController/n1577 (net)
                                                1                   0.00       0.18 r
  decompressionQk/compute/decompressor/vController/U1940/CO (HA1D1BWP12T30P140LVT)
                                                          0.01      0.02       0.20 r
  decompressionQk/compute/decompressor/vController/n976 (net)
                                                1                   0.00       0.20 r
  decompressionQk/compute/decompressor/vController/U130/CO (HA1D2BWP12T30P140LVT)
                                                          0.01      0.02       0.22 r
  decompressionQk/compute/decompressor/vController/n1323 (net)
                                                2                   0.00       0.22 r
  decompressionQk/compute/decompressor/vController/U61/ZN (INVD2BWP12T30P140LVT)
                                                          0.01      0.00       0.23 f
  decompressionQk/compute/decompressor/vController/n85 (net)
                                                1                   0.00       0.23 f
  decompressionQk/compute/decompressor/vController/U126/ZN (INR2D2BWP12T30P140LVT)
                                                          0.01      0.01       0.23 r
  decompressionQk/compute/decompressor/vController/n1324 (net)
                                                1                   0.00       0.23 r
  decompressionQk/compute/decompressor/vController/U12/CO (HA1D1BWP12T30P140LVT)
                                                          0.01      0.02       0.25 r
  decompressionQk/compute/decompressor/vController/n965 (net)
                                                2                   0.00       0.25 r
  decompressionQk/compute/decompressor/vController/U170/ZN (INVD2BWP12T30P140LVT)
                                                          0.01      0.01       0.26 f
  decompressionQk/compute/decompressor/vController/n14 (net)
                                                1                   0.00       0.26 f
  decompressionQk/compute/decompressor/vController/U169/ZN (INR2D4BWP12T30P140LVT)
                                                          0.01      0.01       0.27 r
  decompressionQk/compute/decompressor/vController/n81 (net)
                                                1                   0.00       0.27 r
  decompressionQk/compute/decompressor/vController/U231/CO (HA1D4BWP12T30P140LVT)
                                                          0.01      0.02       0.29 r
  decompressionQk/compute/decompressor/vController/n1114 (net)
                                                1                   0.00       0.29 r
  decompressionQk/compute/decompressor/vController/U1703/CO (HA1D4BWP12T30P140LVT)
                                                          0.01      0.02       0.30 r
  decompressionQk/compute/decompressor/vController/n202 (net)
                                                2                   0.00       0.30 r
  decompressionQk/compute/decompressor/vController/U1235/ZN (CKND4BWP12T30P140LVT)
                                                          0.01      0.00       0.31 f
  decompressionQk/compute/decompressor/vController/n107 (net)
                                                1                   0.00       0.31 f
  decompressionQk/compute/decompressor/vController/U1234/ZN (INR2D4BWP12T30P140LVT)
                                                          0.01      0.01       0.32 r
  decompressionQk/compute/decompressor/vController/n995 (net)
                                                1                   0.00       0.32 r
  decompressionQk/compute/decompressor/vController/U1653/CO (HA1D4BWP12T30P140LVT)
                                                          0.01      0.02       0.33 r
  decompressionQk/compute/decompressor/vController/n996 (net)
                                                2                   0.00       0.33 r
  decompressionQk/compute/decompressor/vController/U1226/ZN (CKND4BWP12T30P140LVT)
                                                          0.01      0.00       0.34 f
  decompressionQk/compute/decompressor/vController/n86 (net)
                                                1                   0.00       0.34 f
  decompressionQk/compute/decompressor/vController/U1225/ZN (INR2D4BWP12T30P140LVT)
                                                          0.01      0.01       0.35 r
  decompressionQk/compute/decompressor/vController/n190 (net)
                                                1                   0.00       0.35 r
  decompressionQk/compute/decompressor/vController/U1594/CO (HA1D4BWP12T30P140LVT)
                                                          0.01      0.02       0.36 r
  decompressionQk/compute/decompressor/vController/n904 (net)
                                                1                   0.00       0.36 r
  decompressionQk/compute/decompressor/vController/U1609/CO (HA1D4BWP12T30P140LVT)
                                                          0.01      0.02       0.38 r
  decompressionQk/compute/decompressor/vController/n905 (net)
                                                1                   0.00       0.38 r
  decompressionQk/compute/decompressor/vController/U1611/CO (HA1D1BWP12T30P140LVT)
                                                          0.01      0.02       0.40 r
  decompressionQk/compute/decompressor/vController/n142 (net)
                                                2                   0.00       0.40 r
  decompressionQk/compute/decompressor/vController/U1219/Z (AN2D0BWP12T30P140LVT)
                                                          0.02      0.02       0.42 r
  decompressionQk/compute/decompressor/vController/n79 (net)
                                                1                   0.00       0.42 r
  decompressionQk/compute/decompressor/vController/U1575/CO (HA1D1BWP12T30P140LVT)
                                                          0.01      0.02       0.44 r
  decompressionQk/compute/decompressor/vController/n155 (net)
                                                1                   0.00       0.44 r
  decompressionQk/compute/decompressor/vController/U44/CO (HA1D1BWP12T30P140LVT)
                                                          0.01      0.02       0.46 r
  decompressionQk/compute/decompressor/vController/n131 (net)
                                                2                   0.00       0.46 r
  decompressionQk/compute/decompressor/vController/U41/Z (XOR2D2BWP12T30P140LVT)
                                                          0.04      0.04       0.50 f
  decompressionQk/compute/decompressor/vController/n5157 (net)
                                               40                   0.00       0.50 f
  decompressionQk/compute/decompressor/vController/U781/ZN (INVD2BWP12T30P140LVT)
                                                          0.04      0.03       0.53 r
  decompressionQk/compute/decompressor/vController/n1300 (net)
                                               36                   0.00       0.53 r
  decompressionQk/compute/decompressor/vController/U1555/ZN (MUX2ND0BWP12T30P140LVT)
                                                          0.04      0.03       0.56 f
  decompressionQk/compute/decompressor/vController/n1239 (net)
                                                5                   0.00       0.56 f
  decompressionQk/compute/decompressor/vController/U1559/ZN (ND2D1BWP12T30P140LVT)
                                                          0.02      0.01       0.57 r
  decompressionQk/compute/decompressor/vController/n144 (net)
                                                2                   0.00       0.57 r
  decompressionQk/compute/decompressor/vController/U796/ZN (INVD0BWP12T30P140LVT)
                                                          0.08      0.05       0.62 f
  decompressionQk/compute/decompressor/vController/n1236 (net)
                                               31                   0.00       0.62 f
  decompressionQk/compute/decompressor/vController/U390/Z (AO22D0BWP12T30P140LVT)
                                                          0.02      0.04       0.66 f
  decompressionQk/compute/decompressor/vController/n1233 (net)
                                                1                   0.00       0.66 f
  decompressionQk/compute/decompressor/vController/U1756/ZN (AOI221D0BWP12T30P140LVT)
                                                          0.05      0.03       0.69 r
  decompressionQk/compute/decompressor/vController/n1234 (net)
                                                1                   0.00       0.69 r
  decompressionQk/compute/decompressor/vController/U1757/ZN (MUX2ND0BWP12T30P140LVT)
                                                          0.04      0.03       0.72 r
  decompressionQk/compute/decompressor/vController/n1283 (net)
                                                1                   0.00       0.72 r
  decompressionQk/compute/decompressor/vController/U1782/CO (HA1D1BWP12T30P140LVT)
                                                          0.01      0.02       0.74 r
  decompressionQk/compute/decompressor/vController/n1277 (net)
                                                2                   0.00       0.74 r
  decompressionQk/compute/decompressor/vController/U1229/ZN (OAI21D0BWP12T30P140LVT)
                                                          0.02      0.01       0.75 f
  decompressionQk/compute/decompressor/vController/n89 (net)
                                                1                   0.00       0.75 f
  decompressionQk/compute/decompressor/vController/U1227/ZN (ND2D1BWP12T30P140LVT)
                                                          0.01      0.01       0.76 r
  decompressionQk/compute/decompressor/vController/n1272 (net)
                                                1                   0.00       0.76 r
  decompressionQk/compute/decompressor/vController/U1777/CO (FA1D1BWP12T30P140LVT)
                                                          0.01      0.02       0.79 r
  decompressionQk/compute/decompressor/vController/n1267 (net)
                                                1                   0.00       0.79 r
  decompressionQk/compute/decompressor/vController/U1774/CO (FA1D1BWP12T30P140LVT)
                                                          0.01      0.02       0.81 r
  decompressionQk/compute/decompressor/vController/n1262 (net)
                                                1                   0.00       0.81 r
  decompressionQk/compute/decompressor/vController/U1771/S (FA1D1BWP12T30P140LVT)
                                                          0.02      0.05       0.86 f
  decompressionQk/compute/decompressor/vController/n1414 (net)
                                                3                   0.00       0.86 f
  decompressionQk/compute/decompressor/vController/U321/Z (OR2D1BWP12T30P140LVT)
                                                          0.01      0.02       0.88 f
  decompressionQk/compute/decompressor/vController/n110 (net)
                                                1                   0.00       0.88 f
  decompressionQk/compute/decompressor/vController/U320/ZN (ND2D0BWP12T30P140LVT)
                                                          0.01      0.01       0.88 r
  decompressionQk/compute/decompressor/vController/n109 (net)
                                                1                   0.00       0.88 r
  decompressionQk/compute/decompressor/vController/U1236/ZN (CKND2D1BWP12T30P140LVT)
                                                          0.01      0.01       0.89 f
  decompressionQk/compute/decompressor/vController/n1407 (net)
                                                1                   0.00       0.89 f
  decompressionQk/compute/decompressor/vController/U1845/CO (FA1D1BWP12T30P140LVT)
                                                          0.01      0.03       0.92 f
  decompressionQk/compute/decompressor/vController/n1402 (net)
                                                1                   0.00       0.92 f
  decompressionQk/compute/decompressor/vController/U562/CO (FA1D0BWP12T30P140LVT)
                                                          0.02      0.03       0.95 f
  decompressionQk/compute/decompressor/vController/n1397 (net)
                                                1                   0.00       0.95 f
  decompressionQk/compute/decompressor/vController/U1840/S (FA1D1BWP12T30P140LVT)
                                                          0.02      0.05       1.00 r
  decompressionQk/compute/decompressor/vController/n1477 (net)
                                                1                   0.00       1.00 r
  decompressionQk/compute/decompressor/vController/U555/S (FA1D0BWP12T30P140LVT)
                                                          0.02      0.06       1.06 f
  decompressionQk/compute/decompressor/vController/n1629 (net)
                                                1                   0.00       1.06 f
  decompressionQk/compute/decompressor/vController/U1980/S (FA1D1BWP12T30P140LVT)
                                                          0.02      0.06       1.12 r
  decompressionQk/compute/decompressor/vController/n1737 (net)
                                                1                   0.00       1.12 r
  decompressionQk/compute/decompressor/vController/U589/S (FA1D0BWP12T30P140LVT)
                                                          0.02      0.06       1.18 f
  decompressionQk/compute/decompressor/vController/n1879 (net)
                                                1                   0.00       1.18 f
  decompressionQk/compute/decompressor/vController/U2137/S (FA1D1BWP12T30P140LVT)
                                                          0.02      0.06       1.24 r
  decompressionQk/compute/decompressor/vController/n2021 (net)
                                                1                   0.00       1.24 r
  decompressionQk/compute/decompressor/vController/U2241/S (FA1D1BWP12T30P140LVT)
                                                          0.02      0.05       1.29 f
  decompressionQk/compute/decompressor/vController/n2177 (net)
                                                1                   0.00       1.29 f
  decompressionQk/compute/decompressor/vController/U2349/S (FA1D1BWP12T30P140LVT)
                                                          0.02      0.06       1.35 r
  decompressionQk/compute/decompressor/vController/n2568 (net)
                                                1                   0.00       1.35 r
  decompressionQk/compute/decompressor/vController/U2511/CO (FA1D1BWP12T30P140LVT)
                                                          0.02      0.03       1.38 r
  decompressionQk/compute/decompressor/vController/n2564 (net)
                                                1                   0.00       1.38 r
  decompressionQk/compute/decompressor/vController/U2510/CO (FA1OPTCD2BWP12T30P140LVT)
                                                          0.01      0.02       1.39 r
  decompressionQk/compute/decompressor/vController/n2561 (net)
                                                1                   0.00       1.39 r
  decompressionQk/compute/decompressor/vController/U2509/CO (FA1OPTCD2BWP12T30P140LVT)
                                                          0.01      0.02       1.41 r
  decompressionQk/compute/decompressor/vController/n2558 (net)
                                                1                   0.00       1.41 r
  decompressionQk/compute/decompressor/vController/U2508/CO (FA1OPTCD2BWP12T30P140LVT)
                                                          0.01      0.02       1.43 r
  decompressionQk/compute/decompressor/vController/n2448 (net)
                                                1                   0.00       1.43 r
  decompressionQk/compute/decompressor/vController/U2477/CO (FA1OPTCD2BWP12T30P140LVT)
                                                          0.01      0.02       1.45 r
  decompressionQk/compute/decompressor/vController/n2447 (net)
                                                2                   0.00       1.45 r
  decompressionQk/compute/decompressor/vController/U165/ZN (INVD1BWP12T30P140LVT)
                                                          0.01      0.01       1.46 f
  decompressionQk/compute/decompressor/vController/n42 (net)
                                                1                   0.00       1.46 f
  decompressionQk/compute/decompressor/vController/U5/ZN (ND2D1BWP12T30P140LVT)
                                                          0.01      0.01       1.47 r
  decompressionQk/compute/decompressor/vController/n80 (net)
                                                1                   0.00       1.47 r
  decompressionQk/compute/decompressor/vController/U2474/CO (FA1OPTCD2BWP12T30P140LVT)
                                                          0.01      0.02       1.48 r
  decompressionQk/compute/decompressor/vController/n2436 (net)
                                                1                   0.00       1.48 r
  decompressionQk/compute/decompressor/vController/U2473/CO (FA1OPTCD2BWP12T30P140LVT)
                                                          0.01      0.02       1.50 r
  decompressionQk/compute/decompressor/vController/n2464 (net)
                                                1                   0.00       1.50 r
  decompressionQk/compute/decompressor/vController/U2482/CO (FA1OPTCD2BWP12T30P140LVT)
                                                          0.01      0.02       1.52 r
  decompressionQk/compute/decompressor/vController/n2461 (net)
                                                1                   0.00       1.52 r
  decompressionQk/compute/decompressor/vController/U2481/CO (FA1OPTCD2BWP12T30P140LVT)
                                                          0.01      0.02       1.54 r
  decompressionQk/compute/decompressor/vController/n2458 (net)
                                                1                   0.00       1.54 r
  decompressionQk/compute/decompressor/vController/U2480/CO (FA1OPTCD2BWP12T30P140LVT)
                                                          0.01      0.02       1.56 r
  decompressionQk/compute/decompressor/vController/n2410 (net)
                                                1                   0.00       1.56 r
  decompressionQk/compute/decompressor/vController/U2465/CO (FA1OPTCD2BWP12T30P140LVT)
                                                          0.01      0.02       1.58 r
  decompressionQk/compute/decompressor/vController/n2455 (net)
                                                1                   0.00       1.58 r
  decompressionQk/compute/decompressor/vController/U2479/CO (FA1OPTCD2BWP12T30P140LVT)
                                                          0.01      0.02       1.60 r
  decompressionQk/compute/decompressor/vController/n2413 (net)
                                                1                   0.00       1.60 r
  decompressionQk/compute/decompressor/vController/U2466/CO (FA1OPTCD2BWP12T30P140LVT)
                                                          0.01      0.02       1.61 r
  decompressionQk/compute/decompressor/vController/n2407 (net)
                                                1                   0.00       1.61 r
  decompressionQk/compute/decompressor/vController/U2464/CO (FA1OPTCD2BWP12T30P140LVT)
                                                          0.01      0.02       1.63 r
  decompressionQk/compute/decompressor/vController/n2404 (net)
                                                1                   0.00       1.63 r
  decompressionQk/compute/decompressor/vController/U2463/CO (FA1OPTCD2BWP12T30P140LVT)
                                                          0.01      0.02       1.65 r
  decompressionQk/compute/decompressor/vController/n2429 (net)
                                                1                   0.00       1.65 r
  decompressionQk/compute/decompressor/vController/U2471/CO (FA1OPTCD2BWP12T30P140LVT)
                                                          0.01      0.02       1.67 r
  decompressionQk/compute/decompressor/vController/n2426 (net)
                                                1                   0.00       1.67 r
  decompressionQk/compute/decompressor/vController/U2470/CO (FA1OPTCD2BWP12T30P140LVT)
                                                          0.01      0.02       1.69 r
  decompressionQk/compute/decompressor/vController/n2423 (net)
                                                1                   0.00       1.69 r
  decompressionQk/compute/decompressor/vController/U2469/CO (FA1OPTCD2BWP12T30P140LVT)
                                                          0.01      0.02       1.71 r
  decompressionQk/compute/decompressor/vController/n2420 (net)
                                                1                   0.00       1.71 r
  decompressionQk/compute/decompressor/vController/U2468/CO (FA1OPTCD2BWP12T30P140LVT)
                                                          0.01      0.02       1.73 r
  decompressionQk/compute/decompressor/vController/n2397 (net)
                                                1                   0.00       1.73 r
  decompressionQk/compute/decompressor/vController/U2461/CO (FA1OPTCD2BWP12T30P140LVT)
                                                          0.01      0.02       1.75 r
  decompressionQk/compute/decompressor/vController/n2394 (net)
                                                1                   0.00       1.75 r
  decompressionQk/compute/decompressor/vController/U2460/CO (FA1OPTCD2BWP12T30P140LVT)
                                                          0.01      0.02       1.76 r
  decompressionQk/compute/decompressor/vController/n2391 (net)
                                                1                   0.00       1.76 r
  decompressionQk/compute/decompressor/vController/U2459/CO (FA1OPTCD2BWP12T30P140LVT)
                                                          0.01      0.02       1.78 r
  decompressionQk/compute/decompressor/vController/n2487 (net)
                                                2                   0.00       1.78 r
  decompressionQk/compute/decompressor/vController/U85/ZN (IOA21D1BWP12T30P140LVT)
                                                          0.01      0.01       1.79 f
  decompressionQk/compute/decompressor/vController/n10 (net)
                                                1                   0.00       1.79 f
  decompressionQk/compute/decompressor/vController/U4/ZN (IOA21D1BWP12T30P140LVT)
                                                          0.01      0.01       1.80 r
  decompressionQk/compute/decompressor/vController/n2493 (net)
                                                1                   0.00       1.80 r
  decompressionQk/compute/decompressor/vController/U2487/S (FA1OPTCD2BWP12T30P140LVT)
                                                          0.02      0.04       1.84 r
  decompressionQk/compute/decompressor/vController/n2496 (net)
                                                1                   0.00       1.84 r
  decompressionQk/compute/decompressor/vController/U3/ZN (NR2D1BWP12T30P140LVT)
                                                          0.01      0.01       1.85 f
  decompressionQk/compute/decompressor/vController/n28 (net)
                                                1                   0.00       1.85 f
  decompressionQk/compute/decompressor/vController/U84/ZN (CKND2D1BWP12T30P140LVT)
                                                          0.01      0.01       1.86 r
  decompressionQk/compute/decompressor/vController/n27 (net)
                                                1                   0.00       1.86 r
  decompressionQk/compute/decompressor/vController/U189/ZN (OAI31D2BWP12T30P140LVT)
                                                          0.04      0.01       1.87 f
  decompressionQk/compute/decompressor/vController/n5919 (net)
                                                2                   0.00       1.87 f
  decompressionQk/compute/decompressor/vController/U220/ZN (ND2D1BWP12T30P140LVT)
                                                          0.01      0.01       1.89 r
  decompressionQk/compute/decompressor/vController/n345 (net)
                                                1                   0.00       1.89 r
  decompressionQk/compute/decompressor/vController/state_reg[1]/D (DFQD1BWP12T30P140LVT)
                                                          0.01      0.00       1.89 r
  data arrival time                                                            1.89

  clock clk (rise edge)                                             2.00       2.00
  clock network delay (ideal)                                       0.00       2.00
  clock uncertainty                                                -0.10       1.90
  decompressionQk/compute/decompressor/vController/state_reg[1]/CP (DFQD1BWP12T30P140LVT)
                                                                    0.00       1.90 r
  library setup time                                               -0.01       1.89
  data required time                                                           1.89
  ------------------------------------------------------------------------------------
  data required time                                                           1.89
  data arrival time                                                           -1.89
  ------------------------------------------------------------------------------------
  slack (MET)                                                                  0.00


  Startpoint: softmaxV/accumulator/weightPacketReg_weights_5_reg[2]
              (rising edge-triggered flip-flop clocked by clk)
  Endpoint: softmaxV/accumulator/outputReg_value_reg[49]
            (rising edge-triggered flip-flop clocked by clk)
  Path Group: clk
  Path Type: max

  Des/Clust/Port     Wire Load Model       Library
  ------------------------------------------------
  AttentionFeaturePacketizer_0
                     ZeroWireload          tcbn28hpcplusbwp12t30p140lvtssg0p81v125c
  PackDescriptorDecoder_1
                     ZeroWireload          tcbn28hpcplusbwp12t30p140lvtssg0p81v125c
  PackDescriptorDecoder
                     ZeroWireload          tcbn28hpcplusbwp12t30p140lvtssg0p81v125c
  BufferedPackMetadataDequantizer_1
                     ZeroWireload          tcbn28hpcplusbwp12t30p140lvtssg0p81v125c
  DynamicBitUnpacker_1
                     ZeroWireload          tcbn28hpcplusbwp12t30p140lvtssg0p81v125c
  BufferedPackMetadataDequantizer
                     ZeroWireload          tcbn28hpcplusbwp12t30p140lvtssg0p81v125c
  DynamicBitUnpacker ZeroWireload          tcbn28hpcplusbwp12t30p140lvtssg0p81v125c
  KvStreamDequantizer_1
                     ZeroWireload          tcbn28hpcplusbwp12t30p140lvtssg0p81v125c
  KvStreamDequantizer
                     ZeroWireload          tcbn28hpcplusbwp12t30p140lvtssg0p81v125c
  DecompressionPipelineController_1
                     ZeroWireload          tcbn28hpcplusbwp12t30p140lvtssg0p81v125c
  DecompressionPipelineController
                     ZeroWireload          tcbn28hpcplusbwp12t30p140lvtssg0p81v125c
  QkDotProductAccumulator
                     ZeroWireload          tcbn28hpcplusbwp12t30p140lvtssg0p81v125c
  QueryReplayBuffer  ZeroWireload          tcbn28hpcplusbwp12t30p140lvtssg0p81v125c
  AttentionFeaturePacketizer_1
                     ZeroWireload          tcbn28hpcplusbwp12t30p140lvtssg0p81v125c
  DualKvDecompressionController
                     ZeroWireload          tcbn28hpcplusbwp12t30p140lvtssg0p81v125c
  SoftmaxVAccumulator
                     ZeroWireload          tcbn28hpcplusbwp12t30p140lvtssg0p81v125c
  StreamingSoftmax   ZeroWireload          tcbn28hpcplusbwp12t30p140lvtssg0p81v125c
  AttentionScaleUnit ZeroWireload          tcbn28hpcplusbwp12t30p140lvtssg0p81v125c
  AvOutputQuantizer  ZeroWireload          tcbn28hpcplusbwp12t30p140lvtssg0p81v125c
  BriskKvAttentionTop
                     ZeroWireload          tcbn28hpcplusbwp12t30p140lvtssg0p81v125c

  Point                                       Fanout     Trans      Incr       Path
  ------------------------------------------------------------------------------------
  clock clk (rise edge)                                             0.00       0.00
  clock network delay (ideal)                                       0.00       0.00
  softmaxV/accumulator/weightPacketReg_weights_5_reg[2]/CP (DFQD1BWP12T30P140LVT)
                                                          0.00      0.00 #     0.00 r
  softmaxV/accumulator/weightPacketReg_weights_5_reg[2]/Q (DFQD1BWP12T30P140LVT)
                                                          0.04      0.06       0.06 f
  softmaxV/accumulator/weightPacketReg_weights_5[2] (net)
                                               23                   0.00       0.06 f
  softmaxV/accumulator/U2238/ZN (INVD0BWP12T30P140LVT)
                                                          0.09      0.06       0.13 r
  softmaxV/accumulator/n7682 (net)             24                   0.00       0.13 r
  softmaxV/accumulator/U8352/ZN (MAOI22D0BWP12T30P140LVT)
                                                          0.03      0.03       0.16 r
  softmaxV/accumulator/n7560 (net)              2                   0.00       0.16 r
  softmaxV/accumulator/U8353/ZN (ND2D0BWP12T30P140LVT)
                                                          0.07      0.04       0.20 f
  softmaxV/accumulator/n7668 (net)             13                   0.00       0.20 f
  softmaxV/accumulator/U8366/ZN (INVD0BWP12T30P140LVT)
                                                          0.04      0.03       0.23 r
  softmaxV/accumulator/n7679 (net)              6                   0.00       0.23 r
  softmaxV/accumulator/U8411/ZN (AOI222D1BWP12T30P140LVT)
                                                          0.05      0.02       0.25 f
  softmaxV/accumulator/n7680 (net)              1                   0.00       0.25 f
  softmaxV/accumulator/U8412/ZN (MUX2ND0BWP12T30P140LVT)
                                                          0.04      0.03       0.27 r
  softmaxV/accumulator/n10826 (net)             1                   0.00       0.27 r
  softmaxV/accumulator/U565/CO (HA1D0BWP12T30P140LVT)     0.02      0.03       0.30 r
  softmaxV/accumulator/n10537 (net)             1                   0.00       0.30 r
  softmaxV/accumulator/U3475/CO (HA1D0BWP12T30P140LVT)
                                                          0.02      0.02       0.32 r
  softmaxV/accumulator/n10561 (net)             1                   0.00       0.32 r
  softmaxV/accumulator/U2202/CO (FA1D0BWP12T30P140LVT)
                                                          0.02      0.03       0.36 r
  softmaxV/accumulator/n12106 (net)             1                   0.00       0.36 r
  softmaxV/accumulator/U10311/CO (FA1D1BWP12T30P140LVT)
                                                          0.01      0.03       0.38 r
  softmaxV/accumulator/n10267 (net)             1                   0.00       0.38 r
  softmaxV/accumulator/U3487/CO (FA1D0BWP12T30P140LVT)
                                                          0.02      0.03       0.42 r
  softmaxV/accumulator/n10511 (net)             1                   0.00       0.42 r
  softmaxV/accumulator/U2212/CO (FA1D0BWP12T30P140LVT)
                                                          0.02      0.04       0.45 r
  softmaxV/accumulator/n11052 (net)             1                   0.00       0.45 r
  softmaxV/accumulator/U10003/CO (FA1D1BWP12T30P140LVT)
                                                          0.01      0.03       0.48 r
  softmaxV/accumulator/n11303 (net)             1                   0.00       0.48 r
  softmaxV/accumulator/U3575/CO (FA1D0BWP12T30P140LVT)
                                                          0.02      0.03       0.51 r
  softmaxV/accumulator/n10757 (net)             1                   0.00       0.51 r
  softmaxV/accumulator/U2227/CO (FA1D0BWP12T30P140LVT)
                                                          0.02      0.04       0.55 r
  softmaxV/accumulator/n11546 (net)             1                   0.00       0.55 r
  softmaxV/accumulator/U10151/CO (FA1D1BWP12T30P140LVT)
                                                          0.01      0.03       0.57 r
  softmaxV/accumulator/n9967 (net)              1                   0.00       0.57 r
  softmaxV/accumulator/U2107/CO (FA1D0BWP12T30P140LVT)
                                                          0.02      0.03       0.60 r
  softmaxV/accumulator/n11271 (net)             1                   0.00       0.60 r
  softmaxV/accumulator/U3207/CO (FA1D0BWP12T30P140LVT)
                                                          0.02      0.04       0.64 r
  softmaxV/accumulator/n10725 (net)             1                   0.00       0.64 r
  softmaxV/accumulator/U9903/CO (FA1D1BWP12T30P140LVT)
                                                          0.01      0.03       0.67 r
  softmaxV/accumulator/n11513 (net)             1                   0.00       0.67 r
  softmaxV/accumulator/U2128/CO (FA1D0BWP12T30P140LVT)
                                                          0.02      0.03       0.70 r
  softmaxV/accumulator/n9935 (net)              1                   0.00       0.70 r
  softmaxV/accumulator/U3220/CO (FA1D0BWP12T30P140LVT)
                                                          0.02      0.04       0.73 r
  softmaxV/accumulator/n11239 (net)             1                   0.00       0.73 r
  softmaxV/accumulator/U504/CO (FA1D1BWP12T30P140LVT)     0.01      0.03       0.76 r
  softmaxV/accumulator/n10693 (net)             1                   0.00       0.76 r
  softmaxV/accumulator/U2142/CO (FA1D0BWP12T30P140LVT)
                                                          0.02      0.03       0.79 r
  softmaxV/accumulator/n11481 (net)             1                   0.00       0.79 r
  softmaxV/accumulator/U498/CO (FA1D1BWP12T30P140LVT)     0.01      0.03       0.82 r
  softmaxV/accumulator/n9903 (net)              1                   0.00       0.82 r
  softmaxV/accumulator/U494/CO (FA1D1BWP12T30P140LVT)     0.01      0.02       0.84 r
  softmaxV/accumulator/n11207 (net)             1                   0.00       0.84 r
  softmaxV/accumulator/U3268/CO (FA1D0BWP12T30P140LVT)
                                                          0.02      0.03       0.88 r
  softmaxV/accumulator/n10661 (net)             1                   0.00       0.88 r
  softmaxV/accumulator/U3278/CO (FA1D0BWP12T30P140LVT)
                                                          0.02      0.04       0.91 r
  softmaxV/accumulator/n11449 (net)             1                   0.00       0.91 r
  softmaxV/accumulator/U3296/CO (FA1D0BWP12T30P140LVT)
                                                          0.02      0.04       0.95 r
  softmaxV/accumulator/n9871 (net)              1                   0.00       0.95 r
  softmaxV/accumulator/U3306/CO (FA1D0BWP12T30P140LVT)
                                                          0.02      0.04       0.98 r
  softmaxV/accumulator/n11175 (net)             1                   0.00       0.98 r
  softmaxV/accumulator/U3320/CO (FA1D0BWP12T30P140LVT)
                                                          0.02      0.04       1.02 r
  softmaxV/accumulator/n10629 (net)             1                   0.00       1.02 r
  softmaxV/accumulator/U3332/CO (FA1D0BWP12T30P140LVT)
                                                          0.02      0.04       1.05 r
  softmaxV/accumulator/n11417 (net)             1                   0.00       1.05 r
  softmaxV/accumulator/U474/CO (FA1D1BWP12T30P140LVT)     0.01      0.03       1.08 r
  softmaxV/accumulator/n9839 (net)              1                   0.00       1.08 r
  softmaxV/accumulator/U3537/CO (FA1D0BWP12T30P140LVT)
                                                          0.02      0.03       1.11 r
  softmaxV/accumulator/n11143 (net)             1                   0.00       1.11 r
  softmaxV/accumulator/U3410/CO (FA1D0BWP12T30P140LVT)
                                                          0.02      0.04       1.15 r
  softmaxV/accumulator/n10597 (net)             1                   0.00       1.15 r
  softmaxV/accumulator/U3547/CO (FA1D0BWP12T30P140LVT)
                                                          0.02      0.04       1.18 r
  softmaxV/accumulator/n11385 (net)             1                   0.00       1.18 r
  softmaxV/accumulator/U3450/CO (FA1D0BWP12T30P140LVT)
                                                          0.02      0.04       1.22 r
  softmaxV/accumulator/n9807 (net)              1                   0.00       1.22 r
  softmaxV/accumulator/U2179/CO (FA1D0BWP12T30P140LVT)
                                                          0.02      0.04       1.25 r
  softmaxV/accumulator/n11111 (net)             1                   0.00       1.25 r
  softmaxV/accumulator/U10027/S (FA1D1BWP12T30P140LVT)
                                                          0.01      0.04       1.30 f
  softmaxV/accumulator/n11114 (net)             1                   0.00       1.30 f
  softmaxV/accumulator/U10028/ZN (INR2D1BWP12T30P140LVT)
                                                          0.02      0.02       1.32 f
  softmaxV/accumulator/n12117 (net)             1                   0.00       1.32 f
  softmaxV/accumulator/U10315/S (FA1D1BWP12T30P140LVT)
                                                          0.02      0.06       1.37 r
  softmaxV/accumulator/n12359 (net)             1                   0.00       1.37 r
  softmaxV/accumulator/U708/S (FA1D1BWP12T30P140LVT)      0.02      0.05       1.42 f
  softmaxV/accumulator/n12629 (net)             3                   0.00       1.42 f
  softmaxV/accumulator/U165/Z (CKXOR2D0BWP12T30P140LVT)
                                                          0.01      0.03       1.45 r
  softmaxV/accumulator/n120 (net)               1                   0.00       1.45 r
  softmaxV/accumulator/U408/Z (CKXOR2D1BWP12T30P140LVT)
                                                          0.01      0.03       1.48 f
  softmaxV/accumulator/n12659 (net)             1                   0.00       1.48 f
  softmaxV/accumulator/U10440/S (FA1D0BWP12T30P140LVT)
                                                          0.03      0.06       1.54 r
  softmaxV/accumulator/n15157 (net)             1                   0.00       1.54 r
  softmaxV/accumulator/U707/CO (FA1D1BWP12T30P140LVT)     0.01      0.03       1.57 r
  softmaxV/accumulator/n15164 (net)             1                   0.00       1.57 r
  softmaxV/accumulator/U710/CO (FA1OPTCD2BWP12T30P140LVT)
                                                          0.01      0.02       1.59 r
  softmaxV/accumulator/n15170 (net)             1                   0.00       1.59 r
  softmaxV/accumulator/U711/CO (FA1OPTCD2BWP12T30P140LVT)
                                                          0.01      0.02       1.60 r
  softmaxV/accumulator/n15177 (net)             1                   0.00       1.60 r
  softmaxV/accumulator/U12792/CO (FA1OPTCD2BWP12T30P140LVT)
                                                          0.01      0.02       1.62 r
  softmaxV/accumulator/n15181 (net)             1                   0.00       1.62 r
  softmaxV/accumulator/U12795/CO (FA1OPTCD2BWP12T30P140LVT)
                                                          0.01      0.02       1.64 r
  softmaxV/accumulator/n15185 (net)             1                   0.00       1.64 r
  softmaxV/accumulator/U12797/CO (FA1OPTCD2BWP12T30P140LVT)
                                                          0.01      0.02       1.66 r
  softmaxV/accumulator/n15189 (net)             1                   0.00       1.66 r
  softmaxV/accumulator/U12799/CO (FA1OPTCD2BWP12T30P140LVT)
                                                          0.01      0.02       1.68 r
  softmaxV/accumulator/n15193 (net)             1                   0.00       1.68 r
  softmaxV/accumulator/U12801/CO (FA1OPTCD2BWP12T30P140LVT)
                                                          0.01      0.02       1.70 r
  softmaxV/accumulator/n15197 (net)             1                   0.00       1.70 r
  softmaxV/accumulator/U12803/CO (FA1OPTCD2BWP12T30P140LVT)
                                                          0.01      0.02       1.72 r
  softmaxV/accumulator/n15201 (net)             1                   0.00       1.72 r
  softmaxV/accumulator/U12805/CO (FA1OPTCD2BWP12T30P140LVT)
                                                          0.01      0.02       1.74 r
  softmaxV/accumulator/n15205 (net)             1                   0.00       1.74 r
  softmaxV/accumulator/U12807/CO (FA1OPTCD2BWP12T30P140LVT)
                                                          0.01      0.02       1.75 r
  softmaxV/accumulator/n15209 (net)             1                   0.00       1.75 r
  softmaxV/accumulator/U12809/CO (FA1OPTCD2BWP12T30P140LVT)
                                                          0.01      0.02       1.77 r
  softmaxV/accumulator/n15213 (net)             1                   0.00       1.77 r
  softmaxV/accumulator/U12811/CO (FA1OPTCD2BWP12T30P140LVT)
                                                          0.01      0.02       1.79 r
  softmaxV/accumulator/n15217 (net)             1                   0.00       1.79 r
  softmaxV/accumulator/U12812/CO (FA1OPTCD2BWP12T30P140LVT)
                                                          0.01      0.02       1.81 r
  softmaxV/accumulator/n15223 (net)             1                   0.00       1.81 r
  softmaxV/accumulator/U12813/CO (FA1OPTCD2BWP12T30P140LVT)
                                                          0.01      0.02       1.83 r
  softmaxV/accumulator/n15856 (net)             1                   0.00       1.83 r
  softmaxV/accumulator/U13201/CO (FA1OPTCD2BWP12T30P140LVT)
                                                          0.02      0.02       1.85 r
  softmaxV/accumulator/n13471 (net)             3                   0.00       1.85 r
  softmaxV/accumulator/U383/ZN (CKND2D2BWP12T30P140LVT)
                                                          0.01      0.01       1.86 f
  softmaxV/accumulator/n97 (net)                1                   0.00       1.86 f
  softmaxV/accumulator/U5/ZN (OAI211OPTREPBD1BWP12T30P140LVT)
                                                          0.02      0.01       1.86 r
  softmaxV/accumulator/n13477 (net)             2                   0.00       1.86 r
  softmaxV/accumulator/U382/ZN (ND2D1BWP12T30P140LVT)     0.03      0.01       1.87 f
  softmaxV/accumulator/n13476 (net)             1                   0.00       1.87 f
  softmaxV/accumulator/U119/ZN (ND2D1BWP12T30P140LVT)     0.01      0.01       1.88 r
  softmaxV/accumulator/n461 (net)               1                   0.00       1.88 r
  softmaxV/accumulator/outputReg_value_reg[49]/D (DFQD1BWP12T30P140LVT)
                                                          0.01      0.00       1.88 r
  data arrival time                                                            1.88

  clock clk (rise edge)                                             2.00       2.00
  clock network delay (ideal)                                       0.00       2.00
  clock uncertainty                                                -0.10       1.90
  softmaxV/accumulator/outputReg_value_reg[49]/CP (DFQD1BWP12T30P140LVT)
                                                                    0.00       1.90 r
  library setup time                                               -0.01       1.89
  data required time                                                           1.89
  ------------------------------------------------------------------------------------
  data required time                                                           1.89
  data arrival time                                                           -1.88
  ------------------------------------------------------------------------------------
  slack (MET)                                                                  0.00


  Startpoint: softmaxV/accumulator/weightPacketReg_weights_5_reg[2]
              (rising edge-triggered flip-flop clocked by clk)
  Endpoint: softmaxV/accumulator/outputReg_value_reg[48]
            (rising edge-triggered flip-flop clocked by clk)
  Path Group: clk
  Path Type: max

  Des/Clust/Port     Wire Load Model       Library
  ------------------------------------------------
  AttentionFeaturePacketizer_0
                     ZeroWireload          tcbn28hpcplusbwp12t30p140lvtssg0p81v125c
  PackDescriptorDecoder_1
                     ZeroWireload          tcbn28hpcplusbwp12t30p140lvtssg0p81v125c
  PackDescriptorDecoder
                     ZeroWireload          tcbn28hpcplusbwp12t30p140lvtssg0p81v125c
  BufferedPackMetadataDequantizer_1
                     ZeroWireload          tcbn28hpcplusbwp12t30p140lvtssg0p81v125c
  DynamicBitUnpacker_1
                     ZeroWireload          tcbn28hpcplusbwp12t30p140lvtssg0p81v125c
  BufferedPackMetadataDequantizer
                     ZeroWireload          tcbn28hpcplusbwp12t30p140lvtssg0p81v125c
  DynamicBitUnpacker ZeroWireload          tcbn28hpcplusbwp12t30p140lvtssg0p81v125c
  KvStreamDequantizer_1
                     ZeroWireload          tcbn28hpcplusbwp12t30p140lvtssg0p81v125c
  KvStreamDequantizer
                     ZeroWireload          tcbn28hpcplusbwp12t30p140lvtssg0p81v125c
  DecompressionPipelineController_1
                     ZeroWireload          tcbn28hpcplusbwp12t30p140lvtssg0p81v125c
  DecompressionPipelineController
                     ZeroWireload          tcbn28hpcplusbwp12t30p140lvtssg0p81v125c
  QkDotProductAccumulator
                     ZeroWireload          tcbn28hpcplusbwp12t30p140lvtssg0p81v125c
  QueryReplayBuffer  ZeroWireload          tcbn28hpcplusbwp12t30p140lvtssg0p81v125c
  AttentionFeaturePacketizer_1
                     ZeroWireload          tcbn28hpcplusbwp12t30p140lvtssg0p81v125c
  DualKvDecompressionController
                     ZeroWireload          tcbn28hpcplusbwp12t30p140lvtssg0p81v125c
  SoftmaxVAccumulator
                     ZeroWireload          tcbn28hpcplusbwp12t30p140lvtssg0p81v125c
  StreamingSoftmax   ZeroWireload          tcbn28hpcplusbwp12t30p140lvtssg0p81v125c
  AttentionScaleUnit ZeroWireload          tcbn28hpcplusbwp12t30p140lvtssg0p81v125c
  AvOutputQuantizer  ZeroWireload          tcbn28hpcplusbwp12t30p140lvtssg0p81v125c
  BriskKvAttentionTop
                     ZeroWireload          tcbn28hpcplusbwp12t30p140lvtssg0p81v125c

  Point                                       Fanout     Trans      Incr       Path
  ------------------------------------------------------------------------------------
  clock clk (rise edge)                                             0.00       0.00
  clock network delay (ideal)                                       0.00       0.00
  softmaxV/accumulator/weightPacketReg_weights_5_reg[2]/CP (DFQD1BWP12T30P140LVT)
                                                          0.00      0.00 #     0.00 r
  softmaxV/accumulator/weightPacketReg_weights_5_reg[2]/Q (DFQD1BWP12T30P140LVT)
                                                          0.04      0.06       0.06 f
  softmaxV/accumulator/weightPacketReg_weights_5[2] (net)
                                               23                   0.00       0.06 f
  softmaxV/accumulator/U2238/ZN (INVD0BWP12T30P140LVT)
                                                          0.09      0.06       0.13 r
  softmaxV/accumulator/n7682 (net)             24                   0.00       0.13 r
  softmaxV/accumulator/U8352/ZN (MAOI22D0BWP12T30P140LVT)
                                                          0.03      0.03       0.16 r
  softmaxV/accumulator/n7560 (net)              2                   0.00       0.16 r
  softmaxV/accumulator/U8353/ZN (ND2D0BWP12T30P140LVT)
                                                          0.07      0.04       0.20 f
  softmaxV/accumulator/n7668 (net)             13                   0.00       0.20 f
  softmaxV/accumulator/U8366/ZN (INVD0BWP12T30P140LVT)
                                                          0.04      0.03       0.23 r
  softmaxV/accumulator/n7679 (net)              6                   0.00       0.23 r
  softmaxV/accumulator/U8411/ZN (AOI222D1BWP12T30P140LVT)
                                                          0.05      0.02       0.25 f
  softmaxV/accumulator/n7680 (net)              1                   0.00       0.25 f
  softmaxV/accumulator/U8412/ZN (MUX2ND0BWP12T30P140LVT)
                                                          0.04      0.03       0.27 r
  softmaxV/accumulator/n10826 (net)             1                   0.00       0.27 r
  softmaxV/accumulator/U565/CO (HA1D0BWP12T30P140LVT)     0.02      0.03       0.30 r
  softmaxV/accumulator/n10537 (net)             1                   0.00       0.30 r
  softmaxV/accumulator/U3475/CO (HA1D0BWP12T30P140LVT)
                                                          0.02      0.02       0.32 r
  softmaxV/accumulator/n10561 (net)             1                   0.00       0.32 r
  softmaxV/accumulator/U2202/CO (FA1D0BWP12T30P140LVT)
                                                          0.02      0.03       0.36 r
  softmaxV/accumulator/n12106 (net)             1                   0.00       0.36 r
  softmaxV/accumulator/U10311/CO (FA1D1BWP12T30P140LVT)
                                                          0.01      0.03       0.38 r
  softmaxV/accumulator/n10267 (net)             1                   0.00       0.38 r
  softmaxV/accumulator/U3487/CO (FA1D0BWP12T30P140LVT)
                                                          0.02      0.03       0.42 r
  softmaxV/accumulator/n10511 (net)             1                   0.00       0.42 r
  softmaxV/accumulator/U2212/CO (FA1D0BWP12T30P140LVT)
                                                          0.02      0.04       0.45 r
  softmaxV/accumulator/n11052 (net)             1                   0.00       0.45 r
  softmaxV/accumulator/U10003/CO (FA1D1BWP12T30P140LVT)
                                                          0.01      0.03       0.48 r
  softmaxV/accumulator/n11303 (net)             1                   0.00       0.48 r
  softmaxV/accumulator/U3575/CO (FA1D0BWP12T30P140LVT)
                                                          0.02      0.03       0.51 r
  softmaxV/accumulator/n10757 (net)             1                   0.00       0.51 r
  softmaxV/accumulator/U2227/CO (FA1D0BWP12T30P140LVT)
                                                          0.02      0.04       0.55 r
  softmaxV/accumulator/n11546 (net)             1                   0.00       0.55 r
  softmaxV/accumulator/U10151/CO (FA1D1BWP12T30P140LVT)
                                                          0.01      0.03       0.57 r
  softmaxV/accumulator/n9967 (net)              1                   0.00       0.57 r
  softmaxV/accumulator/U2107/CO (FA1D0BWP12T30P140LVT)
                                                          0.02      0.03       0.60 r
  softmaxV/accumulator/n11271 (net)             1                   0.00       0.60 r
  softmaxV/accumulator/U3207/CO (FA1D0BWP12T30P140LVT)
                                                          0.02      0.04       0.64 r
  softmaxV/accumulator/n10725 (net)             1                   0.00       0.64 r
  softmaxV/accumulator/U9903/CO (FA1D1BWP12T30P140LVT)
                                                          0.01      0.03       0.67 r
  softmaxV/accumulator/n11513 (net)             1                   0.00       0.67 r
  softmaxV/accumulator/U2128/CO (FA1D0BWP12T30P140LVT)
                                                          0.02      0.03       0.70 r
  softmaxV/accumulator/n9935 (net)              1                   0.00       0.70 r
  softmaxV/accumulator/U3220/CO (FA1D0BWP12T30P140LVT)
                                                          0.02      0.04       0.73 r
  softmaxV/accumulator/n11239 (net)             1                   0.00       0.73 r
  softmaxV/accumulator/U504/CO (FA1D1BWP12T30P140LVT)     0.01      0.03       0.76 r
  softmaxV/accumulator/n10693 (net)             1                   0.00       0.76 r
  softmaxV/accumulator/U2142/CO (FA1D0BWP12T30P140LVT)
                                                          0.02      0.03       0.79 r
  softmaxV/accumulator/n11481 (net)             1                   0.00       0.79 r
  softmaxV/accumulator/U498/CO (FA1D1BWP12T30P140LVT)     0.01      0.03       0.82 r
  softmaxV/accumulator/n9903 (net)              1                   0.00       0.82 r
  softmaxV/accumulator/U494/CO (FA1D1BWP12T30P140LVT)     0.01      0.02       0.84 r
  softmaxV/accumulator/n11207 (net)             1                   0.00       0.84 r
  softmaxV/accumulator/U3268/CO (FA1D0BWP12T30P140LVT)
                                                          0.02      0.03       0.88 r
  softmaxV/accumulator/n10661 (net)             1                   0.00       0.88 r
  softmaxV/accumulator/U3278/CO (FA1D0BWP12T30P140LVT)
                                                          0.02      0.04       0.91 r
  softmaxV/accumulator/n11449 (net)             1                   0.00       0.91 r
  softmaxV/accumulator/U3296/CO (FA1D0BWP12T30P140LVT)
                                                          0.02      0.04       0.95 r
  softmaxV/accumulator/n9871 (net)              1                   0.00       0.95 r
  softmaxV/accumulator/U3306/CO (FA1D0BWP12T30P140LVT)
                                                          0.02      0.04       0.98 r
  softmaxV/accumulator/n11175 (net)             1                   0.00       0.98 r
  softmaxV/accumulator/U3320/CO (FA1D0BWP12T30P140LVT)
                                                          0.02      0.04       1.02 r
  softmaxV/accumulator/n10629 (net)             1                   0.00       1.02 r
  softmaxV/accumulator/U3332/CO (FA1D0BWP12T30P140LVT)
                                                          0.02      0.04       1.05 r
  softmaxV/accumulator/n11417 (net)             1                   0.00       1.05 r
  softmaxV/accumulator/U474/CO (FA1D1BWP12T30P140LVT)     0.01      0.03       1.08 r
  softmaxV/accumulator/n9839 (net)              1                   0.00       1.08 r
  softmaxV/accumulator/U3537/CO (FA1D0BWP12T30P140LVT)
                                                          0.02      0.03       1.11 r
  softmaxV/accumulator/n11143 (net)             1                   0.00       1.11 r
  softmaxV/accumulator/U3410/CO (FA1D0BWP12T30P140LVT)
                                                          0.02      0.04       1.15 r
  softmaxV/accumulator/n10597 (net)             1                   0.00       1.15 r
  softmaxV/accumulator/U3547/CO (FA1D0BWP12T30P140LVT)
                                                          0.02      0.04       1.18 r
  softmaxV/accumulator/n11385 (net)             1                   0.00       1.18 r
  softmaxV/accumulator/U3450/CO (FA1D0BWP12T30P140LVT)
                                                          0.02      0.04       1.22 r
  softmaxV/accumulator/n9807 (net)              1                   0.00       1.22 r
  softmaxV/accumulator/U2179/CO (FA1D0BWP12T30P140LVT)
                                                          0.02      0.04       1.25 r
  softmaxV/accumulator/n11111 (net)             1                   0.00       1.25 r
  softmaxV/accumulator/U10027/S (FA1D1BWP12T30P140LVT)
                                                          0.01      0.04       1.30 f
  softmaxV/accumulator/n11114 (net)             1                   0.00       1.30 f
  softmaxV/accumulator/U10028/ZN (INR2D1BWP12T30P140LVT)
                                                          0.02      0.02       1.32 f
  softmaxV/accumulator/n12117 (net)             1                   0.00       1.32 f
  softmaxV/accumulator/U10315/S (FA1D1BWP12T30P140LVT)
                                                          0.02      0.06       1.37 r
  softmaxV/accumulator/n12359 (net)             1                   0.00       1.37 r
  softmaxV/accumulator/U708/S (FA1D1BWP12T30P140LVT)      0.02      0.05       1.42 f
  softmaxV/accumulator/n12629 (net)             3                   0.00       1.42 f
  softmaxV/accumulator/U165/Z (CKXOR2D0BWP12T30P140LVT)
                                                          0.01      0.03       1.45 r
  softmaxV/accumulator/n120 (net)               1                   0.00       1.45 r
  softmaxV/accumulator/U408/Z (CKXOR2D1BWP12T30P140LVT)
                                                          0.01      0.03       1.48 f
  softmaxV/accumulator/n12659 (net)             1                   0.00       1.48 f
  softmaxV/accumulator/U10440/S (FA1D0BWP12T30P140LVT)
                                                          0.03      0.06       1.54 r
  softmaxV/accumulator/n15157 (net)             1                   0.00       1.54 r
  softmaxV/accumulator/U707/CO (FA1D1BWP12T30P140LVT)     0.01      0.03       1.57 r
  softmaxV/accumulator/n15164 (net)             1                   0.00       1.57 r
  softmaxV/accumulator/U710/CO (FA1OPTCD2BWP12T30P140LVT)
                                                          0.01      0.02       1.59 r
  softmaxV/accumulator/n15170 (net)             1                   0.00       1.59 r
  softmaxV/accumulator/U711/CO (FA1OPTCD2BWP12T30P140LVT)
                                                          0.01      0.02       1.60 r
  softmaxV/accumulator/n15177 (net)             1                   0.00       1.60 r
  softmaxV/accumulator/U12792/CO (FA1OPTCD2BWP12T30P140LVT)
                                                          0.01      0.02       1.62 r
  softmaxV/accumulator/n15181 (net)             1                   0.00       1.62 r
  softmaxV/accumulator/U12795/CO (FA1OPTCD2BWP12T30P140LVT)
                                                          0.01      0.02       1.64 r
  softmaxV/accumulator/n15185 (net)             1                   0.00       1.64 r
  softmaxV/accumulator/U12797/CO (FA1OPTCD2BWP12T30P140LVT)
                                                          0.01      0.02       1.66 r
  softmaxV/accumulator/n15189 (net)             1                   0.00       1.66 r
  softmaxV/accumulator/U12799/CO (FA1OPTCD2BWP12T30P140LVT)
                                                          0.01      0.02       1.68 r
  softmaxV/accumulator/n15193 (net)             1                   0.00       1.68 r
  softmaxV/accumulator/U12801/CO (FA1OPTCD2BWP12T30P140LVT)
                                                          0.01      0.02       1.70 r
  softmaxV/accumulator/n15197 (net)             1                   0.00       1.70 r
  softmaxV/accumulator/U12803/CO (FA1OPTCD2BWP12T30P140LVT)
                                                          0.01      0.02       1.72 r
  softmaxV/accumulator/n15201 (net)             1                   0.00       1.72 r
  softmaxV/accumulator/U12805/CO (FA1OPTCD2BWP12T30P140LVT)
                                                          0.01      0.02       1.74 r
  softmaxV/accumulator/n15205 (net)             1                   0.00       1.74 r
  softmaxV/accumulator/U12807/CO (FA1OPTCD2BWP12T30P140LVT)
                                                          0.01      0.02       1.75 r
  softmaxV/accumulator/n15209 (net)             1                   0.00       1.75 r
  softmaxV/accumulator/U12809/CO (FA1OPTCD2BWP12T30P140LVT)
                                                          0.01      0.02       1.77 r
  softmaxV/accumulator/n15213 (net)             1                   0.00       1.77 r
  softmaxV/accumulator/U12811/CO (FA1OPTCD2BWP12T30P140LVT)
                                                          0.01      0.02       1.79 r
  softmaxV/accumulator/n15217 (net)             1                   0.00       1.79 r
  softmaxV/accumulator/U12812/CO (FA1OPTCD2BWP12T30P140LVT)
                                                          0.01      0.02       1.81 r
  softmaxV/accumulator/n15223 (net)             1                   0.00       1.81 r
  softmaxV/accumulator/U12813/CO (FA1OPTCD2BWP12T30P140LVT)
                                                          0.01      0.02       1.83 r
  softmaxV/accumulator/n15856 (net)             1                   0.00       1.83 r
  softmaxV/accumulator/U13201/CO (FA1OPTCD2BWP12T30P140LVT)
                                                          0.02      0.02       1.85 r
  softmaxV/accumulator/n13471 (net)             3                   0.00       1.85 r
  softmaxV/accumulator/U593/Z (XOR2OPTND2BWP12T30P140LVT)
                                                          0.01      0.02       1.87 r
  softmaxV/accumulator/n13484 (net)             2                   0.00       1.87 r
  softmaxV/accumulator/U10624/ZN (CKND2D1BWP12T30P140LVT)
                                                          0.04      0.01       1.87 f
  softmaxV/accumulator/n13470 (net)             1                   0.00       1.87 f
  softmaxV/accumulator/U10625/ZN (ND2D1BWP12T30P140LVT)
                                                          0.01      0.01       1.88 r
  softmaxV/accumulator/n460 (net)               1                   0.00       1.88 r
  softmaxV/accumulator/outputReg_value_reg[48]/D (DFQD2BWP12T30P140LVT)
                                                          0.01      0.00       1.88 r
  data arrival time                                                            1.88

  clock clk (rise edge)                                             2.00       2.00
  clock network delay (ideal)                                       0.00       2.00
  clock uncertainty                                                -0.10       1.90
  softmaxV/accumulator/outputReg_value_reg[48]/CP (DFQD2BWP12T30P140LVT)
                                                                    0.00       1.90 r
  library setup time                                               -0.01       1.89
  data required time                                                           1.89
  ------------------------------------------------------------------------------------
  data required time                                                           1.89
  data arrival time                                                           -1.88
  ------------------------------------------------------------------------------------
  slack (MET)                                                                  0.00


  Startpoint: softmaxV/accumulator/packCountReg_reg[6]
              (rising edge-triggered flip-flop clocked by clk)
  Endpoint: softmaxV/accumulator/featureAccumulator_reg[49]
            (rising edge-triggered flip-flop clocked by clk)
  Path Group: clk
  Path Type: max

  Des/Clust/Port     Wire Load Model       Library
  ------------------------------------------------
  AttentionFeaturePacketizer_0
                     ZeroWireload          tcbn28hpcplusbwp12t30p140lvtssg0p81v125c
  PackDescriptorDecoder_1
                     ZeroWireload          tcbn28hpcplusbwp12t30p140lvtssg0p81v125c
  PackDescriptorDecoder
                     ZeroWireload          tcbn28hpcplusbwp12t30p140lvtssg0p81v125c
  BufferedPackMetadataDequantizer_1
                     ZeroWireload          tcbn28hpcplusbwp12t30p140lvtssg0p81v125c
  DynamicBitUnpacker_1
                     ZeroWireload          tcbn28hpcplusbwp12t30p140lvtssg0p81v125c
  BufferedPackMetadataDequantizer
                     ZeroWireload          tcbn28hpcplusbwp12t30p140lvtssg0p81v125c
  DynamicBitUnpacker ZeroWireload          tcbn28hpcplusbwp12t30p140lvtssg0p81v125c
  KvStreamDequantizer_1
                     ZeroWireload          tcbn28hpcplusbwp12t30p140lvtssg0p81v125c
  KvStreamDequantizer
                     ZeroWireload          tcbn28hpcplusbwp12t30p140lvtssg0p81v125c
  DecompressionPipelineController_1
                     ZeroWireload          tcbn28hpcplusbwp12t30p140lvtssg0p81v125c
  DecompressionPipelineController
                     ZeroWireload          tcbn28hpcplusbwp12t30p140lvtssg0p81v125c
  QkDotProductAccumulator
                     ZeroWireload          tcbn28hpcplusbwp12t30p140lvtssg0p81v125c
  QueryReplayBuffer  ZeroWireload          tcbn28hpcplusbwp12t30p140lvtssg0p81v125c
  AttentionFeaturePacketizer_1
                     ZeroWireload          tcbn28hpcplusbwp12t30p140lvtssg0p81v125c
  DualKvDecompressionController
                     ZeroWireload          tcbn28hpcplusbwp12t30p140lvtssg0p81v125c
  SoftmaxVAccumulator
                     ZeroWireload          tcbn28hpcplusbwp12t30p140lvtssg0p81v125c
  StreamingSoftmax   ZeroWireload          tcbn28hpcplusbwp12t30p140lvtssg0p81v125c
  AttentionScaleUnit ZeroWireload          tcbn28hpcplusbwp12t30p140lvtssg0p81v125c
  AvOutputQuantizer  ZeroWireload          tcbn28hpcplusbwp12t30p140lvtssg0p81v125c
  BriskKvAttentionTop
                     ZeroWireload          tcbn28hpcplusbwp12t30p140lvtssg0p81v125c

  Point                                       Fanout     Trans      Incr       Path
  ------------------------------------------------------------------------------------
  clock clk (rise edge)                                             0.00       0.00
  clock network delay (ideal)                                       0.00       0.00
  softmaxV/accumulator/packCountReg_reg[6]/CP (DFQD2BWP12T30P140LVT)
                                                          0.00      0.00 #     0.00 r
  softmaxV/accumulator/packCountReg_reg[6]/Q (DFQD2BWP12T30P140LVT)
                                                          0.01      0.05       0.05 f
  softmaxV/accumulator/packCountReg[6] (net)
                                                4                   0.00       0.05 f
  softmaxV/accumulator/U574/ZN (NR4D2BWP12T30P140LVT)     0.02      0.02       0.07 r
  softmaxV/accumulator/n258 (net)               4                   0.00       0.07 r
  softmaxV/accumulator/U572/ZN (CKND2D1BWP12T30P140LVT)
                                                          0.01      0.01       0.08 f
  softmaxV/accumulator/n27 (net)                1                   0.00       0.08 f
  softmaxV/accumulator/U35/ZN (NR3D1BWP12T30P140LVT)      0.02      0.01       0.09 r
  softmaxV/accumulator/n247 (net)               2                   0.00       0.09 r
  softmaxV/accumulator/U570/ZN (CKND2D1BWP12T30P140LVT)
                                                          0.01      0.01       0.10 f
  softmaxV/accumulator/n242 (net)               2                   0.00       0.10 f
  softmaxV/accumulator/U34/ZN (NR2OPTPAD1BWP12T30P140LVT)
                                                          0.02      0.01       0.11 r
  softmaxV/accumulator/n235 (net)               2                   0.00       0.11 r
  softmaxV/accumulator/U553/ZN (CKND2D3BWP12T30P140LVT)
                                                          0.01      0.01       0.12 f
  softmaxV/accumulator/n244 (net)               5                   0.00       0.12 f
  softmaxV/accumulator/U541/ZN (INR2D1BWP12T30P140LVT)
                                                          0.01      0.01       0.13 r
  softmaxV/accumulator/n32 (net)                1                   0.00       0.13 r
  softmaxV/accumulator/U537/ZN (INVD1P25BWP12T30P140LVT)
                                                          0.01      0.01       0.14 f
  softmaxV/accumulator/n239 (net)               2                   0.00       0.14 f
  softmaxV/accumulator/U533/ZN (NR2OPTPAD2BWP12T30P140LVT)
                                                          0.01      0.01       0.15 r
  softmaxV/accumulator/n230 (net)               2                   0.00       0.15 r
  softmaxV/accumulator/U531/ZN (CKND2D3BWP12T30P140LVT)
                                                          0.01      0.01       0.16 f
  softmaxV/accumulator/n221 (net)               2                   0.00       0.16 f
  softmaxV/accumulator/U530/ZN (INR2D2BWP12T30P140LVT)
                                                          0.01      0.01       0.17 r
  softmaxV/accumulator/n232 (net)               2                   0.00       0.17 r
  softmaxV/accumulator/U528/ZN (CKND2D3BWP12T30P140LVT)
                                                          0.01      0.01       0.17 f
  softmaxV/accumulator/n219 (net)               2                   0.00       0.17 f
  softmaxV/accumulator/U524/ZN (INR2D2BWP12T30P140LVT)
                                                          0.01      0.01       0.18 r
  softmaxV/accumulator/n226 (net)               2                   0.00       0.18 r
  softmaxV/accumulator/U523/ZN (CKND2D2BWP12T30P140LVT)
                                                          0.01      0.01       0.19 f
  softmaxV/accumulator/n224 (net)               2                   0.00       0.19 f
  softmaxV/accumulator/U522/Z (OR2D2BWP12T30P140LVT)      0.01      0.02       0.21 f
  softmaxV/accumulator/n279 (net)               2                   0.00       0.21 f
  softmaxV/accumulator/U519/ZN (INR2D2BWP12T30P140LVT)
                                                          0.02      0.01       0.22 r
  softmaxV/accumulator/n13578 (net)             8                   0.00       0.22 r
  softmaxV/accumulator/U516/ZN (ND3D1BWP12T30P140LVT)     0.02      0.02       0.24 f
  softmaxV/accumulator/n220 (net)               1                   0.00       0.24 f
  softmaxV/accumulator/U4617/ZN (OAI31D1BWP12T30P140LVT)
                                                          0.02      0.01       0.25 r
  softmaxV/accumulator/n223 (net)               1                   0.00       0.25 r
  softmaxV/accumulator/U507/ZN (CKND2D1BWP12T30P140LVT)
                                                          0.01      0.01       0.26 f
  softmaxV/accumulator/n121 (net)               1                   0.00       0.26 f
  softmaxV/accumulator/U32/ZN (NR3D1BWP12T30P140LVT)      0.02      0.01       0.27 r
  softmaxV/accumulator/n37 (net)                1                   0.00       0.27 r
  softmaxV/accumulator/U584/ZN (ND3OPTPAD2BWP12T30P140LVT)
                                                          0.02      0.02       0.29 f
  softmaxV/accumulator/n148 (net)               3                   0.00       0.29 f
  softmaxV/accumulator/U30/ZN (INR2D4BWP12T30P140LVT)     0.04      0.03       0.32 r
  softmaxV/accumulator/n282 (net)              41                   0.00       0.32 r
  softmaxV/accumulator/U717/ZN (INR2D4BWP12T30P140LVT)
                                                          0.03      0.03       0.35 r
  softmaxV/accumulator/n5057 (net)             27                   0.00       0.35 r
  softmaxV/accumulator/U27/ZN (INR2D2BWP12T30P140LVT)     0.03      0.03       0.38 r
  softmaxV/accumulator/n4007 (net)             14                   0.00       0.38 r
  softmaxV/accumulator/U6245/Z (OR2D2BWP12T30P140LVT)     0.04      0.04       0.42 r
  softmaxV/accumulator/n11856 (net)            35                   0.00       0.42 r
  softmaxV/accumulator/U9933/ZN (INR2D1BWP12T30P140LVT)
                                                          0.02      0.01       0.43 f
  softmaxV/accumulator/n11893 (net)             1                   0.00       0.43 f
  softmaxV/accumulator/U10250/CO (FA1D1BWP12T30P140LVT)
                                                          0.02      0.03       0.46 f
  softmaxV/accumulator/n13369 (net)             1                   0.00       0.46 f
  softmaxV/accumulator/U10589/CO (FA1D1BWP12T30P140LVT)
                                                          0.02      0.03       0.50 f
  softmaxV/accumulator/n12292 (net)             1                   0.00       0.50 f
  softmaxV/accumulator/U472/S (FA1OPTCD1BWP12T30P140LVT)
                                                          0.02      0.04       0.54 r
  softmaxV/accumulator/n12565 (net)             1                   0.00       0.54 r
  softmaxV/accumulator/U10420/CO (FA1D0BWP12T30P140LVT)
                                                          0.02      0.04       0.58 r
  softmaxV/accumulator/n13385 (net)             1                   0.00       0.58 r
  softmaxV/accumulator/U326/CO (FA1D1BWP12T30P140LVT)     0.01      0.03       0.60 r
  softmaxV/accumulator/n13364 (net)             1                   0.00       0.60 r
  softmaxV/accumulator/U10588/CO (FA1D0BWP12T30P140LVT)
                                                          0.02      0.03       0.64 r
  softmaxV/accumulator/n12513 (net)             1                   0.00       0.64 r
  softmaxV/accumulator/U10405/CO (FA1D1BWP12T30P140LVT)
                                                          0.01      0.03       0.66 r
  softmaxV/accumulator/n13358 (net)             1                   0.00       0.66 r
  softmaxV/accumulator/U77/CO (FA1D1BWP12T30P140LVT)      0.01      0.02       0.68 r
  softmaxV/accumulator/n12501 (net)             2                   0.00       0.68 r
  softmaxV/accumulator/U305/ZN (ND2D0BWP12T30P140LVT)     0.01      0.01       0.69 f
  softmaxV/accumulator/n123 (net)               1                   0.00       0.69 f
  softmaxV/accumulator/U3939/ZN (ND2D0BWP12T30P140LVT)
                                                          0.02      0.01       0.71 r
  softmaxV/accumulator/n12498 (net)             1                   0.00       0.71 r
  softmaxV/accumulator/U3619/CO (FA1D1BWP12T30P140LVT)
                                                          0.01      0.02       0.73 r
  softmaxV/accumulator/n12489 (net)             1                   0.00       0.73 r
  softmaxV/accumulator/U10401/CO (FA1D0BWP12T30P140LVT)
                                                          0.02      0.03       0.77 r
  softmaxV/accumulator/n12486 (net)             1                   0.00       0.77 r
  softmaxV/accumulator/U2242/CO (FA1D1BWP12T30P140LVT)
                                                          0.01      0.03       0.79 r
  softmaxV/accumulator/n12477 (net)             1                   0.00       0.79 r
  softmaxV/accumulator/U10399/CO (FA1D0BWP12T30P140LVT)
                                                          0.02      0.03       0.83 r
  softmaxV/accumulator/n12474 (net)             2                   0.00       0.83 r
  softmaxV/accumulator/U3964/ZN (OAI21D0BWP12T30P140LVT)
                                                          0.02      0.01       0.84 f
  softmaxV/accumulator/n155 (net)               1                   0.00       0.84 f
  softmaxV/accumulator/U3581/ZN (ND2D0BWP12T30P140LVT)
                                                          0.02      0.01       0.85 r
  softmaxV/accumulator/n12465 (net)             1                   0.00       0.85 r
  softmaxV/accumulator/U270/CO (FA1D1BWP12T30P140LVT)     0.01      0.02       0.88 r
  softmaxV/accumulator/n12462 (net)             1                   0.00       0.88 r
  softmaxV/accumulator/U10397/CO (FA1D0BWP12T30P140LVT)
                                                          0.02      0.03       0.91 r
  softmaxV/accumulator/n12453 (net)             1                   0.00       0.91 r
  softmaxV/accumulator/U10/CO (FA1D1BWP12T30P140LVT)      0.01      0.03       0.94 r
  softmaxV/accumulator/n12450 (net)             1                   0.00       0.94 r
  softmaxV/accumulator/U10394/CO (FA1D0BWP12T30P140LVT)
                                                          0.02      0.03       0.97 r
  softmaxV/accumulator/n12441 (net)             1                   0.00       0.97 r
  softmaxV/accumulator/U8/CO (FA1D1BWP12T30P140LVT)       0.01      0.03       1.00 r
  softmaxV/accumulator/n12438 (net)             1                   0.00       1.00 r
  softmaxV/accumulator/U10391/CO (FA1D0BWP12T30P140LVT)
                                                          0.02      0.04       1.03 r
  softmaxV/accumulator/n12429 (net)             1                   0.00       1.03 r
  softmaxV/accumulator/U10388/CO (FA1OPTCD2BWP12T30P140LVT)
                                                          0.01      0.02       1.05 r
  softmaxV/accumulator/n12426 (net)             1                   0.00       1.05 r
  softmaxV/accumulator/U10387/CO (FA1D0BWP12T30P140LVT)
                                                          0.02      0.03       1.09 r
  softmaxV/accumulator/n12417 (net)             1                   0.00       1.09 r
  softmaxV/accumulator/U10384/CO (FA1D0BWP12T30P140LVT)
                                                          0.02      0.04       1.13 r
  softmaxV/accumulator/n12414 (net)             1                   0.00       1.13 r
  softmaxV/accumulator/U10383/CO (FA1OPTCD2BWP12T30P140LVT)
                                                          0.01      0.02       1.15 r
  softmaxV/accumulator/n12405 (net)             1                   0.00       1.15 r
  softmaxV/accumulator/U10380/CO (FA1D0BWP12T30P140LVT)
                                                          0.02      0.03       1.18 r
  softmaxV/accumulator/n12402 (net)             1                   0.00       1.18 r
  softmaxV/accumulator/U10379/CO (FA1D0BWP12T30P140LVT)
                                                          0.02      0.04       1.22 r
  softmaxV/accumulator/n12393 (net)             1                   0.00       1.22 r
  softmaxV/accumulator/U10376/CO (FA1OPTCD2BWP12T30P140LVT)
                                                          0.01      0.02       1.24 r
  softmaxV/accumulator/n12390 (net)             1                   0.00       1.24 r
  softmaxV/accumulator/U10375/CO (FA1D0BWP12T30P140LVT)
                                                          0.02      0.03       1.27 r
  softmaxV/accumulator/n12381 (net)             1                   0.00       1.27 r
  softmaxV/accumulator/U203/S (FA1D1BWP12T30P140LVT)      0.02      0.05       1.32 f
  softmaxV/accumulator/n12745 (net)             1                   0.00       1.32 f
  softmaxV/accumulator/U10455/S (FA1D1BWP12T30P140LVT)
                                                          0.02      0.06       1.38 r
  softmaxV/accumulator/n12775 (net)             1                   0.00       1.38 r
  softmaxV/accumulator/U3658/S (FA1D0BWP12T30P140LVT)     0.02      0.05       1.43 f
  softmaxV/accumulator/n15081 (net)             1                   0.00       1.43 f
  softmaxV/accumulator/U3696/CO (FA1D0BWP12T30P140LVT)
                                                          0.02      0.04       1.47 f
  softmaxV/accumulator/n15111 (net)             1                   0.00       1.47 f
  softmaxV/accumulator/U3697/CO (FA1D1BWP12T30P140LVT)
                                                          0.01      0.03       1.49 f
  softmaxV/accumulator/n15124 (net)             1                   0.00       1.49 f
  softmaxV/accumulator/U700/CO (FA1D1BWP12T30P140LVT)     0.01      0.03       1.52 f
  softmaxV/accumulator/n15136 (net)             1                   0.00       1.52 f
  softmaxV/accumulator/U3698/CO (FA1D1BWP12T30P140LVT)
                                                          0.01      0.03       1.55 f
  softmaxV/accumulator/n15156 (net)             1                   0.00       1.55 f
  softmaxV/accumulator/U707/CO (FA1D1BWP12T30P140LVT)     0.02      0.03       1.57 f
  softmaxV/accumulator/n15164 (net)             1                   0.00       1.57 f
  softmaxV/accumulator/U710/CO (FA1OPTCD2BWP12T30P140LVT)
                                                          0.01      0.02       1.59 f
  softmaxV/accumulator/n15170 (net)             1                   0.00       1.59 f
  softmaxV/accumulator/U711/CO (FA1OPTCD2BWP12T30P140LVT)
                                                          0.01      0.02       1.61 f
  softmaxV/accumulator/n15177 (net)             1                   0.00       1.61 f
  softmaxV/accumulator/U12792/CO (FA1OPTCD2BWP12T30P140LVT)
                                                          0.01      0.02       1.63 f
  softmaxV/accumulator/n15181 (net)             1                   0.00       1.63 f
  softmaxV/accumulator/U12795/CO (FA1OPTCD2BWP12T30P140LVT)
                                                          0.01      0.02       1.65 f
  softmaxV/accumulator/n15185 (net)             1                   0.00       1.65 f
  softmaxV/accumulator/U12797/CO (FA1OPTCD2BWP12T30P140LVT)
                                                          0.01      0.02       1.66 f
  softmaxV/accumulator/n15189 (net)             1                   0.00       1.66 f
  softmaxV/accumulator/U12799/CO (FA1OPTCD2BWP12T30P140LVT)
                                                          0.01      0.02       1.68 f
  softmaxV/accumulator/n15193 (net)             1                   0.00       1.68 f
  softmaxV/accumulator/U12801/CO (FA1OPTCD2BWP12T30P140LVT)
                                                          0.01      0.02       1.70 f
  softmaxV/accumulator/n15197 (net)             1                   0.00       1.70 f
  softmaxV/accumulator/U12803/CO (FA1OPTCD2BWP12T30P140LVT)
                                                          0.01      0.02       1.72 f
  softmaxV/accumulator/n15201 (net)             1                   0.00       1.72 f
  softmaxV/accumulator/U12805/CO (FA1OPTCD2BWP12T30P140LVT)
                                                          0.01      0.02       1.74 f
  softmaxV/accumulator/n15205 (net)             1                   0.00       1.74 f
  softmaxV/accumulator/U12807/CO (FA1OPTCD2BWP12T30P140LVT)
                                                          0.01      0.02       1.75 f
  softmaxV/accumulator/n15209 (net)             1                   0.00       1.75 f
  softmaxV/accumulator/U12809/CO (FA1OPTCD2BWP12T30P140LVT)
                                                          0.01      0.02       1.77 f
  softmaxV/accumulator/n15213 (net)             1                   0.00       1.77 f
  softmaxV/accumulator/U12811/CO (FA1OPTCD2BWP12T30P140LVT)
                                                          0.01      0.02       1.79 f
  softmaxV/accumulator/n15217 (net)             1                   0.00       1.79 f
  softmaxV/accumulator/U12812/CO (FA1OPTCD2BWP12T30P140LVT)
                                                          0.01      0.02       1.81 f
  softmaxV/accumulator/n15223 (net)             1                   0.00       1.81 f
  softmaxV/accumulator/U12813/CO (FA1OPTCD2BWP12T30P140LVT)
                                                          0.01      0.02       1.83 f
  softmaxV/accumulator/n15856 (net)             1                   0.00       1.83 f
  softmaxV/accumulator/U13201/CO (FA1OPTCD2BWP12T30P140LVT)
                                                          0.02      0.02       1.85 f
  softmaxV/accumulator/n13471 (net)             3                   0.00       1.85 f
  softmaxV/accumulator/U383/ZN (CKND2D2BWP12T30P140LVT)
                                                          0.01      0.01       1.85 r
  softmaxV/accumulator/n97 (net)                1                   0.00       1.85 r
  softmaxV/accumulator/U5/ZN (OAI211OPTREPBD1BWP12T30P140LVT)
                                                          0.02      0.02       1.87 f
  softmaxV/accumulator/n13477 (net)             2                   0.00       1.87 f
  softmaxV/accumulator/U120/ZN (INVD1BWP12T30P140LVT)     0.01      0.01       1.88 r
  softmaxV/accumulator/n13483 (net)             1                   0.00       1.88 r
  softmaxV/accumulator/U10636/ZN (MOAI22D1BWP12T30P140LVT)
                                                          0.03      0.01       1.89 f
  softmaxV/accumulator/n1026 (net)              1                   0.00       1.89 f
  softmaxV/accumulator/featureAccumulator_reg[49]/D (DFQD2BWP12T30P140LVT)
                                                          0.03      0.00       1.89 f
  data arrival time                                                            1.89

  clock clk (rise edge)                                             2.00       2.00
  clock network delay (ideal)                                       0.00       2.00
  clock uncertainty                                                -0.10       1.90
  softmaxV/accumulator/featureAccumulator_reg[49]/CP (DFQD2BWP12T30P140LVT)
                                                                    0.00       1.90 r
  library setup time                                               -0.01       1.89
  data required time                                                           1.89
  ------------------------------------------------------------------------------------
  data required time                                                           1.89
  data arrival time                                                           -1.89
  ------------------------------------------------------------------------------------
  slack (MET)                                                                  0.00


  Startpoint: scaleSoftmax/softmax/globalMaximum_reg[0]
              (rising edge-triggered flip-flop clocked by clk)
  Endpoint: scaleSoftmax/softmax/exponentSum_reg[27]
            (rising edge-triggered flip-flop clocked by clk)
  Path Group: clk
  Path Type: max

  Des/Clust/Port     Wire Load Model       Library
  ------------------------------------------------
  AttentionFeaturePacketizer_0
                     ZeroWireload          tcbn28hpcplusbwp12t30p140lvtssg0p81v125c
  PackDescriptorDecoder_1
                     ZeroWireload          tcbn28hpcplusbwp12t30p140lvtssg0p81v125c
  PackDescriptorDecoder
                     ZeroWireload          tcbn28hpcplusbwp12t30p140lvtssg0p81v125c
  BufferedPackMetadataDequantizer_1
                     ZeroWireload          tcbn28hpcplusbwp12t30p140lvtssg0p81v125c
  DynamicBitUnpacker_1
                     ZeroWireload          tcbn28hpcplusbwp12t30p140lvtssg0p81v125c
  BufferedPackMetadataDequantizer
                     ZeroWireload          tcbn28hpcplusbwp12t30p140lvtssg0p81v125c
  DynamicBitUnpacker ZeroWireload          tcbn28hpcplusbwp12t30p140lvtssg0p81v125c
  KvStreamDequantizer_1
                     ZeroWireload          tcbn28hpcplusbwp12t30p140lvtssg0p81v125c
  KvStreamDequantizer
                     ZeroWireload          tcbn28hpcplusbwp12t30p140lvtssg0p81v125c
  DecompressionPipelineController_1
                     ZeroWireload          tcbn28hpcplusbwp12t30p140lvtssg0p81v125c
  DecompressionPipelineController
                     ZeroWireload          tcbn28hpcplusbwp12t30p140lvtssg0p81v125c
  QkDotProductAccumulator
                     ZeroWireload          tcbn28hpcplusbwp12t30p140lvtssg0p81v125c
  QueryReplayBuffer  ZeroWireload          tcbn28hpcplusbwp12t30p140lvtssg0p81v125c
  AttentionFeaturePacketizer_1
                     ZeroWireload          tcbn28hpcplusbwp12t30p140lvtssg0p81v125c
  DualKvDecompressionController
                     ZeroWireload          tcbn28hpcplusbwp12t30p140lvtssg0p81v125c
  SoftmaxVAccumulator
                     ZeroWireload          tcbn28hpcplusbwp12t30p140lvtssg0p81v125c
  StreamingSoftmax   ZeroWireload          tcbn28hpcplusbwp12t30p140lvtssg0p81v125c
  AttentionScaleUnit ZeroWireload          tcbn28hpcplusbwp12t30p140lvtssg0p81v125c
  AvOutputQuantizer  ZeroWireload          tcbn28hpcplusbwp12t30p140lvtssg0p81v125c
  BriskKvAttentionTop
                     ZeroWireload          tcbn28hpcplusbwp12t30p140lvtssg0p81v125c

  Point                                       Fanout     Trans      Incr       Path
  ------------------------------------------------------------------------------------
  clock clk (rise edge)                                             0.00       0.00
  clock network delay (ideal)                                       0.00       0.00
  scaleSoftmax/softmax/globalMaximum_reg[0]/CP (DFQOPTMAD8BWP12T30P140LVT)
                                                          0.00      0.00 #     0.00 r
  scaleSoftmax/softmax/globalMaximum_reg[0]/Q (DFQOPTMAD8BWP12T30P140LVT)
                                                          0.01      0.02       0.02 f
  scaleSoftmax/softmax/globalMaximum[0] (net)
                                               20                   0.00       0.02 f
  scaleSoftmax/softmax/U2731/Z (OR2D1BWP12T30P140LVT)     0.01      0.02       0.04 f
  scaleSoftmax/softmax/n445 (net)               2                   0.00       0.04 f
  scaleSoftmax/softmax/U2730/ZN (INVD0BWP12T30P140LVT)
                                                          0.01      0.01       0.05 r
  scaleSoftmax/softmax/n442 (net)               1                   0.00       0.05 r
  scaleSoftmax/softmax/U2729/ZN (ND2D0BWP12T30P140LVT)
                                                          0.01      0.01       0.06 f
  scaleSoftmax/softmax/n441 (net)               1                   0.00       0.06 f
  scaleSoftmax/softmax/U1912/ZN (ND2D0BWP12T30P140LVT)
                                                          0.01      0.01       0.06 r
  scaleSoftmax/softmax/n440 (net)               1                   0.00       0.06 r
  scaleSoftmax/softmax/U1909/ZN (AOI21D1BWP12T30P140LVT)
                                                          0.01      0.01       0.08 f
  scaleSoftmax/softmax/n438 (net)               2                   0.00       0.08 f
  scaleSoftmax/softmax/U2007/ZN (OAI21D0BWP12T30P140LVT)
                                                          0.01      0.01       0.09 r
  scaleSoftmax/softmax/n436 (net)               1                   0.00       0.09 r
  scaleSoftmax/softmax/U3353/ZN (ND2D0BWP12T30P140LVT)
                                                          0.01      0.01       0.10 f
  scaleSoftmax/softmax/n1889 (net)              1                   0.00       0.10 f
  scaleSoftmax/softmax/U1498/ZN (OAI21D0BWP12T30P140LVT)
                                                          0.02      0.02       0.11 r
  scaleSoftmax/softmax/n768 (net)               2                   0.00       0.11 r
  scaleSoftmax/softmax/U3543/ZN (AOI21D1BWP12T30P140LVT)
                                                          0.02      0.01       0.12 f
  scaleSoftmax/softmax/n767 (net)               1                   0.00       0.12 f
  scaleSoftmax/softmax/U1499/ZN (NR3D0BWP12T30P140LVT)
                                                          0.02      0.01       0.14 r
  scaleSoftmax/softmax/n764 (net)               1                   0.00       0.14 r
  scaleSoftmax/softmax/U337/ZN (OAI21D1BWP12T30P140LVT)
                                                          0.02      0.01       0.15 f
  scaleSoftmax/softmax/n1999 (net)              1                   0.00       0.15 f
  scaleSoftmax/softmax/U1221/CO (FA1D1BWP12T30P140LVT)
                                                          0.02      0.03       0.18 f
  scaleSoftmax/softmax/n1997 (net)              1                   0.00       0.18 f
  scaleSoftmax/softmax/U1220/CO (FA1OPTCD1BWP12T30P140LVT)
                                                          0.01      0.02       0.20 f
  scaleSoftmax/softmax/n2003 (net)              1                   0.00       0.20 f
  scaleSoftmax/softmax/U7934/CO (FA1D1BWP12T30P140LVT)
                                                          0.02      0.03       0.23 f
  scaleSoftmax/softmax/n1995 (net)              1                   0.00       0.23 f
  scaleSoftmax/softmax/U1211/CO (FA1OPTCD1BWP12T30P140LVT)
                                                          0.01      0.02       0.25 f
  scaleSoftmax/softmax/n2001 (net)              1                   0.00       0.25 f
  scaleSoftmax/softmax/U7932/CO (FA1D1BWP12T30P140LVT)
                                                          0.01      0.03       0.28 f
  scaleSoftmax/softmax/n1993 (net)              1                   0.00       0.28 f
  scaleSoftmax/softmax/U4672/CO (FA1D1BWP12T30P140LVT)
                                                          0.02      0.03       0.30 f
  scaleSoftmax/softmax/n1991 (net)              1                   0.00       0.30 f
  scaleSoftmax/softmax/U3659/CO (FA1D1BWP12T30P140LVT)
                                                          0.02      0.03       0.33 f
  scaleSoftmax/softmax/n1987 (net)              1                   0.00       0.33 f
  scaleSoftmax/softmax/U7925/CO (FA1OPTCD2BWP12T30P140LVT)
                                                          0.02      0.02       0.35 f
  scaleSoftmax/softmax/n1943 (net)              1                   0.00       0.35 f
  scaleSoftmax/softmax/U1470/CO (FA1OPTCD1BWP12T30P140LVT)
                                                          0.02      0.02       0.37 f
  scaleSoftmax/softmax/n1945 (net)              1                   0.00       0.37 f
  scaleSoftmax/softmax/U1469/CO (FA1OPTCD2BWP12T30P140LVT)
                                                          0.02      0.02       0.39 f
  scaleSoftmax/softmax/n1941 (net)              1                   0.00       0.39 f
  scaleSoftmax/softmax/U1160/CO (FA1OPTCD1BWP12T30P140LVT)
                                                          0.02      0.02       0.41 f
  scaleSoftmax/softmax/n1939 (net)              1                   0.00       0.41 f
  scaleSoftmax/softmax/U7912/CO (FA1D0BWP12T30P140LVT)
                                                          0.02      0.03       0.45 f
  scaleSoftmax/softmax/n1937 (net)              1                   0.00       0.45 f
  scaleSoftmax/softmax/U1141/CO (FA1OPTCD1BWP12T30P140LVT)
                                                          0.02      0.02       0.47 f
  scaleSoftmax/softmax/n1935 (net)              1                   0.00       0.47 f
  scaleSoftmax/softmax/U1476/CO (FA1D1BWP12T30P140LVT)
                                                          0.02      0.03       0.50 f
  scaleSoftmax/softmax/n1933 (net)              1                   0.00       0.50 f
  scaleSoftmax/softmax/U1473/CO (FA1OPTCD1BWP12T30P140LVT)
                                                          0.02      0.02       0.52 f
  scaleSoftmax/softmax/n1931 (net)              1                   0.00       0.52 f
  scaleSoftmax/softmax/U7911/CO (FA1D0BWP12T30P140LVT)
                                                          0.02      0.03       0.55 f
  scaleSoftmax/softmax/n1929 (net)              1                   0.00       0.55 f
  scaleSoftmax/softmax/U2848/CO (FA1D1BWP12T30P140LVT)
                                                          0.02      0.03       0.58 f
  scaleSoftmax/softmax/n1927 (net)              1                   0.00       0.58 f
  scaleSoftmax/softmax/U7910/CO (FA1D0BWP12T30P140LVT)
                                                          0.02      0.04       0.62 f
  scaleSoftmax/softmax/n1925 (net)              1                   0.00       0.62 f
  scaleSoftmax/softmax/U507/CO (FA1OPTCD1BWP12T30P140LVT)
                                                          0.02      0.02       0.64 f
  scaleSoftmax/softmax/n1923 (net)              1                   0.00       0.64 f
  scaleSoftmax/softmax/U7909/CO (FA1D0BWP12T30P140LVT)
                                                          0.02      0.04       0.67 f
  scaleSoftmax/softmax/n1921 (net)              1                   0.00       0.67 f
  scaleSoftmax/softmax/U1482/CO (FA1OPTCD2BWP12T30P140LVT)
                                                          0.02      0.02       0.70 f
  scaleSoftmax/softmax/n1919 (net)              1                   0.00       0.70 f
  scaleSoftmax/softmax/U1481/CO (FA1OPTCD1BWP12T30P140LVT)
                                                          0.02      0.02       0.72 f
  scaleSoftmax/softmax/n1917 (net)              1                   0.00       0.72 f
  scaleSoftmax/softmax/U7908/CO (FA1OPTCD2BWP12T30P140LVT)
                                                          0.02      0.02       0.74 f
  scaleSoftmax/softmax/n1915 (net)              1                   0.00       0.74 f
  scaleSoftmax/softmax/U7907/CO (FA1D0BWP12T30P140LVT)
                                                          0.02      0.03       0.77 f
  scaleSoftmax/softmax/n1913 (net)              1                   0.00       0.77 f
  scaleSoftmax/softmax/U3076/CO (FA1D1BWP12T30P140LVT)
                                                          0.02      0.03       0.80 f
  scaleSoftmax/softmax/n1911 (net)              1                   0.00       0.80 f
  scaleSoftmax/softmax/U7906/CO (FA1D0BWP12T30P140LVT)
                                                          0.02      0.04       0.83 f
  scaleSoftmax/softmax/n1909 (net)              1                   0.00       0.83 f
  scaleSoftmax/softmax/U7905/CO (FA1OPTCD2BWP12T30P140LVT)
                                                          0.02      0.02       0.85 f
  scaleSoftmax/softmax/n1907 (net)              1                   0.00       0.85 f
  scaleSoftmax/softmax/U4857/CO (FA1OPTCD1BWP12T30P140LVT)
                                                          0.02      0.02       0.87 f
  scaleSoftmax/softmax/n1905 (net)              1                   0.00       0.87 f
  scaleSoftmax/softmax/U3354/CO (FA1D1BWP12T30P140LVT)
                                                          0.02      0.03       0.90 f
  scaleSoftmax/softmax/n1903 (net)              1                   0.00       0.90 f
  scaleSoftmax/softmax/U7904/CO (FA1D0BWP12T30P140LVT)
                                                          0.02      0.04       0.94 f
  scaleSoftmax/softmax/n1901 (net)              1                   0.00       0.94 f
  scaleSoftmax/softmax/U1480/CO (FA1OPTCD2BWP12T30P140LVT)
                                                          0.02      0.02       0.96 f
  scaleSoftmax/softmax/n1899 (net)              1                   0.00       0.96 f
  scaleSoftmax/softmax/U1479/CO (FA1OPTCD1BWP12T30P140LVT)
                                                          0.02      0.02       0.98 f
  scaleSoftmax/softmax/n1897 (net)              1                   0.00       0.98 f
  scaleSoftmax/softmax/U4873/CO (FA1OPTCD1BWP12T30P140LVT)
                                                          0.02      0.02       1.00 f
  scaleSoftmax/softmax/n1895 (net)              1                   0.00       1.00 f
  scaleSoftmax/softmax/U3546/CO (FA1D1BWP12T30P140LVT)
                                                          0.02      0.03       1.03 f
  scaleSoftmax/softmax/n1893 (net)              1                   0.00       1.03 f
  scaleSoftmax/softmax/U7903/CO (FA1OPTCD2BWP12T30P140LVT)
                                                          0.01      0.02       1.05 f
  scaleSoftmax/softmax/n1892 (net)              1                   0.00       1.05 f
  scaleSoftmax/softmax/U3548/Z (XOR2D1BWP12T30P140LVT)
                                                          0.01      0.02       1.07 r
  scaleSoftmax/softmax/n761 (net)               2                   0.00       1.07 r
  scaleSoftmax/softmax/U3547/ZN (INVD0BWP12T30P140LVT)
                                                          0.01      0.01       1.08 f
  scaleSoftmax/softmax/n760 (net)               1                   0.00       1.08 f
  scaleSoftmax/softmax/U1734/ZN (ND2D1BWP12T30P140LVT)
                                                          0.02      0.01       1.09 r
  scaleSoftmax/softmax/n759 (net)               1                   0.00       1.09 r
  scaleSoftmax/softmax/U4729/ZN (ND3OPTPAD2BWP12T30P140LVT)
                                                          0.02      0.01       1.10 f
  scaleSoftmax/softmax/n2027 (net)              4                   0.00       1.10 f
  scaleSoftmax/softmax/U196/ZN (NR2D1BWP12T30P140LVT)     0.02      0.02       1.12 r
  scaleSoftmax/softmax/n2009 (net)              4                   0.00       1.12 r
  scaleSoftmax/softmax/U1483/ZN (CKND2D1BWP12T30P140LVT)
                                                          0.02      0.01       1.13 f
  scaleSoftmax/softmax/n2021 (net)              3                   0.00       1.13 f
  scaleSoftmax/softmax/U4696/Z (OR2D2BWP12T30P140LVT)     0.02      0.02       1.15 f
  scaleSoftmax/softmax/n8879 (net)             11                   0.00       1.15 f
  scaleSoftmax/softmax/U7928/ZN (INVD1BWP12T30P140LVT)
                                                          0.02      0.01       1.17 r
  scaleSoftmax/softmax/n7811 (net)              7                   0.00       1.17 r
  scaleSoftmax/softmax/U7930/ZN (ND2D0BWP12T30P140LVT)
                                                          0.03      0.02       1.18 f
  scaleSoftmax/softmax/n8906 (net)              3                   0.00       1.18 f
  scaleSoftmax/softmax/U12287/ZN (OAI21D0BWP12T30P140LVT)
                                                          0.02      0.02       1.20 r
  scaleSoftmax/softmax/n8923 (net)              1                   0.00       1.20 r
  scaleSoftmax/softmax/U12292/ZN (NR4D0BWP12T30P140LVT)
                                                          0.02      0.01       1.21 f
  scaleSoftmax/softmax/n8924 (net)              1                   0.00       1.21 f
  scaleSoftmax/softmax/U1477/ZN (ND2D0BWP12T30P140LVT)
                                                          0.02      0.02       1.23 r
  scaleSoftmax/softmax/laneValues_13[0] (net)
                                                2                   0.00       1.23 r
  scaleSoftmax/softmax/U12540/CO (FA1D0BWP12T30P140LVT)
                                                          0.02      0.03       1.26 r
  scaleSoftmax/softmax/n9988 (net)              2                   0.00       1.26 r
  scaleSoftmax/softmax/U1716/ZN (INVD0BWP12T30P140LVT)
                                                          0.01      0.01       1.27 f
  scaleSoftmax/softmax/n468 (net)               1                   0.00       1.27 f
  scaleSoftmax/softmax/U1715/Z (XOR3D0BWP12T30P140LVT)
                                                          0.03      0.06       1.33 r
  scaleSoftmax/softmax/n10019 (net)             1                   0.00       1.33 r
  scaleSoftmax/softmax/U12548/S (FA1OPTCD1BWP12T30P140LVT)
                                                          0.02      0.06       1.39 f
  scaleSoftmax/softmax/n15314 (net)             1                   0.00       1.39 f
  scaleSoftmax/softmax/U16959/CO (FA1D1BWP12T30P140LVT)
                                                          0.02      0.03       1.42 f
  scaleSoftmax/softmax/n21137 (net)             1                   0.00       1.42 f
  scaleSoftmax/softmax/U1471/CO (FA1D1BWP12T30P140LVT)
                                                          0.01      0.03       1.45 f
  scaleSoftmax/softmax/n24834 (net)             1                   0.00       1.45 f
  scaleSoftmax/softmax/U27879/CO (FA1D1BWP12T30P140LVT)
                                                          0.01      0.03       1.47 f
  scaleSoftmax/softmax/n26133 (net)             1                   0.00       1.47 f
  scaleSoftmax/softmax/U29350/CO (FA1D2BWP12T30P140LVT)
                                                          0.01      0.03       1.50 f
  scaleSoftmax/softmax/n26944 (net)             1                   0.00       1.50 f
  scaleSoftmax/softmax/U2306/CO (FA1OPTCD1BWP12T30P140LVT)
                                                          0.02      0.02       1.52 f
  scaleSoftmax/softmax/n26953 (net)             1                   0.00       1.52 f
  scaleSoftmax/softmax/U30185/CO (FA1OPTCD2BWP12T30P140LVT)
                                                          0.01      0.02       1.54 f
  scaleSoftmax/softmax/n26964 (net)             1                   0.00       1.54 f
  scaleSoftmax/softmax/U30190/CO (FA1OPTCD2BWP12T30P140LVT)
                                                          0.01      0.02       1.56 f
  scaleSoftmax/softmax/n26978 (net)             1                   0.00       1.56 f
  scaleSoftmax/softmax/U30196/CO (FA1OPTCD2BWP12T30P140LVT)
                                                          0.01      0.02       1.58 f
  scaleSoftmax/softmax/n26992 (net)             1                   0.00       1.58 f
  scaleSoftmax/softmax/U30202/CO (FA1OPTCD2BWP12T30P140LVT)
                                                          0.01      0.02       1.60 f
  scaleSoftmax/softmax/n27002 (net)             1                   0.00       1.60 f
  scaleSoftmax/softmax/U30207/CO (FA1OPTCD2BWP12T30P140LVT)
                                                          0.01      0.02       1.61 f
  scaleSoftmax/softmax/n27014 (net)             1                   0.00       1.61 f
  scaleSoftmax/softmax/U30213/CO (FA1OPTCD2BWP12T30P140LVT)
                                                          0.01      0.02       1.63 f
  scaleSoftmax/softmax/n27028 (net)             1                   0.00       1.63 f
  scaleSoftmax/softmax/U30219/CO (FA1OPTCD2BWP12T30P140LVT)
                                                          0.01      0.02       1.65 f
  scaleSoftmax/softmax/n27046 (net)             1                   0.00       1.65 f
  scaleSoftmax/softmax/U30228/CO (FA1OPTCD2BWP12T30P140LVT)
                                                          0.01      0.02       1.67 f
  scaleSoftmax/softmax/n27057 (net)             1                   0.00       1.67 f
  scaleSoftmax/softmax/U30233/CO (FA1OPTCD2BWP12T30P140LVT)
                                                          0.01      0.02       1.69 f
  scaleSoftmax/softmax/n27067 (net)             1                   0.00       1.69 f
  scaleSoftmax/softmax/U30239/CO (FA1OPTCD2BWP12T30P140LVT)
                                                          0.01      0.02       1.70 f
  scaleSoftmax/softmax/n27077 (net)             1                   0.00       1.70 f
  scaleSoftmax/softmax/U30243/CO (FA1OPTCD2BWP12T30P140LVT)
                                                          0.01      0.02       1.72 f
  scaleSoftmax/softmax/n27081 (net)             1                   0.00       1.72 f
  scaleSoftmax/softmax/U30244/CO (FA1OPTCD2BWP12T30P140LVT)
                                                          0.01      0.02       1.74 f
  scaleSoftmax/softmax/n27085 (net)             1                   0.00       1.74 f
  scaleSoftmax/softmax/U30245/CO (FA1OPTCD2BWP12T30P140LVT)
                                                          0.01      0.02       1.76 f
  scaleSoftmax/softmax/n27089 (net)             1                   0.00       1.76 f
  scaleSoftmax/softmax/U30246/CO (FA1OPTCD2BWP12T30P140LVT)
                                                          0.01      0.02       1.77 f
  scaleSoftmax/softmax/n27093 (net)             1                   0.00       1.77 f
  scaleSoftmax/softmax/U30247/CO (FA1OPTCD2BWP12T30P140LVT)
                                                          0.01      0.02       1.79 f
  scaleSoftmax/softmax/n27096 (net)             1                   0.00       1.79 f
  scaleSoftmax/softmax/U3676/CO (HA1D1BWP12T30P140LVT)
                                                          0.01      0.02       1.81 f
  scaleSoftmax/softmax/n27098 (net)             1                   0.00       1.81 f
  scaleSoftmax/softmax/U3677/CO (HA1D1BWP12T30P140LVT)
                                                          0.01      0.02       1.82 f
  scaleSoftmax/softmax/n27100 (net)             1                   0.00       1.82 f
  scaleSoftmax/softmax/U1468/CO (HA1D2BWP12T30P140LVT)
                                                          0.01      0.02       1.84 f
  scaleSoftmax/softmax/n27102 (net)             5                   0.00       1.84 f
  scaleSoftmax/softmax/U631/ZN (ND3D1BWP12T30P140LVT)     0.01      0.01       1.85 r
  scaleSoftmax/softmax/n183 (net)               1                   0.00       1.85 r
  scaleSoftmax/softmax/U1437/ZN (OAI211D0BWP12T30P140LVT)
                                                          0.02      0.02       1.86 f
  scaleSoftmax/softmax/n10025 (net)             1                   0.00       1.86 f
  scaleSoftmax/softmax/U302/ZN (MOAI22D0BWP12T30P140LVT)
                                                          0.03      0.02       1.88 r
  scaleSoftmax/softmax/n5697 (net)              1                   0.00       1.88 r
  scaleSoftmax/softmax/exponentSum_reg[27]/D (DFQD1BWP12T30P140LVT)
                                                          0.03      0.00       1.88 r
  data arrival time                                                            1.88

  clock clk (rise edge)                                             2.00       2.00
  clock network delay (ideal)                                       0.00       2.00
  clock uncertainty                                                -0.10       1.90
  scaleSoftmax/softmax/exponentSum_reg[27]/CP (DFQD1BWP12T30P140LVT)
                                                                    0.00       1.90 r
  library setup time                                               -0.02       1.88
  data required time                                                           1.88
  ------------------------------------------------------------------------------------
  data required time                                                           1.88
  data arrival time                                                           -1.88
  ------------------------------------------------------------------------------------
  slack (MET)                                                                  0.00


  Startpoint: scaleSoftmax/softmax/globalMaximum_reg[0]
              (rising edge-triggered flip-flop clocked by clk)
  Endpoint: scaleSoftmax/softmax/exponentSum_reg[24]
            (rising edge-triggered flip-flop clocked by clk)
  Path Group: clk
  Path Type: max

  Des/Clust/Port     Wire Load Model       Library
  ------------------------------------------------
  AttentionFeaturePacketizer_0
                     ZeroWireload          tcbn28hpcplusbwp12t30p140lvtssg0p81v125c
  PackDescriptorDecoder_1
                     ZeroWireload          tcbn28hpcplusbwp12t30p140lvtssg0p81v125c
  PackDescriptorDecoder
                     ZeroWireload          tcbn28hpcplusbwp12t30p140lvtssg0p81v125c
  BufferedPackMetadataDequantizer_1
                     ZeroWireload          tcbn28hpcplusbwp12t30p140lvtssg0p81v125c
  DynamicBitUnpacker_1
                     ZeroWireload          tcbn28hpcplusbwp12t30p140lvtssg0p81v125c
  BufferedPackMetadataDequantizer
                     ZeroWireload          tcbn28hpcplusbwp12t30p140lvtssg0p81v125c
  DynamicBitUnpacker ZeroWireload          tcbn28hpcplusbwp12t30p140lvtssg0p81v125c
  KvStreamDequantizer_1
                     ZeroWireload          tcbn28hpcplusbwp12t30p140lvtssg0p81v125c
  KvStreamDequantizer
                     ZeroWireload          tcbn28hpcplusbwp12t30p140lvtssg0p81v125c
  DecompressionPipelineController_1
                     ZeroWireload          tcbn28hpcplusbwp12t30p140lvtssg0p81v125c
  DecompressionPipelineController
                     ZeroWireload          tcbn28hpcplusbwp12t30p140lvtssg0p81v125c
  QkDotProductAccumulator
                     ZeroWireload          tcbn28hpcplusbwp12t30p140lvtssg0p81v125c
  QueryReplayBuffer  ZeroWireload          tcbn28hpcplusbwp12t30p140lvtssg0p81v125c
  AttentionFeaturePacketizer_1
                     ZeroWireload          tcbn28hpcplusbwp12t30p140lvtssg0p81v125c
  DualKvDecompressionController
                     ZeroWireload          tcbn28hpcplusbwp12t30p140lvtssg0p81v125c
  SoftmaxVAccumulator
                     ZeroWireload          tcbn28hpcplusbwp12t30p140lvtssg0p81v125c
  StreamingSoftmax   ZeroWireload          tcbn28hpcplusbwp12t30p140lvtssg0p81v125c
  AttentionScaleUnit ZeroWireload          tcbn28hpcplusbwp12t30p140lvtssg0p81v125c
  AvOutputQuantizer  ZeroWireload          tcbn28hpcplusbwp12t30p140lvtssg0p81v125c
  BriskKvAttentionTop
                     ZeroWireload          tcbn28hpcplusbwp12t30p140lvtssg0p81v125c

  Point                                       Fanout     Trans      Incr       Path
  ------------------------------------------------------------------------------------
  clock clk (rise edge)                                             0.00       0.00
  clock network delay (ideal)                                       0.00       0.00
  scaleSoftmax/softmax/globalMaximum_reg[0]/CP (DFQOPTMAD8BWP12T30P140LVT)
                                                          0.00      0.00 #     0.00 r
  scaleSoftmax/softmax/globalMaximum_reg[0]/Q (DFQOPTMAD8BWP12T30P140LVT)
                                                          0.01      0.03       0.03 r
  scaleSoftmax/softmax/globalMaximum[0] (net)
                                               20                   0.00       0.03 r
  scaleSoftmax/softmax/U1905/Z (OR2D1BWP12T30P140LVT)     0.01      0.01       0.04 r
  scaleSoftmax/softmax/n552 (net)               1                   0.00       0.04 r
  scaleSoftmax/softmax/U3044/ZN (AOI22D1BWP12T30P140LVT)
                                                          0.02      0.01       0.05 f
  scaleSoftmax/softmax/n560 (net)               1                   0.00       0.05 f
  scaleSoftmax/softmax/U4758/ZN (AOI21D1BWP12T30P140LVT)
                                                          0.02      0.01       0.06 r
  scaleSoftmax/softmax/n557 (net)               2                   0.00       0.06 r
  scaleSoftmax/softmax/U1267/ZN (ND2D0BWP12T30P140LVT)
                                                          0.01      0.01       0.08 f
  scaleSoftmax/softmax/n554 (net)               1                   0.00       0.08 f
  scaleSoftmax/softmax/U1264/ZN (CKND2D1BWP12T30P140LVT)
                                                          0.01      0.01       0.09 r
  scaleSoftmax/softmax/n2439 (net)              1                   0.00       0.09 r
  scaleSoftmax/softmax/U1261/ZN (OAI22D1BWP12T30P140LVT)
                                                          0.02      0.01       0.10 f
  scaleSoftmax/softmax/n789 (net)               2                   0.00       0.10 f
  scaleSoftmax/softmax/U4838/ZN (INVD1BWP12T30P140LVT)
                                                          0.01      0.01       0.11 r
  scaleSoftmax/softmax/n788 (net)               1                   0.00       0.11 r
  scaleSoftmax/softmax/U4834/ZN (AOI211OPTREPBD1BWP12T30P140LVT)
                                                          0.02      0.01       0.13 f
  scaleSoftmax/softmax/n784 (net)               1                   0.00       0.13 f
  scaleSoftmax/softmax/U1243/ZN (OAI21OPTPBD1BWP12T30P140LVT)
                                                          0.02      0.01       0.14 r
  scaleSoftmax/softmax/n2444 (net)              1                   0.00       0.14 r
  scaleSoftmax/softmax/U1236/CO (FA1OPTCD1BWP12T30P140LVT)
                                                          0.01      0.02       0.16 r
  scaleSoftmax/softmax/n2552 (net)              1                   0.00       0.16 r
  scaleSoftmax/softmax/U8415/CO (FA1D1BWP12T30P140LVT)
                                                          0.01      0.02       0.18 r
  scaleSoftmax/softmax/n2446 (net)              1                   0.00       0.18 r
  scaleSoftmax/softmax/U8362/CO (FA1D1BWP12T30P140LVT)
                                                          0.01      0.02       0.21 r
  scaleSoftmax/softmax/n2442 (net)              1                   0.00       0.21 r
  scaleSoftmax/softmax/U8359/CO (FA1D1BWP12T30P140LVT)
                                                          0.01      0.02       0.23 r
  scaleSoftmax/softmax/n2448 (net)              1                   0.00       0.23 r
  scaleSoftmax/softmax/U8363/CO (FA1D1BWP12T30P140LVT)
                                                          0.01      0.02       0.26 r
  scaleSoftmax/softmax/n2450 (net)              1                   0.00       0.26 r
  scaleSoftmax/softmax/U1214/CO (FA1D1BWP12T30P140LVT)
                                                          0.02      0.03       0.28 r
  scaleSoftmax/softmax/n2452 (net)              1                   0.00       0.28 r
  scaleSoftmax/softmax/U4567/CO (FA1OPTCD1BWP12T30P140LVT)
                                                          0.02      0.02       0.30 r
  scaleSoftmax/softmax/n2506 (net)              1                   0.00       0.30 r
  scaleSoftmax/softmax/U8400/CO (FA1D0BWP12T30P140LVT)
                                                          0.02      0.03       0.34 r
  scaleSoftmax/softmax/n2508 (net)              1                   0.00       0.34 r
  scaleSoftmax/softmax/U8401/CO (FA1D1BWP12T30P140LVT)
                                                          0.02      0.03       0.37 r
  scaleSoftmax/softmax/n2504 (net)              1                   0.00       0.37 r
  scaleSoftmax/softmax/U1184/CO (FA1OPTCD1BWP12T30P140LVT)
                                                          0.02      0.02       0.39 r
  scaleSoftmax/softmax/n2502 (net)              1                   0.00       0.39 r
  scaleSoftmax/softmax/U8399/CO (FA1D0BWP12T30P140LVT)
                                                          0.02      0.03       0.42 r
  scaleSoftmax/softmax/n2500 (net)              1                   0.00       0.42 r
  scaleSoftmax/softmax/U8398/CO (FA1D0BWP12T30P140LVT)
                                                          0.03      0.04       0.46 r
  scaleSoftmax/softmax/n2498 (net)              1                   0.00       0.46 r
  scaleSoftmax/softmax/U1161/CO (FA1OPTCD1BWP12T30P140LVT)
                                                          0.02      0.02       0.48 r
  scaleSoftmax/softmax/n2496 (net)              1                   0.00       0.48 r
  scaleSoftmax/softmax/U8397/CO (FA1D0BWP12T30P140LVT)
                                                          0.03      0.04       0.52 r
  scaleSoftmax/softmax/n2494 (net)              1                   0.00       0.52 r
  scaleSoftmax/softmax/U1143/CO (FA1OPTCD1BWP12T30P140LVT)
                                                          0.02      0.02       0.55 r
  scaleSoftmax/softmax/n2492 (net)              1                   0.00       0.55 r
  scaleSoftmax/softmax/U8396/CO (FA1D0BWP12T30P140LVT)
                                                          0.03      0.04       0.58 r
  scaleSoftmax/softmax/n2490 (net)              1                   0.00       0.58 r
  scaleSoftmax/softmax/U8395/CO (FA1OPTCD2BWP12T30P140LVT)
                                                          0.02      0.02       0.60 r
  scaleSoftmax/softmax/n2488 (net)              1                   0.00       0.60 r
  scaleSoftmax/softmax/U8394/CO (FA1D0BWP12T30P140LVT)
                                                          0.02      0.03       0.64 r
  scaleSoftmax/softmax/n2486 (net)              1                   0.00       0.64 r
  scaleSoftmax/softmax/U4854/CO (FA1D1BWP12T30P140LVT)
                                                          0.02      0.03       0.67 r
  scaleSoftmax/softmax/n2484 (net)              1                   0.00       0.67 r
  scaleSoftmax/softmax/U4853/CO (FA1OPTCD1BWP12T30P140LVT)
                                                          0.02      0.02       0.69 r
  scaleSoftmax/softmax/n2482 (net)              1                   0.00       0.69 r
  scaleSoftmax/softmax/U8393/CO (FA1OPTCD2BWP12T30P140LVT)
                                                          0.02      0.02       0.71 r
  scaleSoftmax/softmax/n2480 (net)              1                   0.00       0.71 r
  scaleSoftmax/softmax/U8392/CO (FA1D0BWP12T30P140LVT)
                                                          0.03      0.04       0.74 r
  scaleSoftmax/softmax/n2478 (net)              1                   0.00       0.74 r
  scaleSoftmax/softmax/U8391/CO (FA1OPTCD2BWP12T30P140LVT)
                                                          0.02      0.02       0.77 r
  scaleSoftmax/softmax/n2476 (net)              1                   0.00       0.77 r
  scaleSoftmax/softmax/U359/CO (FA1D1BWP12T30P140LVT)     0.02      0.03       0.79 r
  scaleSoftmax/softmax/n2474 (net)              1                   0.00       0.79 r
  scaleSoftmax/softmax/U1084/CO (FA1OPTCD1BWP12T30P140LVT)
                                                          0.02      0.02       0.81 r
  scaleSoftmax/softmax/n2472 (net)              1                   0.00       0.81 r
  scaleSoftmax/softmax/U8390/CO (FA1D0BWP12T30P140LVT)
                                                          0.02      0.03       0.85 r
  scaleSoftmax/softmax/n2470 (net)              1                   0.00       0.85 r
  scaleSoftmax/softmax/U4870/CO (FA1D1BWP12T30P140LVT)
                                                          0.02      0.03       0.87 r
  scaleSoftmax/softmax/n2468 (net)              1                   0.00       0.87 r
  scaleSoftmax/softmax/U4869/CO (FA1OPTCD1BWP12T30P140LVT)
                                                          0.02      0.02       0.90 r
  scaleSoftmax/softmax/n2466 (net)              1                   0.00       0.90 r
  scaleSoftmax/softmax/U8389/CO (FA1OPTCD2BWP12T30P140LVT)
                                                          0.02      0.02       0.92 r
  scaleSoftmax/softmax/n2464 (net)              1                   0.00       0.92 r
  scaleSoftmax/softmax/U8388/CO (FA1D0BWP12T30P140LVT)
                                                          0.03      0.04       0.95 r
  scaleSoftmax/softmax/n2462 (net)              1                   0.00       0.95 r
  scaleSoftmax/softmax/U8387/CO (FA1OPTCD2BWP12T30P140LVT)
                                                          0.02      0.02       0.97 r
  scaleSoftmax/softmax/n2460 (net)              1                   0.00       0.97 r
  scaleSoftmax/softmax/U326/CO (FA1D1BWP12T30P140LVT)     0.02      0.03       1.00 r
  scaleSoftmax/softmax/n2458 (net)              1                   0.00       1.00 r
  scaleSoftmax/softmax/U4880/CO (FA1OPTCD1BWP12T30P140LVT)
                                                          0.02      0.02       1.02 r
  scaleSoftmax/softmax/n2456 (net)              2                   0.00       1.02 r
  scaleSoftmax/softmax/U894/ZN (AOI21OPTPBD1BWP12T30P140LVT)
                                                          0.02      0.01       1.04 f
  scaleSoftmax/softmax/n324 (net)               2                   0.00       1.04 f
  scaleSoftmax/softmax/U472/ZN (OAI22D1BWP12T30P140LVT)
                                                          0.03      0.01       1.05 r
  scaleSoftmax/softmax/n2454 (net)              1                   0.00       1.05 r
  scaleSoftmax/softmax/U35/Z (XOR2D1BWP12T30P140LVT)      0.01      0.02       1.07 f
  scaleSoftmax/softmax/n775 (net)               2                   0.00       1.07 f
  scaleSoftmax/softmax/U4828/ZN (INVD1BWP12T30P140LVT)
                                                          0.01      0.01       1.08 r
  scaleSoftmax/softmax/n773 (net)               1                   0.00       1.08 r
  scaleSoftmax/softmax/U449/ZN (NR2OPTPAD1BWP12T30P140LVT)
                                                          0.02      0.01       1.09 f
  scaleSoftmax/softmax/n772 (net)               1                   0.00       1.09 f
  scaleSoftmax/softmax/U840/ZN (INR4D2BWP12T30P140LVT)
                                                          0.02      0.01       1.10 r
  scaleSoftmax/softmax/n7096 (net)              3                   0.00       1.10 r
  scaleSoftmax/softmax/U440/ZN (CKND2D1BWP12T30P140LVT)
                                                          0.01      0.01       1.11 f
  scaleSoftmax/softmax/n3680 (net)              1                   0.00       1.11 f
  scaleSoftmax/softmax/U437/ZN (INR2D1BWP12T30P140LVT)
                                                          0.02      0.01       1.12 r
  scaleSoftmax/softmax/n3284 (net)              2                   0.00       1.12 r
  scaleSoftmax/softmax/U226/ZN (INVD0BWP12T30P140LVT)     0.02      0.02       1.14 f
  scaleSoftmax/softmax/n7713 (net)              5                   0.00       1.14 f
  scaleSoftmax/softmax/U260/ZN (INR2D2BWP12T30P140LVT)
                                                          0.03      0.02       1.16 r
  scaleSoftmax/softmax/n9238 (net)             18                   0.00       1.16 r
  scaleSoftmax/softmax/U1724/ZN (ND2D0BWP12T30P140LVT)
                                                          0.04      0.02       1.18 f
  scaleSoftmax/softmax/n6335 (net)              4                   0.00       1.18 f
  scaleSoftmax/softmax/U2347/ZN (INR2D1BWP12T30P140LVT)
                                                          0.02      0.02       1.20 r
  scaleSoftmax/softmax/n7714 (net)              2                   0.00       1.20 r
  scaleSoftmax/softmax/U11873/ZN (NR3D0BWP12T30P140LVT)
                                                          0.01      0.01       1.21 f
  scaleSoftmax/softmax/n7717 (net)              1                   0.00       1.21 f
  scaleSoftmax/softmax/U4291/ZN (ND2D0BWP12T30P140LVT)
                                                          0.02      0.01       1.23 r
  scaleSoftmax/softmax/laneValues_2[2] (net)
                                                2                   0.00       1.23 r
  scaleSoftmax/softmax/U1709/CO (FA1D1BWP12T30P140LVT)
                                                          0.01      0.02       1.25 r
  scaleSoftmax/softmax/n9902 (net)              1                   0.00       1.25 r
  scaleSoftmax/softmax/U12520/S (FA1D0BWP12T30P140LVT)
                                                          0.02      0.05       1.30 f
  scaleSoftmax/softmax/n9963 (net)              1                   0.00       1.30 f
  scaleSoftmax/softmax/U2270/CO (FA1D1BWP12T30P140LVT)
                                                          0.01      0.03       1.33 f
  scaleSoftmax/softmax/n9946 (net)              1                   0.00       1.33 f
  scaleSoftmax/softmax/U12534/CO (FA1D1BWP12T30P140LVT)
                                                          0.01      0.03       1.36 f
  scaleSoftmax/softmax/n9949 (net)              2                   0.00       1.36 f
  scaleSoftmax/softmax/U1314/Z (XOR3D0BWP12T30P140LVT)
                                                          0.02      0.05       1.41 r
  scaleSoftmax/softmax/n9977 (net)              3                   0.00       1.41 r
  scaleSoftmax/softmax/U684/Z (CKXOR2D0BWP12T30P140LVT)
                                                          0.01      0.03       1.44 f
  scaleSoftmax/softmax/n578 (net)               1                   0.00       1.44 f
  scaleSoftmax/softmax/U2307/Z (XOR2D1BWP12T30P140LVT)
                                                          0.02      0.03       1.47 r
  scaleSoftmax/softmax/n26945 (net)             1                   0.00       1.47 r
  scaleSoftmax/softmax/U2306/CO (FA1OPTCD1BWP12T30P140LVT)
                                                          0.02      0.04       1.50 r
  scaleSoftmax/softmax/n26953 (net)             1                   0.00       1.50 r
  scaleSoftmax/softmax/U30185/CO (FA1OPTCD2BWP12T30P140LVT)
                                                          0.01      0.02       1.52 r
  scaleSoftmax/softmax/n26964 (net)             1                   0.00       1.52 r
  scaleSoftmax/softmax/U30190/CO (FA1OPTCD2BWP12T30P140LVT)
                                                          0.01      0.02       1.54 r
  scaleSoftmax/softmax/n26978 (net)             1                   0.00       1.54 r
  scaleSoftmax/softmax/U30196/CO (FA1OPTCD2BWP12T30P140LVT)
                                                          0.01      0.02       1.56 r
  scaleSoftmax/softmax/n26992 (net)             1                   0.00       1.56 r
  scaleSoftmax/softmax/U30202/CO (FA1OPTCD2BWP12T30P140LVT)
                                                          0.01      0.02       1.58 r
  scaleSoftmax/softmax/n27002 (net)             1                   0.00       1.58 r
  scaleSoftmax/softmax/U30207/CO (FA1OPTCD2BWP12T30P140LVT)
                                                          0.01      0.02       1.60 r
  scaleSoftmax/softmax/n27014 (net)             1                   0.00       1.60 r
  scaleSoftmax/softmax/U30213/CO (FA1OPTCD2BWP12T30P140LVT)
                                                          0.01      0.02       1.62 r
  scaleSoftmax/softmax/n27028 (net)             1                   0.00       1.62 r
  scaleSoftmax/softmax/U30219/CO (FA1OPTCD2BWP12T30P140LVT)
                                                          0.01      0.02       1.64 r
  scaleSoftmax/softmax/n27046 (net)             1                   0.00       1.64 r
  scaleSoftmax/softmax/U30228/CO (FA1OPTCD2BWP12T30P140LVT)
                                                          0.01      0.02       1.65 r
  scaleSoftmax/softmax/n27057 (net)             1                   0.00       1.65 r
  scaleSoftmax/softmax/U30233/CO (FA1OPTCD2BWP12T30P140LVT)
                                                          0.01      0.02       1.67 r
  scaleSoftmax/softmax/n27067 (net)             1                   0.00       1.67 r
  scaleSoftmax/softmax/U30239/CO (FA1OPTCD2BWP12T30P140LVT)
                                                          0.01      0.02       1.69 r
  scaleSoftmax/softmax/n27077 (net)             1                   0.00       1.69 r
  scaleSoftmax/softmax/U30243/CO (FA1OPTCD2BWP12T30P140LVT)
                                                          0.01      0.02       1.71 r
  scaleSoftmax/softmax/n27081 (net)             1                   0.00       1.71 r
  scaleSoftmax/softmax/U30244/CO (FA1OPTCD2BWP12T30P140LVT)
                                                          0.01      0.02       1.73 r
  scaleSoftmax/softmax/n27085 (net)             1                   0.00       1.73 r
  scaleSoftmax/softmax/U30245/CO (FA1OPTCD2BWP12T30P140LVT)
                                                          0.01      0.02       1.75 r
  scaleSoftmax/softmax/n27089 (net)             1                   0.00       1.75 r
  scaleSoftmax/softmax/U30246/CO (FA1OPTCD2BWP12T30P140LVT)
                                                          0.01      0.02       1.77 r
  scaleSoftmax/softmax/n27093 (net)             1                   0.00       1.77 r
  scaleSoftmax/softmax/U30247/CO (FA1OPTCD2BWP12T30P140LVT)
                                                          0.01      0.02       1.78 r
  scaleSoftmax/softmax/n27096 (net)             1                   0.00       1.78 r
  scaleSoftmax/softmax/U3676/CO (HA1D1BWP12T30P140LVT)
                                                          0.01      0.02       1.80 r
  scaleSoftmax/softmax/n27098 (net)             1                   0.00       1.80 r
  scaleSoftmax/softmax/U3677/CO (HA1D1BWP12T30P140LVT)
                                                          0.01      0.02       1.82 r
  scaleSoftmax/softmax/n27100 (net)             1                   0.00       1.82 r
  scaleSoftmax/softmax/U1468/CO (HA1D2BWP12T30P140LVT)
                                                          0.01      0.02       1.85 r
  scaleSoftmax/softmax/n27102 (net)             5                   0.00       1.85 r
  scaleSoftmax/softmax/U645/Z (XOR2D1BWP12T30P140LVT)     0.01      0.01       1.86 r
  scaleSoftmax/softmax/n27103 (net)             1                   0.00       1.86 r
  scaleSoftmax/softmax/U3961/Z (AO22D0BWP12T30P140LVT)
                                                          0.02      0.02       1.88 r
  scaleSoftmax/softmax/n29661 (net)             1                   0.00       1.88 r
  scaleSoftmax/softmax/exponentSum_reg[24]/D (DFQD1BWP12T30P140LVT)
                                                          0.02      0.00       1.88 r
  data arrival time                                                            1.88

  clock clk (rise edge)                                             2.00       2.00
  clock network delay (ideal)                                       0.00       2.00
  clock uncertainty                                                -0.10       1.90
  scaleSoftmax/softmax/exponentSum_reg[24]/CP (DFQD1BWP12T30P140LVT)
                                                                    0.00       1.90 r
  library setup time                                               -0.01       1.89
  data required time                                                           1.89
  ------------------------------------------------------------------------------------
  data required time                                                           1.89
  data arrival time                                                           -1.88
  ------------------------------------------------------------------------------------
  slack (MET)                                                                  0.01


  Startpoint: scaleSoftmax/softmax/packCountReg_reg[0]
              (rising edge-triggered flip-flop clocked by clk)
  Endpoint: scaleSoftmax/softmax/maximumUpdates_reg[62]
            (rising edge-triggered flip-flop clocked by clk)
  Path Group: clk
  Path Type: max

  Des/Clust/Port     Wire Load Model       Library
  ------------------------------------------------
  AttentionFeaturePacketizer_0
                     ZeroWireload          tcbn28hpcplusbwp12t30p140lvtssg0p81v125c
  PackDescriptorDecoder_1
                     ZeroWireload          tcbn28hpcplusbwp12t30p140lvtssg0p81v125c
  PackDescriptorDecoder
                     ZeroWireload          tcbn28hpcplusbwp12t30p140lvtssg0p81v125c
  BufferedPackMetadataDequantizer_1
                     ZeroWireload          tcbn28hpcplusbwp12t30p140lvtssg0p81v125c
  DynamicBitUnpacker_1
                     ZeroWireload          tcbn28hpcplusbwp12t30p140lvtssg0p81v125c
  BufferedPackMetadataDequantizer
                     ZeroWireload          tcbn28hpcplusbwp12t30p140lvtssg0p81v125c
  DynamicBitUnpacker ZeroWireload          tcbn28hpcplusbwp12t30p140lvtssg0p81v125c
  KvStreamDequantizer_1
                     ZeroWireload          tcbn28hpcplusbwp12t30p140lvtssg0p81v125c
  KvStreamDequantizer
                     ZeroWireload          tcbn28hpcplusbwp12t30p140lvtssg0p81v125c
  DecompressionPipelineController_1
                     ZeroWireload          tcbn28hpcplusbwp12t30p140lvtssg0p81v125c
  DecompressionPipelineController
                     ZeroWireload          tcbn28hpcplusbwp12t30p140lvtssg0p81v125c
  QkDotProductAccumulator
                     ZeroWireload          tcbn28hpcplusbwp12t30p140lvtssg0p81v125c
  QueryReplayBuffer  ZeroWireload          tcbn28hpcplusbwp12t30p140lvtssg0p81v125c
  AttentionFeaturePacketizer_1
                     ZeroWireload          tcbn28hpcplusbwp12t30p140lvtssg0p81v125c
  DualKvDecompressionController
                     ZeroWireload          tcbn28hpcplusbwp12t30p140lvtssg0p81v125c
  SoftmaxVAccumulator
                     ZeroWireload          tcbn28hpcplusbwp12t30p140lvtssg0p81v125c
  StreamingSoftmax   ZeroWireload          tcbn28hpcplusbwp12t30p140lvtssg0p81v125c
  AttentionScaleUnit ZeroWireload          tcbn28hpcplusbwp12t30p140lvtssg0p81v125c
  AvOutputQuantizer  ZeroWireload          tcbn28hpcplusbwp12t30p140lvtssg0p81v125c
  BriskKvAttentionTop
                     ZeroWireload          tcbn28hpcplusbwp12t30p140lvtssg0p81v125c

  Point                                       Fanout     Trans      Incr       Path
  ------------------------------------------------------------------------------------
  clock clk (rise edge)                                             0.00       0.00
  clock network delay (ideal)                                       0.00       0.00
  scaleSoftmax/softmax/packCountReg_reg[0]/CP (DFQD4BWP12T30P140LVT)
                                                          0.00      0.00 #     0.00 r
  scaleSoftmax/softmax/packCountReg_reg[0]/Q (DFQD4BWP12T30P140LVT)
                                                          0.01      0.04       0.04 f
  scaleSoftmax/softmax/packCountReg[0] (net)
                                                9                   0.00       0.04 f
  scaleSoftmax/softmax/U1435/ZN (NR3D0BWP12T30P140LVT)
                                                          0.02      0.02       0.06 r
  scaleSoftmax/softmax/n1856 (net)              2                   0.00       0.06 r
  scaleSoftmax/softmax/U1277/ZN (ND2D0BWP12T30P140LVT)
                                                          0.02      0.02       0.07 f
  scaleSoftmax/softmax/n1851 (net)              2                   0.00       0.07 f
  scaleSoftmax/softmax/U1434/ZN (NR2D1BWP12T30P140LVT)
                                                          0.02      0.01       0.09 r
  scaleSoftmax/softmax/n1858 (net)              2                   0.00       0.09 r
  scaleSoftmax/softmax/U1269/ZN (ND2D0BWP12T30P140LVT)
                                                          0.02      0.02       0.11 f
  scaleSoftmax/softmax/n1844 (net)              2                   0.00       0.11 f
  scaleSoftmax/softmax/U1265/ZN (NR2D1BWP12T30P140LVT)
                                                          0.02      0.01       0.12 r
  scaleSoftmax/softmax/n1852 (net)              2                   0.00       0.12 r
  scaleSoftmax/softmax/U1260/ZN (CKND2D1BWP12T30P140LVT)
                                                          0.02      0.01       0.13 f
  scaleSoftmax/softmax/n1854 (net)              2                   0.00       0.13 f
  scaleSoftmax/softmax/U1255/ZN (INR2D1BWP12T30P140LVT)
                                                          0.02      0.01       0.15 r
  scaleSoftmax/softmax/n1846 (net)              2                   0.00       0.15 r
  scaleSoftmax/softmax/U57/ZN (CKND2D2BWP12T30P140LVT)
                                                          0.01      0.01       0.16 f
  scaleSoftmax/softmax/n1840 (net)              2                   0.00       0.16 f
  scaleSoftmax/softmax/U1247/ZN (NR2D2BWP12T30P140LVT)
                                                          0.01      0.01       0.17 r
  scaleSoftmax/softmax/n1848 (net)              2                   0.00       0.17 r
  scaleSoftmax/softmax/U1233/ZN (CKND2D3BWP12T30P140LVT)
                                                          0.01      0.01       0.17 f
  scaleSoftmax/softmax/n1843 (net)              2                   0.00       0.17 f
  scaleSoftmax/softmax/U1228/ZN (INR2D2BWP12T30P140LVT)
                                                          0.01      0.01       0.18 r
  scaleSoftmax/softmax/n1842 (net)              2                   0.00       0.18 r
  scaleSoftmax/softmax/U1224/ZN (CKND2D3BWP12T30P140LVT)
                                                          0.01      0.01       0.19 f
  scaleSoftmax/softmax/n1834 (net)              2                   0.00       0.19 f
  scaleSoftmax/softmax/U1218/ZN (NR2D2BWP12T30P140LVT)
                                                          0.01      0.01       0.20 r
  scaleSoftmax/softmax/n1827 (net)              2                   0.00       0.20 r
  scaleSoftmax/softmax/U1216/ZN (CKND2D3BWP12T30P140LVT)
                                                          0.01      0.01       0.21 f
  scaleSoftmax/softmax/n1836 (net)              2                   0.00       0.21 f
  scaleSoftmax/softmax/U1213/ZN (INR2D2BWP12T30P140LVT)
                                                          0.01      0.01       0.22 r
  scaleSoftmax/softmax/n1837 (net)              2                   0.00       0.22 r
  scaleSoftmax/softmax/U1209/ZN (CKND2D3BWP12T30P140LVT)
                                                          0.01      0.01       0.23 f
  scaleSoftmax/softmax/n1820 (net)              2                   0.00       0.23 f
  scaleSoftmax/softmax/U1201/ZN (NR2D2BWP12T30P140LVT)
                                                          0.01      0.01       0.23 r
  scaleSoftmax/softmax/n1829 (net)              2                   0.00       0.23 r
  scaleSoftmax/softmax/U1194/ZN (ND2D1BWP12T30P140LVT)
                                                          0.02      0.01       0.25 f
  scaleSoftmax/softmax/n1831 (net)              2                   0.00       0.25 f
  scaleSoftmax/softmax/U1186/ZN (NR2D2BWP12T30P140LVT)
                                                          0.01      0.01       0.26 r
  scaleSoftmax/softmax/n1822 (net)              2                   0.00       0.26 r
  scaleSoftmax/softmax/U1175/ZN (CKND2D3BWP12T30P140LVT)
                                                          0.01      0.01       0.27 f
  scaleSoftmax/softmax/n1814 (net)              2                   0.00       0.27 f
  scaleSoftmax/softmax/U1171/ZN (INR2D2BWP12T30P140LVT)
                                                          0.01      0.01       0.28 r
  scaleSoftmax/softmax/n1824 (net)              2                   0.00       0.28 r
  scaleSoftmax/softmax/U7829/ZN (ND2D1BWP12T30P140LVT)
                                                          0.02      0.01       0.29 f
  scaleSoftmax/softmax/n1812 (net)              2                   0.00       0.29 f
  scaleSoftmax/softmax/U1151/ZN (NR2D1BWP12T30P140LVT)
                                                          0.02      0.02       0.31 r
  scaleSoftmax/softmax/n1817 (net)              2                   0.00       0.31 r
  scaleSoftmax/softmax/U1142/ZN (ND2OPTPAD1BWP12T30P140LVT)
                                                          0.01      0.01       0.32 f
  scaleSoftmax/softmax/n1815 (net)              2                   0.00       0.32 f
  scaleSoftmax/softmax/U7830/ZN (IND2D2BWP12T30P140LVT)
                                                          0.01      0.02       0.33 f
  scaleSoftmax/softmax/n1881 (net)              2                   0.00       0.33 f
  scaleSoftmax/softmax/U1132/ZN (NR2OPTPAD1BWP12T30P140LVT)
                                                          0.03      0.02       0.35 r
  scaleSoftmax/softmax/n11000 (net)             8                   0.00       0.35 r
  scaleSoftmax/softmax/U7867/ZN (ND3D1BWP12T30P140LVT)
                                                          0.02      0.02       0.37 f
  scaleSoftmax/softmax/n1884 (net)              1                   0.00       0.37 f
  scaleSoftmax/softmax/U7868/ZN (OAI31D1BWP12T30P140LVT)
                                                          0.02      0.01       0.38 r
  scaleSoftmax/softmax/n1886 (net)              1                   0.00       0.38 r
  scaleSoftmax/softmax/U1111/ZN (OAI211OPTREPBD1BWP12T30P140LVT)
                                                          0.02      0.02       0.40 f
  scaleSoftmax/softmax/n1887 (net)              1                   0.00       0.40 f
  scaleSoftmax/softmax/U508/ZN (NR2OPTPAD1BWP12T30P140LVT)
                                                          0.01      0.01       0.41 r
  scaleSoftmax/softmax/n733 (net)               1                   0.00       0.41 r
  scaleSoftmax/softmax/U1102/ZN (IOA21D1BWP12T30P140LVT)
                                                          0.01      0.01       0.42 f
  scaleSoftmax/softmax/n182 (net)               1                   0.00       0.42 f
  scaleSoftmax/softmax/U1099/ZN (NR2D2BWP12T30P140LVT)
                                                          0.02      0.02       0.43 r
  scaleSoftmax/softmax/n252 (net)               7                   0.00       0.43 r
  scaleSoftmax/softmax/U503/ZN (CKND2D2BWP12T30P140LVT)
                                                          0.02      0.01       0.45 f
  scaleSoftmax/softmax/n11242 (net)             2                   0.00       0.45 f
  scaleSoftmax/softmax/U1436/Z (OR2D4BWP12T30P140LVT)     0.02      0.03       0.47 f
  scaleSoftmax/softmax/n13123 (net)            48                   0.00       0.47 f
  scaleSoftmax/softmax/U500/Z (OR2D4BWP12T30P140LVT)      0.02      0.03       0.50 f
  scaleSoftmax/softmax/n13696 (net)            46                   0.00       0.50 f
  scaleSoftmax/softmax/U1526/ZN (INR2D4BWP12T30P140LVT)
                                                          0.05      0.03       0.54 r
  scaleSoftmax/softmax/n13794 (net)            46                   0.00       0.54 r
  scaleSoftmax/softmax/U15766/Z (OR2D2BWP12T30P140LVT)
                                                          0.05      0.04       0.58 r
  scaleSoftmax/softmax/n13697 (net)            44                   0.00       0.58 r
  scaleSoftmax/softmax/U15877/ZN (INR2D1BWP12T30P140LVT)
                                                          0.02      0.01       0.59 f
  scaleSoftmax/softmax/n14068 (net)             2                   0.00       0.59 f
  scaleSoftmax/softmax/U15878/ZN (INVD0BWP12T30P140LVT)
                                                          0.01      0.01       0.60 r
  scaleSoftmax/softmax/n13711 (net)             3                   0.00       0.60 r
  scaleSoftmax/softmax/U15879/ZN (MAOI22D0BWP12T30P140LVT)
                                                          0.02      0.03       0.63 r
  scaleSoftmax/softmax/n13716 (net)             2                   0.00       0.63 r
  scaleSoftmax/softmax/U933/ZN (OAI211D0BWP12T30P140LVT)
                                                          0.03      0.03       0.65 f
  scaleSoftmax/softmax/n13718 (net)             2                   0.00       0.65 f
  scaleSoftmax/softmax/U15888/ZN (AOI221D1BWP12T30P140LVT)
                                                          0.03      0.03       0.68 r
  scaleSoftmax/softmax/n13714 (net)             1                   0.00       0.68 r
  scaleSoftmax/softmax/U15891/ZN (AOI211D1BWP12T30P140LVT)
                                                          0.02      0.01       0.69 f
  scaleSoftmax/softmax/n13717 (net)             1                   0.00       0.69 f
  scaleSoftmax/softmax/U864/ZN (OAI31D0BWP12T30P140LVT)
                                                          0.03      0.01       0.70 r
  scaleSoftmax/softmax/n13723 (net)             1                   0.00       0.70 r
  scaleSoftmax/softmax/U15893/ZN (ND3D1BWP12T30P140LVT)
                                                          0.02      0.02       0.72 f
  scaleSoftmax/softmax/n13731 (net)             1                   0.00       0.72 f
  scaleSoftmax/softmax/U851/ZN (AOI32D0BWP12T30P140LVT)
                                                          0.03      0.02       0.74 r
  scaleSoftmax/softmax/n13764 (net)             1                   0.00       0.74 r
  scaleSoftmax/softmax/U15903/ZN (AOI21D1BWP12T30P140LVT)
                                                          0.02      0.01       0.76 f
  scaleSoftmax/softmax/n13967 (net)             1                   0.00       0.76 f
  scaleSoftmax/softmax/U844/Z (BUFFD4BWP12T30P140LVT)     0.04      0.03       0.79 f
  scaleSoftmax/softmax/n20 (net)               44                   0.00       0.79 f
  scaleSoftmax/softmax/U16160/Z (CKMUX2D0BWP12T30P140LVT)
                                                          0.02      0.03       0.82 r
  scaleSoftmax/softmax/n14376 (net)             4                   0.00       0.82 r
  scaleSoftmax/softmax/U16161/ZN (MAOI22D0BWP12T30P140LVT)
                                                          0.02      0.03       0.85 r
  scaleSoftmax/softmax/n14165 (net)             2                   0.00       0.85 r
  scaleSoftmax/softmax/U16165/ZN (OAI211D0BWP12T30P140LVT)
                                                          0.03      0.03       0.87 f
  scaleSoftmax/softmax/n14169 (net)             2                   0.00       0.87 f
  scaleSoftmax/softmax/U16211/ZN (AOI221D1BWP12T30P140LVT)
                                                          0.03      0.03       0.90 r
  scaleSoftmax/softmax/n14163 (net)             1                   0.00       0.90 r
  scaleSoftmax/softmax/U16214/ZN (AOI211D1BWP12T30P140LVT)
                                                          0.02      0.01       0.91 f
  scaleSoftmax/softmax/n14166 (net)             1                   0.00       0.91 f
  scaleSoftmax/softmax/U722/ZN (OAI31D0BWP12T30P140LVT)
                                                          0.03      0.01       0.93 r
  scaleSoftmax/softmax/n14172 (net)             1                   0.00       0.93 r
  scaleSoftmax/softmax/U6244/ZN (ND3D1BWP12T30P140LVT)
                                                          0.02      0.02       0.94 f
  scaleSoftmax/softmax/n14180 (net)             1                   0.00       0.94 f
  scaleSoftmax/softmax/U16219/ZN (AOI32D1BWP12T30P140LVT)
                                                          0.02      0.02       0.96 r
  scaleSoftmax/softmax/n14213 (net)             1                   0.00       0.96 r
  scaleSoftmax/softmax/U40/ZN (AOI21D1BWP12T30P140LVT)
                                                          0.03      0.02       0.98 f
  scaleSoftmax/softmax/n14424 (net)             3                   0.00       0.98 f
  scaleSoftmax/softmax/U409/Z (BUFFD6BWP12T30P140LVT)     0.03      0.03       1.01 f
  scaleSoftmax/softmax/n17 (net)               42                   0.00       1.01 f
  scaleSoftmax/softmax/U16248/Z (CKMUX2D0BWP12T30P140LVT)
                                                          0.01      0.03       1.04 r
  scaleSoftmax/softmax/n14566 (net)             2                   0.00       1.04 r
  scaleSoftmax/softmax/U706/ZN (INVD0BWP12T30P140LVT)     0.01      0.01       1.05 f
  scaleSoftmax/softmax/n14489 (net)             2                   0.00       1.05 f
  scaleSoftmax/softmax/U16249/ZN (OAI22D1BWP12T30P140LVT)
                                                          0.02      0.02       1.06 r
  scaleSoftmax/softmax/n14503 (net)             2                   0.00       1.06 r
  scaleSoftmax/softmax/U16250/ZN (AOI221D1BWP12T30P140LVT)
                                                          0.03      0.01       1.08 f
  scaleSoftmax/softmax/n14499 (net)             3                   0.00       1.08 f
  scaleSoftmax/softmax/U16385/ZN (AOI32D1BWP12T30P140LVT)
                                                          0.02      0.02       1.10 r
  scaleSoftmax/softmax/n14501 (net)             1                   0.00       1.10 r
  scaleSoftmax/softmax/U682/ZN (OAI211D0BWP12T30P140LVT)
                                                          0.03      0.02       1.12 f
  scaleSoftmax/softmax/n14511 (net)             1                   0.00       1.12 f
  scaleSoftmax/softmax/U16387/ZN (AOI21D1BWP12T30P140LVT)
                                                          0.02      0.01       1.14 r
  scaleSoftmax/softmax/n14513 (net)             1                   0.00       1.14 r
  scaleSoftmax/softmax/U241/ZN (MAOI222D0BWP12T30P140LVT)
                                                          0.03      0.02       1.16 f
  scaleSoftmax/softmax/n14515 (net)             1                   0.00       1.16 f
  scaleSoftmax/softmax/U677/ZN (AOI21OPTPBD1BWP12T30P140LVT)
                                                          0.02      0.02       1.18 r
  scaleSoftmax/softmax/n14702 (net)             2                   0.00       1.18 r
  scaleSoftmax/softmax/U392/Z (BUFFD6BWP12T30P140LVT)     0.03      0.03       1.21 r
  scaleSoftmax/softmax/n14778 (net)            43                   0.00       1.21 r
  scaleSoftmax/softmax/U16512/Z (CKMUX2D0BWP12T30P140LVT)
                                                          0.01      0.03       1.24 f
  scaleSoftmax/softmax/n14917 (net)             2                   0.00       1.24 f
  scaleSoftmax/softmax/U16513/ZN (INVD0BWP12T30P140LVT)
                                                          0.01      0.01       1.25 r
  scaleSoftmax/softmax/n14796 (net)             2                   0.00       1.25 r
  scaleSoftmax/softmax/U16566/Z (AN2D0BWP12T30P140LVT)
                                                          0.01      0.02       1.27 r
  scaleSoftmax/softmax/n14798 (net)             1                   0.00       1.27 r
  scaleSoftmax/softmax/U16567/ZN (MAOI222D0BWP12T30P140LVT)
                                                          0.03      0.02       1.29 f
  scaleSoftmax/softmax/n14800 (net)             2                   0.00       1.29 f
  scaleSoftmax/softmax/U16568/ZN (AOI221D1BWP12T30P140LVT)
                                                          0.03      0.03       1.32 r
  scaleSoftmax/softmax/n14805 (net)             1                   0.00       1.32 r
  scaleSoftmax/softmax/U16571/ZN (AOI211D1BWP12T30P140LVT)
                                                          0.02      0.01       1.33 f
  scaleSoftmax/softmax/n14808 (net)             1                   0.00       1.33 f
  scaleSoftmax/softmax/U647/ZN (AOI21D1BWP12T30P140LVT)
                                                          0.01      0.01       1.34 r
  scaleSoftmax/softmax/n129 (net)               1                   0.00       1.34 r
  scaleSoftmax/softmax/U378/ZN (OAI21D1BWP12T30P140LVT)
                                                          0.01      0.01       1.35 f
  scaleSoftmax/softmax/n128 (net)               1                   0.00       1.35 f
  scaleSoftmax/softmax/U646/ZN (AOI21OPTPBD1BWP12T30P140LVT)
                                                          0.02      0.01       1.37 r
  scaleSoftmax/softmax/n127 (net)               1                   0.00       1.37 r
  scaleSoftmax/softmax/U1396/ZN (INR2D4BWP12T30P140LVT)
                                                          0.02      0.01       1.38 f
  scaleSoftmax/softmax/n14880 (net)            15                   0.00       1.38 f
  scaleSoftmax/softmax/U377/Z (BUFFXD6BWP12T30P140LVT)
                                                          0.02      0.02       1.40 f
  scaleSoftmax/softmax/n15012 (net)            30                   0.00       1.40 f
  scaleSoftmax/softmax/U16599/Z (CKMUX2D0BWP12T30P140LVT)
                                                          0.01      0.03       1.43 r
  scaleSoftmax/softmax/n17390 (net)             3                   0.00       1.43 r
  scaleSoftmax/softmax/U4815/ZN (ND2D0BWP12T30P140LVT)
                                                          0.01      0.01       1.44 f
  scaleSoftmax/softmax/n720 (net)               1                   0.00       1.44 f
  scaleSoftmax/softmax/U1484/ZN (ND2D0BWP12T30P140LVT)
                                                          0.01      0.01       1.45 r
  scaleSoftmax/softmax/n717 (net)               1                   0.00       1.45 r
  scaleSoftmax/softmax/U4813/ZN (OAI21D0BWP12T30P140LVT)
                                                          0.02      0.01       1.47 f
  scaleSoftmax/softmax/n716 (net)               1                   0.00       1.47 f
  scaleSoftmax/softmax/U2002/ZN (ND3D1BWP12T30P140LVT)
                                                          0.01      0.01       1.48 r
  scaleSoftmax/softmax/n715 (net)               1                   0.00       1.48 r
  scaleSoftmax/softmax/U4812/ZN (AOI21D1BWP12T30P140LVT)
                                                          0.01      0.01       1.49 f
  scaleSoftmax/softmax/n14912 (net)             1                   0.00       1.49 f
  scaleSoftmax/softmax/U16612/ZN (AOI221D1BWP12T30P140LVT)
                                                          0.02      0.01       1.50 r
  scaleSoftmax/softmax/n14954 (net)             1                   0.00       1.50 r
  scaleSoftmax/softmax/U16626/ZN (OAI31D0BWP12T30P140LVT)
                                                          0.02      0.02       1.52 f
  scaleSoftmax/softmax/n14994 (net)             1                   0.00       1.52 f
  scaleSoftmax/softmax/U369/ZN (AOI21D1BWP12T30P140LVT)
                                                          0.01      0.01       1.53 r
  scaleSoftmax/softmax/n15036 (net)             1                   0.00       1.53 r
  scaleSoftmax/softmax/U368/ZN (OAI21D1BWP12T30P140LVT)
                                                          0.02      0.01       1.54 f
  scaleSoftmax/softmax/n102 (net)               1                   0.00       1.54 f
  scaleSoftmax/softmax/U610/ZN (AOI21OPTPBD1BWP12T30P140LVT)
                                                          0.02      0.01       1.56 r
  scaleSoftmax/softmax/n15069 (net)             4                   0.00       1.56 r
  scaleSoftmax/softmax/U609/ZN (CKND2D2BWP12T30P140LVT)
                                                          0.01      0.01       1.56 f
  scaleSoftmax/softmax/n724 (net)               2                   0.00       1.56 f
  scaleSoftmax/softmax/U293/ZN (INVD1BWP12T30P140LVT)     0.01      0.01       1.57 r
  scaleSoftmax/softmax/n27633 (net)             3                   0.00       1.57 r
  scaleSoftmax/softmax/U367/ZN (CKND2D2BWP12T30P140LVT)
                                                          0.01      0.01       1.58 f
  scaleSoftmax/softmax/n27636 (net)             4                   0.00       1.58 f
  scaleSoftmax/softmax/U608/ZN (INR2D2BWP12T30P140LVT)
                                                          0.01      0.01       1.59 r
  scaleSoftmax/softmax/n15080 (net)             3                   0.00       1.59 r
  scaleSoftmax/softmax/U366/ZN (CKND2D2BWP12T30P140LVT)
                                                          0.01      0.01       1.60 f
  scaleSoftmax/softmax/n15085 (net)             4                   0.00       1.60 f
  scaleSoftmax/softmax/U607/ZN (INR2D2BWP12T30P140LVT)
                                                          0.01      0.01       1.61 r
  scaleSoftmax/softmax/n17394 (net)             4                   0.00       1.61 r
  scaleSoftmax/softmax/U365/ZN (CKND2D3BWP12T30P140LVT)
                                                          0.01      0.01       1.62 f
  scaleSoftmax/softmax/n19816 (net)             4                   0.00       1.62 f
  scaleSoftmax/softmax/U606/ZN (NR2OPTPAD2BWP12T30P140LVT)
                                                          0.01      0.01       1.63 r
  scaleSoftmax/softmax/n27639 (net)             3                   0.00       1.63 r
  scaleSoftmax/softmax/U364/ZN (CKND2D2BWP12T30P140LVT)
                                                          0.01      0.01       1.64 f
  scaleSoftmax/softmax/n27641 (net)             3                   0.00       1.64 f
  scaleSoftmax/softmax/U605/ZN (INR2D2BWP12T30P140LVT)
                                                          0.01      0.01       1.65 r
  scaleSoftmax/softmax/n27642 (net)             3                   0.00       1.65 r
  scaleSoftmax/softmax/U604/ZN (CKND2D3BWP12T30P140LVT)
                                                          0.01      0.01       1.66 f
  scaleSoftmax/softmax/n25536 (net)             4                   0.00       1.66 f
  scaleSoftmax/softmax/U603/ZN (INR2D2BWP12T30P140LVT)
                                                          0.01      0.01       1.67 r
  scaleSoftmax/softmax/n25542 (net)             4                   0.00       1.67 r
  scaleSoftmax/softmax/U28737/ZN (ND2D2BWP12T30P140LVT)
                                                          0.02      0.02       1.69 f
  scaleSoftmax/softmax/n27645 (net)             7                   0.00       1.69 f
  scaleSoftmax/softmax/U1432/ZN (NR2OPTPAD2BWP12T30P140LVT)
                                                          0.01      0.01       1.70 r
  scaleSoftmax/softmax/n710 (net)               4                   0.00       1.70 r
  scaleSoftmax/softmax/U601/Z (AN2D2BWP12T30P140LVT)      0.01      0.02       1.72 r
  scaleSoftmax/softmax/n26971 (net)             4                   0.00       1.72 r
  scaleSoftmax/softmax/U600/ZN (CKND2D3BWP12T30P140LVT)
                                                          0.01      0.01       1.72 f
  scaleSoftmax/softmax/n26974 (net)             4                   0.00       1.72 f
  scaleSoftmax/softmax/U597/ZN (INR2D2BWP12T30P140LVT)
                                                          0.01      0.01       1.73 r
  scaleSoftmax/softmax/n26985 (net)             4                   0.00       1.73 r
  scaleSoftmax/softmax/U596/ZN (CKND2D3BWP12T30P140LVT)
                                                          0.01      0.01       1.74 f
  scaleSoftmax/softmax/n26989 (net)             4                   0.00       1.74 f
  scaleSoftmax/softmax/U4810/ZN (NR2OPTPAD2BWP12T30P140LVT)
                                                          0.02      0.01       1.76 r
  scaleSoftmax/softmax/n26999 (net)             6                   0.00       1.76 r
  scaleSoftmax/softmax/U1431/ZN (IND3D4BWP12T30P140LVT)
                                                          0.02      0.01       1.77 f
  scaleSoftmax/softmax/n27018 (net)             4                   0.00       1.77 f
  scaleSoftmax/softmax/U583/ZN (INR2D2BWP12T30P140LVT)
                                                          0.02      0.01       1.78 r
  scaleSoftmax/softmax/n27025 (net)             4                   0.00       1.78 r
  scaleSoftmax/softmax/U363/ZN (CKND2D3BWP12T30P140LVT)
                                                          0.01      0.01       1.79 f
  scaleSoftmax/softmax/n27033 (net)             4                   0.00       1.79 f
  scaleSoftmax/softmax/U4817/Z (OR2D4BWP12T30P140LVT)     0.01      0.02       1.81 f
  scaleSoftmax/softmax/n27037 (net)             4                   0.00       1.81 f
  scaleSoftmax/softmax/U4816/ZN (INR2D4BWP12T30P140LVT)
                                                          0.01      0.01       1.82 r
  scaleSoftmax/softmax/n27044 (net)             4                   0.00       1.82 r
  scaleSoftmax/softmax/U6/ZN (CKND2D2BWP12T30P140LVT)     0.02      0.01       1.83 f
  scaleSoftmax/softmax/n27052 (net)             5                   0.00       1.83 f
  scaleSoftmax/softmax/U310/ZN (NR2D0BWP12T30P140LVT)     0.02      0.02       1.84 r
  scaleSoftmax/softmax/n176 (net)               2                   0.00       1.84 r
  scaleSoftmax/softmax/U309/ZN (INVD0BWP12T30P140LVT)     0.01      0.01       1.85 f
  scaleSoftmax/softmax/n27066 (net)             1                   0.00       1.85 f
  scaleSoftmax/softmax/U360/ZN (NR2D1BWP12T30P140LVT)     0.01      0.01       1.86 r
  scaleSoftmax/softmax/n27072 (net)             2                   0.00       1.86 r
  scaleSoftmax/softmax/U30238/Z (AO21D1BWP12T30P140LVT)
                                                          0.01      0.02       1.88 r
  scaleSoftmax/softmax/n6049 (net)              1                   0.00       1.88 r
  scaleSoftmax/softmax/maximumUpdates_reg[62]/D (DFQD2BWP12T30P140LVT)
                                                          0.01      0.00       1.88 r
  data arrival time                                                            1.88

  clock clk (rise edge)                                             2.00       2.00
  clock network delay (ideal)                                       0.00       2.00
  clock uncertainty                                                -0.10       1.90
  scaleSoftmax/softmax/maximumUpdates_reg[62]/CP (DFQD2BWP12T30P140LVT)
                                                                    0.00       1.90 r
  library setup time                                               -0.01       1.89
  data required time                                                           1.89
  ------------------------------------------------------------------------------------
  data required time                                                           1.89
  data arrival time                                                           -1.88
  ------------------------------------------------------------------------------------
  slack (MET)                                                                  0.01


  Startpoint: scaleSoftmax/softmax/packCountReg_reg[0]
              (rising edge-triggered flip-flop clocked by clk)
  Endpoint: scaleSoftmax/softmax/maximumUpdates_reg[61]
            (rising edge-triggered flip-flop clocked by clk)
  Path Group: clk
  Path Type: max

  Des/Clust/Port     Wire Load Model       Library
  ------------------------------------------------
  AttentionFeaturePacketizer_0
                     ZeroWireload          tcbn28hpcplusbwp12t30p140lvtssg0p81v125c
  PackDescriptorDecoder_1
                     ZeroWireload          tcbn28hpcplusbwp12t30p140lvtssg0p81v125c
  PackDescriptorDecoder
                     ZeroWireload          tcbn28hpcplusbwp12t30p140lvtssg0p81v125c
  BufferedPackMetadataDequantizer_1
                     ZeroWireload          tcbn28hpcplusbwp12t30p140lvtssg0p81v125c
  DynamicBitUnpacker_1
                     ZeroWireload          tcbn28hpcplusbwp12t30p140lvtssg0p81v125c
  BufferedPackMetadataDequantizer
                     ZeroWireload          tcbn28hpcplusbwp12t30p140lvtssg0p81v125c
  DynamicBitUnpacker ZeroWireload          tcbn28hpcplusbwp12t30p140lvtssg0p81v125c
  KvStreamDequantizer_1
                     ZeroWireload          tcbn28hpcplusbwp12t30p140lvtssg0p81v125c
  KvStreamDequantizer
                     ZeroWireload          tcbn28hpcplusbwp12t30p140lvtssg0p81v125c
  DecompressionPipelineController_1
                     ZeroWireload          tcbn28hpcplusbwp12t30p140lvtssg0p81v125c
  DecompressionPipelineController
                     ZeroWireload          tcbn28hpcplusbwp12t30p140lvtssg0p81v125c
  QkDotProductAccumulator
                     ZeroWireload          tcbn28hpcplusbwp12t30p140lvtssg0p81v125c
  QueryReplayBuffer  ZeroWireload          tcbn28hpcplusbwp12t30p140lvtssg0p81v125c
  AttentionFeaturePacketizer_1
                     ZeroWireload          tcbn28hpcplusbwp12t30p140lvtssg0p81v125c
  DualKvDecompressionController
                     ZeroWireload          tcbn28hpcplusbwp12t30p140lvtssg0p81v125c
  SoftmaxVAccumulator
                     ZeroWireload          tcbn28hpcplusbwp12t30p140lvtssg0p81v125c
  StreamingSoftmax   ZeroWireload          tcbn28hpcplusbwp12t30p140lvtssg0p81v125c
  AttentionScaleUnit ZeroWireload          tcbn28hpcplusbwp12t30p140lvtssg0p81v125c
  AvOutputQuantizer  ZeroWireload          tcbn28hpcplusbwp12t30p140lvtssg0p81v125c
  BriskKvAttentionTop
                     ZeroWireload          tcbn28hpcplusbwp12t30p140lvtssg0p81v125c

  Point                                       Fanout     Trans      Incr       Path
  ------------------------------------------------------------------------------------
  clock clk (rise edge)                                             0.00       0.00
  clock network delay (ideal)                                       0.00       0.00
  scaleSoftmax/softmax/packCountReg_reg[0]/CP (DFQD4BWP12T30P140LVT)
                                                          0.00      0.00 #     0.00 r
  scaleSoftmax/softmax/packCountReg_reg[0]/Q (DFQD4BWP12T30P140LVT)
                                                          0.01      0.04       0.04 f
  scaleSoftmax/softmax/packCountReg[0] (net)
                                                9                   0.00       0.04 f
  scaleSoftmax/softmax/U1435/ZN (NR3D0BWP12T30P140LVT)
                                                          0.02      0.02       0.06 r
  scaleSoftmax/softmax/n1856 (net)              2                   0.00       0.06 r
  scaleSoftmax/softmax/U1277/ZN (ND2D0BWP12T30P140LVT)
                                                          0.02      0.02       0.07 f
  scaleSoftmax/softmax/n1851 (net)              2                   0.00       0.07 f
  scaleSoftmax/softmax/U1434/ZN (NR2D1BWP12T30P140LVT)
                                                          0.02      0.01       0.09 r
  scaleSoftmax/softmax/n1858 (net)              2                   0.00       0.09 r
  scaleSoftmax/softmax/U1269/ZN (ND2D0BWP12T30P140LVT)
                                                          0.02      0.02       0.11 f
  scaleSoftmax/softmax/n1844 (net)              2                   0.00       0.11 f
  scaleSoftmax/softmax/U1265/ZN (NR2D1BWP12T30P140LVT)
                                                          0.02      0.01       0.12 r
  scaleSoftmax/softmax/n1852 (net)              2                   0.00       0.12 r
  scaleSoftmax/softmax/U1260/ZN (CKND2D1BWP12T30P140LVT)
                                                          0.02      0.01       0.13 f
  scaleSoftmax/softmax/n1854 (net)              2                   0.00       0.13 f
  scaleSoftmax/softmax/U1255/ZN (INR2D1BWP12T30P140LVT)
                                                          0.02      0.01       0.15 r
  scaleSoftmax/softmax/n1846 (net)              2                   0.00       0.15 r
  scaleSoftmax/softmax/U57/ZN (CKND2D2BWP12T30P140LVT)
                                                          0.01      0.01       0.16 f
  scaleSoftmax/softmax/n1840 (net)              2                   0.00       0.16 f
  scaleSoftmax/softmax/U1247/ZN (NR2D2BWP12T30P140LVT)
                                                          0.01      0.01       0.17 r
  scaleSoftmax/softmax/n1848 (net)              2                   0.00       0.17 r
  scaleSoftmax/softmax/U1233/ZN (CKND2D3BWP12T30P140LVT)
                                                          0.01      0.01       0.17 f
  scaleSoftmax/softmax/n1843 (net)              2                   0.00       0.17 f
  scaleSoftmax/softmax/U1228/ZN (INR2D2BWP12T30P140LVT)
                                                          0.01      0.01       0.18 r
  scaleSoftmax/softmax/n1842 (net)              2                   0.00       0.18 r
  scaleSoftmax/softmax/U1224/ZN (CKND2D3BWP12T30P140LVT)
                                                          0.01      0.01       0.19 f
  scaleSoftmax/softmax/n1834 (net)              2                   0.00       0.19 f
  scaleSoftmax/softmax/U1218/ZN (NR2D2BWP12T30P140LVT)
                                                          0.01      0.01       0.20 r
  scaleSoftmax/softmax/n1827 (net)              2                   0.00       0.20 r
  scaleSoftmax/softmax/U1216/ZN (CKND2D3BWP12T30P140LVT)
                                                          0.01      0.01       0.21 f
  scaleSoftmax/softmax/n1836 (net)              2                   0.00       0.21 f
  scaleSoftmax/softmax/U1213/ZN (INR2D2BWP12T30P140LVT)
                                                          0.01      0.01       0.22 r
  scaleSoftmax/softmax/n1837 (net)              2                   0.00       0.22 r
  scaleSoftmax/softmax/U1209/ZN (CKND2D3BWP12T30P140LVT)
                                                          0.01      0.01       0.23 f
  scaleSoftmax/softmax/n1820 (net)              2                   0.00       0.23 f
  scaleSoftmax/softmax/U1201/ZN (NR2D2BWP12T30P140LVT)
                                                          0.01      0.01       0.23 r
  scaleSoftmax/softmax/n1829 (net)              2                   0.00       0.23 r
  scaleSoftmax/softmax/U1194/ZN (ND2D1BWP12T30P140LVT)
                                                          0.02      0.01       0.25 f
  scaleSoftmax/softmax/n1831 (net)              2                   0.00       0.25 f
  scaleSoftmax/softmax/U1186/ZN (NR2D2BWP12T30P140LVT)
                                                          0.01      0.01       0.26 r
  scaleSoftmax/softmax/n1822 (net)              2                   0.00       0.26 r
  scaleSoftmax/softmax/U1175/ZN (CKND2D3BWP12T30P140LVT)
                                                          0.01      0.01       0.27 f
  scaleSoftmax/softmax/n1814 (net)              2                   0.00       0.27 f
  scaleSoftmax/softmax/U1171/ZN (INR2D2BWP12T30P140LVT)
                                                          0.01      0.01       0.28 r
  scaleSoftmax/softmax/n1824 (net)              2                   0.00       0.28 r
  scaleSoftmax/softmax/U7829/ZN (ND2D1BWP12T30P140LVT)
                                                          0.02      0.01       0.29 f
  scaleSoftmax/softmax/n1812 (net)              2                   0.00       0.29 f
  scaleSoftmax/softmax/U1151/ZN (NR2D1BWP12T30P140LVT)
                                                          0.02      0.02       0.31 r
  scaleSoftmax/softmax/n1817 (net)              2                   0.00       0.31 r
  scaleSoftmax/softmax/U1142/ZN (ND2OPTPAD1BWP12T30P140LVT)
                                                          0.01      0.01       0.32 f
  scaleSoftmax/softmax/n1815 (net)              2                   0.00       0.32 f
  scaleSoftmax/softmax/U7830/ZN (IND2D2BWP12T30P140LVT)
                                                          0.01      0.02       0.33 f
  scaleSoftmax/softmax/n1881 (net)              2                   0.00       0.33 f
  scaleSoftmax/softmax/U1132/ZN (NR2OPTPAD1BWP12T30P140LVT)
                                                          0.03      0.02       0.35 r
  scaleSoftmax/softmax/n11000 (net)             8                   0.00       0.35 r
  scaleSoftmax/softmax/U7867/ZN (ND3D1BWP12T30P140LVT)
                                                          0.02      0.02       0.37 f
  scaleSoftmax/softmax/n1884 (net)              1                   0.00       0.37 f
  scaleSoftmax/softmax/U7868/ZN (OAI31D1BWP12T30P140LVT)
                                                          0.02      0.01       0.38 r
  scaleSoftmax/softmax/n1886 (net)              1                   0.00       0.38 r
  scaleSoftmax/softmax/U1111/ZN (OAI211OPTREPBD1BWP12T30P140LVT)
                                                          0.02      0.02       0.40 f
  scaleSoftmax/softmax/n1887 (net)              1                   0.00       0.40 f
  scaleSoftmax/softmax/U508/ZN (NR2OPTPAD1BWP12T30P140LVT)
                                                          0.01      0.01       0.41 r
  scaleSoftmax/softmax/n733 (net)               1                   0.00       0.41 r
  scaleSoftmax/softmax/U1102/ZN (IOA21D1BWP12T30P140LVT)
                                                          0.01      0.01       0.42 f
  scaleSoftmax/softmax/n182 (net)               1                   0.00       0.42 f
  scaleSoftmax/softmax/U1099/ZN (NR2D2BWP12T30P140LVT)
                                                          0.02      0.02       0.43 r
  scaleSoftmax/softmax/n252 (net)               7                   0.00       0.43 r
  scaleSoftmax/softmax/U503/ZN (CKND2D2BWP12T30P140LVT)
                                                          0.02      0.01       0.45 f
  scaleSoftmax/softmax/n11242 (net)             2                   0.00       0.45 f
  scaleSoftmax/softmax/U1436/Z (OR2D4BWP12T30P140LVT)     0.02      0.03       0.47 f
  scaleSoftmax/softmax/n13123 (net)            48                   0.00       0.47 f
  scaleSoftmax/softmax/U500/Z (OR2D4BWP12T30P140LVT)      0.02      0.03       0.50 f
  scaleSoftmax/softmax/n13696 (net)            46                   0.00       0.50 f
  scaleSoftmax/softmax/U1526/ZN (INR2D4BWP12T30P140LVT)
                                                          0.05      0.03       0.54 r
  scaleSoftmax/softmax/n13794 (net)            46                   0.00       0.54 r
  scaleSoftmax/softmax/U15766/Z (OR2D2BWP12T30P140LVT)
                                                          0.05      0.04       0.58 r
  scaleSoftmax/softmax/n13697 (net)            44                   0.00       0.58 r
  scaleSoftmax/softmax/U15877/ZN (INR2D1BWP12T30P140LVT)
                                                          0.02      0.01       0.59 f
  scaleSoftmax/softmax/n14068 (net)             2                   0.00       0.59 f
  scaleSoftmax/softmax/U15878/ZN (INVD0BWP12T30P140LVT)
                                                          0.01      0.01       0.60 r
  scaleSoftmax/softmax/n13711 (net)             3                   0.00       0.60 r
  scaleSoftmax/softmax/U15879/ZN (MAOI22D0BWP12T30P140LVT)
                                                          0.02      0.03       0.63 r
  scaleSoftmax/softmax/n13716 (net)             2                   0.00       0.63 r
  scaleSoftmax/softmax/U933/ZN (OAI211D0BWP12T30P140LVT)
                                                          0.03      0.03       0.65 f
  scaleSoftmax/softmax/n13718 (net)             2                   0.00       0.65 f
  scaleSoftmax/softmax/U15888/ZN (AOI221D1BWP12T30P140LVT)
                                                          0.03      0.03       0.68 r
  scaleSoftmax/softmax/n13714 (net)             1                   0.00       0.68 r
  scaleSoftmax/softmax/U15891/ZN (AOI211D1BWP12T30P140LVT)
                                                          0.02      0.01       0.69 f
  scaleSoftmax/softmax/n13717 (net)             1                   0.00       0.69 f
  scaleSoftmax/softmax/U864/ZN (OAI31D0BWP12T30P140LVT)
                                                          0.03      0.01       0.70 r
  scaleSoftmax/softmax/n13723 (net)             1                   0.00       0.70 r
  scaleSoftmax/softmax/U15893/ZN (ND3D1BWP12T30P140LVT)
                                                          0.02      0.02       0.72 f
  scaleSoftmax/softmax/n13731 (net)             1                   0.00       0.72 f
  scaleSoftmax/softmax/U851/ZN (AOI32D0BWP12T30P140LVT)
                                                          0.03      0.02       0.74 r
  scaleSoftmax/softmax/n13764 (net)             1                   0.00       0.74 r
  scaleSoftmax/softmax/U15903/ZN (AOI21D1BWP12T30P140LVT)
                                                          0.02      0.01       0.76 f
  scaleSoftmax/softmax/n13967 (net)             1                   0.00       0.76 f
  scaleSoftmax/softmax/U844/Z (BUFFD4BWP12T30P140LVT)     0.04      0.03       0.79 f
  scaleSoftmax/softmax/n20 (net)               44                   0.00       0.79 f
  scaleSoftmax/softmax/U16160/Z (CKMUX2D0BWP12T30P140LVT)
                                                          0.02      0.03       0.82 r
  scaleSoftmax/softmax/n14376 (net)             4                   0.00       0.82 r
  scaleSoftmax/softmax/U16161/ZN (MAOI22D0BWP12T30P140LVT)
                                                          0.02      0.03       0.85 r
  scaleSoftmax/softmax/n14165 (net)             2                   0.00       0.85 r
  scaleSoftmax/softmax/U16165/ZN (OAI211D0BWP12T30P140LVT)
                                                          0.03      0.03       0.87 f
  scaleSoftmax/softmax/n14169 (net)             2                   0.00       0.87 f
  scaleSoftmax/softmax/U16211/ZN (AOI221D1BWP12T30P140LVT)
                                                          0.03      0.03       0.90 r
  scaleSoftmax/softmax/n14163 (net)             1                   0.00       0.90 r
  scaleSoftmax/softmax/U16214/ZN (AOI211D1BWP12T30P140LVT)
                                                          0.02      0.01       0.91 f
  scaleSoftmax/softmax/n14166 (net)             1                   0.00       0.91 f
  scaleSoftmax/softmax/U722/ZN (OAI31D0BWP12T30P140LVT)
                                                          0.03      0.01       0.93 r
  scaleSoftmax/softmax/n14172 (net)             1                   0.00       0.93 r
  scaleSoftmax/softmax/U6244/ZN (ND3D1BWP12T30P140LVT)
                                                          0.02      0.02       0.94 f
  scaleSoftmax/softmax/n14180 (net)             1                   0.00       0.94 f
  scaleSoftmax/softmax/U16219/ZN (AOI32D1BWP12T30P140LVT)
                                                          0.02      0.02       0.96 r
  scaleSoftmax/softmax/n14213 (net)             1                   0.00       0.96 r
  scaleSoftmax/softmax/U40/ZN (AOI21D1BWP12T30P140LVT)
                                                          0.03      0.02       0.98 f
  scaleSoftmax/softmax/n14424 (net)             3                   0.00       0.98 f
  scaleSoftmax/softmax/U409/Z (BUFFD6BWP12T30P140LVT)     0.03      0.03       1.01 f
  scaleSoftmax/softmax/n17 (net)               42                   0.00       1.01 f
  scaleSoftmax/softmax/U16248/Z (CKMUX2D0BWP12T30P140LVT)
                                                          0.01      0.03       1.04 r
  scaleSoftmax/softmax/n14566 (net)             2                   0.00       1.04 r
  scaleSoftmax/softmax/U706/ZN (INVD0BWP12T30P140LVT)     0.01      0.01       1.05 f
  scaleSoftmax/softmax/n14489 (net)             2                   0.00       1.05 f
  scaleSoftmax/softmax/U16249/ZN (OAI22D1BWP12T30P140LVT)
                                                          0.02      0.02       1.06 r
  scaleSoftmax/softmax/n14503 (net)             2                   0.00       1.06 r
  scaleSoftmax/softmax/U16250/ZN (AOI221D1BWP12T30P140LVT)
                                                          0.03      0.01       1.08 f
  scaleSoftmax/softmax/n14499 (net)             3                   0.00       1.08 f
  scaleSoftmax/softmax/U16385/ZN (AOI32D1BWP12T30P140LVT)
                                                          0.02      0.02       1.10 r
  scaleSoftmax/softmax/n14501 (net)             1                   0.00       1.10 r
  scaleSoftmax/softmax/U682/ZN (OAI211D0BWP12T30P140LVT)
                                                          0.03      0.02       1.12 f
  scaleSoftmax/softmax/n14511 (net)             1                   0.00       1.12 f
  scaleSoftmax/softmax/U16387/ZN (AOI21D1BWP12T30P140LVT)
                                                          0.02      0.01       1.14 r
  scaleSoftmax/softmax/n14513 (net)             1                   0.00       1.14 r
  scaleSoftmax/softmax/U241/ZN (MAOI222D0BWP12T30P140LVT)
                                                          0.03      0.02       1.16 f
  scaleSoftmax/softmax/n14515 (net)             1                   0.00       1.16 f
  scaleSoftmax/softmax/U677/ZN (AOI21OPTPBD1BWP12T30P140LVT)
                                                          0.02      0.02       1.18 r
  scaleSoftmax/softmax/n14702 (net)             2                   0.00       1.18 r
  scaleSoftmax/softmax/U392/Z (BUFFD6BWP12T30P140LVT)     0.03      0.03       1.21 r
  scaleSoftmax/softmax/n14778 (net)            43                   0.00       1.21 r
  scaleSoftmax/softmax/U16512/Z (CKMUX2D0BWP12T30P140LVT)
                                                          0.01      0.03       1.24 f
  scaleSoftmax/softmax/n14917 (net)             2                   0.00       1.24 f
  scaleSoftmax/softmax/U16513/ZN (INVD0BWP12T30P140LVT)
                                                          0.01      0.01       1.25 r
  scaleSoftmax/softmax/n14796 (net)             2                   0.00       1.25 r
  scaleSoftmax/softmax/U16566/Z (AN2D0BWP12T30P140LVT)
                                                          0.01      0.02       1.27 r
  scaleSoftmax/softmax/n14798 (net)             1                   0.00       1.27 r
  scaleSoftmax/softmax/U16567/ZN (MAOI222D0BWP12T30P140LVT)
                                                          0.03      0.02       1.29 f
  scaleSoftmax/softmax/n14800 (net)             2                   0.00       1.29 f
  scaleSoftmax/softmax/U16568/ZN (AOI221D1BWP12T30P140LVT)
                                                          0.03      0.03       1.32 r
  scaleSoftmax/softmax/n14805 (net)             1                   0.00       1.32 r
  scaleSoftmax/softmax/U16571/ZN (AOI211D1BWP12T30P140LVT)
                                                          0.02      0.01       1.33 f
  scaleSoftmax/softmax/n14808 (net)             1                   0.00       1.33 f
  scaleSoftmax/softmax/U647/ZN (AOI21D1BWP12T30P140LVT)
                                                          0.01      0.01       1.34 r
  scaleSoftmax/softmax/n129 (net)               1                   0.00       1.34 r
  scaleSoftmax/softmax/U378/ZN (OAI21D1BWP12T30P140LVT)
                                                          0.01      0.01       1.35 f
  scaleSoftmax/softmax/n128 (net)               1                   0.00       1.35 f
  scaleSoftmax/softmax/U646/ZN (AOI21OPTPBD1BWP12T30P140LVT)
                                                          0.02      0.01       1.37 r
  scaleSoftmax/softmax/n127 (net)               1                   0.00       1.37 r
  scaleSoftmax/softmax/U1396/ZN (INR2D4BWP12T30P140LVT)
                                                          0.02      0.01       1.38 f
  scaleSoftmax/softmax/n14880 (net)            15                   0.00       1.38 f
  scaleSoftmax/softmax/U377/Z (BUFFXD6BWP12T30P140LVT)
                                                          0.02      0.02       1.40 f
  scaleSoftmax/softmax/n15012 (net)            30                   0.00       1.40 f
  scaleSoftmax/softmax/U16599/Z (CKMUX2D0BWP12T30P140LVT)
                                                          0.01      0.03       1.43 r
  scaleSoftmax/softmax/n17390 (net)             3                   0.00       1.43 r
  scaleSoftmax/softmax/U4815/ZN (ND2D0BWP12T30P140LVT)
                                                          0.01      0.01       1.44 f
  scaleSoftmax/softmax/n720 (net)               1                   0.00       1.44 f
  scaleSoftmax/softmax/U1484/ZN (ND2D0BWP12T30P140LVT)
                                                          0.01      0.01       1.45 r
  scaleSoftmax/softmax/n717 (net)               1                   0.00       1.45 r
  scaleSoftmax/softmax/U4813/ZN (OAI21D0BWP12T30P140LVT)
                                                          0.02      0.01       1.47 f
  scaleSoftmax/softmax/n716 (net)               1                   0.00       1.47 f
  scaleSoftmax/softmax/U2002/ZN (ND3D1BWP12T30P140LVT)
                                                          0.01      0.01       1.48 r
  scaleSoftmax/softmax/n715 (net)               1                   0.00       1.48 r
  scaleSoftmax/softmax/U4812/ZN (AOI21D1BWP12T30P140LVT)
                                                          0.01      0.01       1.49 f
  scaleSoftmax/softmax/n14912 (net)             1                   0.00       1.49 f
  scaleSoftmax/softmax/U16612/ZN (AOI221D1BWP12T30P140LVT)
                                                          0.02      0.01       1.50 r
  scaleSoftmax/softmax/n14954 (net)             1                   0.00       1.50 r
  scaleSoftmax/softmax/U16626/ZN (OAI31D0BWP12T30P140LVT)
                                                          0.02      0.02       1.52 f
  scaleSoftmax/softmax/n14994 (net)             1                   0.00       1.52 f
  scaleSoftmax/softmax/U369/ZN (AOI21D1BWP12T30P140LVT)
                                                          0.01      0.01       1.53 r
  scaleSoftmax/softmax/n15036 (net)             1                   0.00       1.53 r
  scaleSoftmax/softmax/U368/ZN (OAI21D1BWP12T30P140LVT)
                                                          0.02      0.01       1.54 f
  scaleSoftmax/softmax/n102 (net)               1                   0.00       1.54 f
  scaleSoftmax/softmax/U610/ZN (AOI21OPTPBD1BWP12T30P140LVT)
                                                          0.02      0.01       1.56 r
  scaleSoftmax/softmax/n15069 (net)             4                   0.00       1.56 r
  scaleSoftmax/softmax/U609/ZN (CKND2D2BWP12T30P140LVT)
                                                          0.01      0.01       1.56 f
  scaleSoftmax/softmax/n724 (net)               2                   0.00       1.56 f
  scaleSoftmax/softmax/U293/ZN (INVD1BWP12T30P140LVT)     0.01      0.01       1.57 r
  scaleSoftmax/softmax/n27633 (net)             3                   0.00       1.57 r
  scaleSoftmax/softmax/U367/ZN (CKND2D2BWP12T30P140LVT)
                                                          0.01      0.01       1.58 f
  scaleSoftmax/softmax/n27636 (net)             4                   0.00       1.58 f
  scaleSoftmax/softmax/U608/ZN (INR2D2BWP12T30P140LVT)
                                                          0.01      0.01       1.59 r
  scaleSoftmax/softmax/n15080 (net)             3                   0.00       1.59 r
  scaleSoftmax/softmax/U366/ZN (CKND2D2BWP12T30P140LVT)
                                                          0.01      0.01       1.60 f
  scaleSoftmax/softmax/n15085 (net)             4                   0.00       1.60 f
  scaleSoftmax/softmax/U607/ZN (INR2D2BWP12T30P140LVT)
                                                          0.01      0.01       1.61 r
  scaleSoftmax/softmax/n17394 (net)             4                   0.00       1.61 r
  scaleSoftmax/softmax/U365/ZN (CKND2D3BWP12T30P140LVT)
                                                          0.01      0.01       1.62 f
  scaleSoftmax/softmax/n19816 (net)             4                   0.00       1.62 f
  scaleSoftmax/softmax/U606/ZN (NR2OPTPAD2BWP12T30P140LVT)
                                                          0.01      0.01       1.63 r
  scaleSoftmax/softmax/n27639 (net)             3                   0.00       1.63 r
  scaleSoftmax/softmax/U364/ZN (CKND2D2BWP12T30P140LVT)
                                                          0.01      0.01       1.64 f
  scaleSoftmax/softmax/n27641 (net)             3                   0.00       1.64 f
  scaleSoftmax/softmax/U605/ZN (INR2D2BWP12T30P140LVT)
                                                          0.01      0.01       1.65 r
  scaleSoftmax/softmax/n27642 (net)             3                   0.00       1.65 r
  scaleSoftmax/softmax/U604/ZN (CKND2D3BWP12T30P140LVT)
                                                          0.01      0.01       1.66 f
  scaleSoftmax/softmax/n25536 (net)             4                   0.00       1.66 f
  scaleSoftmax/softmax/U603/ZN (INR2D2BWP12T30P140LVT)
                                                          0.01      0.01       1.67 r
  scaleSoftmax/softmax/n25542 (net)             4                   0.00       1.67 r
  scaleSoftmax/softmax/U28737/ZN (ND2D2BWP12T30P140LVT)
                                                          0.02      0.02       1.69 f
  scaleSoftmax/softmax/n27645 (net)             7                   0.00       1.69 f
  scaleSoftmax/softmax/U1432/ZN (NR2OPTPAD2BWP12T30P140LVT)
                                                          0.01      0.01       1.70 r
  scaleSoftmax/softmax/n710 (net)               4                   0.00       1.70 r
  scaleSoftmax/softmax/U601/Z (AN2D2BWP12T30P140LVT)      0.01      0.02       1.72 r
  scaleSoftmax/softmax/n26971 (net)             4                   0.00       1.72 r
  scaleSoftmax/softmax/U600/ZN (CKND2D3BWP12T30P140LVT)
                                                          0.01      0.01       1.72 f
  scaleSoftmax/softmax/n26974 (net)             4                   0.00       1.72 f
  scaleSoftmax/softmax/U597/ZN (INR2D2BWP12T30P140LVT)
                                                          0.01      0.01       1.73 r
  scaleSoftmax/softmax/n26985 (net)             4                   0.00       1.73 r
  scaleSoftmax/softmax/U596/ZN (CKND2D3BWP12T30P140LVT)
                                                          0.01      0.01       1.74 f
  scaleSoftmax/softmax/n26989 (net)             4                   0.00       1.74 f
  scaleSoftmax/softmax/U4810/ZN (NR2OPTPAD2BWP12T30P140LVT)
                                                          0.02      0.01       1.76 r
  scaleSoftmax/softmax/n26999 (net)             6                   0.00       1.76 r
  scaleSoftmax/softmax/U1431/ZN (IND3D4BWP12T30P140LVT)
                                                          0.02      0.01       1.77 f
  scaleSoftmax/softmax/n27018 (net)             4                   0.00       1.77 f
  scaleSoftmax/softmax/U583/ZN (INR2D2BWP12T30P140LVT)
                                                          0.02      0.01       1.78 r
  scaleSoftmax/softmax/n27025 (net)             4                   0.00       1.78 r
  scaleSoftmax/softmax/U363/ZN (CKND2D3BWP12T30P140LVT)
                                                          0.01      0.01       1.79 f
  scaleSoftmax/softmax/n27033 (net)             4                   0.00       1.79 f
  scaleSoftmax/softmax/U4817/Z (OR2D4BWP12T30P140LVT)     0.01      0.02       1.81 f
  scaleSoftmax/softmax/n27037 (net)             4                   0.00       1.81 f
  scaleSoftmax/softmax/U4816/ZN (INR2D4BWP12T30P140LVT)
                                                          0.01      0.01       1.82 r
  scaleSoftmax/softmax/n27044 (net)             4                   0.00       1.82 r
  scaleSoftmax/softmax/U6/ZN (CKND2D2BWP12T30P140LVT)     0.02      0.01       1.83 f
  scaleSoftmax/softmax/n27052 (net)             5                   0.00       1.83 f
  scaleSoftmax/softmax/U569/ZN (INR2D2BWP12T30P140LVT)
                                                          0.01      0.01       1.84 r
  scaleSoftmax/softmax/n27062 (net)             4                   0.00       1.84 r
  scaleSoftmax/softmax/U294/ZN (ND2D0BWP12T30P140LVT)     0.01      0.01       1.85 f
  scaleSoftmax/softmax/n27064 (net)             1                   0.00       1.85 f
  scaleSoftmax/softmax/U30234/ZN (INVD1BWP12T30P140LVT)
                                                          0.01      0.01       1.86 r
  scaleSoftmax/softmax/n27074 (net)             3                   0.00       1.86 r
  scaleSoftmax/softmax/U4889/Z (OA21D0BWP12T30P140LVT)
                                                          0.01      0.02       1.88 r
  scaleSoftmax/softmax/n816 (net)               1                   0.00       1.88 r
  scaleSoftmax/softmax/maximumUpdates_reg[61]/D (DFQD1BWP12T30P140LVT)
                                                          0.01      0.00       1.88 r
  data arrival time                                                            1.88

  clock clk (rise edge)                                             2.00       2.00
  clock network delay (ideal)                                       0.00       2.00
  clock uncertainty                                                -0.10       1.90
  scaleSoftmax/softmax/maximumUpdates_reg[61]/CP (DFQD1BWP12T30P140LVT)
                                                                    0.00       1.90 r
  library setup time                                               -0.01       1.89
  data required time                                                           1.89
  ------------------------------------------------------------------------------------
  data required time                                                           1.89
  data arrival time                                                           -1.88
  ------------------------------------------------------------------------------------
  slack (MET)                                                                  0.01


1
